warning: variable `subscription_id` is assigned to, but never used
   --> src/eth_client.rs:825:29
    |
825 |                     let mut subscription_id: Option<String> = None;
    |                             ^^^^^^^^^^^^^^^
    |
    = note: consider using `_subscription_id` instead
    = note: `#[warn(unused_variables)]` on by default

warning: value assigned to `subscription_id` is never read
   --> src/eth_client.rs:840:49
    |
840 | ...                   subscription_id = Some(sub_id.to_string());
    |                       ^^^^^^^^^^^^^^^
    |
    = help: maybe it is overwritten before being read?
    = note: `#[warn(unused_assignments)]` on by default

warning: `ethereum-transaction-pool-monitor` (lib) generated 2 warnings
warning: `ethereum-transaction-pool-monitor` (bin "ethereum-transaction-pool-monitor") generated 2 warnings (2 duplicates)
    Finished `dev` profile [unoptimized + debuginfo] target(s) in 0.39s
     Running `target/debug/ethereum-transaction-pool-monitor bot --min-profit 0.001 --max-gas-price 50`
🤖 Continuous MEV Bot Runner
============================
🤖 Initializing MEV Bot Runner...
[2m2025-12-10T12:07:49.924060Z[0m [32m INFO[0m [2methereum_transaction_pool_monitor::eth_client[0m[2m:[0m 🔗 Initializing Ethereum client
[2m2025-12-10T12:07:49.924254Z[0m [34mDEBUG[0m [2methereum_transaction_pool_monitor::eth_client[0m[2m:[0m 📡 RPC URL: http://192.168.0.14:8545
[2m2025-12-10T12:07:49.931116Z[0m [34mDEBUG[0m [2mhyper::client::connect::http[0m[2m:[0m connecting to 192.168.0.14:8545
[2m2025-12-10T12:07:49.936053Z[0m [34mDEBUG[0m [2mhyper::client::connect::http[0m[2m:[0m connected to 192.168.0.14:8545
[2m2025-12-10T12:07:49.936717Z[0m [34mDEBUG[0m [2mhyper::proto::h1::io[0m[2m:[0m flushed 172 bytes
[2m2025-12-10T12:07:49.945164Z[0m [34mDEBUG[0m [2mhyper::proto::h1::io[0m[2m:[0m parsed 4 headers
[2m2025-12-10T12:07:49.945201Z[0m [34mDEBUG[0m [2mhyper::proto::h1::conn[0m[2m:[0m incoming body is content-length (45 bytes)
[2m2025-12-10T12:07:49.945247Z[0m [34mDEBUG[0m [2mhyper::proto::h1::conn[0m[2m:[0m incoming body completed
[2m2025-12-10T12:07:49.945334Z[0m [34mDEBUG[0m [2mhyper::client::pool[0m[2m:[0m pooling idle connection for ("http", 192.168.0.14:8545)
[2m2025-12-10T12:07:49.945822Z[0m [32m INFO[0m [2methereum_transaction_pool_monitor::eth_client[0m[2m:[0m ✅ Ethereum client connected - Current block: 23982206
[2m2025-12-10T12:07:49.945869Z[0m [34mDEBUG[0m [2methereum_transaction_pool_monitor::pool_db[0m[2m:[0m 🗄️  Opening database at path: ./dex_pools.db
[2m2025-12-10T12:07:49.946873Z[0m [32m INFO[0m [2methereum_transaction_pool_monitor::pool_db[0m[2m:[0m ✅ Database connection established successfully
[2m2025-12-10T12:07:49.946888Z[0m [34mDEBUG[0m [2methereum_transaction_pool_monitor::pool_db[0m[2m:[0m 🔧 Initializing database schema...
[2m2025-12-10T12:07:49.946897Z[0m [34mDEBUG[0m [2methereum_transaction_pool_monitor::pool_db[0m[2m:[0m 🔨 Creating database tables and indexes...
[2m2025-12-10T12:07:49.947394Z[0m [34mDEBUG[0m [2methereum_transaction_pool_monitor::pool_db[0m[2m:[0m ✅ Database schema creation completed
[2m2025-12-10T12:07:49.947409Z[0m [32m INFO[0m [2methereum_transaction_pool_monitor::pool_db[0m[2m:[0m ✅ Database schema initialized
[2m2025-12-10T12:07:50.175339Z[0m [32m INFO[0m [2methereum_transaction_pool_monitor::pool_db[0m[2m:[0m 📊 Database contains 545308 pools
📊 Loading pool database...
✅ Pool database loaded: 545308 pools
⚙️  Bot Configuration:
   • Min Profit: 0.0010 ETH
   • Max Gas Price: 50 gwei
   • Execution Mode: Simulation Only
   • Stats Interval: 30s
📝 Running in SIMULATION mode - no actual transactions will be sent
[2m2025-12-10T12:07:50.176574Z[0m [32m INFO[0m [2methereum_transaction_pool_monitor::bot_runner[0m[2m:[0m 🚀 Initializing MEV bot runner...
[2m2025-12-10T12:07:50.176586Z[0m [34mDEBUG[0m [2methereum_transaction_pool_monitor::bot_runner[0m[2m:[0m 🔧 Bot configuration: min_profit=0.0010 ETH, max_gas=50.0 gwei
[2m2025-12-10T12:07:50.176610Z[0m [34mDEBUG[0m [2methereum_transaction_pool_monitor::bot_runner[0m[2m:[0m 🔗 RPC URL: http://192.168.0.14:8545
[2m2025-12-10T12:07:50.176617Z[0m [34mDEBUG[0m [2methereum_transaction_pool_monitor::bot_runner[0m[2m:[0m 🗄️  Database: ./dex_pools.db
[2m2025-12-10T12:07:50.176635Z[0m [32m INFO[0m [2methereum_transaction_pool_monitor::bot_runner[0m[2m:[0m ✅ MEV bot runner initialized
[2m2025-12-10T12:07:50.176642Z[0m [34mDEBUG[0m [2methereum_transaction_pool_monitor::bot_runner[0m[2m:[0m 📊 Initial stats: uptime started, 0 transactions processed

🚀 Starting MEV bot runner...
   Press Ctrl+C to stop gracefully

[2m2025-12-10T12:07:50.176665Z[0m [32m INFO[0m [2methereum_transaction_pool_monitor::bot_runner[0m[2m:[0m Starting MEV bot runner...
[2m2025-12-10T12:07:50.176681Z[0m [32m INFO[0m [2methereum_transaction_pool_monitor::bot_runner[0m[2m:[0m ╔══════════════════════════════════════════════════════════════╗
[2m2025-12-10T12:07:50.176693Z[0m [32m INFO[0m [2methereum_transaction_pool_monitor::bot_runner[0m[2m:[0m ║                  MEV BOT RUNNER STARTED                     ║
[2m2025-12-10T12:07:50.176701Z[0m [32m INFO[0m [2methereum_transaction_pool_monitor::bot_runner[0m[2m:[0m ╠══════════════════════════════════════════════════════════════╣
[2m2025-12-10T12:07:50.176717Z[0m [32m INFO[0m [2methereum_transaction_pool_monitor::bot_runner[0m[2m:[0m ║ Min Profit Threshold: 0.0010 ETH                           ║
[2m2025-12-10T12:07:50.176776Z[0m [32m INFO[0m [2methereum_transaction_pool_monitor::bot_runner[0m[2m:[0m ║ Max Gas Price: 50 gwei                                  ║
[2m2025-12-10T12:07:50.176802Z[0m [32m INFO[0m [2methereum_transaction_pool_monitor::bot_runner[0m[2m:[0m ║ Max Concurrent Bundles: 5                                ║
[2m2025-12-10T12:07:50.176809Z[0m [32m INFO[0m [2methereum_transaction_pool_monitor::bot_runner[0m[2m:[0m ║ Flashbots Enabled: false                                    ║
[2m2025-12-10T12:07:50.177682Z[0m [32m INFO[0m [2methereum_transaction_pool_monitor::bot_runner[0m[2m:[0m ║ Pool Database: 545308 pools loaded                         ║
[2m2025-12-10T12:07:50.177692Z[0m [32m INFO[0m [2methereum_transaction_pool_monitor::bot_runner[0m[2m:[0m ╚══════════════════════════════════════════════════════════════╝
[2m2025-12-10T12:07:50.177775Z[0m [32m INFO[0m [2methereum_transaction_pool_monitor::mempool_monitor[0m[2m:[0m 🚀 Initializing MEV mempool monitor...
[2m2025-12-10T12:07:50.177782Z[0m [34mDEBUG[0m [2methereum_transaction_pool_monitor::mempool_monitor[0m[2m:[0m 🔗 Connecting to RPC: http://192.168.0.14:8545
[2m2025-12-10T12:07:50.177788Z[0m [34mDEBUG[0m [2methereum_transaction_pool_monitor::mempool_monitor[0m[2m:[0m 🗄️  Database path: ./dex_pools.db
[2m2025-12-10T12:07:50.177794Z[0m [32m INFO[0m [2methereum_transaction_pool_monitor::eth_client[0m[2m:[0m 🔗 Initializing Ethereum client
[2m2025-12-10T12:07:50.177801Z[0m [34mDEBUG[0m [2methereum_transaction_pool_monitor::eth_client[0m[2m:[0m 📡 RPC URL: http://192.168.0.14:8545
[2m2025-12-10T12:07:50.177930Z[0m [34mDEBUG[0m [2mhyper::client::connect::http[0m[2m:[0m connecting to 192.168.0.14:8545
[2m2025-12-10T12:07:50.181181Z[0m [34mDEBUG[0m [2mhyper::client::connect::http[0m[2m:[0m connected to 192.168.0.14:8545
[2m2025-12-10T12:07:50.181307Z[0m [34mDEBUG[0m [2mhyper::proto::h1::io[0m[2m:[0m flushed 172 bytes
[2m2025-12-10T12:07:50.186810Z[0m [34mDEBUG[0m [2mhyper::proto::h1::io[0m[2m:[0m parsed 4 headers
[2m2025-12-10T12:07:50.186826Z[0m [34mDEBUG[0m [2mhyper::proto::h1::conn[0m[2m:[0m incoming body is content-length (45 bytes)
[2m2025-12-10T12:07:50.186844Z[0m [34mDEBUG[0m [2mhyper::proto::h1::conn[0m[2m:[0m incoming body completed
[2m2025-12-10T12:07:50.186884Z[0m [34mDEBUG[0m [2mhyper::client::pool[0m[2m:[0m pooling idle connection for ("http", 192.168.0.14:8545)
[2m2025-12-10T12:07:50.186932Z[0m [32m INFO[0m [2methereum_transaction_pool_monitor::eth_client[0m[2m:[0m ✅ Ethereum client connected - Current block: 23982206
[2m2025-12-10T12:07:50.186948Z[0m [32m INFO[0m [2methereum_transaction_pool_monitor::mempool_monitor[0m[2m:[0m ✅ Ethereum client connected
[2m2025-12-10T12:07:50.186955Z[0m [34mDEBUG[0m [2methereum_transaction_pool_monitor::pool_db[0m[2m:[0m 🗄️  Opening database at path: ./dex_pools.db
[2m2025-12-10T12:07:50.187061Z[0m [32m INFO[0m [2methereum_transaction_pool_monitor::pool_db[0m[2m:[0m ✅ Database connection established successfully
[2m2025-12-10T12:07:50.187070Z[0m [34mDEBUG[0m [2methereum_transaction_pool_monitor::pool_db[0m[2m:[0m 🔧 Initializing database schema...
[2m2025-12-10T12:07:50.187076Z[0m [34mDEBUG[0m [2methereum_transaction_pool_monitor::pool_db[0m[2m:[0m 🔨 Creating database tables and indexes...
[2m2025-12-10T12:07:50.187198Z[0m [34mDEBUG[0m [2methereum_transaction_pool_monitor::pool_db[0m[2m:[0m ✅ Database schema creation completed
[2m2025-12-10T12:07:50.187211Z[0m [32m INFO[0m [2methereum_transaction_pool_monitor::pool_db[0m[2m:[0m ✅ Database schema initialized
[2m2025-12-10T12:07:50.188444Z[0m [32m INFO[0m [2methereum_transaction_pool_monitor::pool_db[0m[2m:[0m 📊 Database contains 545308 pools
[2m2025-12-10T12:07:50.188455Z[0m [32m INFO[0m [2methereum_transaction_pool_monitor::mempool_monitor[0m[2m:[0m ✅ Pool database loaded
[2m2025-12-10T12:07:50.188461Z[0m [34mDEBUG[0m [2methereum_transaction_pool_monitor::mempool_monitor[0m[2m:[0m 🧠 Initializing sandwich simulator...
[2m2025-12-10T12:07:50.188469Z[0m [34mDEBUG[0m [2methereum_transaction_pool_monitor::pool_db[0m[2m:[0m 🗄️  Opening database at path: ./dex_pools.db
[2m2025-12-10T12:07:50.188537Z[0m [32m INFO[0m [2methereum_transaction_pool_monitor::pool_db[0m[2m:[0m ✅ Database connection established successfully
[2m2025-12-10T12:07:50.188545Z[0m [34mDEBUG[0m [2methereum_transaction_pool_monitor::pool_db[0m[2m:[0m 🔧 Initializing database schema...
[2m2025-12-10T12:07:50.188551Z[0m [34mDEBUG[0m [2methereum_transaction_pool_monitor::pool_db[0m[2m:[0m 🔨 Creating database tables and indexes...
[2m2025-12-10T12:07:50.188636Z[0m [34mDEBUG[0m [2methereum_transaction_pool_monitor::pool_db[0m[2m:[0m ✅ Database schema creation completed
[2m2025-12-10T12:07:50.188643Z[0m [32m INFO[0m [2methereum_transaction_pool_monitor::pool_db[0m[2m:[0m ✅ Database schema initialized
[2m2025-12-10T12:07:50.189922Z[0m [32m INFO[0m [2methereum_transaction_pool_monitor::pool_db[0m[2m:[0m 📊 Database contains 545308 pools
[2m2025-12-10T12:07:50.189981Z[0m [32m INFO[0m [2methereum_transaction_pool_monitor::mempool_monitor[0m[2m:[0m ✅ Enhanced sandwich simulator ready
[2m2025-12-10T12:07:50.189989Z[0m [34mDEBUG[0m [2methereum_transaction_pool_monitor::mempool_monitor[0m[2m:[0m 📚 Loading known pool addresses for mempool filtering...
[2m2025-12-10T12:07:50.190136Z[0m [32m INFO[0m [2methereum_transaction_pool_monitor::mempool_monitor[0m[2m:[0m ✅ Loaded 0 known pool addresses for mempool filtering
[2m2025-12-10T12:07:50.190255Z[0m [32m INFO[0m [2methereum_transaction_pool_monitor::bot_runner[0m[2m:[0m All MEV bot components started successfully
[2m2025-12-10T12:07:50.190453Z[0m [32m INFO[0m [2methereum_transaction_pool_monitor::mempool_monitor[0m[2m:[0m 🔍 Starting real-time mempool monitoring for MEV opportunities
[2m2025-12-10T12:07:50.190471Z[0m [32m INFO[0m [2methereum_transaction_pool_monitor::mempool_monitor[0m[2m:[0m 📊 Config: min_value=$1000, max_gas=50 gwei, min_profit=0.001 ETH
[2m2025-12-10T12:07:50.190491Z[0m [32m INFO[0m [2methereum_transaction_pool_monitor::mempool_monitor[0m[2m:[0m 🎯 Monitoring 3 protocols: ["UniswapV2", "UniswapV3", "SushiSwap"]
[2m2025-12-10T12:07:50.190513Z[0m [34mDEBUG[0m [2methereum_transaction_pool_monitor::mempool_monitor[0m[2m:[0m 📡 Attempting to subscribe to pending transactions stream...
[2m2025-12-10T12:07:50.190529Z[0m [32m INFO[0m [2methereum_transaction_pool_monitor::eth_client[0m[2m:[0m 🔌 Setting up custom WebSocket subscription for pending transactions
[2m2025-12-10T12:07:50.190541Z[0m [34mDEBUG[0m [2methereum_transaction_pool_monitor::eth_client[0m[2m:[0m 📡 WebSocket URL: ws://192.168.0.14:8547
[2m2025-12-10T12:07:50.190552Z[0m [32m INFO[0m [2methereum_transaction_pool_monitor::mempool_monitor[0m[2m:[0m ✅ Successfully subscribed to mempool transactions
[2m2025-12-10T12:07:50.190564Z[0m [34mDEBUG[0m [2methereum_transaction_pool_monitor::eth_client[0m[2m:[0m 🔗 Establishing WebSocket connection...
[2m2025-12-10T12:07:50.191842Z[0m [32m INFO[0m [2methereum_transaction_pool_monitor::bot_runner[0m[2m:[0m 🤖 MEV Bot Stats | Uptime: 0.0h | Opportunities: 0 | Bundles: 0/0 (0.0%) | Profit: 0.0000 ETH | Rate: 0.00/h
[2m2025-12-10T12:07:50.191900Z[0m [34mDEBUG[0m [2mhyper::client::pool[0m[2m:[0m reuse idle connection for ("http", 192.168.0.14:8545)
[2m2025-12-10T12:07:50.191975Z[0m [34mDEBUG[0m [2mhyper::proto::h1::io[0m[2m:[0m flushed 172 bytes
[2m2025-12-10T12:07:50.196059Z[0m [34mDEBUG[0m [2mhyper::proto::h1::io[0m[2m:[0m parsed 4 headers
[2m2025-12-10T12:07:50.196088Z[0m [34mDEBUG[0m [2mhyper::proto::h1::conn[0m[2m:[0m incoming body is content-length (45 bytes)
[2m2025-12-10T12:07:50.196107Z[0m [34mDEBUG[0m [2mhyper::proto::h1::conn[0m[2m:[0m incoming body completed
[2m2025-12-10T12:07:50.196136Z[0m [34mDEBUG[0m [2mhyper::client::pool[0m[2m:[0m pooling idle connection for ("http", 192.168.0.14:8545)
[2m2025-12-10T12:07:50.201399Z[0m [32m INFO[0m [2methereum_transaction_pool_monitor::eth_client[0m[2m:[0m ✅ WebSocket connection established
[2m2025-12-10T12:07:50.201413Z[0m [34mDEBUG[0m [2methereum_transaction_pool_monitor::eth_client[0m[2m:[0m 📡 Sending subscription request...
[2m2025-12-10T12:07:50.201484Z[0m [32m INFO[0m [2methereum_transaction_pool_monitor::eth_client[0m[2m:[0m 🔄 Starting custom WebSocket message processing loop...
[2m2025-12-10T12:07:50.207666Z[0m [34mDEBUG[0m [2methereum_transaction_pool_monitor::eth_client[0m[2m:[0m 📨 Received WebSocket message: {"jsonrpc":"2.0","id":1,"result":"0x47c11399886b6549da0ab4d02eced7c9"}
[2m2025-12-10T12:07:50.207700Z[0m [32m INFO[0m [2methereum_transaction_pool_monitor::eth_client[0m[2m:[0m ✅ WebSocket subscription established with ID: 0x47c11399886b6549da0ab4d02eced7c9
[2m2025-12-10T12:07:50.293492Z[0m [34mDEBUG[0m [2mhyper::client::pool[0m[2m:[0m reuse idle connection for ("http", 192.168.0.14:8545)
[2m2025-12-10T12:07:50.293692Z[0m [34mDEBUG[0m [2mhyper::proto::h1::io[0m[2m:[0m flushed 172 bytes
[2m2025-12-10T12:07:50.297151Z[0m [34mDEBUG[0m [2mhyper::proto::h1::io[0m[2m:[0m parsed 4 headers
[2m2025-12-10T12:07:50.297176Z[0m [34mDEBUG[0m [2mhyper::proto::h1::conn[0m[2m:[0m incoming body is content-length (45 bytes)
[2m2025-12-10T12:07:50.297200Z[0m [34mDEBUG[0m [2mhyper::proto::h1::conn[0m[2m:[0m incoming body completed
[2m2025-12-10T12:07:50.297246Z[0m [34mDEBUG[0m [2mhyper::client::pool[0m[2m:[0m pooling idle connection for ("http", 192.168.0.14:8545)
[2m2025-12-10T12:07:50.334940Z[0m [34mDEBUG[0m [2methereum_transaction_pool_monitor::eth_client[0m[2m:[0m 📨 Received WebSocket message: {"jsonrpc":"2.0","method":"eth_subscription","params":{"subscription":"0x47c11399886b6549da0ab4d02eced7c9","result":"0x894c4ce2a4aac566ec4cb2dfbea4ed45fa8b80759da3290a0c906c791a16e7f2"}}
[2m2025-12-10T12:07:50.335018Z[0m [34mDEBUG[0m [2methereum_transaction_pool_monitor::eth_client[0m[2m:[0m 📨 Received pending transaction: 0x894c4ce2a4aac566ec4cb2dfbea4ed45fa8b80759da3290a0c906c791a16e7f2
[2m2025-12-10T12:07:50.335069Z[0m [34mDEBUG[0m [2methereum_transaction_pool_monitor::mempool_monitor[0m[2m:[0m 📨 Processing new pending transaction: 0x894c4ce2a4aac566ec4cb2dfbea4ed45fa8b80759da3290a0c906c791a16e7f2
[2m2025-12-10T12:07:50.335088Z[0m [34mDEBUG[0m [2methereum_transaction_pool_monitor::mempool_monitor[0m[2m:[0m 🔍 Fetching transaction details for: 0x894c4ce2a4aac566ec4cb2dfbea4ed45fa8b80759da3290a0c906c791a16e7f2
[2m2025-12-10T12:07:50.335133Z[0m [34mDEBUG[0m [2methereum_transaction_pool_monitor::eth_client[0m[2m:[0m 🔍 Fetching transaction details for hash: 0x894c4ce2a4aac566ec4cb2dfbea4ed45fa8b80759da3290a0c906c791a16e7f2
[2m2025-12-10T12:07:50.335230Z[0m [34mDEBUG[0m [2mhyper::client::pool[0m[2m:[0m reuse idle connection for ("http", 192.168.0.14:8545)
[2m2025-12-10T12:07:50.335318Z[0m [34mDEBUG[0m [2mhyper::proto::h1::io[0m[2m:[0m flushed 250 bytes
[2m2025-12-10T12:07:50.342030Z[0m [34mDEBUG[0m [2mhyper::proto::h1::io[0m[2m:[0m parsed 4 headers
[2m2025-12-10T12:07:50.342047Z[0m [34mDEBUG[0m [2mhyper::proto::h1::conn[0m[2m:[0m incoming body is content-length (712 bytes)
[2m2025-12-10T12:07:50.342073Z[0m [34mDEBUG[0m [2mhyper::proto::h1::conn[0m[2m:[0m incoming body completed
[2m2025-12-10T12:07:50.342141Z[0m [34mDEBUG[0m [2mhyper::client::pool[0m[2m:[0m pooling idle connection for ("http", 192.168.0.14:8545)
[2m2025-12-10T12:07:50.342171Z[0m [34mDEBUG[0m [2methereum_transaction_pool_monitor::eth_client[0m[2m:[0m 📡 Transaction fetch RPC completed in 7.01775ms
[2m2025-12-10T12:07:50.931706Z[0m [34mDEBUG[0m [2methereum_transaction_pool_monitor::eth_client[0m[2m:[0m ✅ Transaction 0x894c4ce2a4aac566ec4cb2dfbea4ed45fa8b80759da3290a0c906c791a16e7f2 fetched and parsed in 596.536125ms
[2m2025-12-10T12:07:50.931752Z[0m [34mDEBUG[0m [2methereum_transaction_pool_monitor::mempool_monitor[0m[2m:[0m 🔍 Skipping tx 0x894c4ce2a4aac566ec4cb2dfbea4ed45fa8b80759da3290a0c906c791a16e7f2 - not a DEX interaction (target: 0x8bF62F0819aF9115c7C3173dB4A55886a17E0790)
[2m2025-12-10T12:07:50.931929Z[0m [34mDEBUG[0m [2methereum_transaction_pool_monitor::eth_client[0m[2m:[0m 📨 Received WebSocket message: {"jsonrpc":"2.0","method":"eth_subscription","params":{"subscription":"0x47c11399886b6549da0ab4d02eced7c9","result":"0x2c5ea93ba96c8eb9ad684ea7585e535691da56dffc38c13ecf053a7c6be89d74"}}
[2m2025-12-10T12:07:50.931959Z[0m [34mDEBUG[0m [2methereum_transaction_pool_monitor::eth_client[0m[2m:[0m 📨 Received pending transaction: 0x2c5ea93ba96c8eb9ad684ea7585e535691da56dffc38c13ecf053a7c6be89d74
[2m2025-12-10T12:07:50.931973Z[0m [34mDEBUG[0m [2mhyper::client::pool[0m[2m:[0m reuse idle connection for ("http", 192.168.0.14:8545)
[2m2025-12-10T12:07:50.931977Z[0m [34mDEBUG[0m [2methereum_transaction_pool_monitor::eth_client[0m[2m:[0m 📨 Received WebSocket message: {"jsonrpc":"2.0","method":"eth_subscription","params":{"subscription":"0x47c11399886b6549da0ab4d02eced7c9","result":"0xe4094a5f2db424fca3d34a04cd12e8b13e1642be2e092eeae3becf4ad88dcb7e"}}
[2m2025-12-10T12:07:50.931996Z[0m [34mDEBUG[0m [2methereum_transaction_pool_monitor::eth_client[0m[2m:[0m 📨 Received pending transaction: 0xe4094a5f2db424fca3d34a04cd12e8b13e1642be2e092eeae3becf4ad88dcb7e
[2m2025-12-10T12:07:50.932008Z[0m [34mDEBUG[0m [2methereum_transaction_pool_monitor::eth_client[0m[2m:[0m 📨 Received WebSocket message: {"jsonrpc":"2.0","method":"eth_subscription","params":{"subscription":"0x47c11399886b6549da0ab4d02eced7c9","result":"0x727e9793aa3310253ef03b4d0c374cffee6c447c867692c9a51211542cb6f219"}}
[2m2025-12-10T12:07:50.932025Z[0m [34mDEBUG[0m [2methereum_transaction_pool_monitor::eth_client[0m[2m:[0m 📨 Received pending transaction: 0x727e9793aa3310253ef03b4d0c374cffee6c447c867692c9a51211542cb6f219
[2m2025-12-10T12:07:50.932044Z[0m [34mDEBUG[0m [2methereum_transaction_pool_monitor::eth_client[0m[2m:[0m 📨 Received WebSocket message: {"jsonrpc":"2.0","method":"eth_subscription","params":{"subscription":"0x47c11399886b6549da0ab4d02eced7c9","result":"0xe55f6aaefe10393d0b11d93b7b2d51a8b81a267cfc29033c982d51e5f45f2c3c"}}
[2m2025-12-10T12:07:50.932055Z[0m [34mDEBUG[0m [2mhyper::proto::h1::io[0m[2m:[0m flushed 172 bytes
[2m2025-12-10T12:07:50.932061Z[0m [34mDEBUG[0m [2methereum_transaction_pool_monitor::eth_client[0m[2m:[0m 📨 Received pending transaction: 0xe55f6aaefe10393d0b11d93b7b2d51a8b81a267cfc29033c982d51e5f45f2c3c
[2m2025-12-10T12:07:50.932072Z[0m [34mDEBUG[0m [2methereum_transaction_pool_monitor::eth_client[0m[2m:[0m 📨 Received WebSocket message: {"jsonrpc":"2.0","method":"eth_subscription","params":{"subscription":"0x47c11399886b6549da0ab4d02eced7c9","result":"0xea0e8c6e99fd9994d5a2875ac308d8bf8b61297a4a6a42602cad8bb6486dbc80"}}
[2m2025-12-10T12:07:50.932089Z[0m [34mDEBUG[0m [2methereum_transaction_pool_monitor::eth_client[0m[2m:[0m 📨 Received pending transaction: 0xea0e8c6e99fd9994d5a2875ac308d8bf8b61297a4a6a42602cad8bb6486dbc80
[2m2025-12-10T12:07:50.932099Z[0m [34mDEBUG[0m [2methereum_transaction_pool_monitor::eth_client[0m[2m:[0m 📨 Received WebSocket message: {"jsonrpc":"2.0","method":"eth_subscription","params":{"subscription":"0x47c11399886b6549da0ab4d02eced7c9","result":"0xad43809cc91496eb2524794ca9e432aac73844de11a118a35fd32bb2a3f4fffc"}}
[2m2025-12-10T12:07:50.932121Z[0m [34mDEBUG[0m [2methereum_transaction_pool_monitor::eth_client[0m[2m:[0m 📨 Received pending transaction: 0xad43809cc91496eb2524794ca9e432aac73844de11a118a35fd32bb2a3f4fffc
[2m2025-12-10T12:07:50.932131Z[0m [34mDEBUG[0m [2methereum_transaction_pool_monitor::eth_client[0m[2m:[0m 📨 Received WebSocket message: {"jsonrpc":"2.0","method":"eth_subscription","params":{"subscription":"0x47c11399886b6549da0ab4d02eced7c9","result":"0x8baa3126d6a31842295056410bd6b0b5a6885895b311edf8aa0459dd0f1dd4ab"}}
[2m2025-12-10T12:07:50.932147Z[0m [34mDEBUG[0m [2methereum_transaction_pool_monitor::eth_client[0m[2m:[0m 📨 Received pending transaction: 0x8baa3126d6a31842295056410bd6b0b5a6885895b311edf8aa0459dd0f1dd4ab
[2m2025-12-10T12:07:50.932158Z[0m [34mDEBUG[0m [2methereum_transaction_pool_monitor::eth_client[0m[2m:[0m 📨 Received WebSocket message: {"jsonrpc":"2.0","method":"eth_subscription","params":{"subscription":"0x47c11399886b6549da0ab4d02eced7c9","result":"0xee7301230ce07b372559a5abcb601c0797af9ee862b7cc6b88cb0f82221131c7"}}
[2m2025-12-10T12:07:50.932174Z[0m [34mDEBUG[0m [2methereum_transaction_pool_monitor::eth_client[0m[2m:[0m 📨 Received pending transaction: 0xee7301230ce07b372559a5abcb601c0797af9ee862b7cc6b88cb0f82221131c7
[2m2025-12-10T12:07:50.932184Z[0m [34mDEBUG[0m [2methereum_transaction_pool_monitor::eth_client[0m[2m:[0m 📨 Received WebSocket message: {"jsonrpc":"2.0","method":"eth_subscription","params":{"subscription":"0x47c11399886b6549da0ab4d02eced7c9","result":"0xd043102367671e95877eb982f23bdb782d42f38f32e4e0075f65e8bc8fb0d064"}}
[2m2025-12-10T12:07:50.932200Z[0m [34mDEBUG[0m [2methereum_transaction_pool_monitor::eth_client[0m[2m:[0m 📨 Received pending transaction: 0xd043102367671e95877eb982f23bdb782d42f38f32e4e0075f65e8bc8fb0d064
[2m2025-12-10T12:07:50.932210Z[0m [34mDEBUG[0m [2methereum_transaction_pool_monitor::eth_client[0m[2m:[0m 📨 Received WebSocket message: {"jsonrpc":"2.0","method":"eth_subscription","params":{"subscription":"0x47c11399886b6549da0ab4d02eced7c9","result":"0xbe2b2a327b0278031c0d867035ed207aee0311ba7f03766c626996546b9f5949"}}
[2m2025-12-10T12:07:50.932225Z[0m [34mDEBUG[0m [2methereum_transaction_pool_monitor::eth_client[0m[2m:[0m 📨 Received pending transaction: 0xbe2b2a327b0278031c0d867035ed207aee0311ba7f03766c626996546b9f5949
[2m2025-12-10T12:07:50.932235Z[0m [34mDEBUG[0m [2methereum_transaction_pool_monitor::eth_client[0m[2m:[0m 📨 Received WebSocket message: {"jsonrpc":"2.0","method":"eth_subscription","params":{"subscription":"0x47c11399886b6549da0ab4d02eced7c9","result":"0xee51d73c34869c85ffe9fba049ecf2167ca09d13be9c344b207f1daf7545806d"}}
[2m2025-12-10T12:07:50.932254Z[0m [34mDEBUG[0m [2methereum_transaction_pool_monitor::eth_client[0m[2m:[0m 📨 Received pending transaction: 0xee51d73c34869c85ffe9fba049ecf2167ca09d13be9c344b207f1daf7545806d
[2m2025-12-10T12:07:50.932264Z[0m [34mDEBUG[0m [2methereum_transaction_pool_monitor::eth_client[0m[2m:[0m 📨 Received WebSocket message: {"jsonrpc":"2.0","method":"eth_subscription","params":{"subscription":"0x47c11399886b6549da0ab4d02eced7c9","result":"0xb070e0df94c9e528d1930e0b7467ed144ecd7e53bee83799614757333bcbecac"}}
[2m2025-12-10T12:07:50.932280Z[0m [34mDEBUG[0m [2methereum_transaction_pool_monitor::eth_client[0m[2m:[0m 📨 Received pending transaction: 0xb070e0df94c9e528d1930e0b7467ed144ecd7e53bee83799614757333bcbecac
[2m2025-12-10T12:07:50.932290Z[0m [34mDEBUG[0m [2methereum_transaction_pool_monitor::eth_client[0m[2m:[0m 📨 Received WebSocket message: {"jsonrpc":"2.0","method":"eth_subscription","params":{"subscription":"0x47c11399886b6549da0ab4d02eced7c9","result":"0xe280ae4f30bd8d2d6aa60d705cb6c0ad05c5d5a6bafa4d6163c8d1798af5b793"}}
[2m2025-12-10T12:07:50.932305Z[0m [34mDEBUG[0m [2methereum_transaction_pool_monitor::eth_client[0m[2m:[0m 📨 Received pending transaction: 0xe280ae4f30bd8d2d6aa60d705cb6c0ad05c5d5a6bafa4d6163c8d1798af5b793
[2m2025-12-10T12:07:50.932318Z[0m [34mDEBUG[0m [2methereum_transaction_pool_monitor::eth_client[0m[2m:[0m 📨 Received WebSocket message: {"jsonrpc":"2.0","method":"eth_subscription","params":{"subscription":"0x47c11399886b6549da0ab4d02eced7c9","result":"0x7b9701723dbc021ceb8b59b5303645685b3e78faf7018a107cb2529fa9015cbe"}}
[2m2025-12-10T12:07:50.932333Z[0m [34mDEBUG[0m [2methereum_transaction_pool_monitor::eth_client[0m[2m:[0m 📨 Received pending transaction: 0x7b9701723dbc021ceb8b59b5303645685b3e78faf7018a107cb2529fa9015cbe
[2m2025-12-10T12:07:50.932343Z[0m [34mDEBUG[0m [2methereum_transaction_pool_monitor::eth_client[0m[2m:[0m 📨 Received WebSocket message: {"jsonrpc":"2.0","method":"eth_subscription","params":{"subscription":"0x47c11399886b6549da0ab4d02eced7c9","result":"0x970d6aa1181ad2fbafa4d306cef7c9c3746d2024e75ee032f6ba25ceee692f02"}}
[2m2025-12-10T12:07:50.932358Z[0m [34mDEBUG[0m [2methereum_transaction_pool_monitor::eth_client[0m[2m:[0m 📨 Received pending transaction: 0x970d6aa1181ad2fbafa4d306cef7c9c3746d2024e75ee032f6ba25ceee692f02
[2m2025-12-10T12:07:50.932368Z[0m [34mDEBUG[0m [2methereum_transaction_pool_monitor::eth_client[0m[2m:[0m 📨 Received WebSocket message: {"jsonrpc":"2.0","method":"eth_subscription","params":{"subscription":"0x47c11399886b6549da0ab4d02eced7c9","result":"0x9f9edbeb4be88702892681cb429ebb59599f002804acc27c5b658be1684b9153"}}
[2m2025-12-10T12:07:50.932383Z[0m [34mDEBUG[0m [2methereum_transaction_pool_monitor::eth_client[0m[2m:[0m 📨 Received pending transaction: 0x9f9edbeb4be88702892681cb429ebb59599f002804acc27c5b658be1684b9153
[2m2025-12-10T12:07:50.932393Z[0m [34mDEBUG[0m [2methereum_transaction_pool_monitor::eth_client[0m[2m:[0m 📨 Received WebSocket message: {"jsonrpc":"2.0","method":"eth_subscription","params":{"subscription":"0x47c11399886b6549da0ab4d02eced7c9","result":"0x55b08cad79622c12569cd408ba7921fe4b5337ba9fff67515da964a41ad812e8"}}
[2m2025-12-10T12:07:50.932409Z[0m [34mDEBUG[0m [2methereum_transaction_pool_monitor::eth_client[0m[2m:[0m 📨 Received pending transaction: 0x55b08cad79622c12569cd408ba7921fe4b5337ba9fff67515da964a41ad812e8
[2m2025-12-10T12:07:50.932447Z[0m [34mDEBUG[0m [2methereum_transaction_pool_monitor::mempool_monitor[0m[2m:[0m 📨 Processing new pending transaction: 0x2c5ea93ba96c8eb9ad684ea7585e535691da56dffc38c13ecf053a7c6be89d74
[2m2025-12-10T12:07:50.932460Z[0m [34mDEBUG[0m [2methereum_transaction_pool_monitor::mempool_monitor[0m[2m:[0m 🔍 Fetching transaction details for: 0x2c5ea93ba96c8eb9ad684ea7585e535691da56dffc38c13ecf053a7c6be89d74
[2m2025-12-10T12:07:50.932471Z[0m [34mDEBUG[0m [2methereum_transaction_pool_monitor::eth_client[0m[2m:[0m 🔍 Fetching transaction details for hash: 0x2c5ea93ba96c8eb9ad684ea7585e535691da56dffc38c13ecf053a7c6be89d74
[2m2025-12-10T12:07:50.932517Z[0m [34mDEBUG[0m [2mhyper::client::pool[0m[2m:[0m reuse idle connection for ("http", 192.168.0.14:8545)
[2m2025-12-10T12:07:50.932561Z[0m [34mDEBUG[0m [2mhyper::proto::h1::io[0m[2m:[0m flushed 250 bytes
[2m2025-12-10T12:07:50.939945Z[0m [34mDEBUG[0m [2mhyper::proto::h1::io[0m[2m:[0m parsed 4 headers
[2m2025-12-10T12:07:50.939958Z[0m [34mDEBUG[0m [2mhyper::proto::h1::conn[0m[2m:[0m incoming body is content-length (45 bytes)
[2m2025-12-10T12:07:50.939977Z[0m [34mDEBUG[0m [2mhyper::proto::h1::conn[0m[2m:[0m incoming body completed
[2m2025-12-10T12:07:50.940009Z[0m [34mDEBUG[0m [2mhyper::client::pool[0m[2m:[0m pooling idle connection for ("http", 192.168.0.14:8545)
[2m2025-12-10T12:07:50.940083Z[0m [34mDEBUG[0m [2mhyper::client::pool[0m[2m:[0m reuse idle connection for ("http", 192.168.0.14:8545)
[2m2025-12-10T12:07:50.940132Z[0m [34mDEBUG[0m [2mhyper::proto::h1::io[0m[2m:[0m flushed 172 bytes
[2m2025-12-10T12:07:50.941305Z[0m [34mDEBUG[0m [2mhyper::proto::h1::io[0m[2m:[0m parsed 4 headers
[2m2025-12-10T12:07:50.941312Z[0m [34mDEBUG[0m [2mhyper::proto::h1::conn[0m[2m:[0m incoming body is content-length (645 bytes)
[2m2025-12-10T12:07:50.941329Z[0m [34mDEBUG[0m [2mhyper::proto::h1::conn[0m[2m:[0m incoming body completed
[2m2025-12-10T12:07:50.941357Z[0m [34mDEBUG[0m [2mhyper::client::pool[0m[2m:[0m pooling idle connection for ("http", 192.168.0.14:8545)
[2m2025-12-10T12:07:50.941382Z[0m [34mDEBUG[0m [2methereum_transaction_pool_monitor::eth_client[0m[2m:[0m 📡 Transaction fetch RPC completed in 8.901292ms
[2m2025-12-10T12:07:51.122790Z[0m [34mDEBUG[0m [2methereum_transaction_pool_monitor::eth_client[0m[2m:[0m ✅ Transaction 0x2c5ea93ba96c8eb9ad684ea7585e535691da56dffc38c13ecf053a7c6be89d74 fetched and parsed in 190.303667ms
[2m2025-12-10T12:07:51.122845Z[0m [34mDEBUG[0m [2methereum_transaction_pool_monitor::mempool_monitor[0m[2m:[0m 🔍 Skipping tx 0x2c5ea93ba96c8eb9ad684ea7585e535691da56dffc38c13ecf053a7c6be89d74 - not a DEX interaction (target: 0x2718b5Ee235c328cBBDb42C0142b1Ba48CD3F01D)
[2m2025-12-10T12:07:51.122908Z[0m [34mDEBUG[0m [2methereum_transaction_pool_monitor::mempool_monitor[0m[2m:[0m 📨 Processing new pending transaction: 0xe4094a5f2db424fca3d34a04cd12e8b13e1642be2e092eeae3becf4ad88dcb7e
[2m2025-12-10T12:07:51.122919Z[0m [34mDEBUG[0m [2methereum_transaction_pool_monitor::mempool_monitor[0m[2m:[0m 🔍 Fetching transaction details for: 0xe4094a5f2db424fca3d34a04cd12e8b13e1642be2e092eeae3becf4ad88dcb7e
[2m2025-12-10T12:07:51.122929Z[0m [34mDEBUG[0m [2methereum_transaction_pool_monitor::eth_client[0m[2m:[0m 🔍 Fetching transaction details for hash: 0xe4094a5f2db424fca3d34a04cd12e8b13e1642be2e092eeae3becf4ad88dcb7e
[2m2025-12-10T12:07:51.123020Z[0m [34mDEBUG[0m [2mhyper::client::pool[0m[2m:[0m reuse idle connection for ("http", 192.168.0.14:8545)
[2m2025-12-10T12:07:51.123128Z[0m [34mDEBUG[0m [2mhyper::proto::h1::io[0m[2m:[0m flushed 250 bytes
[2m2025-12-10T12:07:51.123183Z[0m [34mDEBUG[0m [2methereum_transaction_pool_monitor::eth_client[0m[2m:[0m 📨 Received WebSocket message: {"jsonrpc":"2.0","method":"eth_subscription","params":{"subscription":"0x47c11399886b6549da0ab4d02eced7c9","result":"0xaaa38b1ebc7455b4f164152896aaa246e5dd49dd370c22007dcec6fcb85509f7"}}
[2m2025-12-10T12:07:51.123201Z[0m [34mDEBUG[0m [2mhyper::proto::h1::io[0m[2m:[0m parsed 4 headers
[2m2025-12-10T12:07:51.123208Z[0m [34mDEBUG[0m [2methereum_transaction_pool_monitor::eth_client[0m[2m:[0m 📨 Received pending transaction: 0xaaa38b1ebc7455b4f164152896aaa246e5dd49dd370c22007dcec6fcb85509f7
[2m2025-12-10T12:07:51.123215Z[0m [34mDEBUG[0m [2mhyper::proto::h1::conn[0m[2m:[0m incoming body is content-length (45 bytes)
[2m2025-12-10T12:07:51.123252Z[0m [34mDEBUG[0m [2mhyper::proto::h1::conn[0m[2m:[0m incoming body completed
[2m2025-12-10T12:07:51.123281Z[0m [34mDEBUG[0m [2mhyper::client::pool[0m[2m:[0m pooling idle connection for ("http", 192.168.0.14:8545)
[2m2025-12-10T12:07:51.123345Z[0m [34mDEBUG[0m [2mhyper::client::pool[0m[2m:[0m reuse idle connection for ("http", 192.168.0.14:8545)
[2m2025-12-10T12:07:51.123389Z[0m [34mDEBUG[0m [2mhyper::proto::h1::io[0m[2m:[0m flushed 172 bytes
[2m2025-12-10T12:07:51.128520Z[0m [34mDEBUG[0m [2mhyper::proto::h1::io[0m[2m:[0m parsed 4 headers
[2m2025-12-10T12:07:51.128531Z[0m [34mDEBUG[0m [2mhyper::proto::h1::conn[0m[2m:[0m incoming body is content-length (45 bytes)
[2m2025-12-10T12:07:51.128543Z[0m [34mDEBUG[0m [2mhyper::proto::h1::conn[0m[2m:[0m incoming body completed
[2m2025-12-10T12:07:51.128559Z[0m [34mDEBUG[0m [2mhyper::client::pool[0m[2m:[0m pooling idle connection for ("http", 192.168.0.14:8545)
[2m2025-12-10T12:07:51.128602Z[0m [34mDEBUG[0m [2mhyper::client::pool[0m[2m:[0m reuse idle connection for ("http", 192.168.0.14:8545)
[2m2025-12-10T12:07:51.128656Z[0m [34mDEBUG[0m [2mhyper::proto::h1::io[0m[2m:[0m flushed 172 bytes
[2m2025-12-10T12:07:51.131922Z[0m [34mDEBUG[0m [2mhyper::proto::h1::io[0m[2m:[0m parsed 4 headers
[2m2025-12-10T12:07:51.131935Z[0m [34mDEBUG[0m [2mhyper::proto::h1::conn[0m[2m:[0m incoming body is content-length (1729 bytes)
[2m2025-12-10T12:07:51.131970Z[0m [34mDEBUG[0m [2methereum_transaction_pool_monitor::eth_client[0m[2m:[0m 📡 Transaction fetch RPC completed in 9.032583ms
[2m2025-12-10T12:07:51.134414Z[0m [34mDEBUG[0m [2mhyper::proto::h1::conn[0m[2m:[0m incoming body completed
[2m2025-12-10T12:07:51.134437Z[0m [34mDEBUG[0m [2mhyper::client::pool[0m[2m:[0m pooling idle connection for ("http", 192.168.0.14:8545)
[2m2025-12-10T12:07:51.135244Z[0m [34mDEBUG[0m [2mhyper::proto::h1::io[0m[2m:[0m parsed 4 headers
[2m2025-12-10T12:07:51.135255Z[0m [34mDEBUG[0m [2mhyper::proto::h1::conn[0m[2m:[0m incoming body is content-length (45 bytes)
[2m2025-12-10T12:07:51.135265Z[0m [34mDEBUG[0m [2mhyper::proto::h1::conn[0m[2m:[0m incoming body completed
[2m2025-12-10T12:07:51.135280Z[0m [34mDEBUG[0m [2mhyper::client::pool[0m[2m:[0m pooling idle connection for ("http", 192.168.0.14:8545)
[2m2025-12-10T12:07:51.138676Z[0m [34mDEBUG[0m [2mhyper::client::pool[0m[2m:[0m reuse idle connection for ("http", 192.168.0.14:8545)
[2m2025-12-10T12:07:51.138717Z[0m [34mDEBUG[0m [2mhyper::proto::h1::io[0m[2m:[0m flushed 172 bytes
[2m2025-12-10T12:07:51.144655Z[0m [34mDEBUG[0m [2mhyper::proto::h1::io[0m[2m:[0m parsed 4 headers
[2m2025-12-10T12:07:51.144665Z[0m [34mDEBUG[0m [2mhyper::proto::h1::conn[0m[2m:[0m incoming body is content-length (45 bytes)
[2m2025-12-10T12:07:51.144677Z[0m [34mDEBUG[0m [2mhyper::proto::h1::conn[0m[2m:[0m incoming body completed
[2m2025-12-10T12:07:51.144695Z[0m [34mDEBUG[0m [2mhyper::client::pool[0m[2m:[0m pooling idle connection for ("http", 192.168.0.14:8545)
[2m2025-12-10T12:07:51.144744Z[0m [34mDEBUG[0m [2mhyper::client::pool[0m[2m:[0m reuse idle connection for ("http", 192.168.0.14:8545)
[2m2025-12-10T12:07:51.144789Z[0m [34mDEBUG[0m [2mhyper::proto::h1::io[0m[2m:[0m flushed 172 bytes
[2m2025-12-10T12:07:51.149752Z[0m [34mDEBUG[0m [2mhyper::proto::h1::io[0m[2m:[0m parsed 4 headers
[2m2025-12-10T12:07:51.149760Z[0m [34mDEBUG[0m [2mhyper::proto::h1::conn[0m[2m:[0m incoming body is content-length (45 bytes)
[2m2025-12-10T12:07:51.149770Z[0m [34mDEBUG[0m [2mhyper::proto::h1::conn[0m[2m:[0m incoming body completed
[2m2025-12-10T12:07:51.149783Z[0m [34mDEBUG[0m [2mhyper::client::pool[0m[2m:[0m pooling idle connection for ("http", 192.168.0.14:8545)
[2m2025-12-10T12:07:51.149823Z[0m [34mDEBUG[0m [2mhyper::client::pool[0m[2m:[0m reuse idle connection for ("http", 192.168.0.14:8545)
[2m2025-12-10T12:07:51.149867Z[0m [34mDEBUG[0m [2mhyper::proto::h1::io[0m[2m:[0m flushed 172 bytes
[2m2025-12-10T12:07:51.155722Z[0m [34mDEBUG[0m [2mhyper::proto::h1::io[0m[2m:[0m parsed 4 headers
[2m2025-12-10T12:07:51.155730Z[0m [34mDEBUG[0m [2mhyper::proto::h1::conn[0m[2m:[0m incoming body is content-length (45 bytes)
[2m2025-12-10T12:07:51.155741Z[0m [34mDEBUG[0m [2mhyper::proto::h1::conn[0m[2m:[0m incoming body completed
[2m2025-12-10T12:07:51.155756Z[0m [34mDEBUG[0m [2mhyper::client::pool[0m[2m:[0m pooling idle connection for ("http", 192.168.0.14:8545)
[2m2025-12-10T12:07:51.155794Z[0m [34mDEBUG[0m [2mhyper::client::pool[0m[2m:[0m reuse idle connection for ("http", 192.168.0.14:8545)
[2m2025-12-10T12:07:51.155827Z[0m [34mDEBUG[0m [2mhyper::proto::h1::io[0m[2m:[0m flushed 172 bytes
[2m2025-12-10T12:07:51.159658Z[0m [34mDEBUG[0m [2mhyper::proto::h1::io[0m[2m:[0m parsed 4 headers
[2m2025-12-10T12:07:51.159665Z[0m [34mDEBUG[0m [2mhyper::proto::h1::conn[0m[2m:[0m incoming body is content-length (45 bytes)
[2m2025-12-10T12:07:51.159674Z[0m [34mDEBUG[0m [2mhyper::proto::h1::conn[0m[2m:[0m incoming body completed
[2m2025-12-10T12:07:51.159688Z[0m [34mDEBUG[0m [2mhyper::client::pool[0m[2m:[0m pooling idle connection for ("http", 192.168.0.14:8545)
[2m2025-12-10T12:07:51.193799Z[0m [34mDEBUG[0m [2mhyper::client::pool[0m[2m:[0m reuse idle connection for ("http", 192.168.0.14:8545)
[2m2025-12-10T12:07:51.193901Z[0m [34mDEBUG[0m [2mhyper::proto::h1::io[0m[2m:[0m flushed 172 bytes
[2m2025-12-10T12:07:51.198668Z[0m [34mDEBUG[0m [2mhyper::proto::h1::io[0m[2m:[0m parsed 4 headers
[2m2025-12-10T12:07:51.198683Z[0m [34mDEBUG[0m [2mhyper::proto::h1::conn[0m[2m:[0m incoming body is content-length (45 bytes)
[2m2025-12-10T12:07:51.198700Z[0m [34mDEBUG[0m [2mhyper::proto::h1::conn[0m[2m:[0m incoming body completed
[2m2025-12-10T12:07:51.198724Z[0m [34mDEBUG[0m [2mhyper::client::pool[0m[2m:[0m pooling idle connection for ("http", 192.168.0.14:8545)
[2m2025-12-10T12:07:51.267098Z[0m [34mDEBUG[0m [2methereum_transaction_pool_monitor::eth_client[0m[2m:[0m 📨 Received WebSocket message: {"jsonrpc":"2.0","method":"eth_subscription","params":{"subscription":"0x47c11399886b6549da0ab4d02eced7c9","result":"0x073cbda164ac381754b6eda5a4070542d9db5c3f92d5b146a63240b5b301061f"}}
[2m2025-12-10T12:07:51.267142Z[0m [34mDEBUG[0m [2methereum_transaction_pool_monitor::eth_client[0m[2m:[0m 📨 Received pending transaction: 0x073cbda164ac381754b6eda5a4070542d9db5c3f92d5b146a63240b5b301061f
[2m2025-12-10T12:07:51.293252Z[0m [34mDEBUG[0m [2mhyper::client::pool[0m[2m:[0m reuse idle connection for ("http", 192.168.0.14:8545)
[2m2025-12-10T12:07:51.293348Z[0m [34mDEBUG[0m [2mhyper::proto::h1::io[0m[2m:[0m flushed 172 bytes
[2m2025-12-10T12:07:51.301158Z[0m [34mDEBUG[0m [2mhyper::proto::h1::io[0m[2m:[0m parsed 4 headers
[2m2025-12-10T12:07:51.301167Z[0m [34mDEBUG[0m [2mhyper::proto::h1::conn[0m[2m:[0m incoming body is content-length (45 bytes)
[2m2025-12-10T12:07:51.301183Z[0m [34mDEBUG[0m [2mhyper::proto::h1::conn[0m[2m:[0m incoming body completed
[2m2025-12-10T12:07:51.301214Z[0m [34mDEBUG[0m [2mhyper::client::pool[0m[2m:[0m pooling idle connection for ("http", 192.168.0.14:8545)
[2m2025-12-10T12:07:51.319157Z[0m [34mDEBUG[0m [2methereum_transaction_pool_monitor::eth_client[0m[2m:[0m ✅ Transaction 0xe4094a5f2db424fca3d34a04cd12e8b13e1642be2e092eeae3becf4ad88dcb7e fetched and parsed in 196.219ms
[2m2025-12-10T12:07:51.319191Z[0m [34mDEBUG[0m [2methereum_transaction_pool_monitor::mempool_monitor[0m[2m:[0m 🔍 Skipping tx 0xe4094a5f2db424fca3d34a04cd12e8b13e1642be2e092eeae3becf4ad88dcb7e - not a DEX interaction (target: 0xd90e2f925DA726b50C4Ed8D0Fb90Ad053324F31b)
[2m2025-12-10T12:07:51.319251Z[0m [34mDEBUG[0m [2methereum_transaction_pool_monitor::mempool_monitor[0m[2m:[0m 📨 Processing new pending transaction: 0x727e9793aa3310253ef03b4d0c374cffee6c447c867692c9a51211542cb6f219
[2m2025-12-10T12:07:51.319275Z[0m [34mDEBUG[0m [2methereum_transaction_pool_monitor::mempool_monitor[0m[2m:[0m 🔍 Fetching transaction details for: 0x727e9793aa3310253ef03b4d0c374cffee6c447c867692c9a51211542cb6f219
[2m2025-12-10T12:07:51.319285Z[0m [34mDEBUG[0m [2methereum_transaction_pool_monitor::eth_client[0m[2m:[0m 🔍 Fetching transaction details for hash: 0x727e9793aa3310253ef03b4d0c374cffee6c447c867692c9a51211542cb6f219
[2m2025-12-10T12:07:51.319355Z[0m [34mDEBUG[0m [2mhyper::client::pool[0m[2m:[0m reuse idle connection for ("http", 192.168.0.14:8545)
[2m2025-12-10T12:07:51.319426Z[0m [34mDEBUG[0m [2mhyper::proto::h1::io[0m[2m:[0m flushed 250 bytes
[2m2025-12-10T12:07:51.326769Z[0m [34mDEBUG[0m [2mhyper::proto::h1::io[0m[2m:[0m parsed 4 headers
[2m2025-12-10T12:07:51.326777Z[0m [34mDEBUG[0m [2mhyper::proto::h1::conn[0m[2m:[0m incoming body is content-length (768 bytes)
[2m2025-12-10T12:07:51.326791Z[0m [34mDEBUG[0m [2mhyper::proto::h1::conn[0m[2m:[0m incoming body completed
[2m2025-12-10T12:07:51.326815Z[0m [34mDEBUG[0m [2mhyper::client::pool[0m[2m:[0m pooling idle connection for ("http", 192.168.0.14:8545)
[2m2025-12-10T12:07:51.326829Z[0m [34mDEBUG[0m [2methereum_transaction_pool_monitor::eth_client[0m[2m:[0m 📡 Transaction fetch RPC completed in 7.533875ms
[2m2025-12-10T12:07:51.493704Z[0m [34mDEBUG[0m [2methereum_transaction_pool_monitor::eth_client[0m[2m:[0m ✅ Transaction 0x727e9793aa3310253ef03b4d0c374cffee6c447c867692c9a51211542cb6f219 fetched and parsed in 174.405042ms
[2m2025-12-10T12:07:51.493754Z[0m [34mDEBUG[0m [2methereum_transaction_pool_monitor::mempool_monitor[0m[2m:[0m 🔍 Skipping tx 0x727e9793aa3310253ef03b4d0c374cffee6c447c867692c9a51211542cb6f219 - not a DEX interaction (target: 0xA0b86991c6218b36c1d19D4a2e9Eb0cE3606eB48)
[2m2025-12-10T12:07:51.493818Z[0m [34mDEBUG[0m [2methereum_transaction_pool_monitor::mempool_monitor[0m[2m:[0m 📨 Processing new pending transaction: 0xe55f6aaefe10393d0b11d93b7b2d51a8b81a267cfc29033c982d51e5f45f2c3c
[2m2025-12-10T12:07:51.493829Z[0m [34mDEBUG[0m [2methereum_transaction_pool_monitor::mempool_monitor[0m[2m:[0m 🔍 Fetching transaction details for: 0xe55f6aaefe10393d0b11d93b7b2d51a8b81a267cfc29033c982d51e5f45f2c3c
[2m2025-12-10T12:07:51.493838Z[0m [34mDEBUG[0m [2methereum_transaction_pool_monitor::eth_client[0m[2m:[0m 🔍 Fetching transaction details for hash: 0xe55f6aaefe10393d0b11d93b7b2d51a8b81a267cfc29033c982d51e5f45f2c3c
[2m2025-12-10T12:07:51.493916Z[0m [34mDEBUG[0m [2mhyper::client::pool[0m[2m:[0m reuse idle connection for ("http", 192.168.0.14:8545)
[2m2025-12-10T12:07:51.493986Z[0m [34mDEBUG[0m [2mhyper::proto::h1::io[0m[2m:[0m flushed 250 bytes
[2m2025-12-10T12:07:51.494041Z[0m [34mDEBUG[0m [2mhyper::client::pool[0m[2m:[0m reuse idle connection for ("http", 192.168.0.14:8545)
[2m2025-12-10T12:07:51.494045Z[0m [34mDEBUG[0m [2methereum_transaction_pool_monitor::eth_client[0m[2m:[0m 📨 Received WebSocket message: {"jsonrpc":"2.0","method":"eth_subscription","params":{"subscription":"0x47c11399886b6549da0ab4d02eced7c9","result":"0xee842c16254511202095a5b33e937999b4dec736733ed64ee757564123b88ca0"}}
[2m2025-12-10T12:07:51.494070Z[0m [34mDEBUG[0m [2mhyper::proto::h1::io[0m[2m:[0m flushed 172 bytes
[2m2025-12-10T12:07:51.494072Z[0m [34mDEBUG[0m [2methereum_transaction_pool_monitor::eth_client[0m[2m:[0m 📨 Received pending transaction: 0xee842c16254511202095a5b33e937999b4dec736733ed64ee757564123b88ca0
[2m2025-12-10T12:07:51.494093Z[0m [34mDEBUG[0m [2methereum_transaction_pool_monitor::eth_client[0m[2m:[0m 📨 Received WebSocket message: {"jsonrpc":"2.0","method":"eth_subscription","params":{"subscription":"0x47c11399886b6549da0ab4d02eced7c9","result":"0x59a0e9596f79bab479813e6910d6fd5bd172b138037718aaf9d72fe97bd40784"}}
[2m2025-12-10T12:07:51.494111Z[0m [34mDEBUG[0m [2methereum_transaction_pool_monitor::eth_client[0m[2m:[0m 📨 Received pending transaction: 0x59a0e9596f79bab479813e6910d6fd5bd172b138037718aaf9d72fe97bd40784
[2m2025-12-10T12:07:51.494131Z[0m [34mDEBUG[0m [2methereum_transaction_pool_monitor::eth_client[0m[2m:[0m 📨 Received WebSocket message: {"jsonrpc":"2.0","method":"eth_subscription","params":{"subscription":"0x47c11399886b6549da0ab4d02eced7c9","result":"0xec6cab2b65988dcb00435e8d7405941368814c8991508268a9e5bdd05c896a68"}}
[2m2025-12-10T12:07:51.494148Z[0m [34mDEBUG[0m [2methereum_transaction_pool_monitor::eth_client[0m[2m:[0m 📨 Received pending transaction: 0xec6cab2b65988dcb00435e8d7405941368814c8991508268a9e5bdd05c896a68
[2m2025-12-10T12:07:51.494159Z[0m [34mDEBUG[0m [2methereum_transaction_pool_monitor::eth_client[0m[2m:[0m 📨 Received WebSocket message: {"jsonrpc":"2.0","method":"eth_subscription","params":{"subscription":"0x47c11399886b6549da0ab4d02eced7c9","result":"0xc8a421e9f69333d2d19958d91bbdfe7ab1e40735f791f02bc92793cd2daade8a"}}
[2m2025-12-10T12:07:51.494175Z[0m [34mDEBUG[0m [2methereum_transaction_pool_monitor::eth_client[0m[2m:[0m 📨 Received pending transaction: 0xc8a421e9f69333d2d19958d91bbdfe7ab1e40735f791f02bc92793cd2daade8a
[2m2025-12-10T12:07:51.495442Z[0m [34mDEBUG[0m [2methereum_transaction_pool_monitor::eth_client[0m[2m:[0m 📨 Received WebSocket message: {"jsonrpc":"2.0","method":"eth_subscription","params":{"subscription":"0x47c11399886b6549da0ab4d02eced7c9","result":"0x4edeee81401615129519384fe1dcf137e83798255934d4035285e10fef9d5355"}}
[2m2025-12-10T12:07:51.495505Z[0m [34mDEBUG[0m [2methereum_transaction_pool_monitor::eth_client[0m[2m:[0m 📨 Received pending transaction: 0x4edeee81401615129519384fe1dcf137e83798255934d4035285e10fef9d5355
[2m2025-12-10T12:07:51.495517Z[0m [34mDEBUG[0m [2methereum_transaction_pool_monitor::eth_client[0m[2m:[0m 📨 Received WebSocket message: {"jsonrpc":"2.0","method":"eth_subscription","params":{"subscription":"0x47c11399886b6549da0ab4d02eced7c9","result":"0x46556ba196bc51a27c19ad1d795bb8da4a5ed790a523ce0f0ecca506f8a4deef"}}
[2m2025-12-10T12:07:51.495533Z[0m [34mDEBUG[0m [2methereum_transaction_pool_monitor::eth_client[0m[2m:[0m 📨 Received pending transaction: 0x46556ba196bc51a27c19ad1d795bb8da4a5ed790a523ce0f0ecca506f8a4deef
[2m2025-12-10T12:07:51.500110Z[0m [34mDEBUG[0m [2methereum_transaction_pool_monitor::eth_client[0m[2m:[0m 📨 Received WebSocket message: {"jsonrpc":"2.0","method":"eth_subscription","params":{"subscription":"0x47c11399886b6549da0ab4d02eced7c9","result":"0x5aa404d0fd1d40b9794bbf61ea1f7c14dffad395f8ab93cf3c3c3bc12012a56c"}}
[2m2025-12-10T12:07:51.500157Z[0m [34mDEBUG[0m [2methereum_transaction_pool_monitor::eth_client[0m[2m:[0m 📨 Received pending transaction: 0x5aa404d0fd1d40b9794bbf61ea1f7c14dffad395f8ab93cf3c3c3bc12012a56c
[2m2025-12-10T12:07:51.502389Z[0m [34mDEBUG[0m [2methereum_transaction_pool_monitor::eth_client[0m[2m:[0m 📨 Received WebSocket message: {"jsonrpc":"2.0","method":"eth_subscription","params":{"subscription":"0x47c11399886b6549da0ab4d02eced7c9","result":"0xc6b15c11a843ced269e0ac386a16eecc7da0f03a4b1857ce32788c12da25c17c"}}
[2m2025-12-10T12:07:51.502406Z[0m [34mDEBUG[0m [2methereum_transaction_pool_monitor::eth_client[0m[2m:[0m 📨 Received pending transaction: 0xc6b15c11a843ced269e0ac386a16eecc7da0f03a4b1857ce32788c12da25c17c
[2m2025-12-10T12:07:51.502415Z[0m [34mDEBUG[0m [2methereum_transaction_pool_monitor::eth_client[0m[2m:[0m 📨 Received WebSocket message: {"jsonrpc":"2.0","method":"eth_subscription","params":{"subscription":"0x47c11399886b6549da0ab4d02eced7c9","result":"0xca1310c9437a097684a5877656ab5709f21adf481eb704e80f433bb1caa22401"}}
[2m2025-12-10T12:07:51.502429Z[0m [34mDEBUG[0m [2methereum_transaction_pool_monitor::eth_client[0m[2m:[0m 📨 Received pending transaction: 0xca1310c9437a097684a5877656ab5709f21adf481eb704e80f433bb1caa22401
[2m2025-12-10T12:07:51.502473Z[0m [34mDEBUG[0m [2mhyper::proto::h1::io[0m[2m:[0m parsed 4 headers
[2m2025-12-10T12:07:51.502473Z[0m [34mDEBUG[0m [2mhyper::proto::h1::io[0m[2m:[0m parsed 4 headers
[2m2025-12-10T12:07:51.502492Z[0m [34mDEBUG[0m [2mhyper::proto::h1::conn[0m[2m:[0m incoming body is content-length (45 bytes)
[2m2025-12-10T12:07:51.502501Z[0m [34mDEBUG[0m [2mhyper::proto::h1::conn[0m[2m:[0m incoming body is content-length (769 bytes)
[2m2025-12-10T12:07:51.502512Z[0m [34mDEBUG[0m [2mhyper::proto::h1::conn[0m[2m:[0m incoming body completed
[2m2025-12-10T12:07:51.502515Z[0m [34mDEBUG[0m [2mhyper::proto::h1::conn[0m[2m:[0m incoming body completed
[2m2025-12-10T12:07:51.502535Z[0m [34mDEBUG[0m [2mhyper::client::pool[0m[2m:[0m pooling idle connection for ("http", 192.168.0.14:8545)
[2m2025-12-10T12:07:51.502535Z[0m [34mDEBUG[0m [2mhyper::client::pool[0m[2m:[0m pooling idle connection for ("http", 192.168.0.14:8545)
[2m2025-12-10T12:07:51.502556Z[0m [34mDEBUG[0m [2methereum_transaction_pool_monitor::eth_client[0m[2m:[0m 📡 Transaction fetch RPC completed in 8.709042ms
[2m2025-12-10T12:07:51.502588Z[0m [34mDEBUG[0m [2mhyper::client::pool[0m[2m:[0m reuse idle connection for ("http", 192.168.0.14:8545)
[2m2025-12-10T12:07:51.502618Z[0m [34mDEBUG[0m [2mhyper::proto::h1::io[0m[2m:[0m flushed 172 bytes
[2m2025-12-10T12:07:51.505277Z[0m [34mDEBUG[0m [2methereum_transaction_pool_monitor::eth_client[0m[2m:[0m 📨 Received WebSocket message: {"jsonrpc":"2.0","method":"eth_subscription","params":{"subscription":"0x47c11399886b6549da0ab4d02eced7c9","result":"0x29fa4a38512b38e12326936334334ff088c7e5e9367d3ea76238072da1488084"}}
[2m2025-12-10T12:07:51.505301Z[0m [34mDEBUG[0m [2methereum_transaction_pool_monitor::eth_client[0m[2m:[0m 📨 Received pending transaction: 0x29fa4a38512b38e12326936334334ff088c7e5e9367d3ea76238072da1488084
[2m2025-12-10T12:07:51.512314Z[0m [34mDEBUG[0m [2methereum_transaction_pool_monitor::eth_client[0m[2m:[0m 📨 Received WebSocket message: {"jsonrpc":"2.0","method":"eth_subscription","params":{"subscription":"0x47c11399886b6549da0ab4d02eced7c9","result":"0x3da565272deabd4d7b9fbd47980bbc2894ff901cb057297c19e729b95f3ab8c7"}}
[2m2025-12-10T12:07:51.512332Z[0m [34mDEBUG[0m [2methereum_transaction_pool_monitor::eth_client[0m[2m:[0m 📨 Received pending transaction: 0x3da565272deabd4d7b9fbd47980bbc2894ff901cb057297c19e729b95f3ab8c7
[2m2025-12-10T12:07:51.512343Z[0m [34mDEBUG[0m [2methereum_transaction_pool_monitor::eth_client[0m[2m:[0m 📨 Received WebSocket message: {"jsonrpc":"2.0","method":"eth_subscription","params":{"subscription":"0x47c11399886b6549da0ab4d02eced7c9","result":"0xc9c0c9be875c5eee7f676000ed165a5863ba8daf9fdcda7acd960156e166fb4a"}}
[2m2025-12-10T12:07:51.512359Z[0m [34mDEBUG[0m [2methereum_transaction_pool_monitor::eth_client[0m[2m:[0m 📨 Received pending transaction: 0xc9c0c9be875c5eee7f676000ed165a5863ba8daf9fdcda7acd960156e166fb4a
[2m2025-12-10T12:07:51.512369Z[0m [34mDEBUG[0m [2methereum_transaction_pool_monitor::eth_client[0m[2m:[0m 📨 Received WebSocket message: {"jsonrpc":"2.0","method":"eth_subscription","params":{"subscription":"0x47c11399886b6549da0ab4d02eced7c9","result":"0xbe8b3984abb3e27745d4d47fbcba1e7d779bf52ff09a852d4ef89cd3c9005ee4"}}
[2m2025-12-10T12:07:51.512385Z[0m [34mDEBUG[0m [2methereum_transaction_pool_monitor::eth_client[0m[2m:[0m 📨 Received pending transaction: 0xbe8b3984abb3e27745d4d47fbcba1e7d779bf52ff09a852d4ef89cd3c9005ee4
[2m2025-12-10T12:07:51.512397Z[0m [34mDEBUG[0m [2methereum_transaction_pool_monitor::eth_client[0m[2m:[0m 📨 Received WebSocket message: {"jsonrpc":"2.0","method":"eth_subscription","params":{"subscription":"0x47c11399886b6549da0ab4d02eced7c9","result":"0xf6f57ac03595032007725f19bde1c96c36d98e2508fc62281f7170040e29991d"}}
[2m2025-12-10T12:07:51.512412Z[0m [34mDEBUG[0m [2methereum_transaction_pool_monitor::eth_client[0m[2m:[0m 📨 Received pending transaction: 0xf6f57ac03595032007725f19bde1c96c36d98e2508fc62281f7170040e29991d
[2m2025-12-10T12:07:51.512426Z[0m [34mDEBUG[0m [2methereum_transaction_pool_monitor::eth_client[0m[2m:[0m 📨 Received WebSocket message: {"jsonrpc":"2.0","method":"eth_subscription","params":{"subscription":"0x47c11399886b6549da0ab4d02eced7c9","result":"0xd7f04e40382b5bd4b4ba0d4067de5866cbf41f3afb7f7f0eb9256e37d2a8b00c"}}
[2m2025-12-10T12:07:51.512441Z[0m [34mDEBUG[0m [2methereum_transaction_pool_monitor::eth_client[0m[2m:[0m 📨 Received pending transaction: 0xd7f04e40382b5bd4b4ba0d4067de5866cbf41f3afb7f7f0eb9256e37d2a8b00c
[2m2025-12-10T12:07:51.512477Z[0m [34mDEBUG[0m [2mhyper::proto::h1::io[0m[2m:[0m parsed 4 headers
[2m2025-12-10T12:07:51.512484Z[0m [34mDEBUG[0m [2mhyper::proto::h1::conn[0m[2m:[0m incoming body is content-length (45 bytes)
[2m2025-12-10T12:07:51.512495Z[0m [34mDEBUG[0m [2mhyper::proto::h1::conn[0m[2m:[0m incoming body completed
[2m2025-12-10T12:07:51.512511Z[0m [34mDEBUG[0m [2mhyper::client::pool[0m[2m:[0m pooling idle connection for ("http", 192.168.0.14:8545)
[2m2025-12-10T12:07:51.593005Z[0m [34mDEBUG[0m [2mhyper::client::pool[0m[2m:[0m reuse idle connection for ("http", 192.168.0.14:8545)
[2m2025-12-10T12:07:51.593114Z[0m [34mDEBUG[0m [2mhyper::proto::h1::io[0m[2m:[0m flushed 172 bytes
[2m2025-12-10T12:07:51.600385Z[0m [34mDEBUG[0m [2mhyper::proto::h1::io[0m[2m:[0m parsed 4 headers
[2m2025-12-10T12:07:51.600395Z[0m [34mDEBUG[0m [2mhyper::proto::h1::conn[0m[2m:[0m incoming body is content-length (45 bytes)
[2m2025-12-10T12:07:51.600422Z[0m [34mDEBUG[0m [2mhyper::proto::h1::conn[0m[2m:[0m incoming body completed
[2m2025-12-10T12:07:51.600449Z[0m [34mDEBUG[0m [2mhyper::client::pool[0m[2m:[0m pooling idle connection for ("http", 192.168.0.14:8545)
[2m2025-12-10T12:07:51.620113Z[0m [34mDEBUG[0m [2methereum_transaction_pool_monitor::eth_client[0m[2m:[0m 📨 Received WebSocket message: {"jsonrpc":"2.0","method":"eth_subscription","params":{"subscription":"0x47c11399886b6549da0ab4d02eced7c9","result":"0xe6371130279e29c550a87537b21955b2f2701bbd56b1628eb4d2cb90b635dea8"}}
[2m2025-12-10T12:07:51.620148Z[0m [34mDEBUG[0m [2methereum_transaction_pool_monitor::eth_client[0m[2m:[0m 📨 Received pending transaction: 0xe6371130279e29c550a87537b21955b2f2701bbd56b1628eb4d2cb90b635dea8
[2m2025-12-10T12:07:51.680370Z[0m [34mDEBUG[0m [2methereum_transaction_pool_monitor::eth_client[0m[2m:[0m ✅ Transaction 0xe55f6aaefe10393d0b11d93b7b2d51a8b81a267cfc29033c982d51e5f45f2c3c fetched and parsed in 186.519125ms
[2m2025-12-10T12:07:51.680416Z[0m [34mDEBUG[0m [2methereum_transaction_pool_monitor::mempool_monitor[0m[2m:[0m 🔍 Skipping tx 0xe55f6aaefe10393d0b11d93b7b2d51a8b81a267cfc29033c982d51e5f45f2c3c - not a DEX interaction (target: 0xA0b86991c6218b36c1d19D4a2e9Eb0cE3606eB48)
[2m2025-12-10T12:07:51.680475Z[0m [34mDEBUG[0m [2methereum_transaction_pool_monitor::mempool_monitor[0m[2m:[0m 📨 Processing new pending transaction: 0xea0e8c6e99fd9994d5a2875ac308d8bf8b61297a4a6a42602cad8bb6486dbc80
[2m2025-12-10T12:07:51.680485Z[0m [34mDEBUG[0m [2methereum_transaction_pool_monitor::mempool_monitor[0m[2m:[0m 🔍 Fetching transaction details for: 0xea0e8c6e99fd9994d5a2875ac308d8bf8b61297a4a6a42602cad8bb6486dbc80
[2m2025-12-10T12:07:51.680494Z[0m [34mDEBUG[0m [2methereum_transaction_pool_monitor::eth_client[0m[2m:[0m 🔍 Fetching transaction details for hash: 0xea0e8c6e99fd9994d5a2875ac308d8bf8b61297a4a6a42602cad8bb6486dbc80
[2m2025-12-10T12:07:51.680574Z[0m [34mDEBUG[0m [2mhyper::client::pool[0m[2m:[0m reuse idle connection for ("http", 192.168.0.14:8545)
[2m2025-12-10T12:07:51.680656Z[0m [34mDEBUG[0m [2mhyper::proto::h1::io[0m[2m:[0m flushed 250 bytes
[2m2025-12-10T12:07:51.685092Z[0m [34mDEBUG[0m [2mhyper::proto::h1::io[0m[2m:[0m parsed 4 headers
[2m2025-12-10T12:07:51.685102Z[0m [34mDEBUG[0m [2mhyper::proto::h1::conn[0m[2m:[0m incoming body is content-length (674 bytes)
[2m2025-12-10T12:07:51.685118Z[0m [34mDEBUG[0m [2mhyper::proto::h1::conn[0m[2m:[0m incoming body completed
[2m2025-12-10T12:07:51.685155Z[0m [34mDEBUG[0m [2mhyper::client::pool[0m[2m:[0m pooling idle connection for ("http", 192.168.0.14:8545)
[2m2025-12-10T12:07:51.685168Z[0m [34mDEBUG[0m [2methereum_transaction_pool_monitor::eth_client[0m[2m:[0m 📡 Transaction fetch RPC completed in 4.665292ms
[2m2025-12-10T12:07:51.856555Z[0m [34mDEBUG[0m [2methereum_transaction_pool_monitor::eth_client[0m[2m:[0m ✅ Transaction 0xea0e8c6e99fd9994d5a2875ac308d8bf8b61297a4a6a42602cad8bb6486dbc80 fetched and parsed in 176.044625ms
[2m2025-12-10T12:07:51.856604Z[0m [34mDEBUG[0m [2methereum_transaction_pool_monitor::mempool_monitor[0m[2m:[0m 🔍 Skipping tx 0xea0e8c6e99fd9994d5a2875ac308d8bf8b61297a4a6a42602cad8bb6486dbc80 - not a DEX interaction (target: 0x84EAac1B2dc3f84D92Ff84c3ec205B1FA74671fC)
[2m2025-12-10T12:07:51.856680Z[0m [34mDEBUG[0m [2methereum_transaction_pool_monitor::mempool_monitor[0m[2m:[0m 📨 Processing new pending transaction: 0xad43809cc91496eb2524794ca9e432aac73844de11a118a35fd32bb2a3f4fffc
[2m2025-12-10T12:07:51.856692Z[0m [34mDEBUG[0m [2methereum_transaction_pool_monitor::mempool_monitor[0m[2m:[0m 🔍 Fetching transaction details for: 0xad43809cc91496eb2524794ca9e432aac73844de11a118a35fd32bb2a3f4fffc
[2m2025-12-10T12:07:51.856702Z[0m [34mDEBUG[0m [2methereum_transaction_pool_monitor::eth_client[0m[2m:[0m 🔍 Fetching transaction details for hash: 0xad43809cc91496eb2524794ca9e432aac73844de11a118a35fd32bb2a3f4fffc
[2m2025-12-10T12:07:51.856799Z[0m [34mDEBUG[0m [2mhyper::client::pool[0m[2m:[0m reuse idle connection for ("http", 192.168.0.14:8545)
[2m2025-12-10T12:07:51.856897Z[0m [34mDEBUG[0m [2mhyper::proto::h1::io[0m[2m:[0m flushed 250 bytes
[2m2025-12-10T12:07:51.856968Z[0m [34mDEBUG[0m [2mhyper::client::pool[0m[2m:[0m reuse idle connection for ("http", 192.168.0.14:8545)
[2m2025-12-10T12:07:51.856979Z[0m [34mDEBUG[0m [2methereum_transaction_pool_monitor::eth_client[0m[2m:[0m 📨 Received WebSocket message: {"jsonrpc":"2.0","method":"eth_subscription","params":{"subscription":"0x47c11399886b6549da0ab4d02eced7c9","result":"0xc389bdcf1a36868a5c0cbe02bf1d72e8822294dc131850c338805911cf668fa4"}}
[2m2025-12-10T12:07:51.856999Z[0m [34mDEBUG[0m [2mhyper::proto::h1::io[0m[2m:[0m flushed 172 bytes
[2m2025-12-10T12:07:51.857003Z[0m [34mDEBUG[0m [2methereum_transaction_pool_monitor::eth_client[0m[2m:[0m 📨 Received pending transaction: 0xc389bdcf1a36868a5c0cbe02bf1d72e8822294dc131850c338805911cf668fa4
[2m2025-12-10T12:07:51.861284Z[0m [34mDEBUG[0m [2mhyper::proto::h1::io[0m[2m:[0m parsed 4 headers
[2m2025-12-10T12:07:51.861296Z[0m [34mDEBUG[0m [2mhyper::proto::h1::conn[0m[2m:[0m incoming body is content-length (45 bytes)
[2m2025-12-10T12:07:51.861313Z[0m [34mDEBUG[0m [2mhyper::proto::h1::conn[0m[2m:[0m incoming body completed
[2m2025-12-10T12:07:51.861341Z[0m [34mDEBUG[0m [2mhyper::client::pool[0m[2m:[0m pooling idle connection for ("http", 192.168.0.14:8545)
[2m2025-12-10T12:07:51.861410Z[0m [34mDEBUG[0m [2mhyper::client::pool[0m[2m:[0m reuse idle connection for ("http", 192.168.0.14:8545)
[2m2025-12-10T12:07:51.861450Z[0m [34mDEBUG[0m [2mhyper::proto::h1::io[0m[2m:[0m flushed 172 bytes
[2m2025-12-10T12:07:51.866130Z[0m [34mDEBUG[0m [2mhyper::proto::h1::io[0m[2m:[0m parsed 4 headers
[2m2025-12-10T12:07:51.866144Z[0m [34mDEBUG[0m [2mhyper::proto::h1::conn[0m[2m:[0m incoming body is content-length (768 bytes)
[2m2025-12-10T12:07:51.866158Z[0m [34mDEBUG[0m [2mhyper::proto::h1::conn[0m[2m:[0m incoming body completed
[2m2025-12-10T12:07:51.866182Z[0m [34mDEBUG[0m [2mhyper::client::pool[0m[2m:[0m pooling idle connection for ("http", 192.168.0.14:8545)
[2m2025-12-10T12:07:51.866195Z[0m [34mDEBUG[0m [2methereum_transaction_pool_monitor::eth_client[0m[2m:[0m 📡 Transaction fetch RPC completed in 9.4745ms
[2m2025-12-10T12:07:52.052194Z[0m [34mDEBUG[0m [2methereum_transaction_pool_monitor::eth_client[0m[2m:[0m ✅ Transaction 0xad43809cc91496eb2524794ca9e432aac73844de11a118a35fd32bb2a3f4fffc fetched and parsed in 195.46875ms
[2m2025-12-10T12:07:52.052263Z[0m [34mDEBUG[0m [2methereum_transaction_pool_monitor::mempool_monitor[0m[2m:[0m 🔍 Skipping tx 0xad43809cc91496eb2524794ca9e432aac73844de11a118a35fd32bb2a3f4fffc - not a DEX interaction (target: 0xA0b86991c6218b36c1d19D4a2e9Eb0cE3606eB48)
[2m2025-12-10T12:07:52.052326Z[0m [34mDEBUG[0m [2methereum_transaction_pool_monitor::mempool_monitor[0m[2m:[0m 📨 Processing new pending transaction: 0x8baa3126d6a31842295056410bd6b0b5a6885895b311edf8aa0459dd0f1dd4ab
[2m2025-12-10T12:07:52.052337Z[0m [34mDEBUG[0m [2methereum_transaction_pool_monitor::mempool_monitor[0m[2m:[0m 🔍 Fetching transaction details for: 0x8baa3126d6a31842295056410bd6b0b5a6885895b311edf8aa0459dd0f1dd4ab
[2m2025-12-10T12:07:52.052348Z[0m [34mDEBUG[0m [2methereum_transaction_pool_monitor::eth_client[0m[2m:[0m 🔍 Fetching transaction details for hash: 0x8baa3126d6a31842295056410bd6b0b5a6885895b311edf8aa0459dd0f1dd4ab
[2m2025-12-10T12:07:52.052437Z[0m [34mDEBUG[0m [2mhyper::client::pool[0m[2m:[0m reuse idle connection for ("http", 192.168.0.14:8545)
[2m2025-12-10T12:07:52.052537Z[0m [34mDEBUG[0m [2mhyper::proto::h1::io[0m[2m:[0m flushed 250 bytes
[2m2025-12-10T12:07:52.052588Z[0m [34mDEBUG[0m [2methereum_transaction_pool_monitor::eth_client[0m[2m:[0m 📨 Received WebSocket message: {"jsonrpc":"2.0","method":"eth_subscription","params":{"subscription":"0x47c11399886b6549da0ab4d02eced7c9","result":"0xe928182bfc2514ca94d510bab4fe8ff6c9e335047c0e672e65711b14e1f77c54"}}
[2m2025-12-10T12:07:52.052600Z[0m [34mDEBUG[0m [2mhyper::proto::h1::io[0m[2m:[0m parsed 4 headers
[2m2025-12-10T12:07:52.052611Z[0m [34mDEBUG[0m [2mhyper::proto::h1::conn[0m[2m:[0m incoming body is content-length (45 bytes)
[2m2025-12-10T12:07:52.052617Z[0m [34mDEBUG[0m [2methereum_transaction_pool_monitor::eth_client[0m[2m:[0m 📨 Received pending transaction: 0xe928182bfc2514ca94d510bab4fe8ff6c9e335047c0e672e65711b14e1f77c54
[2m2025-12-10T12:07:52.052624Z[0m [34mDEBUG[0m [2mhyper::proto::h1::conn[0m[2m:[0m incoming body completed
[2m2025-12-10T12:07:52.052648Z[0m [34mDEBUG[0m [2mhyper::client::pool[0m[2m:[0m pooling idle connection for ("http", 192.168.0.14:8545)
[2m2025-12-10T12:07:52.052702Z[0m [34mDEBUG[0m [2mhyper::client::pool[0m[2m:[0m reuse idle connection for ("http", 192.168.0.14:8545)
[2m2025-12-10T12:07:52.052739Z[0m [34mDEBUG[0m [2mhyper::proto::h1::io[0m[2m:[0m flushed 172 bytes
[2m2025-12-10T12:07:52.056876Z[0m [34mDEBUG[0m [2mhyper::proto::h1::io[0m[2m:[0m parsed 4 headers
[2m2025-12-10T12:07:52.056885Z[0m [34mDEBUG[0m [2mhyper::proto::h1::conn[0m[2m:[0m incoming body is content-length (45 bytes)
[2m2025-12-10T12:07:52.056897Z[0m [34mDEBUG[0m [2mhyper::proto::h1::conn[0m[2m:[0m incoming body completed
[2m2025-12-10T12:07:52.056918Z[0m [34mDEBUG[0m [2mhyper::client::pool[0m[2m:[0m pooling idle connection for ("http", 192.168.0.14:8545)
[2m2025-12-10T12:07:52.056962Z[0m [34mDEBUG[0m [2mhyper::client::pool[0m[2m:[0m reuse idle connection for ("http", 192.168.0.14:8545)
[2m2025-12-10T12:07:52.056997Z[0m [34mDEBUG[0m [2mhyper::proto::h1::io[0m[2m:[0m flushed 172 bytes
[2m2025-12-10T12:07:52.059357Z[0m [34mDEBUG[0m [2methereum_transaction_pool_monitor::eth_client[0m[2m:[0m 📨 Received WebSocket message: {"jsonrpc":"2.0","method":"eth_subscription","params":{"subscription":"0x47c11399886b6549da0ab4d02eced7c9","result":"0x00c8dcc999af9a9c0d6acfbf87176f23eda660da15f6e29f11435fb563240044"}}
[2m2025-12-10T12:07:52.059411Z[0m [34mDEBUG[0m [2methereum_transaction_pool_monitor::eth_client[0m[2m:[0m 📨 Received pending transaction: 0x00c8dcc999af9a9c0d6acfbf87176f23eda660da15f6e29f11435fb563240044
[2m2025-12-10T12:07:52.061135Z[0m [34mDEBUG[0m [2mhyper::proto::h1::io[0m[2m:[0m parsed 4 headers
[2m2025-12-10T12:07:52.061163Z[0m [34mDEBUG[0m [2mhyper::proto::h1::conn[0m[2m:[0m incoming body is content-length (45 bytes)
[2m2025-12-10T12:07:52.061191Z[0m [34mDEBUG[0m [2mhyper::proto::h1::conn[0m[2m:[0m incoming body completed
[2m2025-12-10T12:07:52.061205Z[0m [34mDEBUG[0m [2mhyper::client::pool[0m[2m:[0m pooling idle connection for ("http", 192.168.0.14:8545)
[2m2025-12-10T12:07:52.062110Z[0m [34mDEBUG[0m [2mhyper::proto::h1::io[0m[2m:[0m parsed 4 headers
[2m2025-12-10T12:07:52.062134Z[0m [34mDEBUG[0m [2mhyper::proto::h1::conn[0m[2m:[0m incoming body is content-length (768 bytes)
[2m2025-12-10T12:07:52.062154Z[0m [34mDEBUG[0m [2mhyper::proto::h1::conn[0m[2m:[0m incoming body completed
[2m2025-12-10T12:07:52.062168Z[0m [34mDEBUG[0m [2mhyper::client::pool[0m[2m:[0m pooling idle connection for ("http", 192.168.0.14:8545)
[2m2025-12-10T12:07:52.062177Z[0m [34mDEBUG[0m [2methereum_transaction_pool_monitor::eth_client[0m[2m:[0m 📡 Transaction fetch RPC completed in 9.820542ms
[2m2025-12-10T12:07:52.247242Z[0m [34mDEBUG[0m [2methereum_transaction_pool_monitor::eth_client[0m[2m:[0m ✅ Transaction 0x8baa3126d6a31842295056410bd6b0b5a6885895b311edf8aa0459dd0f1dd4ab fetched and parsed in 194.881084ms
[2m2025-12-10T12:07:52.247285Z[0m [34mDEBUG[0m [2methereum_transaction_pool_monitor::mempool_monitor[0m[2m:[0m 🔍 Skipping tx 0x8baa3126d6a31842295056410bd6b0b5a6885895b311edf8aa0459dd0f1dd4ab - not a DEX interaction (target: 0xA0b86991c6218b36c1d19D4a2e9Eb0cE3606eB48)
[2m2025-12-10T12:07:52.247713Z[0m [34mDEBUG[0m [2methereum_transaction_pool_monitor::mempool_monitor[0m[2m:[0m 📨 Processing new pending transaction: 0xee7301230ce07b372559a5abcb601c0797af9ee862b7cc6b88cb0f82221131c7
[2m2025-12-10T12:07:52.247725Z[0m [34mDEBUG[0m [2methereum_transaction_pool_monitor::mempool_monitor[0m[2m:[0m 🔍 Fetching transaction details for: 0xee7301230ce07b372559a5abcb601c0797af9ee862b7cc6b88cb0f82221131c7
[2m2025-12-10T12:07:52.247735Z[0m [34mDEBUG[0m [2methereum_transaction_pool_monitor::eth_client[0m[2m:[0m 🔍 Fetching transaction details for hash: 0xee7301230ce07b372559a5abcb601c0797af9ee862b7cc6b88cb0f82221131c7
[2m2025-12-10T12:07:52.247831Z[0m [34mDEBUG[0m [2mhyper::client::pool[0m[2m:[0m reuse idle connection for ("http", 192.168.0.14:8545)
[2m2025-12-10T12:07:52.247913Z[0m [34mDEBUG[0m [2mhyper::proto::h1::io[0m[2m:[0m flushed 250 bytes
[2m2025-12-10T12:07:52.247971Z[0m [34mDEBUG[0m [2mhyper::client::pool[0m[2m:[0m reuse idle connection for ("http", 192.168.0.14:8545)
[2m2025-12-10T12:07:52.247968Z[0m [34mDEBUG[0m [2methereum_transaction_pool_monitor::eth_client[0m[2m:[0m 📨 Received WebSocket message: {"jsonrpc":"2.0","method":"eth_subscription","params":{"subscription":"0x47c11399886b6549da0ab4d02eced7c9","result":"0x5bcad08b20c85c2283697d25b9ba16b03391d613f2f2624723b684c5282ed948"}}
[2m2025-12-10T12:07:52.247996Z[0m [34mDEBUG[0m [2methereum_transaction_pool_monitor::eth_client[0m[2m:[0m 📨 Received pending transaction: 0x5bcad08b20c85c2283697d25b9ba16b03391d613f2f2624723b684c5282ed948
[2m2025-12-10T12:07:52.248003Z[0m [34mDEBUG[0m [2mhyper::proto::h1::io[0m[2m:[0m flushed 172 bytes
[2m2025-12-10T12:07:52.248011Z[0m [34mDEBUG[0m [2methereum_transaction_pool_monitor::eth_client[0m[2m:[0m 📨 Received WebSocket message: {"jsonrpc":"2.0","method":"eth_subscription","params":{"subscription":"0x47c11399886b6549da0ab4d02eced7c9","result":"0xb84936ae0dd6b7a8b31bf403e1ac43b3f709ef0abda8adbdef545d76d7c29096"}}
[2m2025-12-10T12:07:52.248028Z[0m [34mDEBUG[0m [2methereum_transaction_pool_monitor::eth_client[0m[2m:[0m 📨 Received pending transaction: 0xb84936ae0dd6b7a8b31bf403e1ac43b3f709ef0abda8adbdef545d76d7c29096
[2m2025-12-10T12:07:52.252042Z[0m [34mDEBUG[0m [2mhyper::proto::h1::io[0m[2m:[0m parsed 4 headers
[2m2025-12-10T12:07:52.252050Z[0m [34mDEBUG[0m [2mhyper::proto::h1::conn[0m[2m:[0m incoming body is content-length (45 bytes)
[2m2025-12-10T12:07:52.252064Z[0m [34mDEBUG[0m [2mhyper::proto::h1::conn[0m[2m:[0m incoming body completed
[2m2025-12-10T12:07:52.252091Z[0m [34mDEBUG[0m [2mhyper::client::pool[0m[2m:[0m pooling idle connection for ("http", 192.168.0.14:8545)
[2m2025-12-10T12:07:52.252142Z[0m [34mDEBUG[0m [2mhyper::client::pool[0m[2m:[0m reuse idle connection for ("http", 192.168.0.14:8545)
[2m2025-12-10T12:07:52.252178Z[0m [34mDEBUG[0m [2mhyper::proto::h1::io[0m[2m:[0m flushed 172 bytes
[2m2025-12-10T12:07:52.252736Z[0m [34mDEBUG[0m [2mhyper::proto::h1::io[0m[2m:[0m parsed 4 headers
[2m2025-12-10T12:07:52.252746Z[0m [34mDEBUG[0m [2mhyper::proto::h1::conn[0m[2m:[0m incoming body is content-length (768 bytes)
[2m2025-12-10T12:07:52.252768Z[0m [34mDEBUG[0m [2mhyper::proto::h1::conn[0m[2m:[0m incoming body completed
[2m2025-12-10T12:07:52.252784Z[0m [34mDEBUG[0m [2mhyper::client::pool[0m[2m:[0m pooling idle connection for ("http", 192.168.0.14:8545)
[2m2025-12-10T12:07:52.252794Z[0m [34mDEBUG[0m [2methereum_transaction_pool_monitor::eth_client[0m[2m:[0m 📡 Transaction fetch RPC completed in 5.050125ms
[2m2025-12-10T12:07:52.436533Z[0m [34mDEBUG[0m [2methereum_transaction_pool_monitor::eth_client[0m[2m:[0m ✅ Transaction 0xee7301230ce07b372559a5abcb601c0797af9ee862b7cc6b88cb0f82221131c7 fetched and parsed in 188.786083ms
[2m2025-12-10T12:07:52.436576Z[0m [34mDEBUG[0m [2methereum_transaction_pool_monitor::mempool_monitor[0m[2m:[0m 🔍 Skipping tx 0xee7301230ce07b372559a5abcb601c0797af9ee862b7cc6b88cb0f82221131c7 - not a DEX interaction (target: 0xA0b86991c6218b36c1d19D4a2e9Eb0cE3606eB48)
[2m2025-12-10T12:07:52.436643Z[0m [34mDEBUG[0m [2methereum_transaction_pool_monitor::mempool_monitor[0m[2m:[0m 📨 Processing new pending transaction: 0xd043102367671e95877eb982f23bdb782d42f38f32e4e0075f65e8bc8fb0d064
[2m2025-12-10T12:07:52.436654Z[0m [34mDEBUG[0m [2methereum_transaction_pool_monitor::mempool_monitor[0m[2m:[0m 🔍 Fetching transaction details for: 0xd043102367671e95877eb982f23bdb782d42f38f32e4e0075f65e8bc8fb0d064
[2m2025-12-10T12:07:52.436663Z[0m [34mDEBUG[0m [2methereum_transaction_pool_monitor::eth_client[0m[2m:[0m 🔍 Fetching transaction details for hash: 0xd043102367671e95877eb982f23bdb782d42f38f32e4e0075f65e8bc8fb0d064
[2m2025-12-10T12:07:52.436738Z[0m [34mDEBUG[0m [2mhyper::client::pool[0m[2m:[0m reuse idle connection for ("http", 192.168.0.14:8545)
[2m2025-12-10T12:07:52.436819Z[0m [34mDEBUG[0m [2mhyper::proto::h1::io[0m[2m:[0m flushed 250 bytes
[2m2025-12-10T12:07:52.436863Z[0m [34mDEBUG[0m [2methereum_transaction_pool_monitor::eth_client[0m[2m:[0m 📨 Received WebSocket message: {"jsonrpc":"2.0","method":"eth_subscription","params":{"subscription":"0x47c11399886b6549da0ab4d02eced7c9","result":"0xe6b9263f7605187b9c7a2a37a6c5d8189d4e254ebcbaf2ba62b135428f1aad1d"}}
[2m2025-12-10T12:07:52.436885Z[0m [34mDEBUG[0m [2methereum_transaction_pool_monitor::eth_client[0m[2m:[0m 📨 Received pending transaction: 0xe6b9263f7605187b9c7a2a37a6c5d8189d4e254ebcbaf2ba62b135428f1aad1d
[2m2025-12-10T12:07:52.436886Z[0m [34mDEBUG[0m [2mhyper::proto::h1::io[0m[2m:[0m parsed 4 headers
[2m2025-12-10T12:07:52.436899Z[0m [34mDEBUG[0m [2mhyper::proto::h1::conn[0m[2m:[0m incoming body is content-length (45 bytes)
[2m2025-12-10T12:07:52.436897Z[0m [34mDEBUG[0m [2methereum_transaction_pool_monitor::eth_client[0m[2m:[0m 📨 Received WebSocket message: {"jsonrpc":"2.0","method":"eth_subscription","params":{"subscription":"0x47c11399886b6549da0ab4d02eced7c9","result":"0xc4ad0aace8cf6c144ac91975871958956f1a18d5e7732a4b8d845c39bfc26bf2"}}
[2m2025-12-10T12:07:52.436918Z[0m [34mDEBUG[0m [2mhyper::proto::h1::conn[0m[2m:[0m incoming body completed
[2m2025-12-10T12:07:52.436920Z[0m [34mDEBUG[0m [2methereum_transaction_pool_monitor::eth_client[0m[2m:[0m 📨 Received pending transaction: 0xc4ad0aace8cf6c144ac91975871958956f1a18d5e7732a4b8d845c39bfc26bf2
[2m2025-12-10T12:07:52.436949Z[0m [34mDEBUG[0m [2mhyper::client::pool[0m[2m:[0m pooling idle connection for ("http", 192.168.0.14:8545)
[2m2025-12-10T12:07:52.437019Z[0m [34mDEBUG[0m [2mhyper::client::pool[0m[2m:[0m reuse idle connection for ("http", 192.168.0.14:8545)
[2m2025-12-10T12:07:52.437066Z[0m [34mDEBUG[0m [2mhyper::proto::h1::io[0m[2m:[0m flushed 172 bytes
[2m2025-12-10T12:07:52.459783Z[0m [34mDEBUG[0m [2mhyper::proto::h1::io[0m[2m:[0m parsed 4 headers
[2m2025-12-10T12:07:52.459796Z[0m [34mDEBUG[0m [2mhyper::proto::h1::conn[0m[2m:[0m incoming body is content-length (45 bytes)
[2m2025-12-10T12:07:52.459811Z[0m [34mDEBUG[0m [2mhyper::proto::h1::conn[0m[2m:[0m incoming body completed
[2m2025-12-10T12:07:52.459836Z[0m [34mDEBUG[0m [2mhyper::client::pool[0m[2m:[0m pooling idle connection for ("http", 192.168.0.14:8545)
[2m2025-12-10T12:07:52.459909Z[0m [34mDEBUG[0m [2mhyper::client::pool[0m[2m:[0m reuse idle connection for ("http", 192.168.0.14:8545)
[2m2025-12-10T12:07:52.459957Z[0m [34mDEBUG[0m [2mhyper::proto::h1::io[0m[2m:[0m flushed 172 bytes
[2m2025-12-10T12:07:52.461112Z[0m [34mDEBUG[0m [2mhyper::proto::h1::io[0m[2m:[0m parsed 4 headers
[2m2025-12-10T12:07:52.461131Z[0m [34mDEBUG[0m [2mhyper::proto::h1::conn[0m[2m:[0m incoming body is content-length (766 bytes)
[2m2025-12-10T12:07:52.461141Z[0m [34mDEBUG[0m [2mhyper::proto::h1::conn[0m[2m:[0m incoming body completed
[2m2025-12-10T12:07:52.461169Z[0m [34mDEBUG[0m [2mhyper::client::pool[0m[2m:[0m pooling idle connection for ("http", 192.168.0.14:8545)
[2m2025-12-10T12:07:52.461178Z[0m [34mDEBUG[0m [2methereum_transaction_pool_monitor::eth_client[0m[2m:[0m 📡 Transaction fetch RPC completed in 24.506584ms
[2m2025-12-10T12:07:52.645066Z[0m [34mDEBUG[0m [2methereum_transaction_pool_monitor::eth_client[0m[2m:[0m ✅ Transaction 0xd043102367671e95877eb982f23bdb782d42f38f32e4e0075f65e8bc8fb0d064 fetched and parsed in 208.390459ms
[2m2025-12-10T12:07:52.645106Z[0m [34mDEBUG[0m [2methereum_transaction_pool_monitor::mempool_monitor[0m[2m:[0m 🔍 Skipping tx 0xd043102367671e95877eb982f23bdb782d42f38f32e4e0075f65e8bc8fb0d064 - not a DEX interaction (target: 0xA0b86991c6218b36c1d19D4a2e9Eb0cE3606eB48)
[2m2025-12-10T12:07:52.645161Z[0m [34mDEBUG[0m [2methereum_transaction_pool_monitor::mempool_monitor[0m[2m:[0m 📨 Processing new pending transaction: 0xbe2b2a327b0278031c0d867035ed207aee0311ba7f03766c626996546b9f5949
[2m2025-12-10T12:07:52.645171Z[0m [34mDEBUG[0m [2methereum_transaction_pool_monitor::mempool_monitor[0m[2m:[0m 🔍 Fetching transaction details for: 0xbe2b2a327b0278031c0d867035ed207aee0311ba7f03766c626996546b9f5949
[2m2025-12-10T12:07:52.645180Z[0m [34mDEBUG[0m [2methereum_transaction_pool_monitor::eth_client[0m[2m:[0m 🔍 Fetching transaction details for hash: 0xbe2b2a327b0278031c0d867035ed207aee0311ba7f03766c626996546b9f5949
[2m2025-12-10T12:07:52.645251Z[0m [34mDEBUG[0m [2mhyper::client::pool[0m[2m:[0m reuse idle connection for ("http", 192.168.0.14:8545)
[2m2025-12-10T12:07:52.645329Z[0m [34mDEBUG[0m [2mhyper::proto::h1::io[0m[2m:[0m flushed 250 bytes
[2m2025-12-10T12:07:52.645372Z[0m [34mDEBUG[0m [2methereum_transaction_pool_monitor::eth_client[0m[2m:[0m 📨 Received WebSocket message: {"jsonrpc":"2.0","method":"eth_subscription","params":{"subscription":"0x47c11399886b6549da0ab4d02eced7c9","result":"0x99e95b5b7228b4f0d96b0a3b06f96ca012bb326201a8fc37d3afeaafddc5f89b"}}
[2m2025-12-10T12:07:52.645393Z[0m [34mDEBUG[0m [2methereum_transaction_pool_monitor::eth_client[0m[2m:[0m 📨 Received pending transaction: 0x99e95b5b7228b4f0d96b0a3b06f96ca012bb326201a8fc37d3afeaafddc5f89b
[2m2025-12-10T12:07:52.645395Z[0m [34mDEBUG[0m [2mhyper::proto::h1::io[0m[2m:[0m parsed 4 headers
[2m2025-12-10T12:07:52.645406Z[0m [34mDEBUG[0m [2methereum_transaction_pool_monitor::eth_client[0m[2m:[0m 📨 Received WebSocket message: {"jsonrpc":"2.0","method":"eth_subscription","params":{"subscription":"0x47c11399886b6549da0ab4d02eced7c9","result":"0x838275b99a2a776ea01bdbe2934f4c0db6316157e7bf16b0ff37aba4dd643489"}}
[2m2025-12-10T12:07:52.645409Z[0m [34mDEBUG[0m [2mhyper::proto::h1::conn[0m[2m:[0m incoming body is content-length (45 bytes)
[2m2025-12-10T12:07:52.645424Z[0m [34mDEBUG[0m [2methereum_transaction_pool_monitor::eth_client[0m[2m:[0m 📨 Received pending transaction: 0x838275b99a2a776ea01bdbe2934f4c0db6316157e7bf16b0ff37aba4dd643489
[2m2025-12-10T12:07:52.645431Z[0m [34mDEBUG[0m [2mhyper::proto::h1::conn[0m[2m:[0m incoming body completed
[2m2025-12-10T12:07:52.645461Z[0m [34mDEBUG[0m [2mhyper::client::pool[0m[2m:[0m pooling idle connection for ("http", 192.168.0.14:8545)
[2m2025-12-10T12:07:52.645524Z[0m [34mDEBUG[0m [2mhyper::client::pool[0m[2m:[0m reuse idle connection for ("http", 192.168.0.14:8545)
[2m2025-12-10T12:07:52.645570Z[0m [34mDEBUG[0m [2mhyper::proto::h1::io[0m[2m:[0m flushed 172 bytes
[2m2025-12-10T12:07:52.651625Z[0m [34mDEBUG[0m [2mhyper::proto::h1::io[0m[2m:[0m parsed 4 headers
[2m2025-12-10T12:07:52.651633Z[0m [34mDEBUG[0m [2mhyper::proto::h1::conn[0m[2m:[0m incoming body is content-length (45 bytes)
[2m2025-12-10T12:07:52.651655Z[0m [34mDEBUG[0m [2mhyper::proto::h1::conn[0m[2m:[0m incoming body completed
[2m2025-12-10T12:07:52.651669Z[0m [34mDEBUG[0m [2mhyper::client::pool[0m[2m:[0m pooling idle connection for ("http", 192.168.0.14:8545)
[2m2025-12-10T12:07:52.651707Z[0m [34mDEBUG[0m [2mhyper::client::pool[0m[2m:[0m reuse idle connection for ("http", 192.168.0.14:8545)
[2m2025-12-10T12:07:52.651738Z[0m [34mDEBUG[0m [2mhyper::proto::h1::io[0m[2m:[0m flushed 172 bytes
[2m2025-12-10T12:07:52.654159Z[0m [34mDEBUG[0m [2mhyper::proto::h1::io[0m[2m:[0m parsed 4 headers
[2m2025-12-10T12:07:52.654181Z[0m [34mDEBUG[0m [2mhyper::proto::h1::conn[0m[2m:[0m incoming body is content-length (766 bytes)
[2m2025-12-10T12:07:52.654189Z[0m [34mDEBUG[0m [2mhyper::proto::h1::conn[0m[2m:[0m incoming body completed
[2m2025-12-10T12:07:52.654207Z[0m [34mDEBUG[0m [2mhyper::client::pool[0m[2m:[0m pooling idle connection for ("http", 192.168.0.14:8545)
[2m2025-12-10T12:07:52.654216Z[0m [34mDEBUG[0m [2methereum_transaction_pool_monitor::eth_client[0m[2m:[0m 📡 Transaction fetch RPC completed in 9.026625ms
[2m2025-12-10T12:07:52.654270Z[0m [34mDEBUG[0m [2methereum_transaction_pool_monitor::eth_client[0m[2m:[0m DeFi transaction detected - Address: 0xdac17f958d2ee523a2206206994597c13d831ec7, Type: Stablecoin, Value: 0 ETH, Gas: 0.17 Gwei
[2m2025-12-10T12:07:52.654348Z[0m [34mDEBUG[0m [2methereum_transaction_pool_monitor::eth_client[0m[2m:[0m ✅ Transaction 0xbe2b2a327b0278031c0d867035ed207aee0311ba7f03766c626996546b9f5949 fetched and parsed in 9.159542ms
[2m2025-12-10T12:07:52.654363Z[0m [34mDEBUG[0m [2methereum_transaction_pool_monitor::mempool_monitor[0m[2m:[0m 🔍 Skipping tx 0xbe2b2a327b0278031c0d867035ed207aee0311ba7f03766c626996546b9f5949 - not a DEX interaction (target: 0xdAC17F958D2ee523a2206206994597C13D831ec7)
[2m2025-12-10T12:07:52.654404Z[0m [34mDEBUG[0m [2methereum_transaction_pool_monitor::mempool_monitor[0m[2m:[0m 📨 Processing new pending transaction: 0xee51d73c34869c85ffe9fba049ecf2167ca09d13be9c344b207f1daf7545806d
[2m2025-12-10T12:07:52.654412Z[0m [34mDEBUG[0m [2methereum_transaction_pool_monitor::mempool_monitor[0m[2m:[0m 🔍 Fetching transaction details for: 0xee51d73c34869c85ffe9fba049ecf2167ca09d13be9c344b207f1daf7545806d
[2m2025-12-10T12:07:52.654419Z[0m [34mDEBUG[0m [2methereum_transaction_pool_monitor::eth_client[0m[2m:[0m 🔍 Fetching transaction details for hash: 0xee51d73c34869c85ffe9fba049ecf2167ca09d13be9c344b207f1daf7545806d
[2m2025-12-10T12:07:52.654444Z[0m [34mDEBUG[0m [2mhyper::client::pool[0m[2m:[0m reuse idle connection for ("http", 192.168.0.14:8545)
[2m2025-12-10T12:07:52.654467Z[0m [34mDEBUG[0m [2mhyper::proto::h1::io[0m[2m:[0m flushed 250 bytes
[2m2025-12-10T12:07:52.656841Z[0m [34mDEBUG[0m [2mhyper::proto::h1::io[0m[2m:[0m parsed 4 headers
[2m2025-12-10T12:07:52.656869Z[0m [34mDEBUG[0m [2mhyper::proto::h1::conn[0m[2m:[0m incoming body is content-length (45 bytes)
[2m2025-12-10T12:07:52.656877Z[0m [34mDEBUG[0m [2mhyper::proto::h1::conn[0m[2m:[0m incoming body completed
[2m2025-12-10T12:07:52.656894Z[0m [34mDEBUG[0m [2mhyper::client::pool[0m[2m:[0m pooling idle connection for ("http", 192.168.0.14:8545)
[2m2025-12-10T12:07:52.660541Z[0m [34mDEBUG[0m [2mhyper::proto::h1::io[0m[2m:[0m parsed 4 headers
[2m2025-12-10T12:07:52.660562Z[0m [34mDEBUG[0m [2mhyper::proto::h1::conn[0m[2m:[0m incoming body is content-length (766 bytes)
[2m2025-12-10T12:07:52.660573Z[0m [34mDEBUG[0m [2mhyper::proto::h1::conn[0m[2m:[0m incoming body completed
[2m2025-12-10T12:07:52.660594Z[0m [34mDEBUG[0m [2mhyper::client::pool[0m[2m:[0m pooling idle connection for ("http", 192.168.0.14:8545)
[2m2025-12-10T12:07:52.660603Z[0m [34mDEBUG[0m [2methereum_transaction_pool_monitor::eth_client[0m[2m:[0m 📡 Transaction fetch RPC completed in 6.176167ms
[2m2025-12-10T12:07:52.846586Z[0m [34mDEBUG[0m [2methereum_transaction_pool_monitor::eth_client[0m[2m:[0m ✅ Transaction 0xee51d73c34869c85ffe9fba049ecf2167ca09d13be9c344b207f1daf7545806d fetched and parsed in 192.154625ms
[2m2025-12-10T12:07:52.846635Z[0m [34mDEBUG[0m [2methereum_transaction_pool_monitor::mempool_monitor[0m[2m:[0m 🔍 Skipping tx 0xee51d73c34869c85ffe9fba049ecf2167ca09d13be9c344b207f1daf7545806d - not a DEX interaction (target: 0x4c9EDD5852cd905f086C759E8383e09bff1E68B3)
[2m2025-12-10T12:07:52.846706Z[0m [34mDEBUG[0m [2methereum_transaction_pool_monitor::mempool_monitor[0m[2m:[0m 📨 Processing new pending transaction: 0xb070e0df94c9e528d1930e0b7467ed144ecd7e53bee83799614757333bcbecac
[2m2025-12-10T12:07:52.846717Z[0m [34mDEBUG[0m [2methereum_transaction_pool_monitor::mempool_monitor[0m[2m:[0m 🔍 Fetching transaction details for: 0xb070e0df94c9e528d1930e0b7467ed144ecd7e53bee83799614757333bcbecac
[2m2025-12-10T12:07:52.846726Z[0m [34mDEBUG[0m [2methereum_transaction_pool_monitor::eth_client[0m[2m:[0m 🔍 Fetching transaction details for hash: 0xb070e0df94c9e528d1930e0b7467ed144ecd7e53bee83799614757333bcbecac
[2m2025-12-10T12:07:52.846807Z[0m [34mDEBUG[0m [2mhyper::client::pool[0m[2m:[0m reuse idle connection for ("http", 192.168.0.14:8545)
[2m2025-12-10T12:07:52.846899Z[0m [34mDEBUG[0m [2mhyper::proto::h1::io[0m[2m:[0m flushed 250 bytes
[2m2025-12-10T12:07:52.846971Z[0m [34mDEBUG[0m [2mhyper::client::pool[0m[2m:[0m reuse idle connection for ("http", 192.168.0.14:8545)
[2m2025-12-10T12:07:52.847013Z[0m [34mDEBUG[0m [2mhyper::proto::h1::io[0m[2m:[0m flushed 172 bytes
[2m2025-12-10T12:07:52.851781Z[0m [34mDEBUG[0m [2mhyper::proto::h1::io[0m[2m:[0m parsed 4 headers
[2m2025-12-10T12:07:52.851790Z[0m [34mDEBUG[0m [2mhyper::proto::h1::conn[0m[2m:[0m incoming body is content-length (45 bytes)
[2m2025-12-10T12:07:52.851805Z[0m [34mDEBUG[0m [2mhyper::proto::h1::conn[0m[2m:[0m incoming body completed
[2m2025-12-10T12:07:52.851829Z[0m [34mDEBUG[0m [2mhyper::client::pool[0m[2m:[0m pooling idle connection for ("http", 192.168.0.14:8545)
[2m2025-12-10T12:07:52.851891Z[0m [34mDEBUG[0m [2mhyper::client::pool[0m[2m:[0m reuse idle connection for ("http", 192.168.0.14:8545)
[2m2025-12-10T12:07:52.851942Z[0m [34mDEBUG[0m [2mhyper::proto::h1::io[0m[2m:[0m flushed 172 bytes
[2m2025-12-10T12:07:52.870347Z[0m [34mDEBUG[0m [2mhyper::proto::h1::io[0m[2m:[0m parsed 4 headers
[2m2025-12-10T12:07:52.870355Z[0m [34mDEBUG[0m [2mhyper::proto::h1::conn[0m[2m:[0m incoming body is content-length (766 bytes)
[2m2025-12-10T12:07:52.870366Z[0m [34mDEBUG[0m [2mhyper::proto::h1::conn[0m[2m:[0m incoming body completed
[2m2025-12-10T12:07:52.870388Z[0m [34mDEBUG[0m [2mhyper::client::pool[0m[2m:[0m pooling idle connection for ("http", 192.168.0.14:8545)
[2m2025-12-10T12:07:52.870400Z[0m [34mDEBUG[0m [2methereum_transaction_pool_monitor::eth_client[0m[2m:[0m 📡 Transaction fetch RPC completed in 23.664917ms
[2m2025-12-10T12:07:53.054942Z[0m [34mDEBUG[0m [2methereum_transaction_pool_monitor::eth_client[0m[2m:[0m ✅ Transaction 0xb070e0df94c9e528d1930e0b7467ed144ecd7e53bee83799614757333bcbecac fetched and parsed in 208.204333ms
[2m2025-12-10T12:07:53.054986Z[0m [34mDEBUG[0m [2methereum_transaction_pool_monitor::mempool_monitor[0m[2m:[0m 🔍 Skipping tx 0xb070e0df94c9e528d1930e0b7467ed144ecd7e53bee83799614757333bcbecac - not a DEX interaction (target: 0xA0b86991c6218b36c1d19D4a2e9Eb0cE3606eB48)
[2m2025-12-10T12:07:53.055051Z[0m [34mDEBUG[0m [2methereum_transaction_pool_monitor::mempool_monitor[0m[2m:[0m 📨 Processing new pending transaction: 0xe280ae4f30bd8d2d6aa60d705cb6c0ad05c5d5a6bafa4d6163c8d1798af5b793
[2m2025-12-10T12:07:53.055062Z[0m [34mDEBUG[0m [2methereum_transaction_pool_monitor::mempool_monitor[0m[2m:[0m 🔍 Fetching transaction details for: 0xe280ae4f30bd8d2d6aa60d705cb6c0ad05c5d5a6bafa4d6163c8d1798af5b793
[2m2025-12-10T12:07:53.055071Z[0m [34mDEBUG[0m [2methereum_transaction_pool_monitor::eth_client[0m[2m:[0m 🔍 Fetching transaction details for hash: 0xe280ae4f30bd8d2d6aa60d705cb6c0ad05c5d5a6bafa4d6163c8d1798af5b793
[2m2025-12-10T12:07:53.055143Z[0m [34mDEBUG[0m [2mhyper::client::pool[0m[2m:[0m reuse idle connection for ("http", 192.168.0.14:8545)
[2m2025-12-10T12:07:53.055225Z[0m [34mDEBUG[0m [2mhyper::proto::h1::io[0m[2m:[0m flushed 250 bytes
[2m2025-12-10T12:07:53.055273Z[0m [34mDEBUG[0m [2mhyper::proto::h1::io[0m[2m:[0m parsed 4 headers
[2m2025-12-10T12:07:53.055281Z[0m [34mDEBUG[0m [2mhyper::proto::h1::conn[0m[2m:[0m incoming body is content-length (45 bytes)
[2m2025-12-10T12:07:53.055282Z[0m [34mDEBUG[0m [2methereum_transaction_pool_monitor::eth_client[0m[2m:[0m 📨 Received WebSocket message: {"jsonrpc":"2.0","method":"eth_subscription","params":{"subscription":"0x47c11399886b6549da0ab4d02eced7c9","result":"0x319240681453f3ee24774921b843b1c405726b96d429c7f9b5aee0bd7d50aebe"}}
[2m2025-12-10T12:07:53.055295Z[0m [34mDEBUG[0m [2mhyper::proto::h1::conn[0m[2m:[0m incoming body completed
[2m2025-12-10T12:07:53.055311Z[0m [34mDEBUG[0m [2methereum_transaction_pool_monitor::eth_client[0m[2m:[0m 📨 Received pending transaction: 0x319240681453f3ee24774921b843b1c405726b96d429c7f9b5aee0bd7d50aebe
[2m2025-12-10T12:07:53.055323Z[0m [34mDEBUG[0m [2mhyper::client::pool[0m[2m:[0m pooling idle connection for ("http", 192.168.0.14:8545)
[2m2025-12-10T12:07:53.055326Z[0m [34mDEBUG[0m [2methereum_transaction_pool_monitor::eth_client[0m[2m:[0m 📨 Received WebSocket message: {"jsonrpc":"2.0","method":"eth_subscription","params":{"subscription":"0x47c11399886b6549da0ab4d02eced7c9","result":"0x86a419ba38bac158c606f60a01ffd7858b990d66ffd7b770b540d78eaa2d70a1"}}
[2m2025-12-10T12:07:53.055344Z[0m [34mDEBUG[0m [2methereum_transaction_pool_monitor::eth_client[0m[2m:[0m 📨 Received pending transaction: 0x86a419ba38bac158c606f60a01ffd7858b990d66ffd7b770b540d78eaa2d70a1
[2m2025-12-10T12:07:53.055356Z[0m [34mDEBUG[0m [2methereum_transaction_pool_monitor::eth_client[0m[2m:[0m 📨 Received WebSocket message: {"jsonrpc":"2.0","method":"eth_subscription","params":{"subscription":"0x47c11399886b6549da0ab4d02eced7c9","result":"0x123f173968373b26041ad8604cd2703b7a9c94fae9dcf6f073988e1ba03d298d"}}
[2m2025-12-10T12:07:53.055373Z[0m [34mDEBUG[0m [2mhyper::client::pool[0m[2m:[0m reuse idle connection for ("http", 192.168.0.14:8545)
[2m2025-12-10T12:07:53.055373Z[0m [34mDEBUG[0m [2methereum_transaction_pool_monitor::eth_client[0m[2m:[0m 📨 Received pending transaction: 0x123f173968373b26041ad8604cd2703b7a9c94fae9dcf6f073988e1ba03d298d
[2m2025-12-10T12:07:53.055410Z[0m [34mDEBUG[0m [2mhyper::proto::h1::io[0m[2m:[0m flushed 172 bytes
[2m2025-12-10T12:07:53.057318Z[0m [34mDEBUG[0m [2methereum_transaction_pool_monitor::eth_client[0m[2m:[0m 📨 Received WebSocket message: {"jsonrpc":"2.0","method":"eth_subscription","params":{"subscription":"0x47c11399886b6549da0ab4d02eced7c9","result":"0xa9efb707b1ccca8c3ec9ae4a6ff7f91904bed6f5b3141aa15bede93f00f1b934"}}
[2m2025-12-10T12:07:53.057336Z[0m [34mDEBUG[0m [2methereum_transaction_pool_monitor::eth_client[0m[2m:[0m 📨 Received pending transaction: 0xa9efb707b1ccca8c3ec9ae4a6ff7f91904bed6f5b3141aa15bede93f00f1b934
[2m2025-12-10T12:07:53.068360Z[0m [34mDEBUG[0m [2mhyper::proto::h1::io[0m[2m:[0m parsed 4 headers
[2m2025-12-10T12:07:53.068382Z[0m [34mDEBUG[0m [2mhyper::proto::h1::conn[0m[2m:[0m incoming body is content-length (45 bytes)
[2m2025-12-10T12:07:53.068395Z[0m [34mDEBUG[0m [2mhyper::proto::h1::conn[0m[2m:[0m incoming body completed
[2m2025-12-10T12:07:53.068416Z[0m [34mDEBUG[0m [2mhyper::client::pool[0m[2m:[0m pooling idle connection for ("http", 192.168.0.14:8545)
[2m2025-12-10T12:07:53.068480Z[0m [34mDEBUG[0m [2mhyper::client::pool[0m[2m:[0m reuse idle connection for ("http", 192.168.0.14:8545)
[2m2025-12-10T12:07:53.068527Z[0m [34mDEBUG[0m [2mhyper::proto::h1::io[0m[2m:[0m flushed 172 bytes
[2m2025-12-10T12:07:53.068528Z[0m [34mDEBUG[0m [2mhyper::proto::h1::io[0m[2m:[0m parsed 4 headers
[2m2025-12-10T12:07:53.068543Z[0m [34mDEBUG[0m [2mhyper::proto::h1::conn[0m[2m:[0m incoming body is content-length (766 bytes)
[2m2025-12-10T12:07:53.068554Z[0m [34mDEBUG[0m [2mhyper::proto::h1::conn[0m[2m:[0m incoming body completed
[2m2025-12-10T12:07:53.068569Z[0m [34mDEBUG[0m [2mhyper::client::pool[0m[2m:[0m pooling idle connection for ("http", 192.168.0.14:8545)
[2m2025-12-10T12:07:53.068578Z[0m [34mDEBUG[0m [2methereum_transaction_pool_monitor::eth_client[0m[2m:[0m 📡 Transaction fetch RPC completed in 13.498875ms
[2m2025-12-10T12:07:53.072773Z[0m [34mDEBUG[0m [2mhyper::proto::h1::io[0m[2m:[0m parsed 4 headers
[2m2025-12-10T12:07:53.072780Z[0m [34mDEBUG[0m [2mhyper::proto::h1::conn[0m[2m:[0m incoming body is content-length (45 bytes)
[2m2025-12-10T12:07:53.072789Z[0m [34mDEBUG[0m [2mhyper::proto::h1::conn[0m[2m:[0m incoming body completed
[2m2025-12-10T12:07:53.072804Z[0m [34mDEBUG[0m [2mhyper::client::pool[0m[2m:[0m pooling idle connection for ("http", 192.168.0.14:8545)
[2m2025-12-10T12:07:53.092910Z[0m [34mDEBUG[0m [2mhyper::client::pool[0m[2m:[0m reuse idle connection for ("http", 192.168.0.14:8545)
[2m2025-12-10T12:07:53.092995Z[0m [34mDEBUG[0m [2mhyper::proto::h1::io[0m[2m:[0m flushed 172 bytes
[2m2025-12-10T12:07:53.102656Z[0m [34mDEBUG[0m [2mhyper::proto::h1::io[0m[2m:[0m parsed 4 headers
[2m2025-12-10T12:07:53.102666Z[0m [34mDEBUG[0m [2mhyper::proto::h1::conn[0m[2m:[0m incoming body is content-length (45 bytes)
[2m2025-12-10T12:07:53.102681Z[0m [34mDEBUG[0m [2mhyper::proto::h1::conn[0m[2m:[0m incoming body completed
[2m2025-12-10T12:07:53.102705Z[0m [34mDEBUG[0m [2mhyper::client::pool[0m[2m:[0m pooling idle connection for ("http", 192.168.0.14:8545)
[2m2025-12-10T12:07:53.134940Z[0m [34mDEBUG[0m [2methereum_transaction_pool_monitor::eth_client[0m[2m:[0m 📨 Received WebSocket message: {"jsonrpc":"2.0","method":"eth_subscription","params":{"subscription":"0x47c11399886b6549da0ab4d02eced7c9","result":"0x850b689293957808ffbe3af03b735c9769673fd403078934ddea7157dcfa94be"}}
[2m2025-12-10T12:07:53.134985Z[0m [34mDEBUG[0m [2methereum_transaction_pool_monitor::eth_client[0m[2m:[0m 📨 Received pending transaction: 0x850b689293957808ffbe3af03b735c9769673fd403078934ddea7157dcfa94be
[2m2025-12-10T12:07:53.147590Z[0m [34mDEBUG[0m [2methereum_transaction_pool_monitor::eth_client[0m[2m:[0m 📨 Received WebSocket message: {"jsonrpc":"2.0","method":"eth_subscription","params":{"subscription":"0x47c11399886b6549da0ab4d02eced7c9","result":"0x0c42625a56dcd778835e192fe83984b407f382717599dec51245259f62e52ac4"}}
[2m2025-12-10T12:07:53.147619Z[0m [34mDEBUG[0m [2methereum_transaction_pool_monitor::eth_client[0m[2m:[0m 📨 Received pending transaction: 0x0c42625a56dcd778835e192fe83984b407f382717599dec51245259f62e52ac4
[2m2025-12-10T12:07:53.181642Z[0m [34mDEBUG[0m [2methereum_transaction_pool_monitor::eth_client[0m[2m:[0m 📨 Received WebSocket message: {"jsonrpc":"2.0","method":"eth_subscription","params":{"subscription":"0x47c11399886b6549da0ab4d02eced7c9","result":"0xcca16140708a6b1cdc41d284be1bf7bb4e9e958709aea029f507e06d1635515f"}}
[2m2025-12-10T12:07:53.181687Z[0m [34mDEBUG[0m [2methereum_transaction_pool_monitor::eth_client[0m[2m:[0m 📨 Received pending transaction: 0xcca16140708a6b1cdc41d284be1bf7bb4e9e958709aea029f507e06d1635515f
[2m2025-12-10T12:07:53.193057Z[0m [34mDEBUG[0m [2mhyper::client::pool[0m[2m:[0m reuse idle connection for ("http", 192.168.0.14:8545)
[2m2025-12-10T12:07:53.193148Z[0m [34mDEBUG[0m [2mhyper::proto::h1::io[0m[2m:[0m flushed 172 bytes
[2m2025-12-10T12:07:53.197271Z[0m [34mDEBUG[0m [2mhyper::proto::h1::io[0m[2m:[0m parsed 4 headers
[2m2025-12-10T12:07:53.197280Z[0m [34mDEBUG[0m [2mhyper::proto::h1::conn[0m[2m:[0m incoming body is content-length (45 bytes)
[2m2025-12-10T12:07:53.197296Z[0m [34mDEBUG[0m [2mhyper::proto::h1::conn[0m[2m:[0m incoming body completed
[2m2025-12-10T12:07:53.197324Z[0m [34mDEBUG[0m [2mhyper::client::pool[0m[2m:[0m pooling idle connection for ("http", 192.168.0.14:8545)
[2m2025-12-10T12:07:53.243111Z[0m [34mDEBUG[0m [2methereum_transaction_pool_monitor::eth_client[0m[2m:[0m ✅ Transaction 0xe280ae4f30bd8d2d6aa60d705cb6c0ad05c5d5a6bafa4d6163c8d1798af5b793 fetched and parsed in 188.02875ms
[2m2025-12-10T12:07:53.243153Z[0m [34mDEBUG[0m [2methereum_transaction_pool_monitor::mempool_monitor[0m[2m:[0m 🔍 Skipping tx 0xe280ae4f30bd8d2d6aa60d705cb6c0ad05c5d5a6bafa4d6163c8d1798af5b793 - not a DEX interaction (target: 0xA0b86991c6218b36c1d19D4a2e9Eb0cE3606eB48)
[2m2025-12-10T12:07:53.243210Z[0m [34mDEBUG[0m [2methereum_transaction_pool_monitor::mempool_monitor[0m[2m:[0m 📨 Processing new pending transaction: 0x7b9701723dbc021ceb8b59b5303645685b3e78faf7018a107cb2529fa9015cbe
[2m2025-12-10T12:07:53.243221Z[0m [34mDEBUG[0m [2methereum_transaction_pool_monitor::mempool_monitor[0m[2m:[0m 🔍 Fetching transaction details for: 0x7b9701723dbc021ceb8b59b5303645685b3e78faf7018a107cb2529fa9015cbe
[2m2025-12-10T12:07:53.243230Z[0m [34mDEBUG[0m [2methereum_transaction_pool_monitor::eth_client[0m[2m:[0m 🔍 Fetching transaction details for hash: 0x7b9701723dbc021ceb8b59b5303645685b3e78faf7018a107cb2529fa9015cbe
[2m2025-12-10T12:07:53.243305Z[0m [34mDEBUG[0m [2mhyper::client::pool[0m[2m:[0m reuse idle connection for ("http", 192.168.0.14:8545)
[2m2025-12-10T12:07:53.243389Z[0m [34mDEBUG[0m [2mhyper::proto::h1::io[0m[2m:[0m flushed 250 bytes
[2m2025-12-10T12:07:53.252155Z[0m [34mDEBUG[0m [2mhyper::proto::h1::io[0m[2m:[0m parsed 4 headers
[2m2025-12-10T12:07:53.252163Z[0m [34mDEBUG[0m [2mhyper::proto::h1::conn[0m[2m:[0m incoming body is content-length (766 bytes)
[2m2025-12-10T12:07:53.252181Z[0m [34mDEBUG[0m [2mhyper::proto::h1::conn[0m[2m:[0m incoming body completed
[2m2025-12-10T12:07:53.252208Z[0m [34mDEBUG[0m [2mhyper::client::pool[0m[2m:[0m pooling idle connection for ("http", 192.168.0.14:8545)
[2m2025-12-10T12:07:53.252220Z[0m [34mDEBUG[0m [2methereum_transaction_pool_monitor::eth_client[0m[2m:[0m 📡 Transaction fetch RPC completed in 8.981834ms
[2m2025-12-10T12:07:53.419134Z[0m [34mDEBUG[0m [2methereum_transaction_pool_monitor::eth_client[0m[2m:[0m ✅ Transaction 0x7b9701723dbc021ceb8b59b5303645685b3e78faf7018a107cb2529fa9015cbe fetched and parsed in 175.891959ms
[2m2025-12-10T12:07:53.419177Z[0m [34mDEBUG[0m [2methereum_transaction_pool_monitor::mempool_monitor[0m[2m:[0m 🔍 Skipping tx 0x7b9701723dbc021ceb8b59b5303645685b3e78faf7018a107cb2529fa9015cbe - not a DEX interaction (target: 0x4c9EDD5852cd905f086C759E8383e09bff1E68B3)
[2m2025-12-10T12:07:53.419235Z[0m [34mDEBUG[0m [2methereum_transaction_pool_monitor::mempool_monitor[0m[2m:[0m 📨 Processing new pending transaction: 0x970d6aa1181ad2fbafa4d306cef7c9c3746d2024e75ee032f6ba25ceee692f02
[2m2025-12-10T12:07:53.419251Z[0m [34mDEBUG[0m [2methereum_transaction_pool_monitor::mempool_monitor[0m[2m:[0m 🔍 Fetching transaction details for: 0x970d6aa1181ad2fbafa4d306cef7c9c3746d2024e75ee032f6ba25ceee692f02
[2m2025-12-10T12:07:53.419260Z[0m [34mDEBUG[0m [2methereum_transaction_pool_monitor::eth_client[0m[2m:[0m 🔍 Fetching transaction details for hash: 0x970d6aa1181ad2fbafa4d306cef7c9c3746d2024e75ee032f6ba25ceee692f02
[2m2025-12-10T12:07:53.419330Z[0m [34mDEBUG[0m [2mhyper::client::pool[0m[2m:[0m reuse idle connection for ("http", 192.168.0.14:8545)
[2m2025-12-10T12:07:53.419413Z[0m [34mDEBUG[0m [2mhyper::proto::h1::io[0m[2m:[0m flushed 250 bytes
[2m2025-12-10T12:07:53.419469Z[0m [34mDEBUG[0m [2mhyper::client::pool[0m[2m:[0m reuse idle connection for ("http", 192.168.0.14:8545)
[2m2025-12-10T12:07:53.419482Z[0m [34mDEBUG[0m [2methereum_transaction_pool_monitor::eth_client[0m[2m:[0m 📨 Received WebSocket message: {"jsonrpc":"2.0","method":"eth_subscription","params":{"subscription":"0x47c11399886b6549da0ab4d02eced7c9","result":"0x00658d0f96c9c772c48172732cb5daea093c3c5ecfb66b12b9d18e1cd239837e"}}
[2m2025-12-10T12:07:53.419496Z[0m [34mDEBUG[0m [2mhyper::proto::h1::io[0m[2m:[0m flushed 172 bytes
[2m2025-12-10T12:07:53.419513Z[0m [34mDEBUG[0m [2methereum_transaction_pool_monitor::eth_client[0m[2m:[0m 📨 Received pending transaction: 0x00658d0f96c9c772c48172732cb5daea093c3c5ecfb66b12b9d18e1cd239837e
[2m2025-12-10T12:07:53.419531Z[0m [34mDEBUG[0m [2methereum_transaction_pool_monitor::eth_client[0m[2m:[0m 📨 Received WebSocket message: {"jsonrpc":"2.0","method":"eth_subscription","params":{"subscription":"0x47c11399886b6549da0ab4d02eced7c9","result":"0x00efac707fa19b4efbb4ef04c63af9944324877d487cee9955b2dc0808dc07e5"}}
[2m2025-12-10T12:07:53.419550Z[0m [34mDEBUG[0m [2methereum_transaction_pool_monitor::eth_client[0m[2m:[0m 📨 Received pending transaction: 0x00efac707fa19b4efbb4ef04c63af9944324877d487cee9955b2dc0808dc07e5
[2m2025-12-10T12:07:53.426048Z[0m [34mDEBUG[0m [2mhyper::proto::h1::io[0m[2m:[0m parsed 4 headers
[2m2025-12-10T12:07:53.426060Z[0m [34mDEBUG[0m [2mhyper::proto::h1::conn[0m[2m:[0m incoming body is content-length (45 bytes)
[2m2025-12-10T12:07:53.426079Z[0m [34mDEBUG[0m [2mhyper::proto::h1::conn[0m[2m:[0m incoming body completed
[2m2025-12-10T12:07:53.426111Z[0m [34mDEBUG[0m [2mhyper::client::pool[0m[2m:[0m pooling idle connection for ("http", 192.168.0.14:8545)
[2m2025-12-10T12:07:53.426181Z[0m [34mDEBUG[0m [2mhyper::client::pool[0m[2m:[0m reuse idle connection for ("http", 192.168.0.14:8545)
[2m2025-12-10T12:07:53.426221Z[0m [34mDEBUG[0m [2mhyper::proto::h1::io[0m[2m:[0m flushed 172 bytes
[2m2025-12-10T12:07:53.427823Z[0m [34mDEBUG[0m [2mhyper::proto::h1::io[0m[2m:[0m parsed 4 headers
[2m2025-12-10T12:07:53.427843Z[0m [34mDEBUG[0m [2mhyper::proto::h1::conn[0m[2m:[0m incoming body is content-length (550 bytes)
[2m2025-12-10T12:07:53.427865Z[0m [34mDEBUG[0m [2mhyper::proto::h1::conn[0m[2m:[0m incoming body completed
[2m2025-12-10T12:07:53.427880Z[0m [34mDEBUG[0m [2mhyper::client::pool[0m[2m:[0m pooling idle connection for ("http", 192.168.0.14:8545)
[2m2025-12-10T12:07:53.427889Z[0m [34mDEBUG[0m [2methereum_transaction_pool_monitor::eth_client[0m[2m:[0m 📡 Transaction fetch RPC completed in 8.620042ms
[2m2025-12-10T12:07:53.601599Z[0m [34mDEBUG[0m [2methereum_transaction_pool_monitor::eth_client[0m[2m:[0m ✅ Transaction 0x970d6aa1181ad2fbafa4d306cef7c9c3746d2024e75ee032f6ba25ceee692f02 fetched and parsed in 182.325083ms
[2m2025-12-10T12:07:53.601654Z[0m [34mDEBUG[0m [2methereum_transaction_pool_monitor::mempool_monitor[0m[2m:[0m 🔍 Skipping tx 0x970d6aa1181ad2fbafa4d306cef7c9c3746d2024e75ee032f6ba25ceee692f02 - not a DEX interaction (target: 0xd6b9DEb538A98af66E10E5991d3D609d2F56BdF0)
[2m2025-12-10T12:07:53.601722Z[0m [34mDEBUG[0m [2methereum_transaction_pool_monitor::mempool_monitor[0m[2m:[0m 📨 Processing new pending transaction: 0x9f9edbeb4be88702892681cb429ebb59599f002804acc27c5b658be1684b9153
[2m2025-12-10T12:07:53.601733Z[0m [34mDEBUG[0m [2methereum_transaction_pool_monitor::mempool_monitor[0m[2m:[0m 🔍 Fetching transaction details for: 0x9f9edbeb4be88702892681cb429ebb59599f002804acc27c5b658be1684b9153
[2m2025-12-10T12:07:53.601742Z[0m [34mDEBUG[0m [2methereum_transaction_pool_monitor::eth_client[0m[2m:[0m 🔍 Fetching transaction details for hash: 0x9f9edbeb4be88702892681cb429ebb59599f002804acc27c5b658be1684b9153
[2m2025-12-10T12:07:53.601823Z[0m [34mDEBUG[0m [2mhyper::client::pool[0m[2m:[0m reuse idle connection for ("http", 192.168.0.14:8545)
[2m2025-12-10T12:07:53.601906Z[0m [34mDEBUG[0m [2mhyper::proto::h1::io[0m[2m:[0m flushed 250 bytes
[2m2025-12-10T12:07:53.601952Z[0m [34mDEBUG[0m [2methereum_transaction_pool_monitor::eth_client[0m[2m:[0m 📨 Received WebSocket message: {"jsonrpc":"2.0","method":"eth_subscription","params":{"subscription":"0x47c11399886b6549da0ab4d02eced7c9","result":"0xee1aef7bc12e61aefaaf9aaf813bb5ba1ded0667b5f8d21fc12c42104d0f2ff2"}}
[2m2025-12-10T12:07:53.601969Z[0m [34mDEBUG[0m [2mhyper::proto::h1::io[0m[2m:[0m parsed 4 headers
[2m2025-12-10T12:07:53.601974Z[0m [34mDEBUG[0m [2methereum_transaction_pool_monitor::eth_client[0m[2m:[0m 📨 Received pending transaction: 0xee1aef7bc12e61aefaaf9aaf813bb5ba1ded0667b5f8d21fc12c42104d0f2ff2
[2m2025-12-10T12:07:53.601987Z[0m [34mDEBUG[0m [2mhyper::proto::h1::conn[0m[2m:[0m incoming body is content-length (45 bytes)
[2m2025-12-10T12:07:53.602003Z[0m [34mDEBUG[0m [2mhyper::proto::h1::conn[0m[2m:[0m incoming body completed
[2m2025-12-10T12:07:53.602027Z[0m [34mDEBUG[0m [2mhyper::client::pool[0m[2m:[0m pooling idle connection for ("http", 192.168.0.14:8545)
[2m2025-12-10T12:07:53.602085Z[0m [34mDEBUG[0m [2mhyper::client::pool[0m[2m:[0m reuse idle connection for ("http", 192.168.0.14:8545)
[2m2025-12-10T12:07:53.602125Z[0m [34mDEBUG[0m [2mhyper::proto::h1::io[0m[2m:[0m flushed 172 bytes
[2m2025-12-10T12:07:53.605830Z[0m [34mDEBUG[0m [2mhyper::proto::h1::io[0m[2m:[0m parsed 4 headers
[2m2025-12-10T12:07:53.605841Z[0m [34mDEBUG[0m [2mhyper::proto::h1::conn[0m[2m:[0m incoming body is content-length (45 bytes)
[2m2025-12-10T12:07:53.605865Z[0m [34mDEBUG[0m [2mhyper::proto::h1::conn[0m[2m:[0m incoming body completed
[2m2025-12-10T12:07:53.605882Z[0m [34mDEBUG[0m [2mhyper::client::pool[0m[2m:[0m pooling idle connection for ("http", 192.168.0.14:8545)
[2m2025-12-10T12:07:53.605927Z[0m [34mDEBUG[0m [2mhyper::client::pool[0m[2m:[0m reuse idle connection for ("http", 192.168.0.14:8545)
[2m2025-12-10T12:07:53.605961Z[0m [34mDEBUG[0m [2mhyper::proto::h1::io[0m[2m:[0m flushed 172 bytes
[2m2025-12-10T12:07:53.609611Z[0m [34mDEBUG[0m [2mhyper::proto::h1::io[0m[2m:[0m parsed 4 headers
[2m2025-12-10T12:07:53.609617Z[0m [34mDEBUG[0m [2mhyper::proto::h1::conn[0m[2m:[0m incoming body is content-length (45 bytes)
[2m2025-12-10T12:07:53.609626Z[0m [34mDEBUG[0m [2mhyper::proto::h1::conn[0m[2m:[0m incoming body completed
[2m2025-12-10T12:07:53.609638Z[0m [34mDEBUG[0m [2mhyper::client::pool[0m[2m:[0m pooling idle connection for ("http", 192.168.0.14:8545)
[2m2025-12-10T12:07:53.610663Z[0m [34mDEBUG[0m [2mhyper::proto::h1::io[0m[2m:[0m parsed 4 headers
[2m2025-12-10T12:07:53.610669Z[0m [34mDEBUG[0m [2mhyper::proto::h1::conn[0m[2m:[0m incoming body is content-length (743 bytes)
[2m2025-12-10T12:07:53.610678Z[0m [34mDEBUG[0m [2mhyper::proto::h1::conn[0m[2m:[0m incoming body completed
[2m2025-12-10T12:07:53.610694Z[0m [34mDEBUG[0m [2mhyper::client::pool[0m[2m:[0m pooling idle connection for ("http", 192.168.0.14:8545)
[2m2025-12-10T12:07:53.610704Z[0m [34mDEBUG[0m [2methereum_transaction_pool_monitor::eth_client[0m[2m:[0m 📡 Transaction fetch RPC completed in 8.952625ms
[2m2025-12-10T12:07:53.777468Z[0m [34mDEBUG[0m [2methereum_transaction_pool_monitor::eth_client[0m[2m:[0m ✅ Transaction 0x9f9edbeb4be88702892681cb429ebb59599f002804acc27c5b658be1684b9153 fetched and parsed in 175.712667ms
[2m2025-12-10T12:07:53.777509Z[0m [34mDEBUG[0m [2methereum_transaction_pool_monitor::mempool_monitor[0m[2m:[0m 🔍 Skipping tx 0x9f9edbeb4be88702892681cb429ebb59599f002804acc27c5b658be1684b9153 - not a DEX interaction (target: 0xB685760EBD368a891F27ae547391F4E2A289895b)
[2m2025-12-10T12:07:53.777574Z[0m [34mDEBUG[0m [2methereum_transaction_pool_monitor::mempool_monitor[0m[2m:[0m 📨 Processing new pending transaction: 0x55b08cad79622c12569cd408ba7921fe4b5337ba9fff67515da964a41ad812e8
[2m2025-12-10T12:07:53.777585Z[0m [34mDEBUG[0m [2methereum_transaction_pool_monitor::mempool_monitor[0m[2m:[0m 🔍 Fetching transaction details for: 0x55b08cad79622c12569cd408ba7921fe4b5337ba9fff67515da964a41ad812e8
[2m2025-12-10T12:07:53.777595Z[0m [34mDEBUG[0m [2methereum_transaction_pool_monitor::eth_client[0m[2m:[0m 🔍 Fetching transaction details for hash: 0x55b08cad79622c12569cd408ba7921fe4b5337ba9fff67515da964a41ad812e8
[2m2025-12-10T12:07:53.777675Z[0m [34mDEBUG[0m [2mhyper::client::pool[0m[2m:[0m reuse idle connection for ("http", 192.168.0.14:8545)
[2m2025-12-10T12:07:53.777763Z[0m [34mDEBUG[0m [2mhyper::proto::h1::io[0m[2m:[0m flushed 250 bytes
[2m2025-12-10T12:07:53.777825Z[0m [34mDEBUG[0m [2mhyper::client::pool[0m[2m:[0m reuse idle connection for ("http", 192.168.0.14:8545)
[2m2025-12-10T12:07:53.777823Z[0m [34mDEBUG[0m [2methereum_transaction_pool_monitor::eth_client[0m[2m:[0m 📨 Received WebSocket message: {"jsonrpc":"2.0","method":"eth_subscription","params":{"subscription":"0x47c11399886b6549da0ab4d02eced7c9","result":"0x94707e97ffd333982081a82b521cdf686267ed4608c4c59df4bef72f0253a69e"}}
[2m2025-12-10T12:07:53.777854Z[0m [34mDEBUG[0m [2methereum_transaction_pool_monitor::eth_client[0m[2m:[0m 📨 Received pending transaction: 0x94707e97ffd333982081a82b521cdf686267ed4608c4c59df4bef72f0253a69e
[2m2025-12-10T12:07:53.777859Z[0m [34mDEBUG[0m [2mhyper::proto::h1::io[0m[2m:[0m flushed 172 bytes
[2m2025-12-10T12:07:53.777870Z[0m [34mDEBUG[0m [2methereum_transaction_pool_monitor::eth_client[0m[2m:[0m 📨 Received WebSocket message: {"jsonrpc":"2.0","method":"eth_subscription","params":{"subscription":"0x47c11399886b6549da0ab4d02eced7c9","result":"0xc1adc1ee1b955676af6f36d10b3677901480ab00fe70f25aedaf1af757404191"}}
[2m2025-12-10T12:07:53.777888Z[0m [34mDEBUG[0m [2methereum_transaction_pool_monitor::eth_client[0m[2m:[0m 📨 Received pending transaction: 0xc1adc1ee1b955676af6f36d10b3677901480ab00fe70f25aedaf1af757404191
[2m2025-12-10T12:07:53.777899Z[0m [34mDEBUG[0m [2methereum_transaction_pool_monitor::eth_client[0m[2m:[0m 📨 Received WebSocket message: {"jsonrpc":"2.0","method":"eth_subscription","params":{"subscription":"0x47c11399886b6549da0ab4d02eced7c9","result":"0xf5704932ca6d112b312a8425639626820bf5514c76ff6edbaeba487be793d614"}}
[2m2025-12-10T12:07:53.777915Z[0m [34mDEBUG[0m [2methereum_transaction_pool_monitor::eth_client[0m[2m:[0m 📨 Received pending transaction: 0xf5704932ca6d112b312a8425639626820bf5514c76ff6edbaeba487be793d614
[2m2025-12-10T12:07:53.782797Z[0m [34mDEBUG[0m [2mhyper::proto::h1::io[0m[2m:[0m parsed 4 headers
[2m2025-12-10T12:07:53.782805Z[0m [34mDEBUG[0m [2mhyper::proto::h1::conn[0m[2m:[0m incoming body is content-length (45 bytes)
[2m2025-12-10T12:07:53.782819Z[0m [34mDEBUG[0m [2mhyper::proto::h1::conn[0m[2m:[0m incoming body completed
[2m2025-12-10T12:07:53.782845Z[0m [34mDEBUG[0m [2mhyper::client::pool[0m[2m:[0m pooling idle connection for ("http", 192.168.0.14:8545)
[2m2025-12-10T12:07:53.788165Z[0m [34mDEBUG[0m [2mhyper::proto::h1::io[0m[2m:[0m parsed 4 headers
[2m2025-12-10T12:07:53.788175Z[0m [34mDEBUG[0m [2mhyper::proto::h1::conn[0m[2m:[0m incoming body is content-length (679 bytes)
[2m2025-12-10T12:07:53.788188Z[0m [34mDEBUG[0m [2mhyper::proto::h1::conn[0m[2m:[0m incoming body completed
[2m2025-12-10T12:07:53.788209Z[0m [34mDEBUG[0m [2mhyper::client::pool[0m[2m:[0m pooling idle connection for ("http", 192.168.0.14:8545)
[2m2025-12-10T12:07:53.788221Z[0m [34mDEBUG[0m [2methereum_transaction_pool_monitor::eth_client[0m[2m:[0m 📡 Transaction fetch RPC completed in 10.615125ms
[2m2025-12-10T12:07:53.973326Z[0m [34mDEBUG[0m [2methereum_transaction_pool_monitor::eth_client[0m[2m:[0m ✅ Transaction 0x55b08cad79622c12569cd408ba7921fe4b5337ba9fff67515da964a41ad812e8 fetched and parsed in 195.717291ms
[2m2025-12-10T12:07:53.973377Z[0m [34mDEBUG[0m [2methereum_transaction_pool_monitor::mempool_monitor[0m[2m:[0m 🔍 Skipping tx 0x55b08cad79622c12569cd408ba7921fe4b5337ba9fff67515da964a41ad812e8 - not a DEX interaction (target: 0xB685760EBD368a891F27ae547391F4E2A289895b)
[2m2025-12-10T12:07:53.973435Z[0m [34mDEBUG[0m [2methereum_transaction_pool_monitor::mempool_monitor[0m[2m:[0m 📨 Processing new pending transaction: 0xaaa38b1ebc7455b4f164152896aaa246e5dd49dd370c22007dcec6fcb85509f7
[2m2025-12-10T12:07:53.973448Z[0m [34mDEBUG[0m [2methereum_transaction_pool_monitor::mempool_monitor[0m[2m:[0m 🔍 Fetching transaction details for: 0xaaa38b1ebc7455b4f164152896aaa246e5dd49dd370c22007dcec6fcb85509f7
[2m2025-12-10T12:07:53.973457Z[0m [34mDEBUG[0m [2methereum_transaction_pool_monitor::eth_client[0m[2m:[0m 🔍 Fetching transaction details for hash: 0xaaa38b1ebc7455b4f164152896aaa246e5dd49dd370c22007dcec6fcb85509f7
[2m2025-12-10T12:07:53.973532Z[0m [34mDEBUG[0m [2mhyper::client::pool[0m[2m:[0m reuse idle connection for ("http", 192.168.0.14:8545)
[2m2025-12-10T12:07:53.973610Z[0m [34mDEBUG[0m [2mhyper::proto::h1::io[0m[2m:[0m flushed 250 bytes
[2m2025-12-10T12:07:53.973668Z[0m [34mDEBUG[0m [2mhyper::client::pool[0m[2m:[0m reuse idle connection for ("http", 192.168.0.14:8545)
[2m2025-12-10T12:07:53.973672Z[0m [34mDEBUG[0m [2methereum_transaction_pool_monitor::eth_client[0m[2m:[0m 📨 Received WebSocket message: {"jsonrpc":"2.0","method":"eth_subscription","params":{"subscription":"0x47c11399886b6549da0ab4d02eced7c9","result":"0x908f65760da1f4ef8801e61cb3c1fe8af9cc0bf9001d47fb1ab63f5270d173be"}}
[2m2025-12-10T12:07:53.973697Z[0m [34mDEBUG[0m [2mhyper::proto::h1::io[0m[2m:[0m flushed 172 bytes
[2m2025-12-10T12:07:53.973700Z[0m [34mDEBUG[0m [2methereum_transaction_pool_monitor::eth_client[0m[2m:[0m 📨 Received pending transaction: 0x908f65760da1f4ef8801e61cb3c1fe8af9cc0bf9001d47fb1ab63f5270d173be
[2m2025-12-10T12:07:53.973717Z[0m [34mDEBUG[0m [2methereum_transaction_pool_monitor::eth_client[0m[2m:[0m 📨 Received WebSocket message: {"jsonrpc":"2.0","method":"eth_subscription","params":{"subscription":"0x47c11399886b6549da0ab4d02eced7c9","result":"0x451e972c65d026ca6a0ff27d33c4349591aad8ae9146fcb83defb47a086913ba"}}
[2m2025-12-10T12:07:53.973737Z[0m [34mDEBUG[0m [2methereum_transaction_pool_monitor::eth_client[0m[2m:[0m 📨 Received pending transaction: 0x451e972c65d026ca6a0ff27d33c4349591aad8ae9146fcb83defb47a086913ba
[2m2025-12-10T12:07:53.973748Z[0m [34mDEBUG[0m [2methereum_transaction_pool_monitor::eth_client[0m[2m:[0m 📨 Received WebSocket message: {"jsonrpc":"2.0","method":"eth_subscription","params":{"subscription":"0x47c11399886b6549da0ab4d02eced7c9","result":"0x1123df6d8ba89a26ce2277215daa037ae4dca7628c91dbac8c05a26adbef33b4"}}
[2m2025-12-10T12:07:53.973764Z[0m [34mDEBUG[0m [2methereum_transaction_pool_monitor::eth_client[0m[2m:[0m 📨 Received pending transaction: 0x1123df6d8ba89a26ce2277215daa037ae4dca7628c91dbac8c05a26adbef33b4
[2m2025-12-10T12:07:53.977717Z[0m [34mDEBUG[0m [2mhyper::proto::h1::io[0m[2m:[0m parsed 4 headers
[2m2025-12-10T12:07:53.977739Z[0m [34mDEBUG[0m [2mhyper::proto::h1::conn[0m[2m:[0m incoming body is content-length (45 bytes)
[2m2025-12-10T12:07:53.977754Z[0m [34mDEBUG[0m [2mhyper::proto::h1::conn[0m[2m:[0m incoming body completed
[2m2025-12-10T12:07:53.977780Z[0m [34mDEBUG[0m [2mhyper::client::pool[0m[2m:[0m pooling idle connection for ("http", 192.168.0.14:8545)
[2m2025-12-10T12:07:53.977833Z[0m [34mDEBUG[0m [2mhyper::client::pool[0m[2m:[0m reuse idle connection for ("http", 192.168.0.14:8545)
[2m2025-12-10T12:07:53.977877Z[0m [34mDEBUG[0m [2mhyper::proto::h1::io[0m[2m:[0m flushed 172 bytes
[2m2025-12-10T12:07:53.981664Z[0m [34mDEBUG[0m [2mhyper::proto::h1::io[0m[2m:[0m parsed 4 headers
[2m2025-12-10T12:07:53.981671Z[0m [34mDEBUG[0m [2mhyper::proto::h1::conn[0m[2m:[0m incoming body is content-length (45 bytes)
[2m2025-12-10T12:07:53.981688Z[0m [34mDEBUG[0m [2mhyper::proto::h1::conn[0m[2m:[0m incoming body completed
[2m2025-12-10T12:07:53.981703Z[0m [34mDEBUG[0m [2mhyper::client::pool[0m[2m:[0m pooling idle connection for ("http", 192.168.0.14:8545)
[2m2025-12-10T12:07:53.986407Z[0m [34mDEBUG[0m [2mhyper::proto::h1::io[0m[2m:[0m parsed 4 headers
[2m2025-12-10T12:07:53.986416Z[0m [34mDEBUG[0m [2mhyper::proto::h1::conn[0m[2m:[0m incoming body is content-length (674 bytes)
[2m2025-12-10T12:07:53.986437Z[0m [34mDEBUG[0m [2mhyper::proto::h1::conn[0m[2m:[0m incoming body completed
[2m2025-12-10T12:07:53.986452Z[0m [34mDEBUG[0m [2mhyper::client::pool[0m[2m:[0m pooling idle connection for ("http", 192.168.0.14:8545)
[2m2025-12-10T12:07:53.986465Z[0m [34mDEBUG[0m [2methereum_transaction_pool_monitor::eth_client[0m[2m:[0m 📡 Transaction fetch RPC completed in 12.998166ms
[2m2025-12-10T12:07:54.169976Z[0m [34mDEBUG[0m [2methereum_transaction_pool_monitor::eth_client[0m[2m:[0m ✅ Transaction 0xaaa38b1ebc7455b4f164152896aaa246e5dd49dd370c22007dcec6fcb85509f7 fetched and parsed in 196.507458ms
[2m2025-12-10T12:07:54.170018Z[0m [34mDEBUG[0m [2methereum_transaction_pool_monitor::mempool_monitor[0m[2m:[0m 🔍 Skipping tx 0xaaa38b1ebc7455b4f164152896aaa246e5dd49dd370c22007dcec6fcb85509f7 - not a DEX interaction (target: 0x0949bF3d87f4204e5B8Fe253D2592aceea952f5e)
[2m2025-12-10T12:07:54.170080Z[0m [34mDEBUG[0m [2methereum_transaction_pool_monitor::mempool_monitor[0m[2m:[0m 📨 Processing new pending transaction: 0x073cbda164ac381754b6eda5a4070542d9db5c3f92d5b146a63240b5b301061f
[2m2025-12-10T12:07:54.170090Z[0m [34mDEBUG[0m [2methereum_transaction_pool_monitor::mempool_monitor[0m[2m:[0m 🔍 Fetching transaction details for: 0x073cbda164ac381754b6eda5a4070542d9db5c3f92d5b146a63240b5b301061f
[2m2025-12-10T12:07:54.170099Z[0m [34mDEBUG[0m [2methereum_transaction_pool_monitor::eth_client[0m[2m:[0m 🔍 Fetching transaction details for hash: 0x073cbda164ac381754b6eda5a4070542d9db5c3f92d5b146a63240b5b301061f
[2m2025-12-10T12:07:54.170170Z[0m [34mDEBUG[0m [2mhyper::client::pool[0m[2m:[0m reuse idle connection for ("http", 192.168.0.14:8545)
[2m2025-12-10T12:07:54.170249Z[0m [34mDEBUG[0m [2mhyper::proto::h1::io[0m[2m:[0m flushed 250 bytes
[2m2025-12-10T12:07:54.170301Z[0m [34mDEBUG[0m [2mhyper::client::pool[0m[2m:[0m reuse idle connection for ("http", 192.168.0.14:8545)
[2m2025-12-10T12:07:54.170304Z[0m [34mDEBUG[0m [2methereum_transaction_pool_monitor::eth_client[0m[2m:[0m 📨 Received WebSocket message: {"jsonrpc":"2.0","method":"eth_subscription","params":{"subscription":"0x47c11399886b6549da0ab4d02eced7c9","result":"0xca8a1cadbb3f0bb9f5af666a415e72905b1405770effcb197b3faf8f2bfccb78"}}
[2m2025-12-10T12:07:54.170329Z[0m [34mDEBUG[0m [2mhyper::proto::h1::io[0m[2m:[0m flushed 172 bytes
[2m2025-12-10T12:07:54.170329Z[0m [34mDEBUG[0m [2methereum_transaction_pool_monitor::eth_client[0m[2m:[0m 📨 Received pending transaction: 0xca8a1cadbb3f0bb9f5af666a415e72905b1405770effcb197b3faf8f2bfccb78
[2m2025-12-10T12:07:54.170348Z[0m [34mDEBUG[0m [2methereum_transaction_pool_monitor::eth_client[0m[2m:[0m 📨 Received WebSocket message: {"jsonrpc":"2.0","method":"eth_subscription","params":{"subscription":"0x47c11399886b6549da0ab4d02eced7c9","result":"0x9b82f49c93a9ab5b2fb2d92ac911af2abbe4915b4539362e06e3320955f20b23"}}
[2m2025-12-10T12:07:54.170364Z[0m [34mDEBUG[0m [2methereum_transaction_pool_monitor::eth_client[0m[2m:[0m 📨 Received pending transaction: 0x9b82f49c93a9ab5b2fb2d92ac911af2abbe4915b4539362e06e3320955f20b23
[2m2025-12-10T12:07:54.174891Z[0m [34mDEBUG[0m [2mhyper::proto::h1::io[0m[2m:[0m parsed 4 headers
[2m2025-12-10T12:07:54.174901Z[0m [34mDEBUG[0m [2mhyper::proto::h1::conn[0m[2m:[0m incoming body is content-length (1410 bytes)
[2m2025-12-10T12:07:54.174943Z[0m [34mDEBUG[0m [2methereum_transaction_pool_monitor::eth_client[0m[2m:[0m 📡 Transaction fetch RPC completed in 4.835083ms
[2m2025-12-10T12:07:54.175438Z[0m [34mDEBUG[0m [2mhyper::proto::h1::conn[0m[2m:[0m incoming body completed
[2m2025-12-10T12:07:54.175493Z[0m [34mDEBUG[0m [2mhyper::client::pool[0m[2m:[0m pooling idle connection for ("http", 192.168.0.14:8545)
[2m2025-12-10T12:07:54.175525Z[0m [34mDEBUG[0m [2mhyper::proto::h1::io[0m[2m:[0m parsed 4 headers
[2m2025-12-10T12:07:54.175535Z[0m [34mDEBUG[0m [2mhyper::proto::h1::conn[0m[2m:[0m incoming body is content-length (45 bytes)
[2m2025-12-10T12:07:54.175554Z[0m [34mDEBUG[0m [2mhyper::proto::h1::conn[0m[2m:[0m incoming body completed
[2m2025-12-10T12:07:54.175569Z[0m [34mDEBUG[0m [2mhyper::client::pool[0m[2m:[0m pooling idle connection for ("http", 192.168.0.14:8545)
[2m2025-12-10T12:07:54.175620Z[0m [34mDEBUG[0m [2mhyper::client::pool[0m[2m:[0m reuse idle connection for ("http", 192.168.0.14:8545)
[2m2025-12-10T12:07:54.175662Z[0m [34mDEBUG[0m [2mhyper::proto::h1::io[0m[2m:[0m flushed 172 bytes
[2m2025-12-10T12:07:54.179020Z[0m [34mDEBUG[0m [2mhyper::proto::h1::io[0m[2m:[0m parsed 4 headers
[2m2025-12-10T12:07:54.179029Z[0m [34mDEBUG[0m [2mhyper::proto::h1::conn[0m[2m:[0m incoming body is content-length (45 bytes)
[2m2025-12-10T12:07:54.179039Z[0m [34mDEBUG[0m [2mhyper::proto::h1::conn[0m[2m:[0m incoming body completed
[2m2025-12-10T12:07:54.179054Z[0m [34mDEBUG[0m [2mhyper::client::pool[0m[2m:[0m pooling idle connection for ("http", 192.168.0.14:8545)
[2m2025-12-10T12:07:54.193150Z[0m [34mDEBUG[0m [2mhyper::client::pool[0m[2m:[0m reuse idle connection for ("http", 192.168.0.14:8545)
[2m2025-12-10T12:07:54.193228Z[0m [34mDEBUG[0m [2mhyper::proto::h1::io[0m[2m:[0m flushed 172 bytes
[2m2025-12-10T12:07:54.197245Z[0m [34mDEBUG[0m [2mhyper::proto::h1::io[0m[2m:[0m parsed 4 headers
[2m2025-12-10T12:07:54.197254Z[0m [34mDEBUG[0m [2mhyper::proto::h1::conn[0m[2m:[0m incoming body is content-length (45 bytes)
[2m2025-12-10T12:07:54.197268Z[0m [34mDEBUG[0m [2mhyper::proto::h1::conn[0m[2m:[0m incoming body completed
[2m2025-12-10T12:07:54.197289Z[0m [34mDEBUG[0m [2mhyper::client::pool[0m[2m:[0m pooling idle connection for ("http", 192.168.0.14:8545)
[2m2025-12-10T12:07:54.280695Z[0m [34mDEBUG[0m [2methereum_transaction_pool_monitor::eth_client[0m[2m:[0m 📨 Received WebSocket message: {"jsonrpc":"2.0","method":"eth_subscription","params":{"subscription":"0x47c11399886b6549da0ab4d02eced7c9","result":"0x41800c97c959d9b34b2b2bf4a1a844ae6e1f6791b6ae9f74fbc86db6a4670c89"}}
[2m2025-12-10T12:07:54.280741Z[0m [34mDEBUG[0m [2methereum_transaction_pool_monitor::eth_client[0m[2m:[0m 📨 Received pending transaction: 0x41800c97c959d9b34b2b2bf4a1a844ae6e1f6791b6ae9f74fbc86db6a4670c89
[2m2025-12-10T12:07:54.292849Z[0m [34mDEBUG[0m [2mhyper::client::pool[0m[2m:[0m reuse idle connection for ("http", 192.168.0.14:8545)
[2m2025-12-10T12:07:54.292938Z[0m [34mDEBUG[0m [2mhyper::proto::h1::io[0m[2m:[0m flushed 172 bytes
[2m2025-12-10T12:07:54.296399Z[0m [34mDEBUG[0m [2mhyper::proto::h1::io[0m[2m:[0m parsed 4 headers
[2m2025-12-10T12:07:54.296409Z[0m [34mDEBUG[0m [2mhyper::proto::h1::conn[0m[2m:[0m incoming body is content-length (45 bytes)
[2m2025-12-10T12:07:54.296425Z[0m [34mDEBUG[0m [2mhyper::proto::h1::conn[0m[2m:[0m incoming body completed
[2m2025-12-10T12:07:54.296453Z[0m [34mDEBUG[0m [2mhyper::client::pool[0m[2m:[0m pooling idle connection for ("http", 192.168.0.14:8545)
[2m2025-12-10T12:07:54.303690Z[0m [34mDEBUG[0m [2methereum_transaction_pool_monitor::eth_client[0m[2m:[0m 📨 Received WebSocket message: {"jsonrpc":"2.0","method":"eth_subscription","params":{"subscription":"0x47c11399886b6549da0ab4d02eced7c9","result":"0x2603b89e54a0c1f201eb2b0df717d142bdadbe6b5923ae39362903dd9b01385c"}}
[2m2025-12-10T12:07:54.303711Z[0m [34mDEBUG[0m [2methereum_transaction_pool_monitor::eth_client[0m[2m:[0m 📨 Received pending transaction: 0x2603b89e54a0c1f201eb2b0df717d142bdadbe6b5923ae39362903dd9b01385c
[2m2025-12-10T12:07:54.359662Z[0m [34mDEBUG[0m [2methereum_transaction_pool_monitor::eth_client[0m[2m:[0m ✅ Transaction 0x073cbda164ac381754b6eda5a4070542d9db5c3f92d5b146a63240b5b301061f fetched and parsed in 189.550958ms
[2m2025-12-10T12:07:54.359707Z[0m [34mDEBUG[0m [2methereum_transaction_pool_monitor::mempool_monitor[0m[2m:[0m 🔍 Skipping tx 0x073cbda164ac381754b6eda5a4070542d9db5c3f92d5b146a63240b5b301061f - not a DEX interaction (target: 0xF5e10380213880111522dd0efD3dbb45b9f62Bcc)
[2m2025-12-10T12:07:54.359768Z[0m [34mDEBUG[0m [2methereum_transaction_pool_monitor::mempool_monitor[0m[2m:[0m 📨 Processing new pending transaction: 0xee842c16254511202095a5b33e937999b4dec736733ed64ee757564123b88ca0
[2m2025-12-10T12:07:54.359778Z[0m [34mDEBUG[0m [2methereum_transaction_pool_monitor::mempool_monitor[0m[2m:[0m 🔍 Fetching transaction details for: 0xee842c16254511202095a5b33e937999b4dec736733ed64ee757564123b88ca0
[2m2025-12-10T12:07:54.359788Z[0m [34mDEBUG[0m [2methereum_transaction_pool_monitor::eth_client[0m[2m:[0m 🔍 Fetching transaction details for hash: 0xee842c16254511202095a5b33e937999b4dec736733ed64ee757564123b88ca0
[2m2025-12-10T12:07:54.359864Z[0m [34mDEBUG[0m [2mhyper::client::pool[0m[2m:[0m reuse idle connection for ("http", 192.168.0.14:8545)
[2m2025-12-10T12:07:54.359954Z[0m [34mDEBUG[0m [2mhyper::proto::h1::io[0m[2m:[0m flushed 250 bytes
[2m2025-12-10T12:07:54.364462Z[0m [34mDEBUG[0m [2mhyper::proto::h1::io[0m[2m:[0m parsed 4 headers
[2m2025-12-10T12:07:54.364480Z[0m [34mDEBUG[0m [2mhyper::proto::h1::conn[0m[2m:[0m incoming body is content-length (3443 bytes)
[2m2025-12-10T12:07:54.364516Z[0m [34mDEBUG[0m [2methereum_transaction_pool_monitor::eth_client[0m[2m:[0m 📡 Transaction fetch RPC completed in 4.719041ms
[2m2025-12-10T12:07:54.365057Z[0m [34mDEBUG[0m [2mhyper::proto::h1::conn[0m[2m:[0m incoming body completed
[2m2025-12-10T12:07:54.365080Z[0m [34mDEBUG[0m [2mhyper::client::pool[0m[2m:[0m pooling idle connection for ("http", 192.168.0.14:8545)
[2m2025-12-10T12:07:54.391852Z[0m [34mDEBUG[0m [2methereum_transaction_pool_monitor::eth_client[0m[2m:[0m 📨 Received WebSocket message: {"jsonrpc":"2.0","method":"eth_subscription","params":{"subscription":"0x47c11399886b6549da0ab4d02eced7c9","result":"0x7797b87d5958bce01fc2e0b6c592d038622ec244dc20998ae3b440b1655f328d"}}
[2m2025-12-10T12:07:54.391931Z[0m [34mDEBUG[0m [2mhyper::client::pool[0m[2m:[0m reuse idle connection for ("http", 192.168.0.14:8545)
[2m2025-12-10T12:07:54.391959Z[0m [34mDEBUG[0m [2methereum_transaction_pool_monitor::eth_client[0m[2m:[0m 📨 Received pending transaction: 0x7797b87d5958bce01fc2e0b6c592d038622ec244dc20998ae3b440b1655f328d
[2m2025-12-10T12:07:54.392099Z[0m [34mDEBUG[0m [2mhyper::proto::h1::io[0m[2m:[0m flushed 172 bytes
[2m2025-12-10T12:07:54.400115Z[0m [34mDEBUG[0m [2mhyper::proto::h1::io[0m[2m:[0m parsed 4 headers
[2m2025-12-10T12:07:54.400143Z[0m [34mDEBUG[0m [2mhyper::proto::h1::conn[0m[2m:[0m incoming body is content-length (45 bytes)
[2m2025-12-10T12:07:54.400163Z[0m [34mDEBUG[0m [2mhyper::proto::h1::conn[0m[2m:[0m incoming body completed
[2m2025-12-10T12:07:54.400201Z[0m [34mDEBUG[0m [2mhyper::client::pool[0m[2m:[0m pooling idle connection for ("http", 192.168.0.14:8545)
[2m2025-12-10T12:07:54.471465Z[0m [34mDEBUG[0m [2methereum_transaction_pool_monitor::eth_client[0m[2m:[0m 📨 Received WebSocket message: {"jsonrpc":"2.0","method":"eth_subscription","params":{"subscription":"0x47c11399886b6549da0ab4d02eced7c9","result":"0xfd6d96187841578b77f686e8ffb1c87483fe0093dc0b6c638513b398b13d3b0a"}}
[2m2025-12-10T12:07:54.471512Z[0m [34mDEBUG[0m [2methereum_transaction_pool_monitor::eth_client[0m[2m:[0m 📨 Received pending transaction: 0xfd6d96187841578b77f686e8ffb1c87483fe0093dc0b6c638513b398b13d3b0a
[2m2025-12-10T12:07:54.493626Z[0m [34mDEBUG[0m [2mhyper::client::pool[0m[2m:[0m reuse idle connection for ("http", 192.168.0.14:8545)
[2m2025-12-10T12:07:54.493695Z[0m [34mDEBUG[0m [2mhyper::proto::h1::io[0m[2m:[0m flushed 172 bytes
[2m2025-12-10T12:07:54.499515Z[0m [34mDEBUG[0m [2mhyper::proto::h1::io[0m[2m:[0m parsed 4 headers
[2m2025-12-10T12:07:54.499525Z[0m [34mDEBUG[0m [2mhyper::proto::h1::conn[0m[2m:[0m incoming body is content-length (45 bytes)
[2m2025-12-10T12:07:54.499541Z[0m [34mDEBUG[0m [2mhyper::proto::h1::conn[0m[2m:[0m incoming body completed
[2m2025-12-10T12:07:54.499569Z[0m [34mDEBUG[0m [2mhyper::client::pool[0m[2m:[0m pooling idle connection for ("http", 192.168.0.14:8545)
[2m2025-12-10T12:07:54.550500Z[0m [34mDEBUG[0m [2methereum_transaction_pool_monitor::eth_client[0m[2m:[0m ✅ Transaction 0xee842c16254511202095a5b33e937999b4dec736733ed64ee757564123b88ca0 fetched and parsed in 190.69975ms
[2m2025-12-10T12:07:54.550546Z[0m [34mDEBUG[0m [2methereum_transaction_pool_monitor::mempool_monitor[0m[2m:[0m 🔍 Skipping tx 0xee842c16254511202095a5b33e937999b4dec736733ed64ee757564123b88ca0 - not a DEX interaction (target: 0xfF000000000000000000000000000000000000FF)
[2m2025-12-10T12:07:54.550613Z[0m [34mDEBUG[0m [2methereum_transaction_pool_monitor::mempool_monitor[0m[2m:[0m 📨 Processing new pending transaction: 0x59a0e9596f79bab479813e6910d6fd5bd172b138037718aaf9d72fe97bd40784
[2m2025-12-10T12:07:54.550624Z[0m [34mDEBUG[0m [2methereum_transaction_pool_monitor::mempool_monitor[0m[2m:[0m 🔍 Fetching transaction details for: 0x59a0e9596f79bab479813e6910d6fd5bd172b138037718aaf9d72fe97bd40784
[2m2025-12-10T12:07:54.550633Z[0m [34mDEBUG[0m [2methereum_transaction_pool_monitor::eth_client[0m[2m:[0m 🔍 Fetching transaction details for hash: 0x59a0e9596f79bab479813e6910d6fd5bd172b138037718aaf9d72fe97bd40784
[2m2025-12-10T12:07:54.550714Z[0m [34mDEBUG[0m [2mhyper::client::pool[0m[2m:[0m reuse idle connection for ("http", 192.168.0.14:8545)
[2m2025-12-10T12:07:54.550808Z[0m [34mDEBUG[0m [2mhyper::proto::h1::io[0m[2m:[0m flushed 250 bytes
[2m2025-12-10T12:07:54.556601Z[0m [34mDEBUG[0m [2mhyper::proto::h1::io[0m[2m:[0m parsed 4 headers
[2m2025-12-10T12:07:54.556611Z[0m [34mDEBUG[0m [2mhyper::proto::h1::conn[0m[2m:[0m incoming body is content-length (774 bytes)
[2m2025-12-10T12:07:54.556627Z[0m [34mDEBUG[0m [2mhyper::proto::h1::conn[0m[2m:[0m incoming body completed
[2m2025-12-10T12:07:54.556652Z[0m [34mDEBUG[0m [2mhyper::client::pool[0m[2m:[0m pooling idle connection for ("http", 192.168.0.14:8545)
[2m2025-12-10T12:07:54.556666Z[0m [34mDEBUG[0m [2methereum_transaction_pool_monitor::eth_client[0m[2m:[0m 📡 Transaction fetch RPC completed in 6.024208ms
[2m2025-12-10T12:07:54.739787Z[0m [34mDEBUG[0m [2methereum_transaction_pool_monitor::eth_client[0m[2m:[0m ✅ Transaction 0x59a0e9596f79bab479813e6910d6fd5bd172b138037718aaf9d72fe97bd40784 fetched and parsed in 189.140833ms
[2m2025-12-10T12:07:54.739839Z[0m [34mDEBUG[0m [2methereum_transaction_pool_monitor::mempool_monitor[0m[2m:[0m 🔍 Skipping tx 0x59a0e9596f79bab479813e6910d6fd5bd172b138037718aaf9d72fe97bd40784 - not a DEX interaction (target: 0xA0b86991c6218b36c1d19D4a2e9Eb0cE3606eB48)
[2m2025-12-10T12:07:54.739897Z[0m [34mDEBUG[0m [2methereum_transaction_pool_monitor::mempool_monitor[0m[2m:[0m 📨 Processing new pending transaction: 0xec6cab2b65988dcb00435e8d7405941368814c8991508268a9e5bdd05c896a68
[2m2025-12-10T12:07:54.739914Z[0m [34mDEBUG[0m [2methereum_transaction_pool_monitor::mempool_monitor[0m[2m:[0m 🔍 Fetching transaction details for: 0xec6cab2b65988dcb00435e8d7405941368814c8991508268a9e5bdd05c896a68
[2m2025-12-10T12:07:54.739924Z[0m [34mDEBUG[0m [2methereum_transaction_pool_monitor::eth_client[0m[2m:[0m 🔍 Fetching transaction details for hash: 0xec6cab2b65988dcb00435e8d7405941368814c8991508268a9e5bdd05c896a68
[2m2025-12-10T12:07:54.740001Z[0m [34mDEBUG[0m [2mhyper::client::pool[0m[2m:[0m reuse idle connection for ("http", 192.168.0.14:8545)
[2m2025-12-10T12:07:54.740084Z[0m [34mDEBUG[0m [2mhyper::proto::h1::io[0m[2m:[0m flushed 250 bytes
[2m2025-12-10T12:07:54.740147Z[0m [34mDEBUG[0m [2mhyper::client::pool[0m[2m:[0m reuse idle connection for ("http", 192.168.0.14:8545)
[2m2025-12-10T12:07:54.740178Z[0m [34mDEBUG[0m [2mhyper::proto::h1::io[0m[2m:[0m flushed 172 bytes
[2m2025-12-10T12:07:54.744099Z[0m [34mDEBUG[0m [2mhyper::proto::h1::io[0m[2m:[0m parsed 4 headers
[2m2025-12-10T12:07:54.744118Z[0m [34mDEBUG[0m [2mhyper::proto::h1::conn[0m[2m:[0m incoming body is content-length (45 bytes)
[2m2025-12-10T12:07:54.744135Z[0m [34mDEBUG[0m [2mhyper::proto::h1::conn[0m[2m:[0m incoming body completed
[2m2025-12-10T12:07:54.744159Z[0m [34mDEBUG[0m [2mhyper::client::pool[0m[2m:[0m pooling idle connection for ("http", 192.168.0.14:8545)
[2m2025-12-10T12:07:54.744218Z[0m [34mDEBUG[0m [2mhyper::client::pool[0m[2m:[0m reuse idle connection for ("http", 192.168.0.14:8545)
[2m2025-12-10T12:07:54.744256Z[0m [34mDEBUG[0m [2mhyper::proto::h1::io[0m[2m:[0m flushed 172 bytes
[2m2025-12-10T12:07:54.750503Z[0m [34mDEBUG[0m [2mhyper::proto::h1::io[0m[2m:[0m parsed 4 headers
[2m2025-12-10T12:07:54.750510Z[0m [34mDEBUG[0m [2mhyper::proto::h1::conn[0m[2m:[0m incoming body is content-length (45 bytes)
[2m2025-12-10T12:07:54.750520Z[0m [34mDEBUG[0m [2mhyper::proto::h1::conn[0m[2m:[0m incoming body completed
[2m2025-12-10T12:07:54.750535Z[0m [34mDEBUG[0m [2mhyper::client::pool[0m[2m:[0m pooling idle connection for ("http", 192.168.0.14:8545)
[2m2025-12-10T12:07:54.751030Z[0m [34mDEBUG[0m [2mhyper::proto::h1::io[0m[2m:[0m parsed 4 headers
[2m2025-12-10T12:07:54.751036Z[0m [34mDEBUG[0m [2mhyper::proto::h1::conn[0m[2m:[0m incoming body is content-length (1831 bytes)
[2m2025-12-10T12:07:54.751045Z[0m [34mDEBUG[0m [2mhyper::proto::h1::conn[0m[2m:[0m incoming body completed
[2m2025-12-10T12:07:54.751059Z[0m [34mDEBUG[0m [2mhyper::client::pool[0m[2m:[0m pooling idle connection for ("http", 192.168.0.14:8545)
[2m2025-12-10T12:07:54.751069Z[0m [34mDEBUG[0m [2methereum_transaction_pool_monitor::eth_client[0m[2m:[0m 📡 Transaction fetch RPC completed in 11.13575ms
[2m2025-12-10T12:07:54.936220Z[0m [34mDEBUG[0m [2methereum_transaction_pool_monitor::eth_client[0m[2m:[0m ✅ Transaction 0xec6cab2b65988dcb00435e8d7405941368814c8991508268a9e5bdd05c896a68 fetched and parsed in 196.283666ms
[2m2025-12-10T12:07:54.936265Z[0m [34mDEBUG[0m [2methereum_transaction_pool_monitor::mempool_monitor[0m[2m:[0m 🔍 Skipping tx 0xec6cab2b65988dcb00435e8d7405941368814c8991508268a9e5bdd05c896a68 - not a DEX interaction (target: 0xaDCdf38d7231a93F3Eb45Be18d3ee277d3D0D342)
[2m2025-12-10T12:07:54.936323Z[0m [34mDEBUG[0m [2methereum_transaction_pool_monitor::mempool_monitor[0m[2m:[0m 📨 Processing new pending transaction: 0xc8a421e9f69333d2d19958d91bbdfe7ab1e40735f791f02bc92793cd2daade8a
[2m2025-12-10T12:07:54.936333Z[0m [34mDEBUG[0m [2methereum_transaction_pool_monitor::mempool_monitor[0m[2m:[0m 🔍 Fetching transaction details for: 0xc8a421e9f69333d2d19958d91bbdfe7ab1e40735f791f02bc92793cd2daade8a
[2m2025-12-10T12:07:54.936342Z[0m [34mDEBUG[0m [2methereum_transaction_pool_monitor::eth_client[0m[2m:[0m 🔍 Fetching transaction details for hash: 0xc8a421e9f69333d2d19958d91bbdfe7ab1e40735f791f02bc92793cd2daade8a
[2m2025-12-10T12:07:54.936414Z[0m [34mDEBUG[0m [2mhyper::client::pool[0m[2m:[0m reuse idle connection for ("http", 192.168.0.14:8545)
[2m2025-12-10T12:07:54.936504Z[0m [34mDEBUG[0m [2mhyper::proto::h1::io[0m[2m:[0m flushed 250 bytes
[2m2025-12-10T12:07:54.936562Z[0m [34mDEBUG[0m [2mhyper::client::pool[0m[2m:[0m reuse idle connection for ("http", 192.168.0.14:8545)
[2m2025-12-10T12:07:54.936563Z[0m [34mDEBUG[0m [2methereum_transaction_pool_monitor::eth_client[0m[2m:[0m 📨 Received WebSocket message: {"jsonrpc":"2.0","method":"eth_subscription","params":{"subscription":"0x47c11399886b6549da0ab4d02eced7c9","result":"0x29a6dbe97d0e290c90481ac32d820d1338fbbef21c4aba642416c3345690b095"}}
[2m2025-12-10T12:07:54.936590Z[0m [34mDEBUG[0m [2mhyper::proto::h1::io[0m[2m:[0m flushed 172 bytes
[2m2025-12-10T12:07:54.936590Z[0m [34mDEBUG[0m [2methereum_transaction_pool_monitor::eth_client[0m[2m:[0m 📨 Received pending transaction: 0x29a6dbe97d0e290c90481ac32d820d1338fbbef21c4aba642416c3345690b095
[2m2025-12-10T12:07:54.936610Z[0m [34mDEBUG[0m [2methereum_transaction_pool_monitor::eth_client[0m[2m:[0m 📨 Received WebSocket message: {"jsonrpc":"2.0","method":"eth_subscription","params":{"subscription":"0x47c11399886b6549da0ab4d02eced7c9","result":"0x880250ed125526b08667847018dadffb3cdcb2f3f332db073dff02206cf91a46"}}
[2m2025-12-10T12:07:54.936627Z[0m [34mDEBUG[0m [2methereum_transaction_pool_monitor::eth_client[0m[2m:[0m 📨 Received pending transaction: 0x880250ed125526b08667847018dadffb3cdcb2f3f332db073dff02206cf91a46
[2m2025-12-10T12:07:54.940537Z[0m [34mDEBUG[0m [2mhyper::proto::h1::io[0m[2m:[0m parsed 4 headers
[2m2025-12-10T12:07:54.940547Z[0m [34mDEBUG[0m [2mhyper::proto::h1::conn[0m[2m:[0m incoming body is content-length (45 bytes)
[2m2025-12-10T12:07:54.940562Z[0m [34mDEBUG[0m [2mhyper::proto::h1::conn[0m[2m:[0m incoming body completed
[2m2025-12-10T12:07:54.940587Z[0m [34mDEBUG[0m [2mhyper::client::pool[0m[2m:[0m pooling idle connection for ("http", 192.168.0.14:8545)
[2m2025-12-10T12:07:54.940643Z[0m [34mDEBUG[0m [2mhyper::client::pool[0m[2m:[0m reuse idle connection for ("http", 192.168.0.14:8545)
[2m2025-12-10T12:07:54.940678Z[0m [34mDEBUG[0m [2mhyper::proto::h1::io[0m[2m:[0m flushed 172 bytes
[2m2025-12-10T12:07:54.946508Z[0m [34mDEBUG[0m [2mhyper::proto::h1::io[0m[2m:[0m parsed 4 headers
[2m2025-12-10T12:07:54.946515Z[0m [34mDEBUG[0m [2mhyper::proto::h1::conn[0m[2m:[0m incoming body is content-length (45 bytes)
[2m2025-12-10T12:07:54.946527Z[0m [34mDEBUG[0m [2mhyper::proto::h1::conn[0m[2m:[0m incoming body completed
[2m2025-12-10T12:07:54.946544Z[0m [34mDEBUG[0m [2mhyper::client::pool[0m[2m:[0m pooling idle connection for ("http", 192.168.0.14:8545)
[2m2025-12-10T12:07:54.947040Z[0m [34mDEBUG[0m [2mhyper::proto::h1::io[0m[2m:[0m parsed 4 headers
[2m2025-12-10T12:07:54.947050Z[0m [34mDEBUG[0m [2mhyper::proto::h1::conn[0m[2m:[0m incoming body is content-length (771 bytes)
[2m2025-12-10T12:07:54.947060Z[0m [34mDEBUG[0m [2mhyper::proto::h1::conn[0m[2m:[0m incoming body completed
[2m2025-12-10T12:07:54.947076Z[0m [34mDEBUG[0m [2mhyper::client::pool[0m[2m:[0m pooling idle connection for ("http", 192.168.0.14:8545)
[2m2025-12-10T12:07:54.947087Z[0m [34mDEBUG[0m [2methereum_transaction_pool_monitor::eth_client[0m[2m:[0m 📡 Transaction fetch RPC completed in 10.734875ms
[2m2025-12-10T12:07:55.112466Z[0m [34mDEBUG[0m [2methereum_transaction_pool_monitor::eth_client[0m[2m:[0m ✅ Transaction 0xc8a421e9f69333d2d19958d91bbdfe7ab1e40735f791f02bc92793cd2daade8a fetched and parsed in 176.110667ms
[2m2025-12-10T12:07:55.112510Z[0m [34mDEBUG[0m [2methereum_transaction_pool_monitor::mempool_monitor[0m[2m:[0m 🔍 Skipping tx 0xc8a421e9f69333d2d19958d91bbdfe7ab1e40735f791f02bc92793cd2daade8a - not a DEX interaction (target: 0xf983da3ca66964C02628189Ea8Ca99fa9E24f66c)
[2m2025-12-10T12:07:55.112569Z[0m [34mDEBUG[0m [2methereum_transaction_pool_monitor::mempool_monitor[0m[2m:[0m 📨 Processing new pending transaction: 0x4edeee81401615129519384fe1dcf137e83798255934d4035285e10fef9d5355
[2m2025-12-10T12:07:55.112583Z[0m [34mDEBUG[0m [2methereum_transaction_pool_monitor::mempool_monitor[0m[2m:[0m 🔍 Fetching transaction details for: 0x4edeee81401615129519384fe1dcf137e83798255934d4035285e10fef9d5355
[2m2025-12-10T12:07:55.112593Z[0m [34mDEBUG[0m [2methereum_transaction_pool_monitor::eth_client[0m[2m:[0m 🔍 Fetching transaction details for hash: 0x4edeee81401615129519384fe1dcf137e83798255934d4035285e10fef9d5355
[2m2025-12-10T12:07:55.112671Z[0m [34mDEBUG[0m [2mhyper::client::pool[0m[2m:[0m reuse idle connection for ("http", 192.168.0.14:8545)
[2m2025-12-10T12:07:55.112763Z[0m [34mDEBUG[0m [2mhyper::proto::h1::io[0m[2m:[0m flushed 250 bytes
[2m2025-12-10T12:07:55.112825Z[0m [34mDEBUG[0m [2mhyper::client::pool[0m[2m:[0m reuse idle connection for ("http", 192.168.0.14:8545)
[2m2025-12-10T12:07:55.112830Z[0m [34mDEBUG[0m [2methereum_transaction_pool_monitor::eth_client[0m[2m:[0m 📨 Received WebSocket message: {"jsonrpc":"2.0","method":"eth_subscription","params":{"subscription":"0x47c11399886b6549da0ab4d02eced7c9","result":"0x6be50a43c08a742dbdd393025ec5c7b8a8ce520ab0c0667f5c4e647dfc8a8fc7"}}
[2m2025-12-10T12:07:55.112855Z[0m [34mDEBUG[0m [2mhyper::proto::h1::io[0m[2m:[0m flushed 172 bytes
[2m2025-12-10T12:07:55.112855Z[0m [34mDEBUG[0m [2methereum_transaction_pool_monitor::eth_client[0m[2m:[0m 📨 Received pending transaction: 0x6be50a43c08a742dbdd393025ec5c7b8a8ce520ab0c0667f5c4e647dfc8a8fc7
[2m2025-12-10T12:07:55.112876Z[0m [34mDEBUG[0m [2methereum_transaction_pool_monitor::eth_client[0m[2m:[0m 📨 Received WebSocket message: {"jsonrpc":"2.0","method":"eth_subscription","params":{"subscription":"0x47c11399886b6549da0ab4d02eced7c9","result":"0x8760b6fc47bb2948634ab8a7d5a494a1861cfb15b93e2d742831fdebcc46de8a"}}
[2m2025-12-10T12:07:55.112893Z[0m [34mDEBUG[0m [2methereum_transaction_pool_monitor::eth_client[0m[2m:[0m 📨 Received pending transaction: 0x8760b6fc47bb2948634ab8a7d5a494a1861cfb15b93e2d742831fdebcc46de8a
[2m2025-12-10T12:07:55.112904Z[0m [34mDEBUG[0m [2methereum_transaction_pool_monitor::eth_client[0m[2m:[0m 📨 Received WebSocket message: {"jsonrpc":"2.0","method":"eth_subscription","params":{"subscription":"0x47c11399886b6549da0ab4d02eced7c9","result":"0xc2cd3f7a31feba1c19fc84f27ace34bf4b2ca2fe609f6e4f30d2607da8188e96"}}
[2m2025-12-10T12:07:55.112920Z[0m [34mDEBUG[0m [2methereum_transaction_pool_monitor::eth_client[0m[2m:[0m 📨 Received pending transaction: 0xc2cd3f7a31feba1c19fc84f27ace34bf4b2ca2fe609f6e4f30d2607da8188e96
[2m2025-12-10T12:07:55.112931Z[0m [34mDEBUG[0m [2methereum_transaction_pool_monitor::eth_client[0m[2m:[0m 📨 Received WebSocket message: {"jsonrpc":"2.0","method":"eth_subscription","params":{"subscription":"0x47c11399886b6549da0ab4d02eced7c9","result":"0x848962ed61457f6868d2b4ccfaa5dcd74c5c18f1c154d4e9079938eb39da91c2"}}
[2m2025-12-10T12:07:55.112948Z[0m [34mDEBUG[0m [2methereum_transaction_pool_monitor::eth_client[0m[2m:[0m 📨 Received pending transaction: 0x848962ed61457f6868d2b4ccfaa5dcd74c5c18f1c154d4e9079938eb39da91c2
[2m2025-12-10T12:07:55.112958Z[0m [34mDEBUG[0m [2methereum_transaction_pool_monitor::eth_client[0m[2m:[0m 📨 Received WebSocket message: {"jsonrpc":"2.0","method":"eth_subscription","params":{"subscription":"0x47c11399886b6549da0ab4d02eced7c9","result":"0xef540c88dab2514cc4f8d16db5ce19b2d969668614fb7fedab9d1a54429fd8c8"}}
[2m2025-12-10T12:07:55.112973Z[0m [34mDEBUG[0m [2methereum_transaction_pool_monitor::eth_client[0m[2m:[0m 📨 Received pending transaction: 0xef540c88dab2514cc4f8d16db5ce19b2d969668614fb7fedab9d1a54429fd8c8
[2m2025-12-10T12:07:55.119780Z[0m [34mDEBUG[0m [2mhyper::proto::h1::io[0m[2m:[0m parsed 4 headers
[2m2025-12-10T12:07:55.123151Z[0m [34mDEBUG[0m [2mhyper::proto::h1::conn[0m[2m:[0m incoming body is content-length (45 bytes)
[2m2025-12-10T12:07:55.123202Z[0m [34mDEBUG[0m [2mhyper::proto::h1::conn[0m[2m:[0m incoming body completed
[2m2025-12-10T12:07:55.123234Z[0m [34mDEBUG[0m [2mhyper::client::pool[0m[2m:[0m pooling idle connection for ("http", 192.168.0.14:8545)
[2m2025-12-10T12:07:55.123298Z[0m [34mDEBUG[0m [2mhyper::client::pool[0m[2m:[0m reuse idle connection for ("http", 192.168.0.14:8545)
[2m2025-12-10T12:07:55.123340Z[0m [34mDEBUG[0m [2mhyper::proto::h1::io[0m[2m:[0m flushed 172 bytes
[2m2025-12-10T12:07:55.123348Z[0m [34mDEBUG[0m [2mhyper::proto::h1::io[0m[2m:[0m parsed 4 headers
[2m2025-12-10T12:07:55.123357Z[0m [34mDEBUG[0m [2mhyper::proto::h1::conn[0m[2m:[0m incoming body is content-length (681 bytes)
[2m2025-12-10T12:07:55.123370Z[0m [34mDEBUG[0m [2mhyper::proto::h1::conn[0m[2m:[0m incoming body completed
[2m2025-12-10T12:07:55.123388Z[0m [34mDEBUG[0m [2mhyper::client::pool[0m[2m:[0m pooling idle connection for ("http", 192.168.0.14:8545)
[2m2025-12-10T12:07:55.123398Z[0m [34mDEBUG[0m [2methereum_transaction_pool_monitor::eth_client[0m[2m:[0m 📡 Transaction fetch RPC completed in 10.796208ms
[2m2025-12-10T12:07:55.123426Z[0m [34mDEBUG[0m [2methereum_transaction_pool_monitor::eth_client[0m[2m:[0m DeFi transaction detected - Address: 0xdac17f958d2ee523a2206206994597c13d831ec7, Type: Stablecoin, Value: 0 ETH, Gas: 0.19 Gwei
[2m2025-12-10T12:07:55.123475Z[0m [34mDEBUG[0m [2methereum_transaction_pool_monitor::eth_client[0m[2m:[0m ✅ Transaction 0x4edeee81401615129519384fe1dcf137e83798255934d4035285e10fef9d5355 fetched and parsed in 10.873ms
[2m2025-12-10T12:07:55.123489Z[0m [34mDEBUG[0m [2methereum_transaction_pool_monitor::mempool_monitor[0m[2m:[0m 🔍 Skipping tx 0x4edeee81401615129519384fe1dcf137e83798255934d4035285e10fef9d5355 - not a DEX interaction (target: 0xdAC17F958D2ee523a2206206994597C13D831ec7)
[2m2025-12-10T12:07:55.123546Z[0m [34mDEBUG[0m [2methereum_transaction_pool_monitor::mempool_monitor[0m[2m:[0m 📨 Processing new pending transaction: 0x46556ba196bc51a27c19ad1d795bb8da4a5ed790a523ce0f0ecca506f8a4deef
[2m2025-12-10T12:07:55.123554Z[0m [34mDEBUG[0m [2methereum_transaction_pool_monitor::mempool_monitor[0m[2m:[0m 🔍 Fetching transaction details for: 0x46556ba196bc51a27c19ad1d795bb8da4a5ed790a523ce0f0ecca506f8a4deef
[2m2025-12-10T12:07:55.123561Z[0m [34mDEBUG[0m [2methereum_transaction_pool_monitor::eth_client[0m[2m:[0m 🔍 Fetching transaction details for hash: 0x46556ba196bc51a27c19ad1d795bb8da4a5ed790a523ce0f0ecca506f8a4deef
[2m2025-12-10T12:07:55.123587Z[0m [34mDEBUG[0m [2mhyper::client::pool[0m[2m:[0m reuse idle connection for ("http", 192.168.0.14:8545)
[2m2025-12-10T12:07:55.123610Z[0m [34mDEBUG[0m [2mhyper::proto::h1::io[0m[2m:[0m flushed 250 bytes
[2m2025-12-10T12:07:55.134787Z[0m [34mDEBUG[0m [2methereum_transaction_pool_monitor::eth_client[0m[2m:[0m 📨 Received WebSocket message: {"jsonrpc":"2.0","method":"eth_subscription","params":{"subscription":"0x47c11399886b6549da0ab4d02eced7c9","result":"0x7af95640288872cddf54edd190686db0deda4ebd4f4648f6c9e0359c9f1d2819"}}
[2m2025-12-10T12:07:55.134827Z[0m [34mDEBUG[0m [2methereum_transaction_pool_monitor::eth_client[0m[2m:[0m 📨 Received pending transaction: 0x7af95640288872cddf54edd190686db0deda4ebd4f4648f6c9e0359c9f1d2819
[2m2025-12-10T12:07:55.139880Z[0m [34mDEBUG[0m [2methereum_transaction_pool_monitor::eth_client[0m[2m:[0m 📨 Received WebSocket message: {"jsonrpc":"2.0","method":"eth_subscription","params":{"subscription":"0x47c11399886b6549da0ab4d02eced7c9","result":"0x6260883d0f387a805c044a877c88ed64706a29dff939f5309312ceb2a0482901"}}
[2m2025-12-10T12:07:55.139904Z[0m [34mDEBUG[0m [2methereum_transaction_pool_monitor::eth_client[0m[2m:[0m 📨 Received pending transaction: 0x6260883d0f387a805c044a877c88ed64706a29dff939f5309312ceb2a0482901
[2m2025-12-10T12:07:55.139917Z[0m [34mDEBUG[0m [2methereum_transaction_pool_monitor::eth_client[0m[2m:[0m 📨 Received WebSocket message: {"jsonrpc":"2.0","method":"eth_subscription","params":{"subscription":"0x47c11399886b6549da0ab4d02eced7c9","result":"0xcc8e26db377b1291d686cd082035b4220a584c38f7af091516cc3475e272ab1c"}}
[2m2025-12-10T12:07:55.139937Z[0m [34mDEBUG[0m [2methereum_transaction_pool_monitor::eth_client[0m[2m:[0m 📨 Received pending transaction: 0xcc8e26db377b1291d686cd082035b4220a584c38f7af091516cc3475e272ab1c
[2m2025-12-10T12:07:55.139974Z[0m [34mDEBUG[0m [2mhyper::proto::h1::io[0m[2m:[0m parsed 4 headers
[2m2025-12-10T12:07:55.139981Z[0m [34mDEBUG[0m [2mhyper::proto::h1::conn[0m[2m:[0m incoming body is content-length (45 bytes)
[2m2025-12-10T12:07:55.139991Z[0m [34mDEBUG[0m [2mhyper::proto::h1::conn[0m[2m:[0m incoming body completed
[2m2025-12-10T12:07:55.140008Z[0m [34mDEBUG[0m [2mhyper::client::pool[0m[2m:[0m pooling idle connection for ("http", 192.168.0.14:8545)
[2m2025-12-10T12:07:55.140738Z[0m [34mDEBUG[0m [2mhyper::proto::h1::io[0m[2m:[0m parsed 4 headers
[2m2025-12-10T12:07:55.140744Z[0m [34mDEBUG[0m [2mhyper::proto::h1::conn[0m[2m:[0m incoming body is content-length (558 bytes)
[2m2025-12-10T12:07:55.140753Z[0m [34mDEBUG[0m [2mhyper::proto::h1::conn[0m[2m:[0m incoming body completed
[2m2025-12-10T12:07:55.140767Z[0m [34mDEBUG[0m [2mhyper::client::pool[0m[2m:[0m pooling idle connection for ("http", 192.168.0.14:8545)
[2m2025-12-10T12:07:55.140778Z[0m [34mDEBUG[0m [2methereum_transaction_pool_monitor::eth_client[0m[2m:[0m 📡 Transaction fetch RPC completed in 17.208792ms
[2m2025-12-10T12:07:55.324772Z[0m [34mDEBUG[0m [2methereum_transaction_pool_monitor::eth_client[0m[2m:[0m ✅ Transaction 0x46556ba196bc51a27c19ad1d795bb8da4a5ed790a523ce0f0ecca506f8a4deef fetched and parsed in 201.198834ms
[2m2025-12-10T12:07:55.324820Z[0m [34mDEBUG[0m [2methereum_transaction_pool_monitor::mempool_monitor[0m[2m:[0m 🔍 Skipping tx 0x46556ba196bc51a27c19ad1d795bb8da4a5ed790a523ce0f0ecca506f8a4deef - not a DEX interaction (target: 0xA80130226fcDBFCf7898ad2f326cf188f6711232)
[2m2025-12-10T12:07:55.324883Z[0m [34mDEBUG[0m [2methereum_transaction_pool_monitor::mempool_monitor[0m[2m:[0m 📨 Processing new pending transaction: 0x5aa404d0fd1d40b9794bbf61ea1f7c14dffad395f8ab93cf3c3c3bc12012a56c
[2m2025-12-10T12:07:55.324894Z[0m [34mDEBUG[0m [2methereum_transaction_pool_monitor::mempool_monitor[0m[2m:[0m 🔍 Fetching transaction details for: 0x5aa404d0fd1d40b9794bbf61ea1f7c14dffad395f8ab93cf3c3c3bc12012a56c
[2m2025-12-10T12:07:55.324905Z[0m [34mDEBUG[0m [2methereum_transaction_pool_monitor::eth_client[0m[2m:[0m 🔍 Fetching transaction details for hash: 0x5aa404d0fd1d40b9794bbf61ea1f7c14dffad395f8ab93cf3c3c3bc12012a56c
[2m2025-12-10T12:07:55.324990Z[0m [34mDEBUG[0m [2mhyper::client::pool[0m[2m:[0m reuse idle connection for ("http", 192.168.0.14:8545)
[2m2025-12-10T12:07:55.325085Z[0m [34mDEBUG[0m [2mhyper::proto::h1::io[0m[2m:[0m flushed 250 bytes
[2m2025-12-10T12:07:55.325154Z[0m [34mDEBUG[0m [2mhyper::client::pool[0m[2m:[0m reuse idle connection for ("http", 192.168.0.14:8545)
[2m2025-12-10T12:07:55.325154Z[0m [34mDEBUG[0m [2methereum_transaction_pool_monitor::eth_client[0m[2m:[0m 📨 Received WebSocket message: {"jsonrpc":"2.0","method":"eth_subscription","params":{"subscription":"0x47c11399886b6549da0ab4d02eced7c9","result":"0x73244b3795f726258f471fc1bd7286f3b0d711627a0dc6c33e3378b11ac4e2e5"}}
[2m2025-12-10T12:07:55.325179Z[0m [34mDEBUG[0m [2methereum_transaction_pool_monitor::eth_client[0m[2m:[0m 📨 Received pending transaction: 0x73244b3795f726258f471fc1bd7286f3b0d711627a0dc6c33e3378b11ac4e2e5
[2m2025-12-10T12:07:55.325189Z[0m [34mDEBUG[0m [2mhyper::proto::h1::io[0m[2m:[0m flushed 172 bytes
[2m2025-12-10T12:07:55.325193Z[0m [34mDEBUG[0m [2methereum_transaction_pool_monitor::eth_client[0m[2m:[0m 📨 Received WebSocket message: {"jsonrpc":"2.0","method":"eth_subscription","params":{"subscription":"0x47c11399886b6549da0ab4d02eced7c9","result":"0x5ff7b65e621587e24df0e6cc68b6b5eee4c54dac614747ac7af641a2c3bae352"}}
[2m2025-12-10T12:07:55.325212Z[0m [34mDEBUG[0m [2methereum_transaction_pool_monitor::eth_client[0m[2m:[0m 📨 Received pending transaction: 0x5ff7b65e621587e24df0e6cc68b6b5eee4c54dac614747ac7af641a2c3bae352
[2m2025-12-10T12:07:55.325224Z[0m [34mDEBUG[0m [2methereum_transaction_pool_monitor::eth_client[0m[2m:[0m 📨 Received WebSocket message: {"jsonrpc":"2.0","method":"eth_subscription","params":{"subscription":"0x47c11399886b6549da0ab4d02eced7c9","result":"0x1821d135f35a723c4092bfc6047124b384e8d62adb477d47001fb157b2c6cb6b"}}
[2m2025-12-10T12:07:55.325241Z[0m [34mDEBUG[0m [2methereum_transaction_pool_monitor::eth_client[0m[2m:[0m 📨 Received pending transaction: 0x1821d135f35a723c4092bfc6047124b384e8d62adb477d47001fb157b2c6cb6b
[2m2025-12-10T12:07:55.325253Z[0m [34mDEBUG[0m [2methereum_transaction_pool_monitor::eth_client[0m[2m:[0m 📨 Received WebSocket message: {"jsonrpc":"2.0","method":"eth_subscription","params":{"subscription":"0x47c11399886b6549da0ab4d02eced7c9","result":"0x57e1c79e53dc3a0d90bd11aee085d63aa374e6ea5370e5fbaa59abd44fa82015"}}
[2m2025-12-10T12:07:55.325270Z[0m [34mDEBUG[0m [2methereum_transaction_pool_monitor::eth_client[0m[2m:[0m 📨 Received pending transaction: 0x57e1c79e53dc3a0d90bd11aee085d63aa374e6ea5370e5fbaa59abd44fa82015
[2m2025-12-10T12:07:55.325280Z[0m [34mDEBUG[0m [2methereum_transaction_pool_monitor::eth_client[0m[2m:[0m 📨 Received WebSocket message: {"jsonrpc":"2.0","method":"eth_subscription","params":{"subscription":"0x47c11399886b6549da0ab4d02eced7c9","result":"0x374680b4b1137405421dfc629c01a5586060ddb6cf2b8c5baebec51b0c40241f"}}
[2m2025-12-10T12:07:55.325296Z[0m [34mDEBUG[0m [2methereum_transaction_pool_monitor::eth_client[0m[2m:[0m 📨 Received pending transaction: 0x374680b4b1137405421dfc629c01a5586060ddb6cf2b8c5baebec51b0c40241f
[2m2025-12-10T12:07:55.325306Z[0m [34mDEBUG[0m [2methereum_transaction_pool_monitor::eth_client[0m[2m:[0m 📨 Received WebSocket message: {"jsonrpc":"2.0","method":"eth_subscription","params":{"subscription":"0x47c11399886b6549da0ab4d02eced7c9","result":"0xd7ed0fc094932cfb4b9c798987d301af3d4edbf373db1eaf8d43f9210dd12070"}}
[2m2025-12-10T12:07:55.325323Z[0m [34mDEBUG[0m [2methereum_transaction_pool_monitor::eth_client[0m[2m:[0m 📨 Received pending transaction: 0xd7ed0fc094932cfb4b9c798987d301af3d4edbf373db1eaf8d43f9210dd12070
[2m2025-12-10T12:07:55.325334Z[0m [34mDEBUG[0m [2methereum_transaction_pool_monitor::eth_client[0m[2m:[0m 📨 Received WebSocket message: {"jsonrpc":"2.0","method":"eth_subscription","params":{"subscription":"0x47c11399886b6549da0ab4d02eced7c9","result":"0x3c71a66f785360b5e48c80baccaa78b273d70ffb251430f73c97065867caa7d7"}}
[2m2025-12-10T12:07:55.325350Z[0m [34mDEBUG[0m [2methereum_transaction_pool_monitor::eth_client[0m[2m:[0m 📨 Received pending transaction: 0x3c71a66f785360b5e48c80baccaa78b273d70ffb251430f73c97065867caa7d7
[2m2025-12-10T12:07:55.325361Z[0m [34mDEBUG[0m [2methereum_transaction_pool_monitor::eth_client[0m[2m:[0m 📨 Received WebSocket message: {"jsonrpc":"2.0","method":"eth_subscription","params":{"subscription":"0x47c11399886b6549da0ab4d02eced7c9","result":"0x33c58c10f7b4f1d8bbfe4bbce2a3f866521df4a4c73567424f7ecaf4c2b51b67"}}
[2m2025-12-10T12:07:55.325378Z[0m [34mDEBUG[0m [2methereum_transaction_pool_monitor::eth_client[0m[2m:[0m 📨 Received pending transaction: 0x33c58c10f7b4f1d8bbfe4bbce2a3f866521df4a4c73567424f7ecaf4c2b51b67
[2m2025-12-10T12:07:55.329834Z[0m [34mDEBUG[0m [2mhyper::proto::h1::io[0m[2m:[0m parsed 4 headers
[2m2025-12-10T12:07:55.329849Z[0m [34mDEBUG[0m [2mhyper::proto::h1::conn[0m[2m:[0m incoming body is content-length (45 bytes)
[2m2025-12-10T12:07:55.329865Z[0m [34mDEBUG[0m [2mhyper::proto::h1::conn[0m[2m:[0m incoming body completed
[2m2025-12-10T12:07:55.329893Z[0m [34mDEBUG[0m [2mhyper::client::pool[0m[2m:[0m pooling idle connection for ("http", 192.168.0.14:8545)
[2m2025-12-10T12:07:55.329959Z[0m [34mDEBUG[0m [2mhyper::client::pool[0m[2m:[0m reuse idle connection for ("http", 192.168.0.14:8545)
[2m2025-12-10T12:07:55.330003Z[0m [34mDEBUG[0m [2mhyper::proto::h1::io[0m[2m:[0m flushed 172 bytes
[2m2025-12-10T12:07:55.341399Z[0m [34mDEBUG[0m [2mhyper::proto::h1::io[0m[2m:[0m parsed 4 headers
[2m2025-12-10T12:07:55.341442Z[0m [34mDEBUG[0m [2mhyper::proto::h1::conn[0m[2m:[0m incoming body is content-length (45 bytes)
[2m2025-12-10T12:07:55.341465Z[0m [34mDEBUG[0m [2mhyper::proto::h1::conn[0m[2m:[0m incoming body completed
[2m2025-12-10T12:07:55.341513Z[0m [34mDEBUG[0m [2mhyper::client::pool[0m[2m:[0m pooling idle connection for ("http", 192.168.0.14:8545)
[2m2025-12-10T12:07:55.341863Z[0m [34mDEBUG[0m [2mhyper::proto::h1::io[0m[2m:[0m parsed 4 headers
[2m2025-12-10T12:07:55.341872Z[0m [34mDEBUG[0m [2mhyper::proto::h1::conn[0m[2m:[0m incoming body is content-length (765 bytes)
[2m2025-12-10T12:07:55.341882Z[0m [34mDEBUG[0m [2mhyper::proto::h1::conn[0m[2m:[0m incoming body completed
[2m2025-12-10T12:07:55.341903Z[0m [34mDEBUG[0m [2mhyper::client::pool[0m[2m:[0m pooling idle connection for ("http", 192.168.0.14:8545)
[2m2025-12-10T12:07:55.341915Z[0m [34mDEBUG[0m [2methereum_transaction_pool_monitor::eth_client[0m[2m:[0m 📡 Transaction fetch RPC completed in 16.999375ms
[2m2025-12-10T12:07:55.341953Z[0m [34mDEBUG[0m [2methereum_transaction_pool_monitor::eth_client[0m[2m:[0m DeFi transaction detected - Address: 0xdac17f958d2ee523a2206206994597c13d831ec7, Type: Stablecoin, Value: 0 ETH, Gas: 0.20 Gwei
[2m2025-12-10T12:07:55.341996Z[0m [34mDEBUG[0m [2methereum_transaction_pool_monitor::eth_client[0m[2m:[0m ✅ Transaction 0x5aa404d0fd1d40b9794bbf61ea1f7c14dffad395f8ab93cf3c3c3bc12012a56c fetched and parsed in 17.080625ms
[2m2025-12-10T12:07:55.342014Z[0m [34mDEBUG[0m [2methereum_transaction_pool_monitor::mempool_monitor[0m[2m:[0m 🔍 Skipping tx 0x5aa404d0fd1d40b9794bbf61ea1f7c14dffad395f8ab93cf3c3c3bc12012a56c - not a DEX interaction (target: 0xdAC17F958D2ee523a2206206994597C13D831ec7)
[2m2025-12-10T12:07:55.342090Z[0m [34mDEBUG[0m [2methereum_transaction_pool_monitor::mempool_monitor[0m[2m:[0m 📨 Processing new pending transaction: 0xc6b15c11a843ced269e0ac386a16eecc7da0f03a4b1857ce32788c12da25c17c
[2m2025-12-10T12:07:55.342102Z[0m [34mDEBUG[0m [2methereum_transaction_pool_monitor::mempool_monitor[0m[2m:[0m 🔍 Fetching transaction details for: 0xc6b15c11a843ced269e0ac386a16eecc7da0f03a4b1857ce32788c12da25c17c
[2m2025-12-10T12:07:55.342111Z[0m [34mDEBUG[0m [2methereum_transaction_pool_monitor::eth_client[0m[2m:[0m 🔍 Fetching transaction details for hash: 0xc6b15c11a843ced269e0ac386a16eecc7da0f03a4b1857ce32788c12da25c17c
[2m2025-12-10T12:07:55.342174Z[0m [34mDEBUG[0m [2mhyper::client::pool[0m[2m:[0m reuse idle connection for ("http", 192.168.0.14:8545)
[2m2025-12-10T12:07:55.342227Z[0m [34mDEBUG[0m [2mhyper::proto::h1::io[0m[2m:[0m flushed 250 bytes
[2m2025-12-10T12:07:55.343502Z[0m [34mDEBUG[0m [2methereum_transaction_pool_monitor::eth_client[0m[2m:[0m 📨 Received WebSocket message: {"jsonrpc":"2.0","method":"eth_subscription","params":{"subscription":"0x47c11399886b6549da0ab4d02eced7c9","result":"0xcf576f5dc1e19b8794cae419a6b62c5bb7e0ef59276d3dce4ad746c2a03c913e"}}
[2m2025-12-10T12:07:55.343523Z[0m [34mDEBUG[0m [2methereum_transaction_pool_monitor::eth_client[0m[2m:[0m 📨 Received pending transaction: 0xcf576f5dc1e19b8794cae419a6b62c5bb7e0ef59276d3dce4ad746c2a03c913e
[2m2025-12-10T12:07:55.347506Z[0m [34mDEBUG[0m [2mhyper::proto::h1::io[0m[2m:[0m parsed 4 headers
[2m2025-12-10T12:07:55.347526Z[0m [34mDEBUG[0m [2mhyper::proto::h1::conn[0m[2m:[0m incoming body is content-length (765 bytes)
[2m2025-12-10T12:07:55.347545Z[0m [34mDEBUG[0m [2mhyper::proto::h1::conn[0m[2m:[0m incoming body completed
[2m2025-12-10T12:07:55.347578Z[0m [34mDEBUG[0m [2mhyper::client::pool[0m[2m:[0m pooling idle connection for ("http", 192.168.0.14:8545)
[2m2025-12-10T12:07:55.347597Z[0m [34mDEBUG[0m [2methereum_transaction_pool_monitor::eth_client[0m[2m:[0m 📡 Transaction fetch RPC completed in 5.475167ms
[2m2025-12-10T12:07:55.347644Z[0m [34mDEBUG[0m [2methereum_transaction_pool_monitor::eth_client[0m[2m:[0m DeFi transaction detected - Address: 0xdac17f958d2ee523a2206206994597c13d831ec7, Type: Stablecoin, Value: 0 ETH, Gas: 0.20 Gwei
[2m2025-12-10T12:07:55.347688Z[0m [34mDEBUG[0m [2methereum_transaction_pool_monitor::eth_client[0m[2m:[0m ✅ Transaction 0xc6b15c11a843ced269e0ac386a16eecc7da0f03a4b1857ce32788c12da25c17c fetched and parsed in 5.567584ms
[2m2025-12-10T12:07:55.347708Z[0m [34mDEBUG[0m [2methereum_transaction_pool_monitor::mempool_monitor[0m[2m:[0m 🔍 Skipping tx 0xc6b15c11a843ced269e0ac386a16eecc7da0f03a4b1857ce32788c12da25c17c - not a DEX interaction (target: 0xdAC17F958D2ee523a2206206994597C13D831ec7)
[2m2025-12-10T12:07:55.347765Z[0m [34mDEBUG[0m [2methereum_transaction_pool_monitor::mempool_monitor[0m[2m:[0m 📨 Processing new pending transaction: 0xca1310c9437a097684a5877656ab5709f21adf481eb704e80f433bb1caa22401
[2m2025-12-10T12:07:55.347775Z[0m [34mDEBUG[0m [2methereum_transaction_pool_monitor::mempool_monitor[0m[2m:[0m 🔍 Fetching transaction details for: 0xca1310c9437a097684a5877656ab5709f21adf481eb704e80f433bb1caa22401
[2m2025-12-10T12:07:55.347783Z[0m [34mDEBUG[0m [2methereum_transaction_pool_monitor::eth_client[0m[2m:[0m 🔍 Fetching transaction details for hash: 0xca1310c9437a097684a5877656ab5709f21adf481eb704e80f433bb1caa22401
[2m2025-12-10T12:07:55.347842Z[0m [34mDEBUG[0m [2mhyper::client::pool[0m[2m:[0m reuse idle connection for ("http", 192.168.0.14:8545)
[2m2025-12-10T12:07:55.347900Z[0m [34mDEBUG[0m [2mhyper::proto::h1::io[0m[2m:[0m flushed 250 bytes
[2m2025-12-10T12:07:55.352721Z[0m [34mDEBUG[0m [2mhyper::proto::h1::io[0m[2m:[0m parsed 4 headers
[2m2025-12-10T12:07:55.352746Z[0m [34mDEBUG[0m [2mhyper::proto::h1::conn[0m[2m:[0m incoming body is content-length (681 bytes)
[2m2025-12-10T12:07:55.352765Z[0m [34mDEBUG[0m [2mhyper::proto::h1::conn[0m[2m:[0m incoming body completed
[2m2025-12-10T12:07:55.352801Z[0m [34mDEBUG[0m [2mhyper::client::pool[0m[2m:[0m pooling idle connection for ("http", 192.168.0.14:8545)
[2m2025-12-10T12:07:55.352822Z[0m [34mDEBUG[0m [2methereum_transaction_pool_monitor::eth_client[0m[2m:[0m 📡 Transaction fetch RPC completed in 5.029209ms
[2m2025-12-10T12:07:55.352870Z[0m [34mDEBUG[0m [2methereum_transaction_pool_monitor::eth_client[0m[2m:[0m DeFi transaction detected - Address: 0xdac17f958d2ee523a2206206994597c13d831ec7, Type: Stablecoin, Value: 0 ETH, Gas: 0.19 Gwei
[2m2025-12-10T12:07:55.352915Z[0m [34mDEBUG[0m [2methereum_transaction_pool_monitor::eth_client[0m[2m:[0m ✅ Transaction 0xca1310c9437a097684a5877656ab5709f21adf481eb704e80f433bb1caa22401 fetched and parsed in 5.122792ms
[2m2025-12-10T12:07:55.352935Z[0m [34mDEBUG[0m [2methereum_transaction_pool_monitor::mempool_monitor[0m[2m:[0m 🔍 Skipping tx 0xca1310c9437a097684a5877656ab5709f21adf481eb704e80f433bb1caa22401 - not a DEX interaction (target: 0xdAC17F958D2ee523a2206206994597C13D831ec7)
[2m2025-12-10T12:07:55.352990Z[0m [34mDEBUG[0m [2methereum_transaction_pool_monitor::mempool_monitor[0m[2m:[0m 📨 Processing new pending transaction: 0x29fa4a38512b38e12326936334334ff088c7e5e9367d3ea76238072da1488084
[2m2025-12-10T12:07:55.352999Z[0m [34mDEBUG[0m [2methereum_transaction_pool_monitor::mempool_monitor[0m[2m:[0m 🔍 Fetching transaction details for: 0x29fa4a38512b38e12326936334334ff088c7e5e9367d3ea76238072da1488084
[2m2025-12-10T12:07:55.353008Z[0m [34mDEBUG[0m [2methereum_transaction_pool_monitor::eth_client[0m[2m:[0m 🔍 Fetching transaction details for hash: 0x29fa4a38512b38e12326936334334ff088c7e5e9367d3ea76238072da1488084
[2m2025-12-10T12:07:55.353080Z[0m [34mDEBUG[0m [2mhyper::client::pool[0m[2m:[0m reuse idle connection for ("http", 192.168.0.14:8545)
[2m2025-12-10T12:07:55.353159Z[0m [34mDEBUG[0m [2mhyper::proto::h1::io[0m[2m:[0m flushed 250 bytes
[2m2025-12-10T12:07:55.355975Z[0m [34mDEBUG[0m [2methereum_transaction_pool_monitor::eth_client[0m[2m:[0m 📨 Received WebSocket message: {"jsonrpc":"2.0","method":"eth_subscription","params":{"subscription":"0x47c11399886b6549da0ab4d02eced7c9","result":"0x72d517aa39967be02f30656eb996807554ec9776683f0d57eb374322a0927232"}}
[2m2025-12-10T12:07:55.355997Z[0m [34mDEBUG[0m [2methereum_transaction_pool_monitor::eth_client[0m[2m:[0m 📨 Received pending transaction: 0x72d517aa39967be02f30656eb996807554ec9776683f0d57eb374322a0927232
[2m2025-12-10T12:07:55.364011Z[0m [34mDEBUG[0m [2mhyper::proto::h1::io[0m[2m:[0m parsed 4 headers
[2m2025-12-10T12:07:55.364020Z[0m [34mDEBUG[0m [2mhyper::proto::h1::conn[0m[2m:[0m incoming body is content-length (653 bytes)
[2m2025-12-10T12:07:55.364045Z[0m [34mDEBUG[0m [2mhyper::proto::h1::conn[0m[2m:[0m incoming body completed
[2m2025-12-10T12:07:55.364066Z[0m [34mDEBUG[0m [2mhyper::client::pool[0m[2m:[0m pooling idle connection for ("http", 192.168.0.14:8545)
[2m2025-12-10T12:07:55.364078Z[0m [34mDEBUG[0m [2methereum_transaction_pool_monitor::eth_client[0m[2m:[0m 📡 Transaction fetch RPC completed in 11.061ms
[2m2025-12-10T12:07:55.547369Z[0m [34mDEBUG[0m [2methereum_transaction_pool_monitor::eth_client[0m[2m:[0m ✅ Transaction 0x29fa4a38512b38e12326936334334ff088c7e5e9367d3ea76238072da1488084 fetched and parsed in 194.349375ms
[2m2025-12-10T12:07:55.547415Z[0m [34mDEBUG[0m [2methereum_transaction_pool_monitor::mempool_monitor[0m[2m:[0m 🔍 Skipping tx 0x29fa4a38512b38e12326936334334ff088c7e5e9367d3ea76238072da1488084 - not a DEX interaction (target: 0xAE31F9dbD388826AE98BeA4383BCF08f528712f5)
[2m2025-12-10T12:07:55.547480Z[0m [34mDEBUG[0m [2methereum_transaction_pool_monitor::mempool_monitor[0m[2m:[0m 📨 Processing new pending transaction: 0x3da565272deabd4d7b9fbd47980bbc2894ff901cb057297c19e729b95f3ab8c7
[2m2025-12-10T12:07:55.547490Z[0m [34mDEBUG[0m [2methereum_transaction_pool_monitor::mempool_monitor[0m[2m:[0m 🔍 Fetching transaction details for: 0x3da565272deabd4d7b9fbd47980bbc2894ff901cb057297c19e729b95f3ab8c7
[2m2025-12-10T12:07:55.547499Z[0m [34mDEBUG[0m [2methereum_transaction_pool_monitor::eth_client[0m[2m:[0m 🔍 Fetching transaction details for hash: 0x3da565272deabd4d7b9fbd47980bbc2894ff901cb057297c19e729b95f3ab8c7
[2m2025-12-10T12:07:55.547573Z[0m [34mDEBUG[0m [2mhyper::client::pool[0m[2m:[0m reuse idle connection for ("http", 192.168.0.14:8545)
[2m2025-12-10T12:07:55.547653Z[0m [34mDEBUG[0m [2mhyper::proto::h1::io[0m[2m:[0m flushed 250 bytes
[2m2025-12-10T12:07:55.547707Z[0m [34mDEBUG[0m [2mhyper::client::pool[0m[2m:[0m reuse idle connection for ("http", 192.168.0.14:8545)
[2m2025-12-10T12:07:55.547712Z[0m [34mDEBUG[0m [2methereum_transaction_pool_monitor::eth_client[0m[2m:[0m 📨 Received WebSocket message: {"jsonrpc":"2.0","method":"eth_subscription","params":{"subscription":"0x47c11399886b6549da0ab4d02eced7c9","result":"0xf02ba84d0154f915d45d6c9e582a2bafef373e2398b197fa394dd80b51063ca5"}}
[2m2025-12-10T12:07:55.547733Z[0m [34mDEBUG[0m [2mhyper::proto::h1::io[0m[2m:[0m flushed 172 bytes
[2m2025-12-10T12:07:55.547734Z[0m [34mDEBUG[0m [2methereum_transaction_pool_monitor::eth_client[0m[2m:[0m 📨 Received pending transaction: 0xf02ba84d0154f915d45d6c9e582a2bafef373e2398b197fa394dd80b51063ca5
[2m2025-12-10T12:07:55.547748Z[0m [34mDEBUG[0m [2methereum_transaction_pool_monitor::eth_client[0m[2m:[0m 📨 Received WebSocket message: {"jsonrpc":"2.0","method":"eth_subscription","params":{"subscription":"0x47c11399886b6549da0ab4d02eced7c9","result":"0x7a259be117031eaf73e7616c7fefec8fa83c077c6a11ff3151c1b03503b058dd"}}
[2m2025-12-10T12:07:55.547765Z[0m [34mDEBUG[0m [2methereum_transaction_pool_monitor::eth_client[0m[2m:[0m 📨 Received pending transaction: 0x7a259be117031eaf73e7616c7fefec8fa83c077c6a11ff3151c1b03503b058dd
[2m2025-12-10T12:07:55.547775Z[0m [34mDEBUG[0m [2methereum_transaction_pool_monitor::eth_client[0m[2m:[0m 📨 Received WebSocket message: {"jsonrpc":"2.0","method":"eth_subscription","params":{"subscription":"0x47c11399886b6549da0ab4d02eced7c9","result":"0xf2b480d5d01e562fc255b8f4cbf3b1cdae4bf60a163e7f81854dd5caf4b6e519"}}
[2m2025-12-10T12:07:55.547791Z[0m [34mDEBUG[0m [2methereum_transaction_pool_monitor::eth_client[0m[2m:[0m 📨 Received pending transaction: 0xf2b480d5d01e562fc255b8f4cbf3b1cdae4bf60a163e7f81854dd5caf4b6e519
[2m2025-12-10T12:07:55.547801Z[0m [34mDEBUG[0m [2methereum_transaction_pool_monitor::eth_client[0m[2m:[0m 📨 Received WebSocket message: {"jsonrpc":"2.0","method":"eth_subscription","params":{"subscription":"0x47c11399886b6549da0ab4d02eced7c9","result":"0x761de508206b3aea66fc2122fa10cf5e845eb052e85e598b001dc080869f8ec5"}}
[2m2025-12-10T12:07:55.547817Z[0m [34mDEBUG[0m [2methereum_transaction_pool_monitor::eth_client[0m[2m:[0m 📨 Received pending transaction: 0x761de508206b3aea66fc2122fa10cf5e845eb052e85e598b001dc080869f8ec5
[2m2025-12-10T12:07:55.555847Z[0m [34mDEBUG[0m [2mhyper::proto::h1::io[0m[2m:[0m parsed 4 headers
[2m2025-12-10T12:07:55.555858Z[0m [34mDEBUG[0m [2mhyper::proto::h1::conn[0m[2m:[0m incoming body is content-length (45 bytes)
[2m2025-12-10T12:07:55.555872Z[0m [34mDEBUG[0m [2mhyper::proto::h1::conn[0m[2m:[0m incoming body completed
[2m2025-12-10T12:07:55.555895Z[0m [34mDEBUG[0m [2mhyper::client::pool[0m[2m:[0m pooling idle connection for ("http", 192.168.0.14:8545)
[2m2025-12-10T12:07:55.555948Z[0m [34mDEBUG[0m [2mhyper::client::pool[0m[2m:[0m reuse idle connection for ("http", 192.168.0.14:8545)
[2m2025-12-10T12:07:55.555981Z[0m [34mDEBUG[0m [2mhyper::proto::h1::io[0m[2m:[0m flushed 172 bytes
[2m2025-12-10T12:07:55.556570Z[0m [34mDEBUG[0m [2mhyper::proto::h1::io[0m[2m:[0m parsed 4 headers
[2m2025-12-10T12:07:55.556576Z[0m [34mDEBUG[0m [2mhyper::proto::h1::conn[0m[2m:[0m incoming body is content-length (681 bytes)
[2m2025-12-10T12:07:55.556585Z[0m [34mDEBUG[0m [2mhyper::proto::h1::conn[0m[2m:[0m incoming body completed
[2m2025-12-10T12:07:55.556602Z[0m [34mDEBUG[0m [2mhyper::client::pool[0m[2m:[0m pooling idle connection for ("http", 192.168.0.14:8545)
[2m2025-12-10T12:07:55.556612Z[0m [34mDEBUG[0m [2methereum_transaction_pool_monitor::eth_client[0m[2m:[0m 📡 Transaction fetch RPC completed in 9.102791ms
[2m2025-12-10T12:07:55.556656Z[0m [34mDEBUG[0m [2methereum_transaction_pool_monitor::eth_client[0m[2m:[0m DeFi transaction detected - Address: 0xdac17f958d2ee523a2206206994597c13d831ec7, Type: Stablecoin, Value: 0 ETH, Gas: 0.19 Gwei
[2m2025-12-10T12:07:55.556709Z[0m [34mDEBUG[0m [2methereum_transaction_pool_monitor::eth_client[0m[2m:[0m ✅ Transaction 0x3da565272deabd4d7b9fbd47980bbc2894ff901cb057297c19e729b95f3ab8c7 fetched and parsed in 9.199875ms
[2m2025-12-10T12:07:55.556723Z[0m [34mDEBUG[0m [2methereum_transaction_pool_monitor::mempool_monitor[0m[2m:[0m 🔍 Skipping tx 0x3da565272deabd4d7b9fbd47980bbc2894ff901cb057297c19e729b95f3ab8c7 - not a DEX interaction (target: 0xdAC17F958D2ee523a2206206994597C13D831ec7)
[2m2025-12-10T12:07:55.556764Z[0m [34mDEBUG[0m [2methereum_transaction_pool_monitor::mempool_monitor[0m[2m:[0m 📨 Processing new pending transaction: 0xc9c0c9be875c5eee7f676000ed165a5863ba8daf9fdcda7acd960156e166fb4a
[2m2025-12-10T12:07:55.556774Z[0m [34mDEBUG[0m [2methereum_transaction_pool_monitor::mempool_monitor[0m[2m:[0m 🔍 Fetching transaction details for: 0xc9c0c9be875c5eee7f676000ed165a5863ba8daf9fdcda7acd960156e166fb4a
[2m2025-12-10T12:07:55.556783Z[0m [34mDEBUG[0m [2methereum_transaction_pool_monitor::eth_client[0m[2m:[0m 🔍 Fetching transaction details for hash: 0xc9c0c9be875c5eee7f676000ed165a5863ba8daf9fdcda7acd960156e166fb4a
[2m2025-12-10T12:07:55.556807Z[0m [34mDEBUG[0m [2mhyper::client::pool[0m[2m:[0m reuse idle connection for ("http", 192.168.0.14:8545)
[2m2025-12-10T12:07:55.556836Z[0m [34mDEBUG[0m [2mhyper::proto::h1::io[0m[2m:[0m flushed 250 bytes
[2m2025-12-10T12:07:55.569940Z[0m [34mDEBUG[0m [2mhyper::proto::h1::io[0m[2m:[0m parsed 4 headers
[2m2025-12-10T12:07:55.569955Z[0m [34mDEBUG[0m [2mhyper::proto::h1::conn[0m[2m:[0m incoming body is content-length (45 bytes)
[2m2025-12-10T12:07:55.569965Z[0m [34mDEBUG[0m [2mhyper::proto::h1::conn[0m[2m:[0m incoming body completed
[2m2025-12-10T12:07:55.569982Z[0m [34mDEBUG[0m [2mhyper::client::pool[0m[2m:[0m pooling idle connection for ("http", 192.168.0.14:8545)
[2m2025-12-10T12:07:55.571366Z[0m [34mDEBUG[0m [2mhyper::proto::h1::io[0m[2m:[0m parsed 4 headers
[2m2025-12-10T12:07:55.571388Z[0m [34mDEBUG[0m [2mhyper::proto::h1::conn[0m[2m:[0m incoming body is content-length (681 bytes)
[2m2025-12-10T12:07:55.571396Z[0m [34mDEBUG[0m [2mhyper::proto::h1::conn[0m[2m:[0m incoming body completed
[2m2025-12-10T12:07:55.571417Z[0m [34mDEBUG[0m [2mhyper::client::pool[0m[2m:[0m pooling idle connection for ("http", 192.168.0.14:8545)
[2m2025-12-10T12:07:55.571425Z[0m [34mDEBUG[0m [2methereum_transaction_pool_monitor::eth_client[0m[2m:[0m 📡 Transaction fetch RPC completed in 14.63475ms
[2m2025-12-10T12:07:55.571449Z[0m [34mDEBUG[0m [2methereum_transaction_pool_monitor::eth_client[0m[2m:[0m DeFi transaction detected - Address: 0xdac17f958d2ee523a2206206994597c13d831ec7, Type: Stablecoin, Value: 0 ETH, Gas: 0.19 Gwei
[2m2025-12-10T12:07:55.571480Z[0m [34mDEBUG[0m [2methereum_transaction_pool_monitor::eth_client[0m[2m:[0m ✅ Transaction 0xc9c0c9be875c5eee7f676000ed165a5863ba8daf9fdcda7acd960156e166fb4a fetched and parsed in 14.689375ms
[2m2025-12-10T12:07:55.571492Z[0m [34mDEBUG[0m [2methereum_transaction_pool_monitor::mempool_monitor[0m[2m:[0m 🔍 Skipping tx 0xc9c0c9be875c5eee7f676000ed165a5863ba8daf9fdcda7acd960156e166fb4a - not a DEX interaction (target: 0xdAC17F958D2ee523a2206206994597C13D831ec7)
[2m2025-12-10T12:07:55.571532Z[0m [34mDEBUG[0m [2methereum_transaction_pool_monitor::mempool_monitor[0m[2m:[0m 📨 Processing new pending transaction: 0xbe8b3984abb3e27745d4d47fbcba1e7d779bf52ff09a852d4ef89cd3c9005ee4
[2m2025-12-10T12:07:55.571540Z[0m [34mDEBUG[0m [2methereum_transaction_pool_monitor::mempool_monitor[0m[2m:[0m 🔍 Fetching transaction details for: 0xbe8b3984abb3e27745d4d47fbcba1e7d779bf52ff09a852d4ef89cd3c9005ee4
[2m2025-12-10T12:07:55.571547Z[0m [34mDEBUG[0m [2methereum_transaction_pool_monitor::eth_client[0m[2m:[0m 🔍 Fetching transaction details for hash: 0xbe8b3984abb3e27745d4d47fbcba1e7d779bf52ff09a852d4ef89cd3c9005ee4
[2m2025-12-10T12:07:55.571571Z[0m [34mDEBUG[0m [2mhyper::client::pool[0m[2m:[0m reuse idle connection for ("http", 192.168.0.14:8545)
[2m2025-12-10T12:07:55.571593Z[0m [34mDEBUG[0m [2mhyper::proto::h1::io[0m[2m:[0m flushed 250 bytes
[2m2025-12-10T12:07:55.576587Z[0m [34mDEBUG[0m [2mhyper::proto::h1::io[0m[2m:[0m parsed 4 headers
[2m2025-12-10T12:07:55.576598Z[0m [34mDEBUG[0m [2mhyper::proto::h1::conn[0m[2m:[0m incoming body is content-length (645 bytes)
[2m2025-12-10T12:07:55.576618Z[0m [34mDEBUG[0m [2mhyper::proto::h1::conn[0m[2m:[0m incoming body completed
[2m2025-12-10T12:07:55.576630Z[0m [34mDEBUG[0m [2mhyper::client::pool[0m[2m:[0m pooling idle connection for ("http", 192.168.0.14:8545)
[2m2025-12-10T12:07:55.576639Z[0m [34mDEBUG[0m [2methereum_transaction_pool_monitor::eth_client[0m[2m:[0m 📡 Transaction fetch RPC completed in 5.08375ms
[2m2025-12-10T12:07:55.760563Z[0m [34mDEBUG[0m [2methereum_transaction_pool_monitor::eth_client[0m[2m:[0m ✅ Transaction 0xbe8b3984abb3e27745d4d47fbcba1e7d779bf52ff09a852d4ef89cd3c9005ee4 fetched and parsed in 189.005ms
[2m2025-12-10T12:07:55.760596Z[0m [34mDEBUG[0m [2methereum_transaction_pool_monitor::mempool_monitor[0m[2m:[0m 🔍 Skipping tx 0xbe8b3984abb3e27745d4d47fbcba1e7d779bf52ff09a852d4ef89cd3c9005ee4 - not a DEX interaction (target: 0x9A3f1C8E6c02C6bA24Bed7C9EF339dA7EB762768)
[2m2025-12-10T12:07:55.760653Z[0m [34mDEBUG[0m [2methereum_transaction_pool_monitor::mempool_monitor[0m[2m:[0m 📨 Processing new pending transaction: 0xf6f57ac03595032007725f19bde1c96c36d98e2508fc62281f7170040e29991d
[2m2025-12-10T12:07:55.760663Z[0m [34mDEBUG[0m [2methereum_transaction_pool_monitor::mempool_monitor[0m[2m:[0m 🔍 Fetching transaction details for: 0xf6f57ac03595032007725f19bde1c96c36d98e2508fc62281f7170040e29991d
[2m2025-12-10T12:07:55.760672Z[0m [34mDEBUG[0m [2methereum_transaction_pool_monitor::eth_client[0m[2m:[0m 🔍 Fetching transaction details for hash: 0xf6f57ac03595032007725f19bde1c96c36d98e2508fc62281f7170040e29991d
[2m2025-12-10T12:07:55.760741Z[0m [34mDEBUG[0m [2mhyper::client::pool[0m[2m:[0m reuse idle connection for ("http", 192.168.0.14:8545)
[2m2025-12-10T12:07:55.760821Z[0m [34mDEBUG[0m [2mhyper::proto::h1::io[0m[2m:[0m flushed 250 bytes
[2m2025-12-10T12:07:55.760879Z[0m [34mDEBUG[0m [2mhyper::client::pool[0m[2m:[0m reuse idle connection for ("http", 192.168.0.14:8545)
[2m2025-12-10T12:07:55.760905Z[0m [34mDEBUG[0m [2mhyper::proto::h1::io[0m[2m:[0m flushed 172 bytes
[2m2025-12-10T12:07:55.769611Z[0m [34mDEBUG[0m [2mhyper::proto::h1::io[0m[2m:[0m parsed 4 headers
[2m2025-12-10T12:07:55.769623Z[0m [34mDEBUG[0m [2mhyper::proto::h1::conn[0m[2m:[0m incoming body is content-length (45 bytes)
[2m2025-12-10T12:07:55.769659Z[0m [34mDEBUG[0m [2mhyper::proto::h1::conn[0m[2m:[0m incoming body completed
[2m2025-12-10T12:07:55.769687Z[0m [34mDEBUG[0m [2mhyper::client::pool[0m[2m:[0m pooling idle connection for ("http", 192.168.0.14:8545)
[2m2025-12-10T12:07:55.769747Z[0m [34mDEBUG[0m [2mhyper::client::pool[0m[2m:[0m reuse idle connection for ("http", 192.168.0.14:8545)
[2m2025-12-10T12:07:55.769780Z[0m [34mDEBUG[0m [2mhyper::proto::h1::io[0m[2m:[0m flushed 172 bytes
[2m2025-12-10T12:07:55.778861Z[0m [34mDEBUG[0m [2mhyper::proto::h1::io[0m[2m:[0m parsed 4 headers
[2m2025-12-10T12:07:55.781825Z[0m [34mDEBUG[0m [2mhyper::proto::h1::conn[0m[2m:[0m incoming body is content-length (1731 bytes)
[2m2025-12-10T12:07:55.781873Z[0m [34mDEBUG[0m [2methereum_transaction_pool_monitor::eth_client[0m[2m:[0m 📡 Transaction fetch RPC completed in 21.190958ms
[2m2025-12-10T12:07:55.781902Z[0m [34mDEBUG[0m [2mhyper::proto::h1::conn[0m[2m:[0m incoming body completed
[2m2025-12-10T12:07:55.781922Z[0m [34mDEBUG[0m [2mhyper::client::pool[0m[2m:[0m pooling idle connection for ("http", 192.168.0.14:8545)
[2m2025-12-10T12:07:55.782605Z[0m [34mDEBUG[0m [2mhyper::proto::h1::io[0m[2m:[0m parsed 4 headers
[2m2025-12-10T12:07:55.782612Z[0m [34mDEBUG[0m [2mhyper::proto::h1::conn[0m[2m:[0m incoming body is content-length (45 bytes)
[2m2025-12-10T12:07:55.782621Z[0m [34mDEBUG[0m [2mhyper::proto::h1::conn[0m[2m:[0m incoming body completed
[2m2025-12-10T12:07:55.782634Z[0m [34mDEBUG[0m [2mhyper::client::pool[0m[2m:[0m pooling idle connection for ("http", 192.168.0.14:8545)
[2m2025-12-10T12:07:55.791220Z[0m [34mDEBUG[0m [2mhyper::client::pool[0m[2m:[0m reuse idle connection for ("http", 192.168.0.14:8545)
[2m2025-12-10T12:07:55.791231Z[0m [34mDEBUG[0m [2methereum_transaction_pool_monitor::eth_client[0m[2m:[0m 📨 Received WebSocket message: {"jsonrpc":"2.0","method":"eth_subscription","params":{"subscription":"0x47c11399886b6549da0ab4d02eced7c9","result":"0x44da5f947e27d5a75ccef12226ae2f5e4866d95f82398350799716cb10d7d0c0"}}
[2m2025-12-10T12:07:55.791256Z[0m [34mDEBUG[0m [2methereum_transaction_pool_monitor::eth_client[0m[2m:[0m 📨 Received pending transaction: 0x44da5f947e27d5a75ccef12226ae2f5e4866d95f82398350799716cb10d7d0c0
[2m2025-12-10T12:07:55.791267Z[0m [34mDEBUG[0m [2mhyper::proto::h1::io[0m[2m:[0m flushed 172 bytes
[2m2025-12-10T12:07:55.797598Z[0m [34mDEBUG[0m [2mhyper::proto::h1::io[0m[2m:[0m parsed 4 headers
[2m2025-12-10T12:07:55.797608Z[0m [34mDEBUG[0m [2mhyper::proto::h1::conn[0m[2m:[0m incoming body is content-length (45 bytes)
[2m2025-12-10T12:07:55.797624Z[0m [34mDEBUG[0m [2mhyper::proto::h1::conn[0m[2m:[0m incoming body completed
[2m2025-12-10T12:07:55.797643Z[0m [34mDEBUG[0m [2mhyper::client::pool[0m[2m:[0m pooling idle connection for ("http", 192.168.0.14:8545)
[2m2025-12-10T12:07:55.873064Z[0m [34mDEBUG[0m [2methereum_transaction_pool_monitor::eth_client[0m[2m:[0m 📨 Received WebSocket message: {"jsonrpc":"2.0","method":"eth_subscription","params":{"subscription":"0x47c11399886b6549da0ab4d02eced7c9","result":"0xb2416e09c14ca0d0f678cc2b5f1e3ff44ca2a3c7d6558522bd2a24a2950cb6f7"}}
[2m2025-12-10T12:07:55.873109Z[0m [34mDEBUG[0m [2methereum_transaction_pool_monitor::eth_client[0m[2m:[0m 📨 Received pending transaction: 0xb2416e09c14ca0d0f678cc2b5f1e3ff44ca2a3c7d6558522bd2a24a2950cb6f7
[2m2025-12-10T12:07:55.893217Z[0m [34mDEBUG[0m [2mhyper::client::pool[0m[2m:[0m reuse idle connection for ("http", 192.168.0.14:8545)
[2m2025-12-10T12:07:55.893295Z[0m [34mDEBUG[0m [2mhyper::proto::h1::io[0m[2m:[0m flushed 172 bytes
[2m2025-12-10T12:07:55.896707Z[0m [34mDEBUG[0m [2mhyper::proto::h1::io[0m[2m:[0m parsed 4 headers
[2m2025-12-10T12:07:55.896716Z[0m [34mDEBUG[0m [2mhyper::proto::h1::conn[0m[2m:[0m incoming body is content-length (45 bytes)
[2m2025-12-10T12:07:55.896731Z[0m [34mDEBUG[0m [2mhyper::proto::h1::conn[0m[2m:[0m incoming body completed
[2m2025-12-10T12:07:55.896756Z[0m [34mDEBUG[0m [2mhyper::client::pool[0m[2m:[0m pooling idle connection for ("http", 192.168.0.14:8545)
[2m2025-12-10T12:07:55.965263Z[0m [34mDEBUG[0m [2methereum_transaction_pool_monitor::eth_client[0m[2m:[0m ✅ Transaction 0xf6f57ac03595032007725f19bde1c96c36d98e2508fc62281f7170040e29991d fetched and parsed in 204.578ms
[2m2025-12-10T12:07:55.965304Z[0m [34mDEBUG[0m [2methereum_transaction_pool_monitor::mempool_monitor[0m[2m:[0m 🔍 Skipping tx 0xf6f57ac03595032007725f19bde1c96c36d98e2508fc62281f7170040e29991d - not a DEX interaction (target: 0x601a2aD6CB5949f0529735254189Ba3194221EDF)
[2m2025-12-10T12:07:55.965360Z[0m [34mDEBUG[0m [2methereum_transaction_pool_monitor::mempool_monitor[0m[2m:[0m 📨 Processing new pending transaction: 0xd7f04e40382b5bd4b4ba0d4067de5866cbf41f3afb7f7f0eb9256e37d2a8b00c
[2m2025-12-10T12:07:55.965370Z[0m [34mDEBUG[0m [2methereum_transaction_pool_monitor::mempool_monitor[0m[2m:[0m 🔍 Fetching transaction details for: 0xd7f04e40382b5bd4b4ba0d4067de5866cbf41f3afb7f7f0eb9256e37d2a8b00c
[2m2025-12-10T12:07:55.965379Z[0m [34mDEBUG[0m [2methereum_transaction_pool_monitor::eth_client[0m[2m:[0m 🔍 Fetching transaction details for hash: 0xd7f04e40382b5bd4b4ba0d4067de5866cbf41f3afb7f7f0eb9256e37d2a8b00c
[2m2025-12-10T12:07:55.965451Z[0m [34mDEBUG[0m [2mhyper::client::pool[0m[2m:[0m reuse idle connection for ("http", 192.168.0.14:8545)
[2m2025-12-10T12:07:55.965532Z[0m [34mDEBUG[0m [2mhyper::proto::h1::io[0m[2m:[0m flushed 250 bytes
[2m2025-12-10T12:07:55.971655Z[0m [34mDEBUG[0m [2mhyper::proto::h1::io[0m[2m:[0m parsed 4 headers
[2m2025-12-10T12:07:55.971664Z[0m [34mDEBUG[0m [2mhyper::proto::h1::conn[0m[2m:[0m incoming body is content-length (555 bytes)
[2m2025-12-10T12:07:55.971679Z[0m [34mDEBUG[0m [2mhyper::proto::h1::conn[0m[2m:[0m incoming body completed
[2m2025-12-10T12:07:55.971703Z[0m [34mDEBUG[0m [2mhyper::client::pool[0m[2m:[0m pooling idle connection for ("http", 192.168.0.14:8545)
[2m2025-12-10T12:07:55.971716Z[0m [34mDEBUG[0m [2methereum_transaction_pool_monitor::eth_client[0m[2m:[0m 📡 Transaction fetch RPC completed in 6.328416ms
[2m2025-12-10T12:07:56.156904Z[0m [34mDEBUG[0m [2methereum_transaction_pool_monitor::eth_client[0m[2m:[0m ✅ Transaction 0xd7f04e40382b5bd4b4ba0d4067de5866cbf41f3afb7f7f0eb9256e37d2a8b00c fetched and parsed in 191.510958ms
[2m2025-12-10T12:07:56.156959Z[0m [34mDEBUG[0m [2methereum_transaction_pool_monitor::mempool_monitor[0m[2m:[0m 🔍 Skipping tx 0xd7f04e40382b5bd4b4ba0d4067de5866cbf41f3afb7f7f0eb9256e37d2a8b00c - not a DEX interaction (target: 0x787B8840100d9BaAdD7463f4a73b5BA73B00C6cA)
[2m2025-12-10T12:07:56.157025Z[0m [34mDEBUG[0m [2methereum_transaction_pool_monitor::mempool_monitor[0m[2m:[0m 📨 Processing new pending transaction: 0xe6371130279e29c550a87537b21955b2f2701bbd56b1628eb4d2cb90b635dea8
[2m2025-12-10T12:07:56.157037Z[0m [34mDEBUG[0m [2methereum_transaction_pool_monitor::mempool_monitor[0m[2m:[0m 🔍 Fetching transaction details for: 0xe6371130279e29c550a87537b21955b2f2701bbd56b1628eb4d2cb90b635dea8
[2m2025-12-10T12:07:56.157047Z[0m [34mDEBUG[0m [2methereum_transaction_pool_monitor::eth_client[0m[2m:[0m 🔍 Fetching transaction details for hash: 0xe6371130279e29c550a87537b21955b2f2701bbd56b1628eb4d2cb90b635dea8
[2m2025-12-10T12:07:56.157138Z[0m [34mDEBUG[0m [2mhyper::client::pool[0m[2m:[0m reuse idle connection for ("http", 192.168.0.14:8545)
[2m2025-12-10T12:07:56.157242Z[0m [34mDEBUG[0m [2mhyper::proto::h1::io[0m[2m:[0m flushed 250 bytes
[2m2025-12-10T12:07:56.157310Z[0m [34mDEBUG[0m [2mhyper::client::pool[0m[2m:[0m reuse idle connection for ("http", 192.168.0.14:8545)
[2m2025-12-10T12:07:56.157315Z[0m [34mDEBUG[0m [2methereum_transaction_pool_monitor::eth_client[0m[2m:[0m 📨 Received WebSocket message: {"jsonrpc":"2.0","method":"eth_subscription","params":{"subscription":"0x47c11399886b6549da0ab4d02eced7c9","result":"0x371bc10e5438168973953fb9ff9f56c0b7e0fcf6447777bfaff8060c4c40d9d0"}}
[2m2025-12-10T12:07:56.157339Z[0m [34mDEBUG[0m [2methereum_transaction_pool_monitor::eth_client[0m[2m:[0m 📨 Received pending transaction: 0x371bc10e5438168973953fb9ff9f56c0b7e0fcf6447777bfaff8060c4c40d9d0
[2m2025-12-10T12:07:56.157342Z[0m [34mDEBUG[0m [2mhyper::proto::h1::io[0m[2m:[0m flushed 172 bytes
[2m2025-12-10T12:07:56.160649Z[0m [34mDEBUG[0m [2mhyper::proto::h1::io[0m[2m:[0m parsed 4 headers
[2m2025-12-10T12:07:56.160661Z[0m [34mDEBUG[0m [2mhyper::proto::h1::conn[0m[2m:[0m incoming body is content-length (45 bytes)
[2m2025-12-10T12:07:56.160677Z[0m [34mDEBUG[0m [2mhyper::proto::h1::conn[0m[2m:[0m incoming body completed
[2m2025-12-10T12:07:56.160706Z[0m [34mDEBUG[0m [2mhyper::client::pool[0m[2m:[0m pooling idle connection for ("http", 192.168.0.14:8545)
[2m2025-12-10T12:07:56.160774Z[0m [34mDEBUG[0m [2mhyper::client::pool[0m[2m:[0m reuse idle connection for ("http", 192.168.0.14:8545)
[2m2025-12-10T12:07:56.160810Z[0m [34mDEBUG[0m [2mhyper::proto::h1::io[0m[2m:[0m flushed 172 bytes
[2m2025-12-10T12:07:56.161369Z[0m [34mDEBUG[0m [2mhyper::proto::h1::io[0m[2m:[0m parsed 4 headers
[2m2025-12-10T12:07:56.161377Z[0m [34mDEBUG[0m [2mhyper::proto::h1::conn[0m[2m:[0m incoming body is content-length (3199 bytes)
[2m2025-12-10T12:07:56.161405Z[0m [34mDEBUG[0m [2methereum_transaction_pool_monitor::eth_client[0m[2m:[0m 📡 Transaction fetch RPC completed in 4.349333ms
[2m2025-12-10T12:07:56.162011Z[0m [34mDEBUG[0m [2mhyper::proto::h1::conn[0m[2m:[0m incoming body completed
[2m2025-12-10T12:07:56.162038Z[0m [34mDEBUG[0m [2mhyper::client::pool[0m[2m:[0m pooling idle connection for ("http", 192.168.0.14:8545)
[2m2025-12-10T12:07:56.165426Z[0m [34mDEBUG[0m [2mhyper::proto::h1::io[0m[2m:[0m parsed 4 headers
[2m2025-12-10T12:07:56.165440Z[0m [34mDEBUG[0m [2mhyper::proto::h1::conn[0m[2m:[0m incoming body is content-length (45 bytes)
[2m2025-12-10T12:07:56.165455Z[0m [34mDEBUG[0m [2mhyper::proto::h1::conn[0m[2m:[0m incoming body completed
[2m2025-12-10T12:07:56.165478Z[0m [34mDEBUG[0m [2mhyper::client::pool[0m[2m:[0m pooling idle connection for ("http", 192.168.0.14:8545)
[2m2025-12-10T12:07:56.193639Z[0m [34mDEBUG[0m [2mhyper::client::pool[0m[2m:[0m reuse idle connection for ("http", 192.168.0.14:8545)
[2m2025-12-10T12:07:56.193753Z[0m [34mDEBUG[0m [2mhyper::proto::h1::io[0m[2m:[0m flushed 172 bytes
[2m2025-12-10T12:07:56.196929Z[0m [34mDEBUG[0m [2mhyper::proto::h1::io[0m[2m:[0m parsed 4 headers
[2m2025-12-10T12:07:56.196939Z[0m [34mDEBUG[0m [2mhyper::proto::h1::conn[0m[2m:[0m incoming body is content-length (45 bytes)
[2m2025-12-10T12:07:56.196955Z[0m [34mDEBUG[0m [2mhyper::proto::h1::conn[0m[2m:[0m incoming body completed
[2m2025-12-10T12:07:56.196981Z[0m [34mDEBUG[0m [2mhyper::client::pool[0m[2m:[0m pooling idle connection for ("http", 192.168.0.14:8545)
[2m2025-12-10T12:07:56.248832Z[0m [34mDEBUG[0m [2methereum_transaction_pool_monitor::eth_client[0m[2m:[0m 📨 Received WebSocket message: {"jsonrpc":"2.0","method":"eth_subscription","params":{"subscription":"0x47c11399886b6549da0ab4d02eced7c9","result":"0x78098480c7c305e4f809142542b5fd086d79f1ae9a088205092f624a9eeb6598"}}
[2m2025-12-10T12:07:56.248878Z[0m [34mDEBUG[0m [2methereum_transaction_pool_monitor::eth_client[0m[2m:[0m 📨 Received pending transaction: 0x78098480c7c305e4f809142542b5fd086d79f1ae9a088205092f624a9eeb6598
[2m2025-12-10T12:07:56.255225Z[0m [34mDEBUG[0m [2methereum_transaction_pool_monitor::eth_client[0m[2m:[0m 📨 Received WebSocket message: {"jsonrpc":"2.0","method":"eth_subscription","params":{"subscription":"0x47c11399886b6549da0ab4d02eced7c9","result":"0xa0a42e22cd115b4527bd80b9899d0f5fef0bd1d4cfaec409b87673844f177186"}}
[2m2025-12-10T12:07:56.255251Z[0m [34mDEBUG[0m [2methereum_transaction_pool_monitor::eth_client[0m[2m:[0m 📨 Received pending transaction: 0xa0a42e22cd115b4527bd80b9899d0f5fef0bd1d4cfaec409b87673844f177186
[2m2025-12-10T12:07:56.293368Z[0m [34mDEBUG[0m [2mhyper::client::pool[0m[2m:[0m reuse idle connection for ("http", 192.168.0.14:8545)
[2m2025-12-10T12:07:56.293465Z[0m [34mDEBUG[0m [2mhyper::proto::h1::io[0m[2m:[0m flushed 172 bytes
[2m2025-12-10T12:07:56.296553Z[0m [34mDEBUG[0m [2mhyper::proto::h1::io[0m[2m:[0m parsed 4 headers
[2m2025-12-10T12:07:56.296562Z[0m [34mDEBUG[0m [2mhyper::proto::h1::conn[0m[2m:[0m incoming body is content-length (45 bytes)
[2m2025-12-10T12:07:56.296579Z[0m [34mDEBUG[0m [2mhyper::proto::h1::conn[0m[2m:[0m incoming body completed
[2m2025-12-10T12:07:56.296606Z[0m [34mDEBUG[0m [2mhyper::client::pool[0m[2m:[0m pooling idle connection for ("http", 192.168.0.14:8545)
[2m2025-12-10T12:07:56.313437Z[0m [34mDEBUG[0m [2methereum_transaction_pool_monitor::eth_client[0m[2m:[0m 📨 Received WebSocket message: {"jsonrpc":"2.0","method":"eth_subscription","params":{"subscription":"0x47c11399886b6549da0ab4d02eced7c9","result":"0x990ed53d59fd585e545a4300955dec978157998ca781cfd1a971476f131edd84"}}
[2m2025-12-10T12:07:56.313471Z[0m [34mDEBUG[0m [2methereum_transaction_pool_monitor::eth_client[0m[2m:[0m 📨 Received pending transaction: 0x990ed53d59fd585e545a4300955dec978157998ca781cfd1a971476f131edd84
[2m2025-12-10T12:07:56.347089Z[0m [34mDEBUG[0m [2methereum_transaction_pool_monitor::eth_client[0m[2m:[0m ✅ Transaction 0xe6371130279e29c550a87537b21955b2f2701bbd56b1628eb4d2cb90b635dea8 fetched and parsed in 190.0295ms
[2m2025-12-10T12:07:56.347130Z[0m [34mDEBUG[0m [2methereum_transaction_pool_monitor::mempool_monitor[0m[2m:[0m 🔍 Skipping tx 0xe6371130279e29c550a87537b21955b2f2701bbd56b1628eb4d2cb90b635dea8 - not a DEX interaction (target: 0x2fa17AE5b458c801d75502a7F67A968de06D193F)
[2m2025-12-10T12:07:56.347194Z[0m [34mDEBUG[0m [2methereum_transaction_pool_monitor::mempool_monitor[0m[2m:[0m 📨 Processing new pending transaction: 0xc389bdcf1a36868a5c0cbe02bf1d72e8822294dc131850c338805911cf668fa4
[2m2025-12-10T12:07:56.347204Z[0m [34mDEBUG[0m [2methereum_transaction_pool_monitor::mempool_monitor[0m[2m:[0m 🔍 Fetching transaction details for: 0xc389bdcf1a36868a5c0cbe02bf1d72e8822294dc131850c338805911cf668fa4
[2m2025-12-10T12:07:56.347213Z[0m [34mDEBUG[0m [2methereum_transaction_pool_monitor::eth_client[0m[2m:[0m 🔍 Fetching transaction details for hash: 0xc389bdcf1a36868a5c0cbe02bf1d72e8822294dc131850c338805911cf668fa4
[2m2025-12-10T12:07:56.347284Z[0m [34mDEBUG[0m [2mhyper::client::pool[0m[2m:[0m reuse idle connection for ("http", 192.168.0.14:8545)
[2m2025-12-10T12:07:56.347360Z[0m [34mDEBUG[0m [2mhyper::proto::h1::io[0m[2m:[0m flushed 250 bytes
[2m2025-12-10T12:07:56.356299Z[0m [34mDEBUG[0m [2mhyper::proto::h1::io[0m[2m:[0m parsed 4 headers
[2m2025-12-10T12:07:56.356308Z[0m [34mDEBUG[0m [2mhyper::proto::h1::conn[0m[2m:[0m incoming body is content-length (1061 bytes)
[2m2025-12-10T12:07:56.356327Z[0m [34mDEBUG[0m [2mhyper::proto::h1::conn[0m[2m:[0m incoming body completed
[2m2025-12-10T12:07:56.356360Z[0m [34mDEBUG[0m [2mhyper::client::pool[0m[2m:[0m pooling idle connection for ("http", 192.168.0.14:8545)
[2m2025-12-10T12:07:56.356377Z[0m [34mDEBUG[0m [2methereum_transaction_pool_monitor::eth_client[0m[2m:[0m 📡 Transaction fetch RPC completed in 9.154375ms
[2m2025-12-10T12:07:56.356425Z[0m [34mDEBUG[0m [2methereum_transaction_pool_monitor::eth_client[0m[2m:[0m DeFi transaction detected - Address: 0x7a250d5630b4cf539739df2c5dacb4c659f2488d, Type: DexRouter, Value: 0 ETH, Gas: 0.22 Gwei
[2m2025-12-10T12:07:56.356465Z[0m [34mDEBUG[0m [2methereum_transaction_pool_monitor::eth_client[0m[2m:[0m ✅ Transaction 0xc389bdcf1a36868a5c0cbe02bf1d72e8822294dc131850c338805911cf668fa4 fetched and parsed in 9.242834ms
[2m2025-12-10T12:07:56.356489Z[0m [34mDEBUG[0m [2methereum_transaction_pool_monitor::mempool_monitor[0m[2m:[0m 🎯 Found DEX interaction: 0xc389bdcf1a36868a5c0cbe02bf1d72e8822294dc131850c338805911cf668fa4 -> 0x7a250d5630B4cF539739dF2C5dAcb4c659F2488D
[2m2025-12-10T12:07:56.356529Z[0m [34mDEBUG[0m [2methereum_transaction_pool_monitor::mempool_monitor[0m[2m:[0m 🔄 Converting transaction to mempool format...
[2m2025-12-10T12:07:56.356569Z[0m [34mDEBUG[0m [2methereum_transaction_pool_monitor::mempool_monitor[0m[2m:[0m 🔍 Checking address: 0x7a250d5630b4cf539739df2c5dacb4c659f2488d - Pool: false, Router: true
[2m2025-12-10T12:07:56.356578Z[0m [34mDEBUG[0m [2methereum_transaction_pool_monitor::mempool_monitor[0m[2m:[0m 🔍 Parsing router transaction input to find target pool...
[2m2025-12-10T12:07:56.356595Z[0m [34mDEBUG[0m [2methereum_transaction_pool_monitor::mempool_monitor[0m[2m:[0m 🔍 Router function selector: 0x791ac947
[2m2025-12-10T12:07:56.356610Z[0m [34mDEBUG[0m [2methereum_transaction_pool_monitor::mempool_monitor[0m[2m:[0m 🔍 Unknown router function selector: 0x791ac947
[2m2025-12-10T12:07:56.356617Z[0m [34mDEBUG[0m [2methereum_transaction_pool_monitor::mempool_monitor[0m[2m:[0m 🎯 DEX transaction detected: 0xc389bdcf1a36868a5c0cbe02bf1d72e8822294dc131850c338805911cf668fa4 ($0)
[2m2025-12-10T12:07:56.356626Z[0m [34mDEBUG[0m [2methereum_transaction_pool_monitor::mempool_monitor[0m[2m:[0m 🔄 Proceeding with DEX router transaction despite low ETH value ($0) - analyzing token swap
[2m2025-12-10T12:07:56.356643Z[0m [32m INFO[0m [2methereum_transaction_pool_monitor::mempool_monitor[0m[2m:[0m ✨ Potential MEV target: 0xc389bdcf1a36868a5c0cbe02bf1d72e8822294dc131850c338805911cf668fa4 ($0, 0.0 gwei)
[2m2025-12-10T12:07:56.356652Z[0m [32m INFO[0m [2methereum_transaction_pool_monitor::mempool_monitor[0m[2m:[0m 🧠 Analyzing sandwich opportunity for transaction: 0xc389bdcf1a36868a5c0cbe02bf1d72e8822294dc131850c338805911cf668fa4
[2m2025-12-10T12:07:56.356660Z[0m [34mDEBUG[0m [2methereum_transaction_pool_monitor::mempool_monitor[0m[2m:[0m ❌ No target pool found for victim tx: 0xc389bdcf1a36868a5c0cbe02bf1d72e8822294dc131850c338805911cf668fa4 - skipping
[2m2025-12-10T12:07:56.356669Z[0m [34mDEBUG[0m [2methereum_transaction_pool_monitor::mempool_monitor[0m[2m:[0m 🔍 No sandwich opportunity found for this transaction
[2m2025-12-10T12:07:56.356677Z[0m [34mDEBUG[0m [2methereum_transaction_pool_monitor::mempool_monitor[0m[2m:[0m 📨 Processing new pending transaction: 0xe928182bfc2514ca94d510bab4fe8ff6c9e335047c0e672e65711b14e1f77c54
[2m2025-12-10T12:07:56.356685Z[0m [34mDEBUG[0m [2methereum_transaction_pool_monitor::mempool_monitor[0m[2m:[0m 🔍 Fetching transaction details for: 0xe928182bfc2514ca94d510bab4fe8ff6c9e335047c0e672e65711b14e1f77c54
[2m2025-12-10T12:07:56.356697Z[0m [34mDEBUG[0m [2methereum_transaction_pool_monitor::eth_client[0m[2m:[0m 🔍 Fetching transaction details for hash: 0xe928182bfc2514ca94d510bab4fe8ff6c9e335047c0e672e65711b14e1f77c54
[2m2025-12-10T12:07:56.356735Z[0m [34mDEBUG[0m [2mhyper::client::pool[0m[2m:[0m reuse idle connection for ("http", 192.168.0.14:8545)
[2m2025-12-10T12:07:56.356775Z[0m [34mDEBUG[0m [2mhyper::proto::h1::io[0m[2m:[0m flushed 250 bytes
[2m2025-12-10T12:07:56.360770Z[0m [34mDEBUG[0m [2mhyper::proto::h1::io[0m[2m:[0m parsed 4 headers
[2m2025-12-10T12:07:56.360799Z[0m [34mDEBUG[0m [2mhyper::proto::h1::conn[0m[2m:[0m incoming body is content-length (647 bytes)
[2m2025-12-10T12:07:56.360826Z[0m [34mDEBUG[0m [2mhyper::proto::h1::conn[0m[2m:[0m incoming body completed
[2m2025-12-10T12:07:56.360842Z[0m [34mDEBUG[0m [2mhyper::client::pool[0m[2m:[0m pooling idle connection for ("http", 192.168.0.14:8545)
[2m2025-12-10T12:07:56.360851Z[0m [34mDEBUG[0m [2methereum_transaction_pool_monitor::eth_client[0m[2m:[0m 📡 Transaction fetch RPC completed in 4.147042ms
[2m2025-12-10T12:07:56.545147Z[0m [34mDEBUG[0m [2methereum_transaction_pool_monitor::eth_client[0m[2m:[0m ✅ Transaction 0xe928182bfc2514ca94d510bab4fe8ff6c9e335047c0e672e65711b14e1f77c54 fetched and parsed in 188.43975ms
[2m2025-12-10T12:07:56.545193Z[0m [34mDEBUG[0m [2methereum_transaction_pool_monitor::mempool_monitor[0m[2m:[0m 🔍 Skipping tx 0xe928182bfc2514ca94d510bab4fe8ff6c9e335047c0e672e65711b14e1f77c54 - not a DEX interaction (target: 0x187C2DDd3a2f048c4CE8f9bE2296caABbabe42Aa)
[2m2025-12-10T12:07:56.545254Z[0m [34mDEBUG[0m [2methereum_transaction_pool_monitor::mempool_monitor[0m[2m:[0m 📨 Processing new pending transaction: 0x00c8dcc999af9a9c0d6acfbf87176f23eda660da15f6e29f11435fb563240044
[2m2025-12-10T12:07:56.545263Z[0m [34mDEBUG[0m [2methereum_transaction_pool_monitor::mempool_monitor[0m[2m:[0m 🔍 Fetching transaction details for: 0x00c8dcc999af9a9c0d6acfbf87176f23eda660da15f6e29f11435fb563240044
[2m2025-12-10T12:07:56.545273Z[0m [34mDEBUG[0m [2methereum_transaction_pool_monitor::eth_client[0m[2m:[0m 🔍 Fetching transaction details for hash: 0x00c8dcc999af9a9c0d6acfbf87176f23eda660da15f6e29f11435fb563240044
[2m2025-12-10T12:07:56.545350Z[0m [34mDEBUG[0m [2mhyper::client::pool[0m[2m:[0m reuse idle connection for ("http", 192.168.0.14:8545)
[2m2025-12-10T12:07:56.545426Z[0m [34mDEBUG[0m [2mhyper::proto::h1::io[0m[2m:[0m flushed 250 bytes
[2m2025-12-10T12:07:56.545487Z[0m [34mDEBUG[0m [2mhyper::client::pool[0m[2m:[0m reuse idle connection for ("http", 192.168.0.14:8545)
[2m2025-12-10T12:07:56.545491Z[0m [34mDEBUG[0m [2methereum_transaction_pool_monitor::eth_client[0m[2m:[0m 📨 Received WebSocket message: {"jsonrpc":"2.0","method":"eth_subscription","params":{"subscription":"0x47c11399886b6549da0ab4d02eced7c9","result":"0x6d827968acc7dada13c8a9a862889f2ec67f41dea92c3619c5edb9f8e1d1d44c"}}
[2m2025-12-10T12:07:56.545516Z[0m [34mDEBUG[0m [2mhyper::proto::h1::io[0m[2m:[0m flushed 172 bytes
[2m2025-12-10T12:07:56.545515Z[0m [34mDEBUG[0m [2methereum_transaction_pool_monitor::eth_client[0m[2m:[0m 📨 Received pending transaction: 0x6d827968acc7dada13c8a9a862889f2ec67f41dea92c3619c5edb9f8e1d1d44c
[2m2025-12-10T12:07:56.545534Z[0m [34mDEBUG[0m [2methereum_transaction_pool_monitor::eth_client[0m[2m:[0m 📨 Received WebSocket message: {"jsonrpc":"2.0","method":"eth_subscription","params":{"subscription":"0x47c11399886b6549da0ab4d02eced7c9","result":"0xf5d357ff5991ab91f129922168b865e9f69c2d2395d3ade92ca582dd586fecf2"}}
[2m2025-12-10T12:07:56.545551Z[0m [34mDEBUG[0m [2methereum_transaction_pool_monitor::eth_client[0m[2m:[0m 📨 Received pending transaction: 0xf5d357ff5991ab91f129922168b865e9f69c2d2395d3ade92ca582dd586fecf2
[2m2025-12-10T12:07:56.545563Z[0m [34mDEBUG[0m [2methereum_transaction_pool_monitor::eth_client[0m[2m:[0m 📨 Received WebSocket message: {"jsonrpc":"2.0","method":"eth_subscription","params":{"subscription":"0x47c11399886b6549da0ab4d02eced7c9","result":"0x6fde94663544b898bfc848d35c89a365d28b65ddfeecdc320d32b32a6c2a9ef6"}}
[2m2025-12-10T12:07:56.545587Z[0m [34mDEBUG[0m [2methereum_transaction_pool_monitor::eth_client[0m[2m:[0m 📨 Received pending transaction: 0x6fde94663544b898bfc848d35c89a365d28b65ddfeecdc320d32b32a6c2a9ef6
[2m2025-12-10T12:07:56.553043Z[0m [34mDEBUG[0m [2mhyper::proto::h1::io[0m[2m:[0m parsed 4 headers
[2m2025-12-10T12:07:56.553051Z[0m [34mDEBUG[0m [2mhyper::proto::h1::conn[0m[2m:[0m incoming body is content-length (45 bytes)
[2m2025-12-10T12:07:56.553066Z[0m [34mDEBUG[0m [2mhyper::proto::h1::conn[0m[2m:[0m incoming body completed
[2m2025-12-10T12:07:56.553091Z[0m [34mDEBUG[0m [2mhyper::client::pool[0m[2m:[0m pooling idle connection for ("http", 192.168.0.14:8545)
[2m2025-12-10T12:07:56.553150Z[0m [34mDEBUG[0m [2mhyper::client::pool[0m[2m:[0m reuse idle connection for ("http", 192.168.0.14:8545)
[2m2025-12-10T12:07:56.553188Z[0m [34mDEBUG[0m [2mhyper::proto::h1::io[0m[2m:[0m flushed 172 bytes
[2m2025-12-10T12:07:56.557986Z[0m [34mDEBUG[0m [2mhyper::proto::h1::io[0m[2m:[0m parsed 4 headers
[2m2025-12-10T12:07:56.557992Z[0m [34mDEBUG[0m [2mhyper::proto::h1::conn[0m[2m:[0m incoming body is content-length (45 bytes)
[2m2025-12-10T12:07:56.558003Z[0m [34mDEBUG[0m [2mhyper::proto::h1::conn[0m[2m:[0m incoming body completed
[2m2025-12-10T12:07:56.558026Z[0m [34mDEBUG[0m [2mhyper::client::pool[0m[2m:[0m pooling idle connection for ("http", 192.168.0.14:8545)
[2m2025-12-10T12:07:56.559826Z[0m [34mDEBUG[0m [2mhyper::proto::h1::io[0m[2m:[0m parsed 4 headers
[2m2025-12-10T12:07:56.559842Z[0m [34mDEBUG[0m [2mhyper::proto::h1::conn[0m[2m:[0m incoming body is content-length (743 bytes)
[2m2025-12-10T12:07:56.559851Z[0m [34mDEBUG[0m [2mhyper::proto::h1::conn[0m[2m:[0m incoming body completed
[2m2025-12-10T12:07:56.559873Z[0m [34mDEBUG[0m [2mhyper::client::pool[0m[2m:[0m pooling idle connection for ("http", 192.168.0.14:8545)
[2m2025-12-10T12:07:56.559883Z[0m [34mDEBUG[0m [2methereum_transaction_pool_monitor::eth_client[0m[2m:[0m 📡 Transaction fetch RPC completed in 14.600667ms
[2m2025-12-10T12:07:56.743774Z[0m [34mDEBUG[0m [2methereum_transaction_pool_monitor::eth_client[0m[2m:[0m ✅ Transaction 0x00c8dcc999af9a9c0d6acfbf87176f23eda660da15f6e29f11435fb563240044 fetched and parsed in 198.488334ms
[2m2025-12-10T12:07:56.743823Z[0m [34mDEBUG[0m [2methereum_transaction_pool_monitor::mempool_monitor[0m[2m:[0m 🔍 Skipping tx 0x00c8dcc999af9a9c0d6acfbf87176f23eda660da15f6e29f11435fb563240044 - not a DEX interaction (target: 0xB685760EBD368a891F27ae547391F4E2A289895b)
[2m2025-12-10T12:07:56.743881Z[0m [34mDEBUG[0m [2methereum_transaction_pool_monitor::mempool_monitor[0m[2m:[0m 📨 Processing new pending transaction: 0x5bcad08b20c85c2283697d25b9ba16b03391d613f2f2624723b684c5282ed948
[2m2025-12-10T12:07:56.743892Z[0m [34mDEBUG[0m [2methereum_transaction_pool_monitor::mempool_monitor[0m[2m:[0m 🔍 Fetching transaction details for: 0x5bcad08b20c85c2283697d25b9ba16b03391d613f2f2624723b684c5282ed948
[2m2025-12-10T12:07:56.743902Z[0m [34mDEBUG[0m [2methereum_transaction_pool_monitor::eth_client[0m[2m:[0m 🔍 Fetching transaction details for hash: 0x5bcad08b20c85c2283697d25b9ba16b03391d613f2f2624723b684c5282ed948
[2m2025-12-10T12:07:56.743973Z[0m [34mDEBUG[0m [2mhyper::client::pool[0m[2m:[0m reuse idle connection for ("http", 192.168.0.14:8545)
[2m2025-12-10T12:07:56.744052Z[0m [34mDEBUG[0m [2mhyper::proto::h1::io[0m[2m:[0m flushed 250 bytes
[2m2025-12-10T12:07:56.744114Z[0m [34mDEBUG[0m [2mhyper::client::pool[0m[2m:[0m reuse idle connection for ("http", 192.168.0.14:8545)
[2m2025-12-10T12:07:56.744145Z[0m [34mDEBUG[0m [2mhyper::proto::h1::io[0m[2m:[0m flushed 172 bytes
[2m2025-12-10T12:07:56.748195Z[0m [34mDEBUG[0m [2mhyper::proto::h1::io[0m[2m:[0m parsed 4 headers
[2m2025-12-10T12:07:56.748202Z[0m [34mDEBUG[0m [2mhyper::proto::h1::conn[0m[2m:[0m incoming body is content-length (772 bytes)
[2m2025-12-10T12:07:56.748220Z[0m [34mDEBUG[0m [2mhyper::proto::h1::conn[0m[2m:[0m incoming body completed
[2m2025-12-10T12:07:56.748256Z[0m [34mDEBUG[0m [2mhyper::client::pool[0m[2m:[0m pooling idle connection for ("http", 192.168.0.14:8545)
[2m2025-12-10T12:07:56.748268Z[0m [34mDEBUG[0m [2methereum_transaction_pool_monitor::eth_client[0m[2m:[0m 📡 Transaction fetch RPC completed in 4.35625ms
[2m2025-12-10T12:07:56.931993Z[0m [34mDEBUG[0m [2methereum_transaction_pool_monitor::eth_client[0m[2m:[0m ✅ Transaction 0x5bcad08b20c85c2283697d25b9ba16b03391d613f2f2624723b684c5282ed948 fetched and parsed in 188.077583ms
[2m2025-12-10T12:07:56.932038Z[0m [34mDEBUG[0m [2methereum_transaction_pool_monitor::mempool_monitor[0m[2m:[0m 🔍 Skipping tx 0x5bcad08b20c85c2283697d25b9ba16b03391d613f2f2624723b684c5282ed948 - not a DEX interaction (target: 0xB8f28C60dD8240141185a192fa4156A23E189305)
[2m2025-12-10T12:07:56.932105Z[0m [34mDEBUG[0m [2methereum_transaction_pool_monitor::mempool_monitor[0m[2m:[0m 📨 Processing new pending transaction: 0xb84936ae0dd6b7a8b31bf403e1ac43b3f709ef0abda8adbdef545d76d7c29096
[2m2025-12-10T12:07:56.932118Z[0m [34mDEBUG[0m [2methereum_transaction_pool_monitor::mempool_monitor[0m[2m:[0m 🔍 Fetching transaction details for: 0xb84936ae0dd6b7a8b31bf403e1ac43b3f709ef0abda8adbdef545d76d7c29096
[2m2025-12-10T12:07:56.932128Z[0m [34mDEBUG[0m [2methereum_transaction_pool_monitor::eth_client[0m[2m:[0m 🔍 Fetching transaction details for hash: 0xb84936ae0dd6b7a8b31bf403e1ac43b3f709ef0abda8adbdef545d76d7c29096
[2m2025-12-10T12:07:56.932200Z[0m [34mDEBUG[0m [2mhyper::client::pool[0m[2m:[0m reuse idle connection for ("http", 192.168.0.14:8545)
[2m2025-12-10T12:07:56.932278Z[0m [34mDEBUG[0m [2mhyper::proto::h1::io[0m[2m:[0m flushed 250 bytes
[2m2025-12-10T12:07:56.932326Z[0m [34mDEBUG[0m [2methereum_transaction_pool_monitor::eth_client[0m[2m:[0m 📨 Received WebSocket message: {"jsonrpc":"2.0","method":"eth_subscription","params":{"subscription":"0x47c11399886b6549da0ab4d02eced7c9","result":"0x6806682019fa3d281cdb85b830122925d93ccafdb65cacc525aa40579e6ec59a"}}
[2m2025-12-10T12:07:56.932340Z[0m [34mDEBUG[0m [2mhyper::proto::h1::io[0m[2m:[0m parsed 4 headers
[2m2025-12-10T12:07:56.932349Z[0m [34mDEBUG[0m [2methereum_transaction_pool_monitor::eth_client[0m[2m:[0m 📨 Received pending transaction: 0x6806682019fa3d281cdb85b830122925d93ccafdb65cacc525aa40579e6ec59a
[2m2025-12-10T12:07:56.932351Z[0m [34mDEBUG[0m [2mhyper::proto::h1::conn[0m[2m:[0m incoming body is content-length (45 bytes)
[2m2025-12-10T12:07:56.932368Z[0m [34mDEBUG[0m [2mhyper::proto::h1::conn[0m[2m:[0m incoming body completed
[2m2025-12-10T12:07:56.932393Z[0m [34mDEBUG[0m [2mhyper::client::pool[0m[2m:[0m pooling idle connection for ("http", 192.168.0.14:8545)
[2m2025-12-10T12:07:56.932450Z[0m [34mDEBUG[0m [2mhyper::client::pool[0m[2m:[0m reuse idle connection for ("http", 192.168.0.14:8545)
[2m2025-12-10T12:07:56.932493Z[0m [34mDEBUG[0m [2mhyper::proto::h1::io[0m[2m:[0m flushed 172 bytes
[2m2025-12-10T12:07:56.937591Z[0m [34mDEBUG[0m [2mhyper::proto::h1::io[0m[2m:[0m parsed 4 headers
[2m2025-12-10T12:07:56.937615Z[0m [34mDEBUG[0m [2mhyper::proto::h1::conn[0m[2m:[0m incoming body is content-length (45 bytes)
[2m2025-12-10T12:07:56.937628Z[0m [34mDEBUG[0m [2mhyper::proto::h1::conn[0m[2m:[0m incoming body completed
[2m2025-12-10T12:07:56.937651Z[0m [34mDEBUG[0m [2mhyper::client::pool[0m[2m:[0m pooling idle connection for ("http", 192.168.0.14:8545)
[2m2025-12-10T12:07:56.937709Z[0m [34mDEBUG[0m [2mhyper::client::pool[0m[2m:[0m reuse idle connection for ("http", 192.168.0.14:8545)
[2m2025-12-10T12:07:56.937754Z[0m [34mDEBUG[0m [2mhyper::proto::h1::io[0m[2m:[0m flushed 172 bytes
[2m2025-12-10T12:07:56.941737Z[0m [34mDEBUG[0m [2mhyper::proto::h1::io[0m[2m:[0m parsed 4 headers
[2m2025-12-10T12:07:56.941762Z[0m [34mDEBUG[0m [2mhyper::proto::h1::conn[0m[2m:[0m incoming body is content-length (45 bytes)
[2m2025-12-10T12:07:56.941776Z[0m [34mDEBUG[0m [2mhyper::proto::h1::conn[0m[2m:[0m incoming body completed
[2m2025-12-10T12:07:56.941797Z[0m [34mDEBUG[0m [2mhyper::client::pool[0m[2m:[0m pooling idle connection for ("http", 192.168.0.14:8545)
[2m2025-12-10T12:07:56.941842Z[0m [34mDEBUG[0m [2mhyper::client::pool[0m[2m:[0m reuse idle connection for ("http", 192.168.0.14:8545)
[2m2025-12-10T12:07:56.941880Z[0m [34mDEBUG[0m [2mhyper::proto::h1::io[0m[2m:[0m flushed 172 bytes
[2m2025-12-10T12:07:56.943575Z[0m [34mDEBUG[0m [2mhyper::proto::h1::io[0m[2m:[0m parsed 4 headers
[2m2025-12-10T12:07:56.943591Z[0m [34mDEBUG[0m [2mhyper::proto::h1::conn[0m[2m:[0m incoming body is content-length (763 bytes)
[2m2025-12-10T12:07:56.943609Z[0m [34mDEBUG[0m [2mhyper::proto::h1::conn[0m[2m:[0m incoming body completed
[2m2025-12-10T12:07:56.943623Z[0m [34mDEBUG[0m [2mhyper::client::pool[0m[2m:[0m pooling idle connection for ("http", 192.168.0.14:8545)
[2m2025-12-10T12:07:56.943632Z[0m [34mDEBUG[0m [2methereum_transaction_pool_monitor::eth_client[0m[2m:[0m 📡 Transaction fetch RPC completed in 11.494709ms
[2m2025-12-10T12:07:56.943667Z[0m [34mDEBUG[0m [2methereum_transaction_pool_monitor::eth_client[0m[2m:[0m DeFi transaction detected - Address: 0x6b175474e89094c44da98b954eedeac495271d0f, Type: Stablecoin, Value: 0 ETH, Gas: 0.32 Gwei
[2m2025-12-10T12:07:56.943719Z[0m [34mDEBUG[0m [2methereum_transaction_pool_monitor::eth_client[0m[2m:[0m ✅ Transaction 0xb84936ae0dd6b7a8b31bf403e1ac43b3f709ef0abda8adbdef545d76d7c29096 fetched and parsed in 11.582084ms
[2m2025-12-10T12:07:56.943735Z[0m [34mDEBUG[0m [2methereum_transaction_pool_monitor::mempool_monitor[0m[2m:[0m 🔍 Skipping tx 0xb84936ae0dd6b7a8b31bf403e1ac43b3f709ef0abda8adbdef545d76d7c29096 - not a DEX interaction (target: 0x6B175474E89094C44Da98b954EedeAC495271d0F)
[2m2025-12-10T12:07:56.943779Z[0m [34mDEBUG[0m [2methereum_transaction_pool_monitor::mempool_monitor[0m[2m:[0m 📨 Processing new pending transaction: 0xe6b9263f7605187b9c7a2a37a6c5d8189d4e254ebcbaf2ba62b135428f1aad1d
[2m2025-12-10T12:07:56.943787Z[0m [34mDEBUG[0m [2methereum_transaction_pool_monitor::mempool_monitor[0m[2m:[0m 🔍 Fetching transaction details for: 0xe6b9263f7605187b9c7a2a37a6c5d8189d4e254ebcbaf2ba62b135428f1aad1d
[2m2025-12-10T12:07:56.943795Z[0m [34mDEBUG[0m [2methereum_transaction_pool_monitor::eth_client[0m[2m:[0m 🔍 Fetching transaction details for hash: 0xe6b9263f7605187b9c7a2a37a6c5d8189d4e254ebcbaf2ba62b135428f1aad1d
[2m2025-12-10T12:07:56.943819Z[0m [34mDEBUG[0m [2mhyper::client::pool[0m[2m:[0m reuse idle connection for ("http", 192.168.0.14:8545)
[2m2025-12-10T12:07:56.943843Z[0m [34mDEBUG[0m [2mhyper::proto::h1::io[0m[2m:[0m flushed 250 bytes
[2m2025-12-10T12:07:56.945887Z[0m [34mDEBUG[0m [2mhyper::proto::h1::io[0m[2m:[0m parsed 4 headers
[2m2025-12-10T12:07:56.945904Z[0m [34mDEBUG[0m [2mhyper::proto::h1::conn[0m[2m:[0m incoming body is content-length (45 bytes)
[2m2025-12-10T12:07:56.945915Z[0m [34mDEBUG[0m [2mhyper::proto::h1::conn[0m[2m:[0m incoming body completed
[2m2025-12-10T12:07:56.945934Z[0m [34mDEBUG[0m [2mhyper::client::pool[0m[2m:[0m pooling idle connection for ("http", 192.168.0.14:8545)
[2m2025-12-10T12:07:56.948552Z[0m [34mDEBUG[0m [2mhyper::proto::h1::io[0m[2m:[0m parsed 4 headers
[2m2025-12-10T12:07:56.948561Z[0m [34mDEBUG[0m [2mhyper::proto::h1::conn[0m[2m:[0m incoming body is content-length (675 bytes)
[2m2025-12-10T12:07:56.948582Z[0m [34mDEBUG[0m [2mhyper::proto::h1::conn[0m[2m:[0m incoming body completed
[2m2025-12-10T12:07:56.948595Z[0m [34mDEBUG[0m [2mhyper::client::pool[0m[2m:[0m pooling idle connection for ("http", 192.168.0.14:8545)
[2m2025-12-10T12:07:56.948605Z[0m [34mDEBUG[0m [2methereum_transaction_pool_monitor::eth_client[0m[2m:[0m 📡 Transaction fetch RPC completed in 4.803042ms
[2m2025-12-10T12:07:56.948635Z[0m [34mDEBUG[0m [2methereum_transaction_pool_monitor::eth_client[0m[2m:[0m DeFi transaction detected - Address: 0xdac17f958d2ee523a2206206994597c13d831ec7, Type: Stablecoin, Value: 0 ETH, Gas: 0.23 Gwei
[2m2025-12-10T12:07:56.948678Z[0m [34mDEBUG[0m [2methereum_transaction_pool_monitor::eth_client[0m[2m:[0m ✅ Transaction 0xe6b9263f7605187b9c7a2a37a6c5d8189d4e254ebcbaf2ba62b135428f1aad1d fetched and parsed in 4.875917ms
[2m2025-12-10T12:07:56.948692Z[0m [34mDEBUG[0m [2methereum_transaction_pool_monitor::mempool_monitor[0m[2m:[0m 🔍 Skipping tx 0xe6b9263f7605187b9c7a2a37a6c5d8189d4e254ebcbaf2ba62b135428f1aad1d - not a DEX interaction (target: 0xdAC17F958D2ee523a2206206994597C13D831ec7)
[2m2025-12-10T12:07:56.948737Z[0m [34mDEBUG[0m [2methereum_transaction_pool_monitor::mempool_monitor[0m[2m:[0m 📨 Processing new pending transaction: 0xc4ad0aace8cf6c144ac91975871958956f1a18d5e7732a4b8d845c39bfc26bf2
[2m2025-12-10T12:07:56.948749Z[0m [34mDEBUG[0m [2methereum_transaction_pool_monitor::mempool_monitor[0m[2m:[0m 🔍 Fetching transaction details for: 0xc4ad0aace8cf6c144ac91975871958956f1a18d5e7732a4b8d845c39bfc26bf2
[2m2025-12-10T12:07:56.948759Z[0m [34mDEBUG[0m [2methereum_transaction_pool_monitor::eth_client[0m[2m:[0m 🔍 Fetching transaction details for hash: 0xc4ad0aace8cf6c144ac91975871958956f1a18d5e7732a4b8d845c39bfc26bf2
[2m2025-12-10T12:07:56.948786Z[0m [34mDEBUG[0m [2mhyper::client::pool[0m[2m:[0m reuse idle connection for ("http", 192.168.0.14:8545)
[2m2025-12-10T12:07:56.948813Z[0m [34mDEBUG[0m [2mhyper::proto::h1::io[0m[2m:[0m flushed 250 bytes
[2m2025-12-10T12:07:56.955387Z[0m [34mDEBUG[0m [2mhyper::proto::h1::io[0m[2m:[0m parsed 4 headers
[2m2025-12-10T12:07:56.955394Z[0m [34mDEBUG[0m [2mhyper::proto::h1::conn[0m[2m:[0m incoming body is content-length (2724 bytes)
[2m2025-12-10T12:07:56.955417Z[0m [34mDEBUG[0m [2methereum_transaction_pool_monitor::eth_client[0m[2m:[0m 📡 Transaction fetch RPC completed in 6.646375ms
[2m2025-12-10T12:07:56.955713Z[0m [34mDEBUG[0m [2mhyper::proto::h1::conn[0m[2m:[0m incoming body completed
[2m2025-12-10T12:07:56.955733Z[0m [34mDEBUG[0m [2mhyper::client::pool[0m[2m:[0m pooling idle connection for ("http", 192.168.0.14:8545)
[2m2025-12-10T12:07:56.993591Z[0m [34mDEBUG[0m [2mhyper::client::pool[0m[2m:[0m reuse idle connection for ("http", 192.168.0.14:8545)
[2m2025-12-10T12:07:56.993678Z[0m [34mDEBUG[0m [2mhyper::proto::h1::io[0m[2m:[0m flushed 172 bytes
[2m2025-12-10T12:07:56.997522Z[0m [34mDEBUG[0m [2mhyper::proto::h1::io[0m[2m:[0m parsed 4 headers
[2m2025-12-10T12:07:56.997536Z[0m [34mDEBUG[0m [2mhyper::proto::h1::conn[0m[2m:[0m incoming body is content-length (45 bytes)
[2m2025-12-10T12:07:56.997552Z[0m [34mDEBUG[0m [2mhyper::proto::h1::conn[0m[2m:[0m incoming body completed
[2m2025-12-10T12:07:56.997581Z[0m [34mDEBUG[0m [2mhyper::client::pool[0m[2m:[0m pooling idle connection for ("http", 192.168.0.14:8545)
[2m2025-12-10T12:07:57.018027Z[0m [34mDEBUG[0m [2methereum_transaction_pool_monitor::eth_client[0m[2m:[0m 📨 Received WebSocket message: {"jsonrpc":"2.0","method":"eth_subscription","params":{"subscription":"0x47c11399886b6549da0ab4d02eced7c9","result":"0xc21ed2bd96e4c5a498bf8b864d6dc4a890fb6a56536e341a8475bfc42398339f"}}
[2m2025-12-10T12:07:57.018064Z[0m [34mDEBUG[0m [2methereum_transaction_pool_monitor::eth_client[0m[2m:[0m 📨 Received pending transaction: 0xc21ed2bd96e4c5a498bf8b864d6dc4a890fb6a56536e341a8475bfc42398339f
[2m2025-12-10T12:07:57.091692Z[0m [34mDEBUG[0m [2mhyper::client::pool[0m[2m:[0m reuse idle connection for ("http", 192.168.0.14:8545)
[2m2025-12-10T12:07:57.091796Z[0m [34mDEBUG[0m [2mhyper::proto::h1::io[0m[2m:[0m flushed 172 bytes
[2m2025-12-10T12:07:57.095687Z[0m [34mDEBUG[0m [2mhyper::proto::h1::io[0m[2m:[0m parsed 4 headers
[2m2025-12-10T12:07:57.095698Z[0m [34mDEBUG[0m [2mhyper::proto::h1::conn[0m[2m:[0m incoming body is content-length (45 bytes)
[2m2025-12-10T12:07:57.095713Z[0m [34mDEBUG[0m [2mhyper::proto::h1::conn[0m[2m:[0m incoming body completed
[2m2025-12-10T12:07:57.095738Z[0m [34mDEBUG[0m [2mhyper::client::pool[0m[2m:[0m pooling idle connection for ("http", 192.168.0.14:8545)
[2m2025-12-10T12:07:57.138228Z[0m [34mDEBUG[0m [2methereum_transaction_pool_monitor::eth_client[0m[2m:[0m ✅ Transaction 0xc4ad0aace8cf6c144ac91975871958956f1a18d5e7732a4b8d845c39bfc26bf2 fetched and parsed in 189.453958ms
[2m2025-12-10T12:07:57.138271Z[0m [34mDEBUG[0m [2methereum_transaction_pool_monitor::mempool_monitor[0m[2m:[0m 🔍 Skipping tx 0xc4ad0aace8cf6c144ac91975871958956f1a18d5e7732a4b8d845c39bfc26bf2 - not a DEX interaction (target: 0xb8506D42Ad5FD6A672B42Aec94b82846876D458E)
[2m2025-12-10T12:07:57.138328Z[0m [34mDEBUG[0m [2methereum_transaction_pool_monitor::mempool_monitor[0m[2m:[0m 📨 Processing new pending transaction: 0x99e95b5b7228b4f0d96b0a3b06f96ca012bb326201a8fc37d3afeaafddc5f89b
[2m2025-12-10T12:07:57.138339Z[0m [34mDEBUG[0m [2methereum_transaction_pool_monitor::mempool_monitor[0m[2m:[0m 🔍 Fetching transaction details for: 0x99e95b5b7228b4f0d96b0a3b06f96ca012bb326201a8fc37d3afeaafddc5f89b
[2m2025-12-10T12:07:57.138348Z[0m [34mDEBUG[0m [2methereum_transaction_pool_monitor::eth_client[0m[2m:[0m 🔍 Fetching transaction details for hash: 0x99e95b5b7228b4f0d96b0a3b06f96ca012bb326201a8fc37d3afeaafddc5f89b
[2m2025-12-10T12:07:57.138420Z[0m [34mDEBUG[0m [2mhyper::client::pool[0m[2m:[0m reuse idle connection for ("http", 192.168.0.14:8545)
[2m2025-12-10T12:07:57.138498Z[0m [34mDEBUG[0m [2mhyper::proto::h1::io[0m[2m:[0m flushed 250 bytes
[2m2025-12-10T12:07:57.141455Z[0m [34mDEBUG[0m [2methereum_transaction_pool_monitor::eth_client[0m[2m:[0m 📨 Received WebSocket message: {"jsonrpc":"2.0","method":"eth_subscription","params":{"subscription":"0x47c11399886b6549da0ab4d02eced7c9","result":"0x995e6a34cad1d29493aa0bbb0774fa37cb9f1de06344736b0754662711dbd079"}}
[2m2025-12-10T12:07:57.141485Z[0m [34mDEBUG[0m [2methereum_transaction_pool_monitor::eth_client[0m[2m:[0m 📨 Received pending transaction: 0x995e6a34cad1d29493aa0bbb0774fa37cb9f1de06344736b0754662711dbd079
[2m2025-12-10T12:07:57.147850Z[0m [34mDEBUG[0m [2mhyper::proto::h1::io[0m[2m:[0m parsed 4 headers
[2m2025-12-10T12:07:57.147859Z[0m [34mDEBUG[0m [2mhyper::proto::h1::conn[0m[2m:[0m incoming body is content-length (774 bytes)
[2m2025-12-10T12:07:57.147875Z[0m [34mDEBUG[0m [2mhyper::proto::h1::conn[0m[2m:[0m incoming body completed
[2m2025-12-10T12:07:57.147907Z[0m [34mDEBUG[0m [2mhyper::client::pool[0m[2m:[0m pooling idle connection for ("http", 192.168.0.14:8545)
[2m2025-12-10T12:07:57.147922Z[0m [34mDEBUG[0m [2methereum_transaction_pool_monitor::eth_client[0m[2m:[0m 📡 Transaction fetch RPC completed in 9.565708ms
[2m2025-12-10T12:07:57.333571Z[0m [34mDEBUG[0m [2methereum_transaction_pool_monitor::eth_client[0m[2m:[0m ✅ Transaction 0x99e95b5b7228b4f0d96b0a3b06f96ca012bb326201a8fc37d3afeaafddc5f89b fetched and parsed in 195.209875ms
[2m2025-12-10T12:07:57.333633Z[0m [34mDEBUG[0m [2methereum_transaction_pool_monitor::mempool_monitor[0m[2m:[0m 🔍 Skipping tx 0x99e95b5b7228b4f0d96b0a3b06f96ca012bb326201a8fc37d3afeaafddc5f89b - not a DEX interaction (target: 0xA0b86991c6218b36c1d19D4a2e9Eb0cE3606eB48)
[2m2025-12-10T12:07:57.333705Z[0m [34mDEBUG[0m [2methereum_transaction_pool_monitor::mempool_monitor[0m[2m:[0m 📨 Processing new pending transaction: 0x838275b99a2a776ea01bdbe2934f4c0db6316157e7bf16b0ff37aba4dd643489
[2m2025-12-10T12:07:57.333720Z[0m [34mDEBUG[0m [2methereum_transaction_pool_monitor::mempool_monitor[0m[2m:[0m 🔍 Fetching transaction details for: 0x838275b99a2a776ea01bdbe2934f4c0db6316157e7bf16b0ff37aba4dd643489
[2m2025-12-10T12:07:57.333732Z[0m [34mDEBUG[0m [2methereum_transaction_pool_monitor::eth_client[0m[2m:[0m 🔍 Fetching transaction details for hash: 0x838275b99a2a776ea01bdbe2934f4c0db6316157e7bf16b0ff37aba4dd643489
[2m2025-12-10T12:07:57.333828Z[0m [34mDEBUG[0m [2mhyper::client::pool[0m[2m:[0m reuse idle connection for ("http", 192.168.0.14:8545)
[2m2025-12-10T12:07:57.333934Z[0m [34mDEBUG[0m [2mhyper::proto::h1::io[0m[2m:[0m flushed 250 bytes
[2m2025-12-10T12:07:57.333998Z[0m [34mDEBUG[0m [2mhyper::client::pool[0m[2m:[0m reuse idle connection for ("http", 192.168.0.14:8545)
[2m2025-12-10T12:07:57.334001Z[0m [34mDEBUG[0m [2methereum_transaction_pool_monitor::eth_client[0m[2m:[0m 📨 Received WebSocket message: {"jsonrpc":"2.0","method":"eth_subscription","params":{"subscription":"0x47c11399886b6549da0ab4d02eced7c9","result":"0x84b999edc4f9085c57334a8d7709f4e23727ad36b7eebbca354c20b649cc7bbf"}}
[2m2025-12-10T12:07:57.334028Z[0m [34mDEBUG[0m [2methereum_transaction_pool_monitor::eth_client[0m[2m:[0m 📨 Received pending transaction: 0x84b999edc4f9085c57334a8d7709f4e23727ad36b7eebbca354c20b649cc7bbf
[2m2025-12-10T12:07:57.334030Z[0m [34mDEBUG[0m [2mhyper::proto::h1::io[0m[2m:[0m flushed 172 bytes
[2m2025-12-10T12:07:57.334044Z[0m [34mDEBUG[0m [2methereum_transaction_pool_monitor::eth_client[0m[2m:[0m 📨 Received WebSocket message: {"jsonrpc":"2.0","method":"eth_subscription","params":{"subscription":"0x47c11399886b6549da0ab4d02eced7c9","result":"0xbe2f74b847647770fd09f18788f3905a56f7bcff6574554832ffd52adbc5f4e6"}}
[2m2025-12-10T12:07:57.334062Z[0m [34mDEBUG[0m [2methereum_transaction_pool_monitor::eth_client[0m[2m:[0m 📨 Received pending transaction: 0xbe2f74b847647770fd09f18788f3905a56f7bcff6574554832ffd52adbc5f4e6
[2m2025-12-10T12:07:57.334073Z[0m [34mDEBUG[0m [2methereum_transaction_pool_monitor::eth_client[0m[2m:[0m 📨 Received WebSocket message: {"jsonrpc":"2.0","method":"eth_subscription","params":{"subscription":"0x47c11399886b6549da0ab4d02eced7c9","result":"0xbe30e1131131c39ec2ed7b261bf81ccc3f0bfedabcdae918d7f065911a2d2036"}}
[2m2025-12-10T12:07:57.334089Z[0m [34mDEBUG[0m [2methereum_transaction_pool_monitor::eth_client[0m[2m:[0m 📨 Received pending transaction: 0xbe30e1131131c39ec2ed7b261bf81ccc3f0bfedabcdae918d7f065911a2d2036
[2m2025-12-10T12:07:57.338717Z[0m [34mDEBUG[0m [2mhyper::proto::h1::io[0m[2m:[0m parsed 4 headers
[2m2025-12-10T12:07:57.338730Z[0m [34mDEBUG[0m [2mhyper::proto::h1::conn[0m[2m:[0m incoming body is content-length (45 bytes)
[2m2025-12-10T12:07:57.338749Z[0m [34mDEBUG[0m [2mhyper::proto::h1::conn[0m[2m:[0m incoming body completed
[2m2025-12-10T12:07:57.338777Z[0m [34mDEBUG[0m [2mhyper::client::pool[0m[2m:[0m pooling idle connection for ("http", 192.168.0.14:8545)
[2m2025-12-10T12:07:57.338842Z[0m [34mDEBUG[0m [2mhyper::client::pool[0m[2m:[0m reuse idle connection for ("http", 192.168.0.14:8545)
[2m2025-12-10T12:07:57.338885Z[0m [34mDEBUG[0m [2mhyper::proto::h1::io[0m[2m:[0m flushed 172 bytes
[2m2025-12-10T12:07:57.342613Z[0m [34mDEBUG[0m [2mhyper::proto::h1::io[0m[2m:[0m parsed 4 headers
[2m2025-12-10T12:07:57.342619Z[0m [34mDEBUG[0m [2mhyper::proto::h1::conn[0m[2m:[0m incoming body is content-length (45 bytes)
[2m2025-12-10T12:07:57.342629Z[0m [34mDEBUG[0m [2mhyper::proto::h1::conn[0m[2m:[0m incoming body completed
[2m2025-12-10T12:07:57.342641Z[0m [34mDEBUG[0m [2mhyper::client::pool[0m[2m:[0m pooling idle connection for ("http", 192.168.0.14:8545)
[2m2025-12-10T12:07:57.344458Z[0m [34mDEBUG[0m [2mhyper::proto::h1::io[0m[2m:[0m parsed 4 headers
[2m2025-12-10T12:07:57.344464Z[0m [34mDEBUG[0m [2mhyper::proto::h1::conn[0m[2m:[0m incoming body is content-length (674 bytes)
[2m2025-12-10T12:07:57.344472Z[0m [34mDEBUG[0m [2mhyper::proto::h1::conn[0m[2m:[0m incoming body completed
[2m2025-12-10T12:07:57.344486Z[0m [34mDEBUG[0m [2mhyper::client::pool[0m[2m:[0m pooling idle connection for ("http", 192.168.0.14:8545)
[2m2025-12-10T12:07:57.344496Z[0m [34mDEBUG[0m [2methereum_transaction_pool_monitor::eth_client[0m[2m:[0m 📡 Transaction fetch RPC completed in 10.750583ms
[2m2025-12-10T12:07:57.344536Z[0m [34mDEBUG[0m [2methereum_transaction_pool_monitor::eth_client[0m[2m:[0m DeFi transaction detected - Address: 0xdac17f958d2ee523a2206206994597c13d831ec7, Type: Stablecoin, Value: 0 ETH, Gas: 0.19 Gwei
[2m2025-12-10T12:07:57.344592Z[0m [34mDEBUG[0m [2methereum_transaction_pool_monitor::eth_client[0m[2m:[0m ✅ Transaction 0x838275b99a2a776ea01bdbe2934f4c0db6316157e7bf16b0ff37aba4dd643489 fetched and parsed in 10.846583ms
[2m2025-12-10T12:07:57.344606Z[0m [34mDEBUG[0m [2methereum_transaction_pool_monitor::mempool_monitor[0m[2m:[0m 🔍 Skipping tx 0x838275b99a2a776ea01bdbe2934f4c0db6316157e7bf16b0ff37aba4dd643489 - not a DEX interaction (target: 0xdAC17F958D2ee523a2206206994597C13D831ec7)
[2m2025-12-10T12:07:57.344649Z[0m [34mDEBUG[0m [2methereum_transaction_pool_monitor::mempool_monitor[0m[2m:[0m 📨 Processing new pending transaction: 0x319240681453f3ee24774921b843b1c405726b96d429c7f9b5aee0bd7d50aebe
[2m2025-12-10T12:07:57.344658Z[0m [34mDEBUG[0m [2methereum_transaction_pool_monitor::mempool_monitor[0m[2m:[0m 🔍 Fetching transaction details for: 0x319240681453f3ee24774921b843b1c405726b96d429c7f9b5aee0bd7d50aebe
[2m2025-12-10T12:07:57.344665Z[0m [34mDEBUG[0m [2methereum_transaction_pool_monitor::eth_client[0m[2m:[0m 🔍 Fetching transaction details for hash: 0x319240681453f3ee24774921b843b1c405726b96d429c7f9b5aee0bd7d50aebe
[2m2025-12-10T12:07:57.344694Z[0m [34mDEBUG[0m [2mhyper::client::pool[0m[2m:[0m reuse idle connection for ("http", 192.168.0.14:8545)
[2m2025-12-10T12:07:57.344717Z[0m [34mDEBUG[0m [2mhyper::proto::h1::io[0m[2m:[0m flushed 250 bytes
[2m2025-12-10T12:07:57.348863Z[0m [34mDEBUG[0m [2mhyper::proto::h1::io[0m[2m:[0m parsed 4 headers
[2m2025-12-10T12:07:57.348869Z[0m [34mDEBUG[0m [2mhyper::proto::h1::conn[0m[2m:[0m incoming body is content-length (902 bytes)
[2m2025-12-10T12:07:57.348876Z[0m [34mDEBUG[0m [2mhyper::proto::h1::conn[0m[2m:[0m incoming body completed
[2m2025-12-10T12:07:57.348887Z[0m [34mDEBUG[0m [2mhyper::client::pool[0m[2m:[0m pooling idle connection for ("http", 192.168.0.14:8545)
[2m2025-12-10T12:07:57.348895Z[0m [34mDEBUG[0m [2methereum_transaction_pool_monitor::eth_client[0m[2m:[0m 📡 Transaction fetch RPC completed in 4.222917ms
[2m2025-12-10T12:07:57.531472Z[0m [34mDEBUG[0m [2methereum_transaction_pool_monitor::eth_client[0m[2m:[0m ✅ Transaction 0x319240681453f3ee24774921b843b1c405726b96d429c7f9b5aee0bd7d50aebe fetched and parsed in 186.795292ms
[2m2025-12-10T12:07:57.531522Z[0m [34mDEBUG[0m [2methereum_transaction_pool_monitor::mempool_monitor[0m[2m:[0m 🔍 Skipping tx 0x319240681453f3ee24774921b843b1c405726b96d429c7f9b5aee0bd7d50aebe - not a DEX interaction (target: 0xFf00000000000000000000000000000000000130)
[2m2025-12-10T12:07:57.531590Z[0m [34mDEBUG[0m [2methereum_transaction_pool_monitor::mempool_monitor[0m[2m:[0m 📨 Processing new pending transaction: 0x86a419ba38bac158c606f60a01ffd7858b990d66ffd7b770b540d78eaa2d70a1
[2m2025-12-10T12:07:57.531601Z[0m [34mDEBUG[0m [2methereum_transaction_pool_monitor::mempool_monitor[0m[2m:[0m 🔍 Fetching transaction details for: 0x86a419ba38bac158c606f60a01ffd7858b990d66ffd7b770b540d78eaa2d70a1
[2m2025-12-10T12:07:57.531610Z[0m [34mDEBUG[0m [2methereum_transaction_pool_monitor::eth_client[0m[2m:[0m 🔍 Fetching transaction details for hash: 0x86a419ba38bac158c606f60a01ffd7858b990d66ffd7b770b540d78eaa2d70a1
[2m2025-12-10T12:07:57.531684Z[0m [34mDEBUG[0m [2mhyper::client::pool[0m[2m:[0m reuse idle connection for ("http", 192.168.0.14:8545)
[2m2025-12-10T12:07:57.531770Z[0m [34mDEBUG[0m [2mhyper::proto::h1::io[0m[2m:[0m flushed 250 bytes
[2m2025-12-10T12:07:57.531832Z[0m [34mDEBUG[0m [2mhyper::client::pool[0m[2m:[0m reuse idle connection for ("http", 192.168.0.14:8545)
[2m2025-12-10T12:07:57.531862Z[0m [34mDEBUG[0m [2mhyper::proto::h1::io[0m[2m:[0m flushed 172 bytes
[2m2025-12-10T12:07:57.536095Z[0m [34mDEBUG[0m [2mhyper::proto::h1::io[0m[2m:[0m parsed 4 headers
[2m2025-12-10T12:07:57.536103Z[0m [34mDEBUG[0m [2mhyper::proto::h1::conn[0m[2m:[0m incoming body is content-length (45 bytes)
[2m2025-12-10T12:07:57.536118Z[0m [34mDEBUG[0m [2mhyper::proto::h1::conn[0m[2m:[0m incoming body completed
[2m2025-12-10T12:07:57.536140Z[0m [34mDEBUG[0m [2mhyper::client::pool[0m[2m:[0m pooling idle connection for ("http", 192.168.0.14:8545)
[2m2025-12-10T12:07:57.536194Z[0m [34mDEBUG[0m [2mhyper::client::pool[0m[2m:[0m reuse idle connection for ("http", 192.168.0.14:8545)
[2m2025-12-10T12:07:57.536231Z[0m [34mDEBUG[0m [2mhyper::proto::h1::io[0m[2m:[0m flushed 172 bytes
[2m2025-12-10T12:07:57.542164Z[0m [34mDEBUG[0m [2mhyper::proto::h1::io[0m[2m:[0m parsed 4 headers
[2m2025-12-10T12:07:57.542173Z[0m [34mDEBUG[0m [2mhyper::proto::h1::conn[0m[2m:[0m incoming body is content-length (778 bytes)
[2m2025-12-10T12:07:57.542185Z[0m [34mDEBUG[0m [2mhyper::proto::h1::conn[0m[2m:[0m incoming body completed
[2m2025-12-10T12:07:57.542204Z[0m [34mDEBUG[0m [2mhyper::client::pool[0m[2m:[0m pooling idle connection for ("http", 192.168.0.14:8545)
[2m2025-12-10T12:07:57.542216Z[0m [34mDEBUG[0m [2methereum_transaction_pool_monitor::eth_client[0m[2m:[0m 📡 Transaction fetch RPC completed in 10.596458ms
[2m2025-12-10T12:07:57.725902Z[0m [34mDEBUG[0m [2methereum_transaction_pool_monitor::eth_client[0m[2m:[0m ✅ Transaction 0x86a419ba38bac158c606f60a01ffd7858b990d66ffd7b770b540d78eaa2d70a1 fetched and parsed in 194.280458ms
[2m2025-12-10T12:07:57.725941Z[0m [34mDEBUG[0m [2methereum_transaction_pool_monitor::mempool_monitor[0m[2m:[0m 🔍 Skipping tx 0x86a419ba38bac158c606f60a01ffd7858b990d66ffd7b770b540d78eaa2d70a1 - not a DEX interaction (target: 0x45804880De22913dAFE09f4980848ECE6EcbAf78)
[2m2025-12-10T12:07:57.726004Z[0m [34mDEBUG[0m [2methereum_transaction_pool_monitor::mempool_monitor[0m[2m:[0m 📨 Processing new pending transaction: 0x123f173968373b26041ad8604cd2703b7a9c94fae9dcf6f073988e1ba03d298d
[2m2025-12-10T12:07:57.726015Z[0m [34mDEBUG[0m [2methereum_transaction_pool_monitor::mempool_monitor[0m[2m:[0m 🔍 Fetching transaction details for: 0x123f173968373b26041ad8604cd2703b7a9c94fae9dcf6f073988e1ba03d298d
[2m2025-12-10T12:07:57.726025Z[0m [34mDEBUG[0m [2methereum_transaction_pool_monitor::eth_client[0m[2m:[0m 🔍 Fetching transaction details for hash: 0x123f173968373b26041ad8604cd2703b7a9c94fae9dcf6f073988e1ba03d298d
[2m2025-12-10T12:07:57.726100Z[0m [34mDEBUG[0m [2mhyper::client::pool[0m[2m:[0m reuse idle connection for ("http", 192.168.0.14:8545)
[2m2025-12-10T12:07:57.726187Z[0m [34mDEBUG[0m [2mhyper::proto::h1::io[0m[2m:[0m flushed 250 bytes
[2m2025-12-10T12:07:57.726225Z[0m [34mDEBUG[0m [2mhyper::proto::h1::io[0m[2m:[0m parsed 4 headers
[2m2025-12-10T12:07:57.726232Z[0m [34mDEBUG[0m [2mhyper::proto::h1::conn[0m[2m:[0m incoming body is content-length (45 bytes)
[2m2025-12-10T12:07:57.726246Z[0m [34mDEBUG[0m [2mhyper::proto::h1::conn[0m[2m:[0m incoming body completed
[2m2025-12-10T12:07:57.726269Z[0m [34mDEBUG[0m [2mhyper::client::pool[0m[2m:[0m pooling idle connection for ("http", 192.168.0.14:8545)
[2m2025-12-10T12:07:57.726324Z[0m [34mDEBUG[0m [2mhyper::client::pool[0m[2m:[0m reuse idle connection for ("http", 192.168.0.14:8545)
[2m2025-12-10T12:07:57.726361Z[0m [34mDEBUG[0m [2mhyper::proto::h1::io[0m[2m:[0m flushed 172 bytes
[2m2025-12-10T12:07:57.731583Z[0m [34mDEBUG[0m [2mhyper::proto::h1::io[0m[2m:[0m parsed 4 headers
[2m2025-12-10T12:07:57.731607Z[0m [34mDEBUG[0m [2mhyper::proto::h1::conn[0m[2m:[0m incoming body is content-length (45 bytes)
[2m2025-12-10T12:07:57.731621Z[0m [34mDEBUG[0m [2mhyper::proto::h1::conn[0m[2m:[0m incoming body completed
[2m2025-12-10T12:07:57.731640Z[0m [34mDEBUG[0m [2mhyper::client::pool[0m[2m:[0m pooling idle connection for ("http", 192.168.0.14:8545)
[2m2025-12-10T12:07:57.731699Z[0m [34mDEBUG[0m [2mhyper::client::pool[0m[2m:[0m reuse idle connection for ("http", 192.168.0.14:8545)
[2m2025-12-10T12:07:57.731743Z[0m [34mDEBUG[0m [2mhyper::proto::h1::io[0m[2m:[0m flushed 172 bytes
[2m2025-12-10T12:07:57.734473Z[0m [34mDEBUG[0m [2mhyper::proto::h1::io[0m[2m:[0m parsed 4 headers
[2m2025-12-10T12:07:57.734485Z[0m [34mDEBUG[0m [2mhyper::proto::h1::conn[0m[2m:[0m incoming body is content-length (1098 bytes)
[2m2025-12-10T12:07:57.734499Z[0m [34mDEBUG[0m [2mhyper::proto::h1::conn[0m[2m:[0m incoming body completed
[2m2025-12-10T12:07:57.734524Z[0m [34mDEBUG[0m [2mhyper::client::pool[0m[2m:[0m pooling idle connection for ("http", 192.168.0.14:8545)
[2m2025-12-10T12:07:57.734538Z[0m [34mDEBUG[0m [2methereum_transaction_pool_monitor::eth_client[0m[2m:[0m 📡 Transaction fetch RPC completed in 8.502833ms
[2m2025-12-10T12:07:57.919495Z[0m [34mDEBUG[0m [2methereum_transaction_pool_monitor::eth_client[0m[2m:[0m ✅ Transaction 0x123f173968373b26041ad8604cd2703b7a9c94fae9dcf6f073988e1ba03d298d fetched and parsed in 193.457875ms
[2m2025-12-10T12:07:57.919535Z[0m [34mDEBUG[0m [2methereum_transaction_pool_monitor::mempool_monitor[0m[2m:[0m 🔍 Skipping tx 0x123f173968373b26041ad8604cd2703b7a9c94fae9dcf6f073988e1ba03d298d - not a DEX interaction (target: 0xEe7aE85f2Fe2239E27D9c1E23fFFe168D63b4055)
[2m2025-12-10T12:07:57.919596Z[0m [34mDEBUG[0m [2methereum_transaction_pool_monitor::mempool_monitor[0m[2m:[0m 📨 Processing new pending transaction: 0xa9efb707b1ccca8c3ec9ae4a6ff7f91904bed6f5b3141aa15bede93f00f1b934
[2m2025-12-10T12:07:57.919606Z[0m [34mDEBUG[0m [2methereum_transaction_pool_monitor::mempool_monitor[0m[2m:[0m 🔍 Fetching transaction details for: 0xa9efb707b1ccca8c3ec9ae4a6ff7f91904bed6f5b3141aa15bede93f00f1b934
[2m2025-12-10T12:07:57.919615Z[0m [34mDEBUG[0m [2methereum_transaction_pool_monitor::eth_client[0m[2m:[0m 🔍 Fetching transaction details for hash: 0xa9efb707b1ccca8c3ec9ae4a6ff7f91904bed6f5b3141aa15bede93f00f1b934
[2m2025-12-10T12:07:57.919683Z[0m [34mDEBUG[0m [2mhyper::client::pool[0m[2m:[0m reuse idle connection for ("http", 192.168.0.14:8545)
[2m2025-12-10T12:07:57.919761Z[0m [34mDEBUG[0m [2mhyper::proto::h1::io[0m[2m:[0m flushed 250 bytes
[2m2025-12-10T12:07:57.919808Z[0m [34mDEBUG[0m [2methereum_transaction_pool_monitor::eth_client[0m[2m:[0m 📨 Received WebSocket message: {"jsonrpc":"2.0","method":"eth_subscription","params":{"subscription":"0x47c11399886b6549da0ab4d02eced7c9","result":"0x6c762f49da496e42114b52a04dd99ee19475a9a494bf633cf35d379005e8f423"}}
[2m2025-12-10T12:07:57.919822Z[0m [34mDEBUG[0m [2mhyper::proto::h1::io[0m[2m:[0m parsed 4 headers
[2m2025-12-10T12:07:57.919831Z[0m [34mDEBUG[0m [2methereum_transaction_pool_monitor::eth_client[0m[2m:[0m 📨 Received pending transaction: 0x6c762f49da496e42114b52a04dd99ee19475a9a494bf633cf35d379005e8f423
[2m2025-12-10T12:07:57.919834Z[0m [34mDEBUG[0m [2mhyper::proto::h1::conn[0m[2m:[0m incoming body is content-length (45 bytes)
[2m2025-12-10T12:07:57.919846Z[0m [34mDEBUG[0m [2methereum_transaction_pool_monitor::eth_client[0m[2m:[0m 📨 Received WebSocket message: {"jsonrpc":"2.0","method":"eth_subscription","params":{"subscription":"0x47c11399886b6549da0ab4d02eced7c9","result":"0xd9489ab2029e7e5afaf0004587e052a6a075fc805e32b4c94bb511b27ee840ca"}}
[2m2025-12-10T12:07:57.919849Z[0m [34mDEBUG[0m [2mhyper::proto::h1::conn[0m[2m:[0m incoming body completed
[2m2025-12-10T12:07:57.919865Z[0m [34mDEBUG[0m [2methereum_transaction_pool_monitor::eth_client[0m[2m:[0m 📨 Received pending transaction: 0xd9489ab2029e7e5afaf0004587e052a6a075fc805e32b4c94bb511b27ee840ca
[2m2025-12-10T12:07:57.919882Z[0m [34mDEBUG[0m [2mhyper::client::pool[0m[2m:[0m pooling idle connection for ("http", 192.168.0.14:8545)
[2m2025-12-10T12:07:57.919939Z[0m [34mDEBUG[0m [2mhyper::client::pool[0m[2m:[0m reuse idle connection for ("http", 192.168.0.14:8545)
[2m2025-12-10T12:07:57.919979Z[0m [34mDEBUG[0m [2mhyper::proto::h1::io[0m[2m:[0m flushed 172 bytes
[2m2025-12-10T12:07:57.923844Z[0m [34mDEBUG[0m [2mhyper::proto::h1::io[0m[2m:[0m parsed 4 headers
[2m2025-12-10T12:07:57.923856Z[0m [34mDEBUG[0m [2mhyper::proto::h1::conn[0m[2m:[0m incoming body is content-length (45 bytes)
[2m2025-12-10T12:07:57.923869Z[0m [34mDEBUG[0m [2mhyper::proto::h1::conn[0m[2m:[0m incoming body completed
[2m2025-12-10T12:07:57.923888Z[0m [34mDEBUG[0m [2mhyper::client::pool[0m[2m:[0m pooling idle connection for ("http", 192.168.0.14:8545)
[2m2025-12-10T12:07:57.923943Z[0m [34mDEBUG[0m [2mhyper::client::pool[0m[2m:[0m reuse idle connection for ("http", 192.168.0.14:8545)
[2m2025-12-10T12:07:57.923987Z[0m [34mDEBUG[0m [2mhyper::proto::h1::io[0m[2m:[0m flushed 172 bytes
[2m2025-12-10T12:07:57.929863Z[0m [34mDEBUG[0m [2mhyper::proto::h1::io[0m[2m:[0m parsed 4 headers
[2m2025-12-10T12:07:57.929884Z[0m [34mDEBUG[0m [2mhyper::proto::h1::conn[0m[2m:[0m incoming body is content-length (657 bytes)
[2m2025-12-10T12:07:57.929892Z[0m [34mDEBUG[0m [2mhyper::proto::h1::conn[0m[2m:[0m incoming body completed
[2m2025-12-10T12:07:57.929906Z[0m [34mDEBUG[0m [2mhyper::client::pool[0m[2m:[0m pooling idle connection for ("http", 192.168.0.14:8545)
[2m2025-12-10T12:07:57.929915Z[0m [34mDEBUG[0m [2methereum_transaction_pool_monitor::eth_client[0m[2m:[0m 📡 Transaction fetch RPC completed in 10.291583ms
[2m2025-12-10T12:07:58.116114Z[0m [34mDEBUG[0m [2methereum_transaction_pool_monitor::eth_client[0m[2m:[0m ✅ Transaction 0xa9efb707b1ccca8c3ec9ae4a6ff7f91904bed6f5b3141aa15bede93f00f1b934 fetched and parsed in 196.48725ms
[2m2025-12-10T12:07:58.116160Z[0m [34mDEBUG[0m [2methereum_transaction_pool_monitor::mempool_monitor[0m[2m:[0m 🔍 Skipping tx 0xa9efb707b1ccca8c3ec9ae4a6ff7f91904bed6f5b3141aa15bede93f00f1b934 - not a DEX interaction (target: 0xab6083DEB46C235Da299dE601778DBa054dfA40E)
[2m2025-12-10T12:07:58.116226Z[0m [34mDEBUG[0m [2methereum_transaction_pool_monitor::mempool_monitor[0m[2m:[0m 📨 Processing new pending transaction: 0x850b689293957808ffbe3af03b735c9769673fd403078934ddea7157dcfa94be
[2m2025-12-10T12:07:58.116236Z[0m [34mDEBUG[0m [2methereum_transaction_pool_monitor::mempool_monitor[0m[2m:[0m 🔍 Fetching transaction details for: 0x850b689293957808ffbe3af03b735c9769673fd403078934ddea7157dcfa94be
[2m2025-12-10T12:07:58.116246Z[0m [34mDEBUG[0m [2methereum_transaction_pool_monitor::eth_client[0m[2m:[0m 🔍 Fetching transaction details for hash: 0x850b689293957808ffbe3af03b735c9769673fd403078934ddea7157dcfa94be
[2m2025-12-10T12:07:58.116320Z[0m [34mDEBUG[0m [2mhyper::client::pool[0m[2m:[0m reuse idle connection for ("http", 192.168.0.14:8545)
[2m2025-12-10T12:07:58.116411Z[0m [34mDEBUG[0m [2mhyper::proto::h1::io[0m[2m:[0m flushed 250 bytes
[2m2025-12-10T12:07:58.116450Z[0m [34mDEBUG[0m [2mhyper::proto::h1::io[0m[2m:[0m parsed 4 headers
[2m2025-12-10T12:07:58.116456Z[0m [34mDEBUG[0m [2mhyper::proto::h1::conn[0m[2m:[0m incoming body is content-length (45 bytes)
[2m2025-12-10T12:07:58.116469Z[0m [34mDEBUG[0m [2mhyper::proto::h1::conn[0m[2m:[0m incoming body completed
[2m2025-12-10T12:07:58.116491Z[0m [34mDEBUG[0m [2mhyper::client::pool[0m[2m:[0m pooling idle connection for ("http", 192.168.0.14:8545)
[2m2025-12-10T12:07:58.116544Z[0m [34mDEBUG[0m [2mhyper::client::pool[0m[2m:[0m reuse idle connection for ("http", 192.168.0.14:8545)
[2m2025-12-10T12:07:58.116579Z[0m [34mDEBUG[0m [2mhyper::proto::h1::io[0m[2m:[0m flushed 172 bytes
[2m2025-12-10T12:07:58.120872Z[0m [34mDEBUG[0m [2mhyper::proto::h1::io[0m[2m:[0m parsed 4 headers
[2m2025-12-10T12:07:58.120897Z[0m [34mDEBUG[0m [2mhyper::proto::h1::conn[0m[2m:[0m incoming body is content-length (45 bytes)
[2m2025-12-10T12:07:58.120911Z[0m [34mDEBUG[0m [2mhyper::proto::h1::conn[0m[2m:[0m incoming body completed
[2m2025-12-10T12:07:58.120931Z[0m [34mDEBUG[0m [2mhyper::client::pool[0m[2m:[0m pooling idle connection for ("http", 192.168.0.14:8545)
[2m2025-12-10T12:07:58.120984Z[0m [34mDEBUG[0m [2mhyper::client::pool[0m[2m:[0m reuse idle connection for ("http", 192.168.0.14:8545)
[2m2025-12-10T12:07:58.121025Z[0m [34mDEBUG[0m [2mhyper::proto::h1::io[0m[2m:[0m flushed 172 bytes
[2m2025-12-10T12:07:58.125021Z[0m [34mDEBUG[0m [2mhyper::proto::h1::io[0m[2m:[0m parsed 4 headers
[2m2025-12-10T12:07:58.125030Z[0m [34mDEBUG[0m [2mhyper::proto::h1::conn[0m[2m:[0m incoming body is content-length (767 bytes)
[2m2025-12-10T12:07:58.125041Z[0m [34mDEBUG[0m [2mhyper::proto::h1::conn[0m[2m:[0m incoming body completed
[2m2025-12-10T12:07:58.125058Z[0m [34mDEBUG[0m [2mhyper::client::pool[0m[2m:[0m pooling idle connection for ("http", 192.168.0.14:8545)
[2m2025-12-10T12:07:58.125069Z[0m [34mDEBUG[0m [2methereum_transaction_pool_monitor::eth_client[0m[2m:[0m 📡 Transaction fetch RPC completed in 8.814375ms
[2m2025-12-10T12:07:58.125107Z[0m [34mDEBUG[0m [2methereum_transaction_pool_monitor::eth_client[0m[2m:[0m DeFi transaction detected - Address: 0xdac17f958d2ee523a2206206994597c13d831ec7, Type: Stablecoin, Value: 0 ETH, Gas: 0.19 Gwei
[2m2025-12-10T12:07:58.125151Z[0m [34mDEBUG[0m [2methereum_transaction_pool_monitor::eth_client[0m[2m:[0m ✅ Transaction 0x850b689293957808ffbe3af03b735c9769673fd403078934ddea7157dcfa94be fetched and parsed in 8.896125ms
[2m2025-12-10T12:07:58.125167Z[0m [34mDEBUG[0m [2methereum_transaction_pool_monitor::mempool_monitor[0m[2m:[0m 🔍 Skipping tx 0x850b689293957808ffbe3af03b735c9769673fd403078934ddea7157dcfa94be - not a DEX interaction (target: 0xdAC17F958D2ee523a2206206994597C13D831ec7)
[2m2025-12-10T12:07:58.125215Z[0m [34mDEBUG[0m [2methereum_transaction_pool_monitor::mempool_monitor[0m[2m:[0m 📨 Processing new pending transaction: 0x0c42625a56dcd778835e192fe83984b407f382717599dec51245259f62e52ac4
[2m2025-12-10T12:07:58.125224Z[0m [34mDEBUG[0m [2methereum_transaction_pool_monitor::mempool_monitor[0m[2m:[0m 🔍 Fetching transaction details for: 0x0c42625a56dcd778835e192fe83984b407f382717599dec51245259f62e52ac4
[2m2025-12-10T12:07:58.125232Z[0m [34mDEBUG[0m [2methereum_transaction_pool_monitor::eth_client[0m[2m:[0m 🔍 Fetching transaction details for hash: 0x0c42625a56dcd778835e192fe83984b407f382717599dec51245259f62e52ac4
[2m2025-12-10T12:07:58.125263Z[0m [34mDEBUG[0m [2mhyper::client::pool[0m[2m:[0m reuse idle connection for ("http", 192.168.0.14:8545)
[2m2025-12-10T12:07:58.125295Z[0m [34mDEBUG[0m [2mhyper::proto::h1::io[0m[2m:[0m flushed 250 bytes
[2m2025-12-10T12:07:58.129073Z[0m [34mDEBUG[0m [2mhyper::proto::h1::io[0m[2m:[0m parsed 4 headers
[2m2025-12-10T12:07:58.129079Z[0m [34mDEBUG[0m [2mhyper::proto::h1::conn[0m[2m:[0m incoming body is content-length (45 bytes)
[2m2025-12-10T12:07:58.129088Z[0m [34mDEBUG[0m [2mhyper::proto::h1::conn[0m[2m:[0m incoming body completed
[2m2025-12-10T12:07:58.129099Z[0m [34mDEBUG[0m [2mhyper::client::pool[0m[2m:[0m pooling idle connection for ("http", 192.168.0.14:8545)
[2m2025-12-10T12:07:58.130761Z[0m [34mDEBUG[0m [2mhyper::proto::h1::io[0m[2m:[0m parsed 4 headers
[2m2025-12-10T12:07:58.130767Z[0m [34mDEBUG[0m [2mhyper::proto::h1::conn[0m[2m:[0m incoming body is content-length (1475 bytes)
[2m2025-12-10T12:07:58.130792Z[0m [34mDEBUG[0m [2methereum_transaction_pool_monitor::eth_client[0m[2m:[0m 📡 Transaction fetch RPC completed in 5.551792ms
[2m2025-12-10T12:07:58.131484Z[0m [34mDEBUG[0m [2mhyper::proto::h1::conn[0m[2m:[0m incoming body completed
[2m2025-12-10T12:07:58.131537Z[0m [34mDEBUG[0m [2mhyper::client::pool[0m[2m:[0m pooling idle connection for ("http", 192.168.0.14:8545)
[2m2025-12-10T12:07:58.193072Z[0m [34mDEBUG[0m [2mhyper::client::pool[0m[2m:[0m reuse idle connection for ("http", 192.168.0.14:8545)
[2m2025-12-10T12:07:58.193174Z[0m [34mDEBUG[0m [2mhyper::proto::h1::io[0m[2m:[0m flushed 172 bytes
[2m2025-12-10T12:07:58.196674Z[0m [34mDEBUG[0m [2mhyper::proto::h1::io[0m[2m:[0m parsed 4 headers
[2m2025-12-10T12:07:58.196684Z[0m [34mDEBUG[0m [2mhyper::proto::h1::conn[0m[2m:[0m incoming body is content-length (45 bytes)
[2m2025-12-10T12:07:58.196698Z[0m [34mDEBUG[0m [2mhyper::proto::h1::conn[0m[2m:[0m incoming body completed
[2m2025-12-10T12:07:58.196727Z[0m [34mDEBUG[0m [2mhyper::client::pool[0m[2m:[0m pooling idle connection for ("http", 192.168.0.14:8545)
[2m2025-12-10T12:07:58.288979Z[0m [34mDEBUG[0m [2methereum_transaction_pool_monitor::eth_client[0m[2m:[0m 📨 Received WebSocket message: {"jsonrpc":"2.0","method":"eth_subscription","params":{"subscription":"0x47c11399886b6549da0ab4d02eced7c9","result":"0x7817fd3c401d5ab81de48f413fae60aee2e841d7e07e35437de6d2fd93fb2bb2"}}
[2m2025-12-10T12:07:58.289019Z[0m [34mDEBUG[0m [2methereum_transaction_pool_monitor::eth_client[0m[2m:[0m 📨 Received pending transaction: 0x7817fd3c401d5ab81de48f413fae60aee2e841d7e07e35437de6d2fd93fb2bb2
[2m2025-12-10T12:07:58.291614Z[0m [34mDEBUG[0m [2mhyper::client::pool[0m[2m:[0m reuse idle connection for ("http", 192.168.0.14:8545)
[2m2025-12-10T12:07:58.291691Z[0m [34mDEBUG[0m [2mhyper::proto::h1::io[0m[2m:[0m flushed 172 bytes
[2m2025-12-10T12:07:58.296360Z[0m [34mDEBUG[0m [2mhyper::proto::h1::io[0m[2m:[0m parsed 4 headers
[2m2025-12-10T12:07:58.296371Z[0m [34mDEBUG[0m [2mhyper::proto::h1::conn[0m[2m:[0m incoming body is content-length (45 bytes)
[2m2025-12-10T12:07:58.296386Z[0m [34mDEBUG[0m [2mhyper::proto::h1::conn[0m[2m:[0m incoming body completed
[2m2025-12-10T12:07:58.296411Z[0m [34mDEBUG[0m [2mhyper::client::pool[0m[2m:[0m pooling idle connection for ("http", 192.168.0.14:8545)
[2m2025-12-10T12:07:58.308746Z[0m [34mDEBUG[0m [2methereum_transaction_pool_monitor::eth_client[0m[2m:[0m 📨 Received WebSocket message: {"jsonrpc":"2.0","method":"eth_subscription","params":{"subscription":"0x47c11399886b6549da0ab4d02eced7c9","result":"0x7a10e32acfa48c533a3753863396651d12f981d1ab765cb724d2d947d633b1a3"}}
[2m2025-12-10T12:07:58.308774Z[0m [34mDEBUG[0m [2methereum_transaction_pool_monitor::eth_client[0m[2m:[0m 📨 Received pending transaction: 0x7a10e32acfa48c533a3753863396651d12f981d1ab765cb724d2d947d633b1a3
[2m2025-12-10T12:07:58.316353Z[0m [34mDEBUG[0m [2methereum_transaction_pool_monitor::eth_client[0m[2m:[0m ✅ Transaction 0x0c42625a56dcd778835e192fe83984b407f382717599dec51245259f62e52ac4 fetched and parsed in 191.112792ms
[2m2025-12-10T12:07:58.316377Z[0m [34mDEBUG[0m [2methereum_transaction_pool_monitor::mempool_monitor[0m[2m:[0m 🔍 Skipping tx 0x0c42625a56dcd778835e192fe83984b407f382717599dec51245259f62e52ac4 - not a DEX interaction (target: 0x173272739Bd7Aa6e4e214714048a9fE699453059)
[2m2025-12-10T12:07:58.316430Z[0m [34mDEBUG[0m [2methereum_transaction_pool_monitor::mempool_monitor[0m[2m:[0m 📨 Processing new pending transaction: 0xcca16140708a6b1cdc41d284be1bf7bb4e9e958709aea029f507e06d1635515f
[2m2025-12-10T12:07:58.316441Z[0m [34mDEBUG[0m [2methereum_transaction_pool_monitor::mempool_monitor[0m[2m:[0m 🔍 Fetching transaction details for: 0xcca16140708a6b1cdc41d284be1bf7bb4e9e958709aea029f507e06d1635515f
[2m2025-12-10T12:07:58.316451Z[0m [34mDEBUG[0m [2methereum_transaction_pool_monitor::eth_client[0m[2m:[0m 🔍 Fetching transaction details for hash: 0xcca16140708a6b1cdc41d284be1bf7bb4e9e958709aea029f507e06d1635515f
[2m2025-12-10T12:07:58.316515Z[0m [34mDEBUG[0m [2mhyper::client::pool[0m[2m:[0m reuse idle connection for ("http", 192.168.0.14:8545)
[2m2025-12-10T12:07:58.316583Z[0m [34mDEBUG[0m [2mhyper::proto::h1::io[0m[2m:[0m flushed 250 bytes
[2m2025-12-10T12:07:58.320770Z[0m [34mDEBUG[0m [2methereum_transaction_pool_monitor::eth_client[0m[2m:[0m 📨 Received WebSocket message: {"jsonrpc":"2.0","method":"eth_subscription","params":{"subscription":"0x47c11399886b6549da0ab4d02eced7c9","result":"0x76c0cc8f3ce60c700854f210fa10de8907e5e2941d6aa136231f5151ba3dceb6"}}
[2m2025-12-10T12:07:58.320825Z[0m [34mDEBUG[0m [2methereum_transaction_pool_monitor::eth_client[0m[2m:[0m 📨 Received pending transaction: 0x76c0cc8f3ce60c700854f210fa10de8907e5e2941d6aa136231f5151ba3dceb6
[2m2025-12-10T12:07:58.322523Z[0m [34mDEBUG[0m [2mhyper::proto::h1::io[0m[2m:[0m parsed 4 headers
[2m2025-12-10T12:07:58.322532Z[0m [34mDEBUG[0m [2mhyper::proto::h1::conn[0m[2m:[0m incoming body is content-length (773 bytes)
[2m2025-12-10T12:07:58.322546Z[0m [34mDEBUG[0m [2mhyper::proto::h1::conn[0m[2m:[0m incoming body completed
[2m2025-12-10T12:07:58.322570Z[0m [34mDEBUG[0m [2mhyper::client::pool[0m[2m:[0m pooling idle connection for ("http", 192.168.0.14:8545)
[2m2025-12-10T12:07:58.322583Z[0m [34mDEBUG[0m [2methereum_transaction_pool_monitor::eth_client[0m[2m:[0m 📡 Transaction fetch RPC completed in 6.121042ms
[2m2025-12-10T12:07:58.506170Z[0m [34mDEBUG[0m [2methereum_transaction_pool_monitor::eth_client[0m[2m:[0m ✅ Transaction 0xcca16140708a6b1cdc41d284be1bf7bb4e9e958709aea029f507e06d1635515f fetched and parsed in 189.703292ms
[2m2025-12-10T12:07:58.506225Z[0m [34mDEBUG[0m [2methereum_transaction_pool_monitor::mempool_monitor[0m[2m:[0m 🔍 Skipping tx 0xcca16140708a6b1cdc41d284be1bf7bb4e9e958709aea029f507e06d1635515f - not a DEX interaction (target: 0xC3d21f79C3120A4fFda7A535f8005a7c297799bF)
[2m2025-12-10T12:07:58.506285Z[0m [34mDEBUG[0m [2methereum_transaction_pool_monitor::mempool_monitor[0m[2m:[0m 📨 Processing new pending transaction: 0x00658d0f96c9c772c48172732cb5daea093c3c5ecfb66b12b9d18e1cd239837e
[2m2025-12-10T12:07:58.506296Z[0m [34mDEBUG[0m [2methereum_transaction_pool_monitor::mempool_monitor[0m[2m:[0m 🔍 Fetching transaction details for: 0x00658d0f96c9c772c48172732cb5daea093c3c5ecfb66b12b9d18e1cd239837e
[2m2025-12-10T12:07:58.506305Z[0m [34mDEBUG[0m [2methereum_transaction_pool_monitor::eth_client[0m[2m:[0m 🔍 Fetching transaction details for hash: 0x00658d0f96c9c772c48172732cb5daea093c3c5ecfb66b12b9d18e1cd239837e
[2m2025-12-10T12:07:58.506382Z[0m [34mDEBUG[0m [2mhyper::client::pool[0m[2m:[0m reuse idle connection for ("http", 192.168.0.14:8545)
[2m2025-12-10T12:07:58.506470Z[0m [34mDEBUG[0m [2mhyper::proto::h1::io[0m[2m:[0m flushed 250 bytes
[2m2025-12-10T12:07:58.506537Z[0m [34mDEBUG[0m [2methereum_transaction_pool_monitor::eth_client[0m[2m:[0m 📨 Received WebSocket message: {"jsonrpc":"2.0","method":"eth_subscription","params":{"subscription":"0x47c11399886b6549da0ab4d02eced7c9","result":"0x249053443d7f05c3e9248986c6c0d96c376efc39a462d8a5f1e1a904868f2212"}}
[2m2025-12-10T12:07:58.506540Z[0m [34mDEBUG[0m [2mhyper::client::pool[0m[2m:[0m reuse idle connection for ("http", 192.168.0.14:8545)
[2m2025-12-10T12:07:58.506573Z[0m [34mDEBUG[0m [2methereum_transaction_pool_monitor::eth_client[0m[2m:[0m 📨 Received pending transaction: 0x249053443d7f05c3e9248986c6c0d96c376efc39a462d8a5f1e1a904868f2212
[2m2025-12-10T12:07:58.506593Z[0m [34mDEBUG[0m [2mhyper::proto::h1::io[0m[2m:[0m flushed 172 bytes
[2m2025-12-10T12:07:58.511900Z[0m [34mDEBUG[0m [2mhyper::proto::h1::io[0m[2m:[0m parsed 4 headers
[2m2025-12-10T12:07:58.511925Z[0m [34mDEBUG[0m [2mhyper::proto::h1::conn[0m[2m:[0m incoming body is content-length (45 bytes)
[2m2025-12-10T12:07:58.511942Z[0m [34mDEBUG[0m [2mhyper::proto::h1::conn[0m[2m:[0m incoming body completed
[2m2025-12-10T12:07:58.511966Z[0m [34mDEBUG[0m [2mhyper::client::pool[0m[2m:[0m pooling idle connection for ("http", 192.168.0.14:8545)
[2m2025-12-10T12:07:58.512024Z[0m [34mDEBUG[0m [2mhyper::client::pool[0m[2m:[0m reuse idle connection for ("http", 192.168.0.14:8545)
[2m2025-12-10T12:07:58.512062Z[0m [34mDEBUG[0m [2mhyper::proto::h1::io[0m[2m:[0m flushed 172 bytes
[2m2025-12-10T12:07:58.512761Z[0m [34mDEBUG[0m [2mhyper::proto::h1::io[0m[2m:[0m parsed 4 headers
[2m2025-12-10T12:07:58.512781Z[0m [34mDEBUG[0m [2mhyper::proto::h1::conn[0m[2m:[0m incoming body is content-length (762 bytes)
[2m2025-12-10T12:07:58.512800Z[0m [34mDEBUG[0m [2mhyper::proto::h1::conn[0m[2m:[0m incoming body completed
[2m2025-12-10T12:07:58.512813Z[0m [34mDEBUG[0m [2mhyper::client::pool[0m[2m:[0m pooling idle connection for ("http", 192.168.0.14:8545)
[2m2025-12-10T12:07:58.512823Z[0m [34mDEBUG[0m [2methereum_transaction_pool_monitor::eth_client[0m[2m:[0m 📡 Transaction fetch RPC completed in 6.509375ms
[2m2025-12-10T12:07:58.697099Z[0m [34mDEBUG[0m [2methereum_transaction_pool_monitor::eth_client[0m[2m:[0m ✅ Transaction 0x00658d0f96c9c772c48172732cb5daea093c3c5ecfb66b12b9d18e1cd239837e fetched and parsed in 190.782125ms
[2m2025-12-10T12:07:58.697141Z[0m [34mDEBUG[0m [2methereum_transaction_pool_monitor::mempool_monitor[0m[2m:[0m 🔍 Skipping tx 0x00658d0f96c9c772c48172732cb5daea093c3c5ecfb66b12b9d18e1cd239837e - not a DEX interaction (target: 0x000d4411cdeb152378626B5C5E33fd5D6808939a)
[2m2025-12-10T12:07:58.697203Z[0m [34mDEBUG[0m [2methereum_transaction_pool_monitor::mempool_monitor[0m[2m:[0m 📨 Processing new pending transaction: 0x00efac707fa19b4efbb4ef04c63af9944324877d487cee9955b2dc0808dc07e5
[2m2025-12-10T12:07:58.697213Z[0m [34mDEBUG[0m [2methereum_transaction_pool_monitor::mempool_monitor[0m[2m:[0m 🔍 Fetching transaction details for: 0x00efac707fa19b4efbb4ef04c63af9944324877d487cee9955b2dc0808dc07e5
[2m2025-12-10T12:07:58.697223Z[0m [34mDEBUG[0m [2methereum_transaction_pool_monitor::eth_client[0m[2m:[0m 🔍 Fetching transaction details for hash: 0x00efac707fa19b4efbb4ef04c63af9944324877d487cee9955b2dc0808dc07e5
[2m2025-12-10T12:07:58.697294Z[0m [34mDEBUG[0m [2mhyper::client::pool[0m[2m:[0m reuse idle connection for ("http", 192.168.0.14:8545)
[2m2025-12-10T12:07:58.697374Z[0m [34mDEBUG[0m [2mhyper::proto::h1::io[0m[2m:[0m flushed 250 bytes
[2m2025-12-10T12:07:58.697415Z[0m [34mDEBUG[0m [2methereum_transaction_pool_monitor::eth_client[0m[2m:[0m 📨 Received WebSocket message: {"jsonrpc":"2.0","method":"eth_subscription","params":{"subscription":"0x47c11399886b6549da0ab4d02eced7c9","result":"0x1dfad083d30843ff104fa6dea8bc35b3afc72f65691feda41d6c4f43392fae72"}}
[2m2025-12-10T12:07:58.697434Z[0m [34mDEBUG[0m [2mhyper::proto::h1::io[0m[2m:[0m parsed 4 headers
[2m2025-12-10T12:07:58.697437Z[0m [34mDEBUG[0m [2methereum_transaction_pool_monitor::eth_client[0m[2m:[0m 📨 Received pending transaction: 0x1dfad083d30843ff104fa6dea8bc35b3afc72f65691feda41d6c4f43392fae72
[2m2025-12-10T12:07:58.697447Z[0m [34mDEBUG[0m [2mhyper::proto::h1::conn[0m[2m:[0m incoming body is content-length (45 bytes)
[2m2025-12-10T12:07:58.697464Z[0m [34mDEBUG[0m [2mhyper::proto::h1::conn[0m[2m:[0m incoming body completed
[2m2025-12-10T12:07:58.697490Z[0m [34mDEBUG[0m [2mhyper::client::pool[0m[2m:[0m pooling idle connection for ("http", 192.168.0.14:8545)
[2m2025-12-10T12:07:58.697548Z[0m [34mDEBUG[0m [2mhyper::client::pool[0m[2m:[0m reuse idle connection for ("http", 192.168.0.14:8545)
[2m2025-12-10T12:07:58.697587Z[0m [34mDEBUG[0m [2mhyper::proto::h1::io[0m[2m:[0m flushed 172 bytes
[2m2025-12-10T12:07:58.702930Z[0m [34mDEBUG[0m [2mhyper::proto::h1::io[0m[2m:[0m parsed 4 headers
[2m2025-12-10T12:07:58.702939Z[0m [34mDEBUG[0m [2mhyper::proto::h1::conn[0m[2m:[0m incoming body is content-length (45 bytes)
[2m2025-12-10T12:07:58.702950Z[0m [34mDEBUG[0m [2mhyper::proto::h1::conn[0m[2m:[0m incoming body completed
[2m2025-12-10T12:07:58.702967Z[0m [34mDEBUG[0m [2mhyper::client::pool[0m[2m:[0m pooling idle connection for ("http", 192.168.0.14:8545)
[2m2025-12-10T12:07:58.703014Z[0m [34mDEBUG[0m [2mhyper::client::pool[0m[2m:[0m reuse idle connection for ("http", 192.168.0.14:8545)
[2m2025-12-10T12:07:58.703050Z[0m [34mDEBUG[0m [2mhyper::proto::h1::io[0m[2m:[0m flushed 172 bytes
[2m2025-12-10T12:07:58.707839Z[0m [34mDEBUG[0m [2mhyper::proto::h1::io[0m[2m:[0m parsed 4 headers
[2m2025-12-10T12:07:58.707855Z[0m [34mDEBUG[0m [2mhyper::proto::h1::conn[0m[2m:[0m incoming body is content-length (45 bytes)
[2m2025-12-10T12:07:58.707878Z[0m [34mDEBUG[0m [2mhyper::proto::h1::conn[0m[2m:[0m incoming body completed
[2m2025-12-10T12:07:58.707893Z[0m [34mDEBUG[0m [2mhyper::client::pool[0m[2m:[0m pooling idle connection for ("http", 192.168.0.14:8545)
[2m2025-12-10T12:07:58.708695Z[0m [34mDEBUG[0m [2mhyper::proto::h1::io[0m[2m:[0m parsed 4 headers
[2m2025-12-10T12:07:58.708718Z[0m [34mDEBUG[0m [2mhyper::proto::h1::conn[0m[2m:[0m incoming body is content-length (646 bytes)
[2m2025-12-10T12:07:58.708726Z[0m [34mDEBUG[0m [2mhyper::proto::h1::conn[0m[2m:[0m incoming body completed
[2m2025-12-10T12:07:58.708747Z[0m [34mDEBUG[0m [2mhyper::client::pool[0m[2m:[0m pooling idle connection for ("http", 192.168.0.14:8545)
[2m2025-12-10T12:07:58.708756Z[0m [34mDEBUG[0m [2methereum_transaction_pool_monitor::eth_client[0m[2m:[0m 📡 Transaction fetch RPC completed in 11.524333ms
[2m2025-12-10T12:07:58.893067Z[0m [34mDEBUG[0m [2methereum_transaction_pool_monitor::eth_client[0m[2m:[0m ✅ Transaction 0x00efac707fa19b4efbb4ef04c63af9944324877d487cee9955b2dc0808dc07e5 fetched and parsed in 195.830541ms
[2m2025-12-10T12:07:58.893123Z[0m [34mDEBUG[0m [2methereum_transaction_pool_monitor::mempool_monitor[0m[2m:[0m 🔍 Skipping tx 0x00efac707fa19b4efbb4ef04c63af9944324877d487cee9955b2dc0808dc07e5 - not a DEX interaction (target: 0x35d006E96c76D64cc35e7dA593D113Ded3208A6F)
[2m2025-12-10T12:07:58.893194Z[0m [34mDEBUG[0m [2methereum_transaction_pool_monitor::mempool_monitor[0m[2m:[0m 📨 Processing new pending transaction: 0xee1aef7bc12e61aefaaf9aaf813bb5ba1ded0667b5f8d21fc12c42104d0f2ff2
[2m2025-12-10T12:07:58.893205Z[0m [34mDEBUG[0m [2methereum_transaction_pool_monitor::mempool_monitor[0m[2m:[0m 🔍 Fetching transaction details for: 0xee1aef7bc12e61aefaaf9aaf813bb5ba1ded0667b5f8d21fc12c42104d0f2ff2
[2m2025-12-10T12:07:58.893215Z[0m [34mDEBUG[0m [2methereum_transaction_pool_monitor::eth_client[0m[2m:[0m 🔍 Fetching transaction details for hash: 0xee1aef7bc12e61aefaaf9aaf813bb5ba1ded0667b5f8d21fc12c42104d0f2ff2
[2m2025-12-10T12:07:58.893292Z[0m [34mDEBUG[0m [2mhyper::client::pool[0m[2m:[0m reuse idle connection for ("http", 192.168.0.14:8545)
[2m2025-12-10T12:07:58.893386Z[0m [34mDEBUG[0m [2mhyper::proto::h1::io[0m[2m:[0m flushed 250 bytes
[2m2025-12-10T12:07:58.893446Z[0m [34mDEBUG[0m [2mhyper::client::pool[0m[2m:[0m reuse idle connection for ("http", 192.168.0.14:8545)
[2m2025-12-10T12:07:58.893475Z[0m [34mDEBUG[0m [2mhyper::proto::h1::io[0m[2m:[0m flushed 172 bytes
[2m2025-12-10T12:07:58.897118Z[0m [34mDEBUG[0m [2mhyper::proto::h1::io[0m[2m:[0m parsed 4 headers
[2m2025-12-10T12:07:58.897129Z[0m [34mDEBUG[0m [2mhyper::proto::h1::conn[0m[2m:[0m incoming body is content-length (553 bytes)
[2m2025-12-10T12:07:58.897144Z[0m [34mDEBUG[0m [2mhyper::proto::h1::conn[0m[2m:[0m incoming body completed
[2m2025-12-10T12:07:58.897167Z[0m [34mDEBUG[0m [2mhyper::client::pool[0m[2m:[0m pooling idle connection for ("http", 192.168.0.14:8545)
[2m2025-12-10T12:07:58.897178Z[0m [34mDEBUG[0m [2methereum_transaction_pool_monitor::eth_client[0m[2m:[0m 📡 Transaction fetch RPC completed in 3.954625ms
[2m2025-12-10T12:07:59.081144Z[0m [34mDEBUG[0m [2methereum_transaction_pool_monitor::eth_client[0m[2m:[0m ✅ Transaction 0xee1aef7bc12e61aefaaf9aaf813bb5ba1ded0667b5f8d21fc12c42104d0f2ff2 fetched and parsed in 187.916208ms
[2m2025-12-10T12:07:59.081193Z[0m [34mDEBUG[0m [2methereum_transaction_pool_monitor::mempool_monitor[0m[2m:[0m 🔍 Skipping tx 0xee1aef7bc12e61aefaaf9aaf813bb5ba1ded0667b5f8d21fc12c42104d0f2ff2 - not a DEX interaction (target: 0xffe15FF598e719d29DFe5E1d60BE1A5521A779Ae)
[2m2025-12-10T12:07:59.081257Z[0m [34mDEBUG[0m [2methereum_transaction_pool_monitor::mempool_monitor[0m[2m:[0m 📨 Processing new pending transaction: 0x94707e97ffd333982081a82b521cdf686267ed4608c4c59df4bef72f0253a69e
[2m2025-12-10T12:07:59.081269Z[0m [34mDEBUG[0m [2methereum_transaction_pool_monitor::mempool_monitor[0m[2m:[0m 🔍 Fetching transaction details for: 0x94707e97ffd333982081a82b521cdf686267ed4608c4c59df4bef72f0253a69e
[2m2025-12-10T12:07:59.081279Z[0m [34mDEBUG[0m [2methereum_transaction_pool_monitor::eth_client[0m[2m:[0m 🔍 Fetching transaction details for hash: 0x94707e97ffd333982081a82b521cdf686267ed4608c4c59df4bef72f0253a69e
[2m2025-12-10T12:07:59.081357Z[0m [34mDEBUG[0m [2mhyper::client::pool[0m[2m:[0m reuse idle connection for ("http", 192.168.0.14:8545)
[2m2025-12-10T12:07:59.081446Z[0m [34mDEBUG[0m [2mhyper::proto::h1::io[0m[2m:[0m flushed 250 bytes
[2m2025-12-10T12:07:59.081491Z[0m [34mDEBUG[0m [2methereum_transaction_pool_monitor::eth_client[0m[2m:[0m 📨 Received WebSocket message: {"jsonrpc":"2.0","method":"eth_subscription","params":{"subscription":"0x47c11399886b6549da0ab4d02eced7c9","result":"0xf0a6910f33ce674bf68758f88db94b7a0daba9b6aefde0eaea1c68ffed20d243"}}
[2m2025-12-10T12:07:59.081512Z[0m [34mDEBUG[0m [2mhyper::proto::h1::io[0m[2m:[0m parsed 4 headers
[2m2025-12-10T12:07:59.081515Z[0m [34mDEBUG[0m [2methereum_transaction_pool_monitor::eth_client[0m[2m:[0m 📨 Received pending transaction: 0xf0a6910f33ce674bf68758f88db94b7a0daba9b6aefde0eaea1c68ffed20d243
[2m2025-12-10T12:07:59.081529Z[0m [34mDEBUG[0m [2mhyper::proto::h1::conn[0m[2m:[0m incoming body is content-length (45 bytes)
[2m2025-12-10T12:07:59.081550Z[0m [34mDEBUG[0m [2mhyper::proto::h1::conn[0m[2m:[0m incoming body completed
[2m2025-12-10T12:07:59.081577Z[0m [34mDEBUG[0m [2mhyper::client::pool[0m[2m:[0m pooling idle connection for ("http", 192.168.0.14:8545)
[2m2025-12-10T12:07:59.081638Z[0m [34mDEBUG[0m [2mhyper::client::pool[0m[2m:[0m reuse idle connection for ("http", 192.168.0.14:8545)
[2m2025-12-10T12:07:59.081682Z[0m [34mDEBUG[0m [2mhyper::proto::h1::io[0m[2m:[0m flushed 172 bytes
[2m2025-12-10T12:07:59.086735Z[0m [34mDEBUG[0m [2mhyper::proto::h1::io[0m[2m:[0m parsed 4 headers
[2m2025-12-10T12:07:59.086761Z[0m [34mDEBUG[0m [2mhyper::proto::h1::conn[0m[2m:[0m incoming body is content-length (45 bytes)
[2m2025-12-10T12:07:59.086775Z[0m [34mDEBUG[0m [2mhyper::proto::h1::conn[0m[2m:[0m incoming body completed
[2m2025-12-10T12:07:59.086797Z[0m [34mDEBUG[0m [2mhyper::client::pool[0m[2m:[0m pooling idle connection for ("http", 192.168.0.14:8545)
[2m2025-12-10T12:07:59.086853Z[0m [34mDEBUG[0m [2mhyper::client::pool[0m[2m:[0m reuse idle connection for ("http", 192.168.0.14:8545)
[2m2025-12-10T12:07:59.086893Z[0m [34mDEBUG[0m [2mhyper::proto::h1::io[0m[2m:[0m flushed 172 bytes
[2m2025-12-10T12:07:59.090673Z[0m [34mDEBUG[0m [2mhyper::proto::h1::io[0m[2m:[0m parsed 4 headers
[2m2025-12-10T12:07:59.090685Z[0m [34mDEBUG[0m [2mhyper::proto::h1::conn[0m[2m:[0m incoming body is content-length (645 bytes)
[2m2025-12-10T12:07:59.090707Z[0m [34mDEBUG[0m [2mhyper::proto::h1::conn[0m[2m:[0m incoming body completed
[2m2025-12-10T12:07:59.090723Z[0m [34mDEBUG[0m [2mhyper::client::pool[0m[2m:[0m pooling idle connection for ("http", 192.168.0.14:8545)
[2m2025-12-10T12:07:59.090733Z[0m [34mDEBUG[0m [2methereum_transaction_pool_monitor::eth_client[0m[2m:[0m 📡 Transaction fetch RPC completed in 9.441291ms
[2m2025-12-10T12:07:59.274813Z[0m [34mDEBUG[0m [2methereum_transaction_pool_monitor::eth_client[0m[2m:[0m ✅ Transaction 0x94707e97ffd333982081a82b521cdf686267ed4608c4c59df4bef72f0253a69e fetched and parsed in 193.517708ms
[2m2025-12-10T12:07:59.274853Z[0m [34mDEBUG[0m [2methereum_transaction_pool_monitor::mempool_monitor[0m[2m:[0m 🔍 Skipping tx 0x94707e97ffd333982081a82b521cdf686267ed4608c4c59df4bef72f0253a69e - not a DEX interaction (target: 0x6e46e97829B4E79eFE93D543FE0e9bF31950b6aC)
[2m2025-12-10T12:07:59.274917Z[0m [34mDEBUG[0m [2methereum_transaction_pool_monitor::mempool_monitor[0m[2m:[0m 📨 Processing new pending transaction: 0xc1adc1ee1b955676af6f36d10b3677901480ab00fe70f25aedaf1af757404191
[2m2025-12-10T12:07:59.274938Z[0m [34mDEBUG[0m [2methereum_transaction_pool_monitor::mempool_monitor[0m[2m:[0m 🔍 Fetching transaction details for: 0xc1adc1ee1b955676af6f36d10b3677901480ab00fe70f25aedaf1af757404191
[2m2025-12-10T12:07:59.274947Z[0m [34mDEBUG[0m [2methereum_transaction_pool_monitor::eth_client[0m[2m:[0m 🔍 Fetching transaction details for hash: 0xc1adc1ee1b955676af6f36d10b3677901480ab00fe70f25aedaf1af757404191
[2m2025-12-10T12:07:59.275021Z[0m [34mDEBUG[0m [2mhyper::client::pool[0m[2m:[0m reuse idle connection for ("http", 192.168.0.14:8545)
[2m2025-12-10T12:07:59.275104Z[0m [34mDEBUG[0m [2mhyper::proto::h1::io[0m[2m:[0m flushed 250 bytes
[2m2025-12-10T12:07:59.275158Z[0m [34mDEBUG[0m [2methereum_transaction_pool_monitor::eth_client[0m[2m:[0m 📨 Received WebSocket message: {"jsonrpc":"2.0","method":"eth_subscription","params":{"subscription":"0x47c11399886b6549da0ab4d02eced7c9","result":"0x8820652f71f64a3142e633ee7986e6bf2b7a4b44e93c94d77fa8feb36fc4b979"}}
[2m2025-12-10T12:07:59.275164Z[0m [34mDEBUG[0m [2mhyper::proto::h1::io[0m[2m:[0m parsed 4 headers
[2m2025-12-10T12:07:59.275177Z[0m [34mDEBUG[0m [2mhyper::proto::h1::conn[0m[2m:[0m incoming body is content-length (45 bytes)
[2m2025-12-10T12:07:59.275182Z[0m [34mDEBUG[0m [2methereum_transaction_pool_monitor::eth_client[0m[2m:[0m 📨 Received pending transaction: 0x8820652f71f64a3142e633ee7986e6bf2b7a4b44e93c94d77fa8feb36fc4b979
[2m2025-12-10T12:07:59.275192Z[0m [34mDEBUG[0m [2mhyper::proto::h1::conn[0m[2m:[0m incoming body completed
[2m2025-12-10T12:07:59.275234Z[0m [34mDEBUG[0m [2mhyper::client::pool[0m[2m:[0m pooling idle connection for ("http", 192.168.0.14:8545)
[2m2025-12-10T12:07:59.275290Z[0m [34mDEBUG[0m [2mhyper::client::pool[0m[2m:[0m reuse idle connection for ("http", 192.168.0.14:8545)
[2m2025-12-10T12:07:59.275329Z[0m [34mDEBUG[0m [2mhyper::proto::h1::io[0m[2m:[0m flushed 172 bytes
[2m2025-12-10T12:07:59.277076Z[0m [34mDEBUG[0m [2methereum_transaction_pool_monitor::eth_client[0m[2m:[0m 📨 Received WebSocket message: {"jsonrpc":"2.0","method":"eth_subscription","params":{"subscription":"0x47c11399886b6549da0ab4d02eced7c9","result":"0x9effc100a52c9cef2ff4f542ef2526613d2a8e207b71cebd17c8d7d13e5ed4ca"}}
[2m2025-12-10T12:07:59.277120Z[0m [34mDEBUG[0m [2methereum_transaction_pool_monitor::eth_client[0m[2m:[0m 📨 Received pending transaction: 0x9effc100a52c9cef2ff4f542ef2526613d2a8e207b71cebd17c8d7d13e5ed4ca
[2m2025-12-10T12:07:59.279286Z[0m [34mDEBUG[0m [2mhyper::proto::h1::io[0m[2m:[0m parsed 4 headers
[2m2025-12-10T12:07:59.279293Z[0m [34mDEBUG[0m [2mhyper::proto::h1::conn[0m[2m:[0m incoming body is content-length (45 bytes)
[2m2025-12-10T12:07:59.279313Z[0m [34mDEBUG[0m [2mhyper::proto::h1::conn[0m[2m:[0m incoming body completed
[2m2025-12-10T12:07:59.279329Z[0m [34mDEBUG[0m [2mhyper::client::pool[0m[2m:[0m pooling idle connection for ("http", 192.168.0.14:8545)
[2m2025-12-10T12:07:59.279369Z[0m [34mDEBUG[0m [2mhyper::client::pool[0m[2m:[0m reuse idle connection for ("http", 192.168.0.14:8545)
[2m2025-12-10T12:07:59.279400Z[0m [34mDEBUG[0m [2mhyper::proto::h1::io[0m[2m:[0m flushed 172 bytes
[2m2025-12-10T12:07:59.283288Z[0m [34mDEBUG[0m [2mhyper::proto::h1::io[0m[2m:[0m parsed 4 headers
[2m2025-12-10T12:07:59.283294Z[0m [34mDEBUG[0m [2mhyper::proto::h1::conn[0m[2m:[0m incoming body is content-length (45 bytes)
[2m2025-12-10T12:07:59.283302Z[0m [34mDEBUG[0m [2mhyper::proto::h1::conn[0m[2m:[0m incoming body completed
[2m2025-12-10T12:07:59.283315Z[0m [34mDEBUG[0m [2mhyper::client::pool[0m[2m:[0m pooling idle connection for ("http", 192.168.0.14:8545)
[2m2025-12-10T12:07:59.283852Z[0m [34mDEBUG[0m [2mhyper::proto::h1::io[0m[2m:[0m parsed 4 headers
[2m2025-12-10T12:07:59.283870Z[0m [34mDEBUG[0m [2mhyper::proto::h1::conn[0m[2m:[0m incoming body is content-length (1100 bytes)
[2m2025-12-10T12:07:59.283878Z[0m [34mDEBUG[0m [2mhyper::proto::h1::conn[0m[2m:[0m incoming body completed
[2m2025-12-10T12:07:59.283890Z[0m [34mDEBUG[0m [2mhyper::client::pool[0m[2m:[0m pooling idle connection for ("http", 192.168.0.14:8545)
[2m2025-12-10T12:07:59.283899Z[0m [34mDEBUG[0m [2methereum_transaction_pool_monitor::eth_client[0m[2m:[0m 📡 Transaction fetch RPC completed in 8.942708ms
[2m2025-12-10T12:07:59.283934Z[0m [34mDEBUG[0m [2methereum_transaction_pool_monitor::eth_client[0m[2m:[0m DeFi transaction detected - Address: 0x7a250d5630b4cf539739df2c5dacb4c659f2488d, Type: DexRouter, Value: 0.0738 ETH, Gas: 0.34 Gwei
[2m2025-12-10T12:07:59.283979Z[0m [34mDEBUG[0m [2methereum_transaction_pool_monitor::eth_client[0m[2m:[0m ✅ Transaction 0xc1adc1ee1b955676af6f36d10b3677901480ab00fe70f25aedaf1af757404191 fetched and parsed in 9.022541ms
[2m2025-12-10T12:07:59.283994Z[0m [34mDEBUG[0m [2methereum_transaction_pool_monitor::mempool_monitor[0m[2m:[0m 🎯 Found DEX interaction: 0xc1adc1ee1b955676af6f36d10b3677901480ab00fe70f25aedaf1af757404191 -> 0x7a250d5630B4cF539739dF2C5dAcb4c659F2488D
[2m2025-12-10T12:07:59.284035Z[0m [34mDEBUG[0m [2methereum_transaction_pool_monitor::mempool_monitor[0m[2m:[0m 🔄 Converting transaction to mempool format...
[2m2025-12-10T12:07:59.284056Z[0m [34mDEBUG[0m [2methereum_transaction_pool_monitor::mempool_monitor[0m[2m:[0m 🔍 Checking address: 0x7a250d5630b4cf539739df2c5dacb4c659f2488d - Pool: false, Router: true
[2m2025-12-10T12:07:59.284064Z[0m [34mDEBUG[0m [2methereum_transaction_pool_monitor::mempool_monitor[0m[2m:[0m 🔍 Parsing router transaction input to find target pool...
[2m2025-12-10T12:07:59.284072Z[0m [34mDEBUG[0m [2methereum_transaction_pool_monitor::mempool_monitor[0m[2m:[0m 🔍 Router function selector: 0x7ff36ab5
[2m2025-12-10T12:07:59.284083Z[0m [34mDEBUG[0m [2methereum_transaction_pool_monitor::mempool_monitor[0m[2m:[0m 📊 Detected swapExactETHForTokens
[2m2025-12-10T12:07:59.284089Z[0m [34mDEBUG[0m [2methereum_transaction_pool_monitor::mempool_monitor[0m[2m:[0m 🔍 Extracted ETH swap token pair: 0x0000000000000000000000000000000000000000 -> 0x0000000000000000000000800000000000000000
[2m2025-12-10T12:07:59.284148Z[0m [34mDEBUG[0m [2methereum_transaction_pool_monitor::mempool_monitor[0m[2m:[0m 🔍 Searching for pool with tokens 0x0000000000000000000000000000000000000000 and 0x0000000000000000000000800000000000000000
[2m2025-12-10T12:07:59.284275Z[0m [34mDEBUG[0m [2methereum_transaction_pool_monitor::mempool_monitor[0m[2m:[0m ⚠️ Failed to parse router target pool: no such table: dex_pools
[2m2025-12-10T12:07:59.284321Z[0m [34mDEBUG[0m [2methereum_transaction_pool_monitor::mempool_monitor[0m[2m:[0m 🎯 DEX transaction detected: 0xc1adc1ee1b955676af6f36d10b3677901480ab00fe70f25aedaf1af757404191 ($0)
[2m2025-12-10T12:07:59.284330Z[0m [34mDEBUG[0m [2methereum_transaction_pool_monitor::mempool_monitor[0m[2m:[0m 🔄 Proceeding with DEX router transaction despite low ETH value ($0) - analyzing token swap
[2m2025-12-10T12:07:59.284338Z[0m [32m INFO[0m [2methereum_transaction_pool_monitor::mempool_monitor[0m[2m:[0m ✨ Potential MEV target: 0xc1adc1ee1b955676af6f36d10b3677901480ab00fe70f25aedaf1af757404191 ($0, 0.0 gwei)
[2m2025-12-10T12:07:59.284347Z[0m [32m INFO[0m [2methereum_transaction_pool_monitor::mempool_monitor[0m[2m:[0m 🧠 Analyzing sandwich opportunity for transaction: 0xc1adc1ee1b955676af6f36d10b3677901480ab00fe70f25aedaf1af757404191
[2m2025-12-10T12:07:59.284354Z[0m [34mDEBUG[0m [2methereum_transaction_pool_monitor::mempool_monitor[0m[2m:[0m ❌ No target pool found for victim tx: 0xc1adc1ee1b955676af6f36d10b3677901480ab00fe70f25aedaf1af757404191 - skipping
[2m2025-12-10T12:07:59.284363Z[0m [34mDEBUG[0m [2methereum_transaction_pool_monitor::mempool_monitor[0m[2m:[0m 🔍 No sandwich opportunity found for this transaction
[2m2025-12-10T12:07:59.284371Z[0m [34mDEBUG[0m [2methereum_transaction_pool_monitor::mempool_monitor[0m[2m:[0m 📨 Processing new pending transaction: 0xf5704932ca6d112b312a8425639626820bf5514c76ff6edbaeba487be793d614
[2m2025-12-10T12:07:59.284379Z[0m [34mDEBUG[0m [2methereum_transaction_pool_monitor::mempool_monitor[0m[2m:[0m 🔍 Fetching transaction details for: 0xf5704932ca6d112b312a8425639626820bf5514c76ff6edbaeba487be793d614
[2m2025-12-10T12:07:59.284386Z[0m [34mDEBUG[0m [2methereum_transaction_pool_monitor::eth_client[0m[2m:[0m 🔍 Fetching transaction details for hash: 0xf5704932ca6d112b312a8425639626820bf5514c76ff6edbaeba487be793d614
[2m2025-12-10T12:07:59.284412Z[0m [34mDEBUG[0m [2mhyper::client::pool[0m[2m:[0m reuse idle connection for ("http", 192.168.0.14:8545)
[2m2025-12-10T12:07:59.284438Z[0m [34mDEBUG[0m [2mhyper::proto::h1::io[0m[2m:[0m flushed 250 bytes
[2m2025-12-10T12:07:59.287982Z[0m [34mDEBUG[0m [2mhyper::proto::h1::io[0m[2m:[0m parsed 4 headers
[2m2025-12-10T12:07:59.293145Z[0m [34mDEBUG[0m [2mhyper::proto::h1::conn[0m[2m:[0m incoming body is content-length (771 bytes)
[2m2025-12-10T12:07:59.293156Z[0m [34mDEBUG[0m [2mhyper::proto::h1::conn[0m[2m:[0m incoming body completed
[2m2025-12-10T12:07:59.293171Z[0m [34mDEBUG[0m [2mhyper::client::pool[0m[2m:[0m pooling idle connection for ("http", 192.168.0.14:8545)
[2m2025-12-10T12:07:59.293182Z[0m [34mDEBUG[0m [2methereum_transaction_pool_monitor::eth_client[0m[2m:[0m 📡 Transaction fetch RPC completed in 8.787583ms
[2m2025-12-10T12:07:59.479374Z[0m [34mDEBUG[0m [2methereum_transaction_pool_monitor::eth_client[0m[2m:[0m ✅ Transaction 0xf5704932ca6d112b312a8425639626820bf5514c76ff6edbaeba487be793d614 fetched and parsed in 194.978833ms
[2m2025-12-10T12:07:59.479416Z[0m [34mDEBUG[0m [2methereum_transaction_pool_monitor::mempool_monitor[0m[2m:[0m 🔍 Skipping tx 0xf5704932ca6d112b312a8425639626820bf5514c76ff6edbaeba487be793d614 - not a DEX interaction (target: 0xcbB7C0000aB88B473b1f5aFd9ef808440eed33Bf)
[2m2025-12-10T12:07:59.479479Z[0m [34mDEBUG[0m [2methereum_transaction_pool_monitor::mempool_monitor[0m[2m:[0m 📨 Processing new pending transaction: 0x908f65760da1f4ef8801e61cb3c1fe8af9cc0bf9001d47fb1ab63f5270d173be
[2m2025-12-10T12:07:59.479490Z[0m [34mDEBUG[0m [2methereum_transaction_pool_monitor::mempool_monitor[0m[2m:[0m 🔍 Fetching transaction details for: 0x908f65760da1f4ef8801e61cb3c1fe8af9cc0bf9001d47fb1ab63f5270d173be
[2m2025-12-10T12:07:59.479498Z[0m [34mDEBUG[0m [2methereum_transaction_pool_monitor::eth_client[0m[2m:[0m 🔍 Fetching transaction details for hash: 0x908f65760da1f4ef8801e61cb3c1fe8af9cc0bf9001d47fb1ab63f5270d173be
[2m2025-12-10T12:07:59.479570Z[0m [34mDEBUG[0m [2mhyper::client::pool[0m[2m:[0m reuse idle connection for ("http", 192.168.0.14:8545)
[2m2025-12-10T12:07:59.479645Z[0m [34mDEBUG[0m [2mhyper::proto::h1::io[0m[2m:[0m flushed 250 bytes
[2m2025-12-10T12:07:59.479699Z[0m [34mDEBUG[0m [2mhyper::client::pool[0m[2m:[0m reuse idle connection for ("http", 192.168.0.14:8545)
[2m2025-12-10T12:07:59.479699Z[0m [34mDEBUG[0m [2methereum_transaction_pool_monitor::eth_client[0m[2m:[0m 📨 Received WebSocket message: {"jsonrpc":"2.0","method":"eth_subscription","params":{"subscription":"0x47c11399886b6549da0ab4d02eced7c9","result":"0xdf2a2c776cda2b9465a43d70c20cd174a48fb71c31694c767443a8a63b1e4e1d"}}
[2m2025-12-10T12:07:59.479724Z[0m [34mDEBUG[0m [2methereum_transaction_pool_monitor::eth_client[0m[2m:[0m 📨 Received pending transaction: 0xdf2a2c776cda2b9465a43d70c20cd174a48fb71c31694c767443a8a63b1e4e1d
[2m2025-12-10T12:07:59.479730Z[0m [34mDEBUG[0m [2mhyper::proto::h1::io[0m[2m:[0m flushed 172 bytes
[2m2025-12-10T12:07:59.479738Z[0m [34mDEBUG[0m [2methereum_transaction_pool_monitor::eth_client[0m[2m:[0m 📨 Received WebSocket message: {"jsonrpc":"2.0","method":"eth_subscription","params":{"subscription":"0x47c11399886b6549da0ab4d02eced7c9","result":"0x56880d8da8ff957606882c5145e220cd2f88e23e72b2d92c315826e10c8579fb"}}
[2m2025-12-10T12:07:59.479758Z[0m [34mDEBUG[0m [2methereum_transaction_pool_monitor::eth_client[0m[2m:[0m 📨 Received pending transaction: 0x56880d8da8ff957606882c5145e220cd2f88e23e72b2d92c315826e10c8579fb
[2m2025-12-10T12:07:59.487763Z[0m [34mDEBUG[0m [2mhyper::proto::h1::io[0m[2m:[0m parsed 4 headers
[2m2025-12-10T12:07:59.487774Z[0m [34mDEBUG[0m [2mhyper::proto::h1::conn[0m[2m:[0m incoming body is content-length (45 bytes)
[2m2025-12-10T12:07:59.487790Z[0m [34mDEBUG[0m [2mhyper::proto::h1::conn[0m[2m:[0m incoming body completed
[2m2025-12-10T12:07:59.487816Z[0m [34mDEBUG[0m [2mhyper::client::pool[0m[2m:[0m pooling idle connection for ("http", 192.168.0.14:8545)
[2m2025-12-10T12:07:59.487880Z[0m [34mDEBUG[0m [2mhyper::client::pool[0m[2m:[0m reuse idle connection for ("http", 192.168.0.14:8545)
[2m2025-12-10T12:07:59.487917Z[0m [34mDEBUG[0m [2mhyper::proto::h1::io[0m[2m:[0m flushed 172 bytes
[2m2025-12-10T12:07:59.488801Z[0m [34mDEBUG[0m [2mhyper::proto::h1::io[0m[2m:[0m parsed 4 headers
[2m2025-12-10T12:07:59.488807Z[0m [34mDEBUG[0m [2mhyper::proto::h1::conn[0m[2m:[0m incoming body is content-length (650 bytes)
[2m2025-12-10T12:07:59.488816Z[0m [34mDEBUG[0m [2mhyper::proto::h1::conn[0m[2m:[0m incoming body completed
[2m2025-12-10T12:07:59.488830Z[0m [34mDEBUG[0m [2mhyper::client::pool[0m[2m:[0m pooling idle connection for ("http", 192.168.0.14:8545)
[2m2025-12-10T12:07:59.488842Z[0m [34mDEBUG[0m [2methereum_transaction_pool_monitor::eth_client[0m[2m:[0m 📡 Transaction fetch RPC completed in 9.334375ms
[2m2025-12-10T12:07:59.673277Z[0m [34mDEBUG[0m [2methereum_transaction_pool_monitor::eth_client[0m[2m:[0m ✅ Transaction 0x908f65760da1f4ef8801e61cb3c1fe8af9cc0bf9001d47fb1ab63f5270d173be fetched and parsed in 193.765834ms
[2m2025-12-10T12:07:59.673323Z[0m [34mDEBUG[0m [2methereum_transaction_pool_monitor::mempool_monitor[0m[2m:[0m 🔍 Skipping tx 0x908f65760da1f4ef8801e61cb3c1fe8af9cc0bf9001d47fb1ab63f5270d173be - not a DEX interaction (target: 0x1DaCB2Ff2b5E500574Af85Da758E28FFa98c6309)
[2m2025-12-10T12:07:59.673381Z[0m [34mDEBUG[0m [2methereum_transaction_pool_monitor::mempool_monitor[0m[2m:[0m 📨 Processing new pending transaction: 0x451e972c65d026ca6a0ff27d33c4349591aad8ae9146fcb83defb47a086913ba
[2m2025-12-10T12:07:59.673391Z[0m [34mDEBUG[0m [2methereum_transaction_pool_monitor::mempool_monitor[0m[2m:[0m 🔍 Fetching transaction details for: 0x451e972c65d026ca6a0ff27d33c4349591aad8ae9146fcb83defb47a086913ba
[2m2025-12-10T12:07:59.673401Z[0m [34mDEBUG[0m [2methereum_transaction_pool_monitor::eth_client[0m[2m:[0m 🔍 Fetching transaction details for hash: 0x451e972c65d026ca6a0ff27d33c4349591aad8ae9146fcb83defb47a086913ba
[2m2025-12-10T12:07:59.673476Z[0m [34mDEBUG[0m [2mhyper::client::pool[0m[2m:[0m reuse idle connection for ("http", 192.168.0.14:8545)
[2m2025-12-10T12:07:59.673562Z[0m [34mDEBUG[0m [2mhyper::proto::h1::io[0m[2m:[0m flushed 250 bytes
[2m2025-12-10T12:07:59.673609Z[0m [34mDEBUG[0m [2methereum_transaction_pool_monitor::eth_client[0m[2m:[0m 📨 Received WebSocket message: {"jsonrpc":"2.0","method":"eth_subscription","params":{"subscription":"0x47c11399886b6549da0ab4d02eced7c9","result":"0x469b050e72ed3eb7b19d17fca5bb05b9d1b468dcdb49a272c9774b4914130f4c"}}
[2m2025-12-10T12:07:59.673630Z[0m [34mDEBUG[0m [2methereum_transaction_pool_monitor::eth_client[0m[2m:[0m 📨 Received pending transaction: 0x469b050e72ed3eb7b19d17fca5bb05b9d1b468dcdb49a272c9774b4914130f4c
[2m2025-12-10T12:07:59.673632Z[0m [34mDEBUG[0m [2mhyper::proto::h1::io[0m[2m:[0m parsed 4 headers
[2m2025-12-10T12:07:59.673648Z[0m [34mDEBUG[0m [2mhyper::proto::h1::conn[0m[2m:[0m incoming body is content-length (45 bytes)
[2m2025-12-10T12:07:59.673666Z[0m [34mDEBUG[0m [2mhyper::proto::h1::conn[0m[2m:[0m incoming body completed
[2m2025-12-10T12:07:59.673700Z[0m [34mDEBUG[0m [2mhyper::client::pool[0m[2m:[0m pooling idle connection for ("http", 192.168.0.14:8545)
[2m2025-12-10T12:07:59.673776Z[0m [34mDEBUG[0m [2mhyper::client::pool[0m[2m:[0m reuse idle connection for ("http", 192.168.0.14:8545)
[2m2025-12-10T12:07:59.673833Z[0m [34mDEBUG[0m [2mhyper::proto::h1::io[0m[2m:[0m flushed 172 bytes
[2m2025-12-10T12:07:59.678577Z[0m [34mDEBUG[0m [2mhyper::proto::h1::io[0m[2m:[0m parsed 4 headers
[2m2025-12-10T12:07:59.678586Z[0m [34mDEBUG[0m [2mhyper::proto::h1::conn[0m[2m:[0m incoming body is content-length (779 bytes)
[2m2025-12-10T12:07:59.678599Z[0m [34mDEBUG[0m [2mhyper::proto::h1::conn[0m[2m:[0m incoming body completed
[2m2025-12-10T12:07:59.678622Z[0m [34mDEBUG[0m [2mhyper::client::pool[0m[2m:[0m pooling idle connection for ("http", 192.168.0.14:8545)
[2m2025-12-10T12:07:59.678635Z[0m [34mDEBUG[0m [2methereum_transaction_pool_monitor::eth_client[0m[2m:[0m 📡 Transaction fetch RPC completed in 5.222666ms
[2m2025-12-10T12:07:59.678678Z[0m [34mDEBUG[0m [2methereum_transaction_pool_monitor::eth_client[0m[2m:[0m DeFi transaction detected - Address: 0xdac17f958d2ee523a2206206994597c13d831ec7, Type: Stablecoin, Value: 0 ETH, Gas: 500.50 Gwei
[2m2025-12-10T12:07:59.678723Z[0m [34mDEBUG[0m [2methereum_transaction_pool_monitor::eth_client[0m[2m:[0m ✅ Transaction 0x451e972c65d026ca6a0ff27d33c4349591aad8ae9146fcb83defb47a086913ba fetched and parsed in 5.310916ms
[2m2025-12-10T12:07:59.678740Z[0m [34mDEBUG[0m [2methereum_transaction_pool_monitor::mempool_monitor[0m[2m:[0m 🔍 Skipping tx 0x451e972c65d026ca6a0ff27d33c4349591aad8ae9146fcb83defb47a086913ba - not a DEX interaction (target: 0xdAC17F958D2ee523a2206206994597C13D831ec7)
[2m2025-12-10T12:07:59.678794Z[0m [34mDEBUG[0m [2methereum_transaction_pool_monitor::mempool_monitor[0m[2m:[0m 📨 Processing new pending transaction: 0x1123df6d8ba89a26ce2277215daa037ae4dca7628c91dbac8c05a26adbef33b4
[2m2025-12-10T12:07:59.678803Z[0m [34mDEBUG[0m [2methereum_transaction_pool_monitor::mempool_monitor[0m[2m:[0m 🔍 Fetching transaction details for: 0x1123df6d8ba89a26ce2277215daa037ae4dca7628c91dbac8c05a26adbef33b4
[2m2025-12-10T12:07:59.678812Z[0m [34mDEBUG[0m [2methereum_transaction_pool_monitor::eth_client[0m[2m:[0m 🔍 Fetching transaction details for hash: 0x1123df6d8ba89a26ce2277215daa037ae4dca7628c91dbac8c05a26adbef33b4
[2m2025-12-10T12:07:59.678850Z[0m [34mDEBUG[0m [2mhyper::client::pool[0m[2m:[0m reuse idle connection for ("http", 192.168.0.14:8545)
[2m2025-12-10T12:07:59.678884Z[0m [34mDEBUG[0m [2mhyper::proto::h1::io[0m[2m:[0m flushed 250 bytes
[2m2025-12-10T12:07:59.678907Z[0m [34mDEBUG[0m [2mhyper::proto::h1::io[0m[2m:[0m parsed 4 headers
[2m2025-12-10T12:07:59.678913Z[0m [34mDEBUG[0m [2mhyper::proto::h1::conn[0m[2m:[0m incoming body is content-length (45 bytes)
[2m2025-12-10T12:07:59.678922Z[0m [34mDEBUG[0m [2mhyper::proto::h1::conn[0m[2m:[0m incoming body completed
[2m2025-12-10T12:07:59.678936Z[0m [34mDEBUG[0m [2mhyper::client::pool[0m[2m:[0m pooling idle connection for ("http", 192.168.0.14:8545)
[2m2025-12-10T12:07:59.678981Z[0m [34mDEBUG[0m [2mhyper::client::pool[0m[2m:[0m reuse idle connection for ("http", 192.168.0.14:8545)
[2m2025-12-10T12:07:59.679012Z[0m [34mDEBUG[0m [2mhyper::proto::h1::io[0m[2m:[0m flushed 172 bytes
[2m2025-12-10T12:07:59.683246Z[0m [34mDEBUG[0m [2mhyper::proto::h1::io[0m[2m:[0m parsed 4 headers
[2m2025-12-10T12:07:59.683262Z[0m [34mDEBUG[0m [2mhyper::proto::h1::conn[0m[2m:[0m incoming body is content-length (45 bytes)
[2m2025-12-10T12:07:59.683272Z[0m [34mDEBUG[0m [2mhyper::proto::h1::conn[0m[2m:[0m incoming body completed
[2m2025-12-10T12:07:59.683285Z[0m [34mDEBUG[0m [2mhyper::client::pool[0m[2m:[0m pooling idle connection for ("http", 192.168.0.14:8545)
[2m2025-12-10T12:07:59.688616Z[0m [34mDEBUG[0m [2mhyper::proto::h1::io[0m[2m:[0m parsed 4 headers
[2m2025-12-10T12:07:59.688640Z[0m [34mDEBUG[0m [2mhyper::proto::h1::conn[0m[2m:[0m incoming body is content-length (779 bytes)
[2m2025-12-10T12:07:59.688650Z[0m [34mDEBUG[0m [2mhyper::proto::h1::conn[0m[2m:[0m incoming body completed
[2m2025-12-10T12:07:59.688663Z[0m [34mDEBUG[0m [2mhyper::client::pool[0m[2m:[0m pooling idle connection for ("http", 192.168.0.14:8545)
[2m2025-12-10T12:07:59.688673Z[0m [34mDEBUG[0m [2methereum_transaction_pool_monitor::eth_client[0m[2m:[0m 📡 Transaction fetch RPC completed in 9.85275ms
[2m2025-12-10T12:07:59.688705Z[0m [34mDEBUG[0m [2methereum_transaction_pool_monitor::eth_client[0m[2m:[0m DeFi transaction detected - Address: 0xdac17f958d2ee523a2206206994597c13d831ec7, Type: Stablecoin, Value: 0 ETH, Gas: 500.50 Gwei
[2m2025-12-10T12:07:59.688742Z[0m [34mDEBUG[0m [2methereum_transaction_pool_monitor::eth_client[0m[2m:[0m ✅ Transaction 0x1123df6d8ba89a26ce2277215daa037ae4dca7628c91dbac8c05a26adbef33b4 fetched and parsed in 9.922458ms
[2m2025-12-10T12:07:59.688758Z[0m [34mDEBUG[0m [2methereum_transaction_pool_monitor::mempool_monitor[0m[2m:[0m 🔍 Skipping tx 0x1123df6d8ba89a26ce2277215daa037ae4dca7628c91dbac8c05a26adbef33b4 - not a DEX interaction (target: 0xdAC17F958D2ee523a2206206994597C13D831ec7)
[2m2025-12-10T12:07:59.688806Z[0m [34mDEBUG[0m [2methereum_transaction_pool_monitor::mempool_monitor[0m[2m:[0m 📨 Processing new pending transaction: 0xca8a1cadbb3f0bb9f5af666a415e72905b1405770effcb197b3faf8f2bfccb78
[2m2025-12-10T12:07:59.688815Z[0m [34mDEBUG[0m [2methereum_transaction_pool_monitor::mempool_monitor[0m[2m:[0m 🔍 Fetching transaction details for: 0xca8a1cadbb3f0bb9f5af666a415e72905b1405770effcb197b3faf8f2bfccb78
[2m2025-12-10T12:07:59.688823Z[0m [34mDEBUG[0m [2methereum_transaction_pool_monitor::eth_client[0m[2m:[0m 🔍 Fetching transaction details for hash: 0xca8a1cadbb3f0bb9f5af666a415e72905b1405770effcb197b3faf8f2bfccb78
[2m2025-12-10T12:07:59.688858Z[0m [34mDEBUG[0m [2mhyper::client::pool[0m[2m:[0m reuse idle connection for ("http", 192.168.0.14:8545)
[2m2025-12-10T12:07:59.688890Z[0m [34mDEBUG[0m [2mhyper::proto::h1::io[0m[2m:[0m flushed 250 bytes
[2m2025-12-10T12:07:59.691307Z[0m [34mDEBUG[0m [2mhyper::client::pool[0m[2m:[0m reuse idle connection for ("http", 192.168.0.14:8545)
[2m2025-12-10T12:07:59.691338Z[0m [34mDEBUG[0m [2mhyper::proto::h1::io[0m[2m:[0m flushed 172 bytes
[2m2025-12-10T12:07:59.694306Z[0m [34mDEBUG[0m [2mhyper::proto::h1::io[0m[2m:[0m parsed 4 headers
[2m2025-12-10T12:07:59.694313Z[0m [34mDEBUG[0m [2mhyper::proto::h1::conn[0m[2m:[0m incoming body is content-length (767 bytes)
[2m2025-12-10T12:07:59.694322Z[0m [34mDEBUG[0m [2mhyper::proto::h1::conn[0m[2m:[0m incoming body completed
[2m2025-12-10T12:07:59.694339Z[0m [34mDEBUG[0m [2mhyper::client::pool[0m[2m:[0m pooling idle connection for ("http", 192.168.0.14:8545)
[2m2025-12-10T12:07:59.694348Z[0m [34mDEBUG[0m [2methereum_transaction_pool_monitor::eth_client[0m[2m:[0m 📡 Transaction fetch RPC completed in 5.516375ms
[2m2025-12-10T12:07:59.909268Z[0m [34mDEBUG[0m [2methereum_transaction_pool_monitor::eth_client[0m[2m:[0m ✅ Transaction 0xca8a1cadbb3f0bb9f5af666a415e72905b1405770effcb197b3faf8f2bfccb78 fetched and parsed in 220.430416ms
[2m2025-12-10T12:07:59.909366Z[0m [34mDEBUG[0m [2methereum_transaction_pool_monitor::mempool_monitor[0m[2m:[0m 🔍 Skipping tx 0xca8a1cadbb3f0bb9f5af666a415e72905b1405770effcb197b3faf8f2bfccb78 - not a DEX interaction (target: 0xA0b86991c6218b36c1d19D4a2e9Eb0cE3606eB48)
[2m2025-12-10T12:07:59.909425Z[0m [34mDEBUG[0m [2methereum_transaction_pool_monitor::mempool_monitor[0m[2m:[0m 📨 Processing new pending transaction: 0x9b82f49c93a9ab5b2fb2d92ac911af2abbe4915b4539362e06e3320955f20b23
[2m2025-12-10T12:07:59.909436Z[0m [34mDEBUG[0m [2methereum_transaction_pool_monitor::mempool_monitor[0m[2m:[0m 🔍 Fetching transaction details for: 0x9b82f49c93a9ab5b2fb2d92ac911af2abbe4915b4539362e06e3320955f20b23
[2m2025-12-10T12:07:59.909447Z[0m [34mDEBUG[0m [2methereum_transaction_pool_monitor::eth_client[0m[2m:[0m 🔍 Fetching transaction details for hash: 0x9b82f49c93a9ab5b2fb2d92ac911af2abbe4915b4539362e06e3320955f20b23
[2m2025-12-10T12:07:59.909523Z[0m [34mDEBUG[0m [2mhyper::client::pool[0m[2m:[0m reuse idle connection for ("http", 192.168.0.14:8545)
[2m2025-12-10T12:07:59.909601Z[0m [34mDEBUG[0m [2mhyper::proto::h1::io[0m[2m:[0m flushed 250 bytes
[2m2025-12-10T12:07:59.909644Z[0m [34mDEBUG[0m [2mhyper::proto::h1::io[0m[2m:[0m parsed 4 headers
[2m2025-12-10T12:07:59.909653Z[0m [34mDEBUG[0m [2mhyper::proto::h1::conn[0m[2m:[0m incoming body is content-length (45 bytes)
[2m2025-12-10T12:07:59.909668Z[0m [34mDEBUG[0m [2mhyper::proto::h1::conn[0m[2m:[0m incoming body completed
[2m2025-12-10T12:07:59.909695Z[0m [34mDEBUG[0m [2mhyper::client::pool[0m[2m:[0m pooling idle connection for ("http", 192.168.0.14:8545)
[2m2025-12-10T12:07:59.909761Z[0m [34mDEBUG[0m [2mhyper::client::pool[0m[2m:[0m reuse idle connection for ("http", 192.168.0.14:8545)
[2m2025-12-10T12:07:59.909806Z[0m [34mDEBUG[0m [2mhyper::proto::h1::io[0m[2m:[0m flushed 172 bytes
[2m2025-12-10T12:07:59.914840Z[0m [34mDEBUG[0m [2mhyper::proto::h1::io[0m[2m:[0m parsed 4 headers
[2m2025-12-10T12:07:59.914854Z[0m [34mDEBUG[0m [2mhyper::proto::h1::conn[0m[2m:[0m incoming body is content-length (45 bytes)
[2m2025-12-10T12:07:59.914874Z[0m [34mDEBUG[0m [2mhyper::proto::h1::conn[0m[2m:[0m incoming body completed
[2m2025-12-10T12:07:59.914911Z[0m [34mDEBUG[0m [2mhyper::client::pool[0m[2m:[0m pooling idle connection for ("http", 192.168.0.14:8545)
[2m2025-12-10T12:07:59.915009Z[0m [34mDEBUG[0m [2mhyper::client::pool[0m[2m:[0m reuse idle connection for ("http", 192.168.0.14:8545)
[2m2025-12-10T12:07:59.915065Z[0m [34mDEBUG[0m [2mhyper::proto::h1::io[0m[2m:[0m flushed 172 bytes
[2m2025-12-10T12:07:59.920210Z[0m [34mDEBUG[0m [2mhyper::proto::h1::io[0m[2m:[0m parsed 4 headers
[2m2025-12-10T12:07:59.920221Z[0m [34mDEBUG[0m [2mhyper::proto::h1::conn[0m[2m:[0m incoming body is content-length (45 bytes)
[2m2025-12-10T12:07:59.920233Z[0m [34mDEBUG[0m [2mhyper::proto::h1::conn[0m[2m:[0m incoming body completed
[2m2025-12-10T12:07:59.920250Z[0m [34mDEBUG[0m [2mhyper::client::pool[0m[2m:[0m pooling idle connection for ("http", 192.168.0.14:8545)
[2m2025-12-10T12:07:59.920641Z[0m [34mDEBUG[0m [2mhyper::proto::h1::io[0m[2m:[0m parsed 4 headers
[2m2025-12-10T12:07:59.920649Z[0m [34mDEBUG[0m [2mhyper::proto::h1::conn[0m[2m:[0m incoming body is content-length (828 bytes)
[2m2025-12-10T12:07:59.920659Z[0m [34mDEBUG[0m [2mhyper::proto::h1::conn[0m[2m:[0m incoming body completed
[2m2025-12-10T12:07:59.920675Z[0m [34mDEBUG[0m [2mhyper::client::pool[0m[2m:[0m pooling idle connection for ("http", 192.168.0.14:8545)
[2m2025-12-10T12:07:59.920686Z[0m [34mDEBUG[0m [2methereum_transaction_pool_monitor::eth_client[0m[2m:[0m 📡 Transaction fetch RPC completed in 11.22925ms
[2m2025-12-10T12:08:00.407028Z[0m [34mDEBUG[0m [2methereum_transaction_pool_monitor::eth_client[0m[2m:[0m ✅ Transaction 0x9b82f49c93a9ab5b2fb2d92ac911af2abbe4915b4539362e06e3320955f20b23 fetched and parsed in 497.5705ms
[2m2025-12-10T12:08:00.407083Z[0m [34mDEBUG[0m [2methereum_transaction_pool_monitor::mempool_monitor[0m[2m:[0m 🔍 Skipping tx 0x9b82f49c93a9ab5b2fb2d92ac911af2abbe4915b4539362e06e3320955f20b23 - not a DEX interaction (target: 0xDDaef92FA7888eb8A8a684F72F5e8e9Ee6045490)
[2m2025-12-10T12:08:00.407147Z[0m [34mDEBUG[0m [2methereum_transaction_pool_monitor::mempool_monitor[0m[2m:[0m 📨 Processing new pending transaction: 0x41800c97c959d9b34b2b2bf4a1a844ae6e1f6791b6ae9f74fbc86db6a4670c89
[2m2025-12-10T12:08:00.407159Z[0m [34mDEBUG[0m [2methereum_transaction_pool_monitor::mempool_monitor[0m[2m:[0m 🔍 Fetching transaction details for: 0x41800c97c959d9b34b2b2bf4a1a844ae6e1f6791b6ae9f74fbc86db6a4670c89
[2m2025-12-10T12:08:00.407172Z[0m [34mDEBUG[0m [2methereum_transaction_pool_monitor::eth_client[0m[2m:[0m 🔍 Fetching transaction details for hash: 0x41800c97c959d9b34b2b2bf4a1a844ae6e1f6791b6ae9f74fbc86db6a4670c89
[2m2025-12-10T12:08:00.407253Z[0m [34mDEBUG[0m [2mhyper::client::pool[0m[2m:[0m reuse idle connection for ("http", 192.168.0.14:8545)
[2m2025-12-10T12:08:00.407346Z[0m [34mDEBUG[0m [2mhyper::proto::h1::io[0m[2m:[0m flushed 250 bytes
[2m2025-12-10T12:08:00.407424Z[0m [34mDEBUG[0m [2methereum_transaction_pool_monitor::eth_client[0m[2m:[0m 📨 Received WebSocket message: {"jsonrpc":"2.0","method":"eth_subscription","params":{"subscription":"0x47c11399886b6549da0ab4d02eced7c9","result":"0x57719ff44ce1d429f622dffc62733d2398a035f1c9fbd9d30ba5b9b5107e410a"}}
[2m2025-12-10T12:08:00.407434Z[0m [34mDEBUG[0m [2mhyper::client::pool[0m[2m:[0m reuse idle connection for ("http", 192.168.0.14:8545)
[2m2025-12-10T12:08:00.407456Z[0m [34mDEBUG[0m [2methereum_transaction_pool_monitor::eth_client[0m[2m:[0m 📨 Received pending transaction: 0x57719ff44ce1d429f622dffc62733d2398a035f1c9fbd9d30ba5b9b5107e410a
[2m2025-12-10T12:08:00.407476Z[0m [34mDEBUG[0m [2mhyper::proto::h1::io[0m[2m:[0m flushed 172 bytes
[2m2025-12-10T12:08:00.407476Z[0m [32m INFO[0m [2methereum_transaction_pool_monitor::eth_client[0m[2m:[0m 📊 WebSocket stats - Total: 120 transactions, Rate: 11.8 tx/s
[2m2025-12-10T12:08:00.407498Z[0m [34mDEBUG[0m [2methereum_transaction_pool_monitor::eth_client[0m[2m:[0m 📨 Received WebSocket message: {"jsonrpc":"2.0","method":"eth_subscription","params":{"subscription":"0x47c11399886b6549da0ab4d02eced7c9","result":"0xfef6333e9045a83acb6df70f84ebecf38b704a8162046d498b0072d25a48e521"}}
[2m2025-12-10T12:08:00.407517Z[0m [34mDEBUG[0m [2methereum_transaction_pool_monitor::eth_client[0m[2m:[0m 📨 Received pending transaction: 0xfef6333e9045a83acb6df70f84ebecf38b704a8162046d498b0072d25a48e521
[2m2025-12-10T12:08:00.407532Z[0m [34mDEBUG[0m [2methereum_transaction_pool_monitor::eth_client[0m[2m:[0m 📨 Received WebSocket message: {"jsonrpc":"2.0","method":"eth_subscription","params":{"subscription":"0x47c11399886b6549da0ab4d02eced7c9","result":"0x7dacdd8175caf5c074c0e72d770d8df67814c8875d42d1f50fac40d0fc3fc6e8"}}
[2m2025-12-10T12:08:00.407549Z[0m [34mDEBUG[0m [2methereum_transaction_pool_monitor::eth_client[0m[2m:[0m 📨 Received pending transaction: 0x7dacdd8175caf5c074c0e72d770d8df67814c8875d42d1f50fac40d0fc3fc6e8
[2m2025-12-10T12:08:00.407561Z[0m [34mDEBUG[0m [2methereum_transaction_pool_monitor::eth_client[0m[2m:[0m 📨 Received WebSocket message: {"jsonrpc":"2.0","method":"eth_subscription","params":{"subscription":"0x47c11399886b6549da0ab4d02eced7c9","result":"0x029e7f4afbfed7bec7c450091c00db3b98b54cb5be2bcf9b98f7499cb8250037"}}
[2m2025-12-10T12:08:00.407579Z[0m [34mDEBUG[0m [2methereum_transaction_pool_monitor::eth_client[0m[2m:[0m 📨 Received pending transaction: 0x029e7f4afbfed7bec7c450091c00db3b98b54cb5be2bcf9b98f7499cb8250037
[2m2025-12-10T12:08:00.407590Z[0m [34mDEBUG[0m [2methereum_transaction_pool_monitor::eth_client[0m[2m:[0m 📨 Received WebSocket message: {"jsonrpc":"2.0","method":"eth_subscription","params":{"subscription":"0x47c11399886b6549da0ab4d02eced7c9","result":"0xc084d744048b17ce51a611b048cc8831df8ad22624422d188cb5a1c045c1de5e"}}
[2m2025-12-10T12:08:00.407607Z[0m [34mDEBUG[0m [2methereum_transaction_pool_monitor::eth_client[0m[2m:[0m 📨 Received pending transaction: 0xc084d744048b17ce51a611b048cc8831df8ad22624422d188cb5a1c045c1de5e
[2m2025-12-10T12:08:00.436088Z[0m [34mDEBUG[0m [2mhyper::proto::h1::io[0m[2m:[0m parsed 4 headers
[2m2025-12-10T12:08:00.436105Z[0m [34mDEBUG[0m [2mhyper::proto::h1::conn[0m[2m:[0m incoming body is content-length (45 bytes)
[2m2025-12-10T12:08:00.436123Z[0m [34mDEBUG[0m [2mhyper::proto::h1::conn[0m[2m:[0m incoming body completed
[2m2025-12-10T12:08:00.436152Z[0m [34mDEBUG[0m [2mhyper::client::pool[0m[2m:[0m pooling idle connection for ("http", 192.168.0.14:8545)
[2m2025-12-10T12:08:00.436219Z[0m [34mDEBUG[0m [2mhyper::client::pool[0m[2m:[0m reuse idle connection for ("http", 192.168.0.14:8545)
[2m2025-12-10T12:08:00.436264Z[0m [34mDEBUG[0m [2mhyper::proto::h1::io[0m[2m:[0m flushed 172 bytes
[2m2025-12-10T12:08:00.438787Z[0m [34mDEBUG[0m [2mhyper::proto::h1::io[0m[2m:[0m parsed 4 headers
[2m2025-12-10T12:08:00.438797Z[0m [34mDEBUG[0m [2mhyper::proto::h1::conn[0m[2m:[0m incoming body is content-length (763 bytes)
[2m2025-12-10T12:08:00.438821Z[0m [34mDEBUG[0m [2mhyper::proto::h1::conn[0m[2m:[0m incoming body completed
[2m2025-12-10T12:08:00.438842Z[0m [34mDEBUG[0m [2mhyper::client::pool[0m[2m:[0m pooling idle connection for ("http", 192.168.0.14:8545)
[2m2025-12-10T12:08:00.438855Z[0m [34mDEBUG[0m [2methereum_transaction_pool_monitor::eth_client[0m[2m:[0m 📡 Transaction fetch RPC completed in 31.669959ms
[2m2025-12-10T12:08:00.626235Z[0m [34mDEBUG[0m [2methereum_transaction_pool_monitor::eth_client[0m[2m:[0m ✅ Transaction 0x41800c97c959d9b34b2b2bf4a1a844ae6e1f6791b6ae9f74fbc86db6a4670c89 fetched and parsed in 219.0455ms
[2m2025-12-10T12:08:00.626287Z[0m [34mDEBUG[0m [2methereum_transaction_pool_monitor::mempool_monitor[0m[2m:[0m 🔍 Skipping tx 0x41800c97c959d9b34b2b2bf4a1a844ae6e1f6791b6ae9f74fbc86db6a4670c89 - not a DEX interaction (target: 0xA0b86991c6218b36c1d19D4a2e9Eb0cE3606eB48)
[2m2025-12-10T12:08:00.626359Z[0m [34mDEBUG[0m [2methereum_transaction_pool_monitor::mempool_monitor[0m[2m:[0m 📨 Processing new pending transaction: 0x2603b89e54a0c1f201eb2b0df717d142bdadbe6b5923ae39362903dd9b01385c
[2m2025-12-10T12:08:00.626373Z[0m [34mDEBUG[0m [2methereum_transaction_pool_monitor::mempool_monitor[0m[2m:[0m 🔍 Fetching transaction details for: 0x2603b89e54a0c1f201eb2b0df717d142bdadbe6b5923ae39362903dd9b01385c
[2m2025-12-10T12:08:00.626386Z[0m [34mDEBUG[0m [2methereum_transaction_pool_monitor::eth_client[0m[2m:[0m 🔍 Fetching transaction details for hash: 0x2603b89e54a0c1f201eb2b0df717d142bdadbe6b5923ae39362903dd9b01385c
[2m2025-12-10T12:08:00.626471Z[0m [34mDEBUG[0m [2mhyper::client::pool[0m[2m:[0m reuse idle connection for ("http", 192.168.0.14:8545)
[2m2025-12-10T12:08:00.626552Z[0m [34mDEBUG[0m [2mhyper::proto::h1::io[0m[2m:[0m flushed 250 bytes
[2m2025-12-10T12:08:00.626612Z[0m [34mDEBUG[0m [2methereum_transaction_pool_monitor::eth_client[0m[2m:[0m 📨 Received WebSocket message: {"jsonrpc":"2.0","method":"eth_subscription","params":{"subscription":"0x47c11399886b6549da0ab4d02eced7c9","result":"0x5de11a5c25732bba6966226619f021c8ee3d4cdddb6aecba362d5f01d2e0414f"}}
[2m2025-12-10T12:08:00.626623Z[0m [34mDEBUG[0m [2mhyper::proto::h1::io[0m[2m:[0m parsed 4 headers
[2m2025-12-10T12:08:00.626634Z[0m [34mDEBUG[0m [2methereum_transaction_pool_monitor::eth_client[0m[2m:[0m 📨 Received pending transaction: 0x5de11a5c25732bba6966226619f021c8ee3d4cdddb6aecba362d5f01d2e0414f
[2m2025-12-10T12:08:00.626637Z[0m [34mDEBUG[0m [2mhyper::proto::h1::conn[0m[2m:[0m incoming body is content-length (45 bytes)
[2m2025-12-10T12:08:00.626652Z[0m [34mDEBUG[0m [2methereum_transaction_pool_monitor::eth_client[0m[2m:[0m 📨 Received WebSocket message: {"jsonrpc":"2.0","method":"eth_subscription","params":{"subscription":"0x47c11399886b6549da0ab4d02eced7c9","result":"0x80ce38460379fac99cd31afbbb75308ae0c7c933be4161eff2578ae4e1d03801"}}
[2m2025-12-10T12:08:00.626658Z[0m [34mDEBUG[0m [2mhyper::proto::h1::conn[0m[2m:[0m incoming body completed
[2m2025-12-10T12:08:00.626671Z[0m [34mDEBUG[0m [2methereum_transaction_pool_monitor::eth_client[0m[2m:[0m 📨 Received pending transaction: 0x80ce38460379fac99cd31afbbb75308ae0c7c933be4161eff2578ae4e1d03801
[2m2025-12-10T12:08:00.626685Z[0m [34mDEBUG[0m [2methereum_transaction_pool_monitor::eth_client[0m[2m:[0m 📨 Received WebSocket message: {"jsonrpc":"2.0","method":"eth_subscription","params":{"subscription":"0x47c11399886b6549da0ab4d02eced7c9","result":"0x61ae87b00503b6de06af7c123b8b0b9f9517f2a91b739c63f362d393b15f41e2"}}
[2m2025-12-10T12:08:00.626691Z[0m [34mDEBUG[0m [2mhyper::client::pool[0m[2m:[0m pooling idle connection for ("http", 192.168.0.14:8545)
[2m2025-12-10T12:08:00.626702Z[0m [34mDEBUG[0m [2methereum_transaction_pool_monitor::eth_client[0m[2m:[0m 📨 Received pending transaction: 0x61ae87b00503b6de06af7c123b8b0b9f9517f2a91b739c63f362d393b15f41e2
[2m2025-12-10T12:08:00.626715Z[0m [34mDEBUG[0m [2methereum_transaction_pool_monitor::eth_client[0m[2m:[0m 📨 Received WebSocket message: {"jsonrpc":"2.0","method":"eth_subscription","params":{"subscription":"0x47c11399886b6549da0ab4d02eced7c9","result":"0x9b467ccb68ad9936f0c444b05a894b86e998c58b91c1334da52848c5e5b937cd"}}
[2m2025-12-10T12:08:00.626732Z[0m [34mDEBUG[0m [2methereum_transaction_pool_monitor::eth_client[0m[2m:[0m 📨 Received pending transaction: 0x9b467ccb68ad9936f0c444b05a894b86e998c58b91c1334da52848c5e5b937cd
[2m2025-12-10T12:08:00.626744Z[0m [34mDEBUG[0m [2methereum_transaction_pool_monitor::eth_client[0m[2m:[0m 📨 Received WebSocket message: {"jsonrpc":"2.0","method":"eth_subscription","params":{"subscription":"0x47c11399886b6549da0ab4d02eced7c9","result":"0x8048389d710c42114ae897d518b7bdd8aeb234044e71b28ff83b7625cc08792b"}}
[2m2025-12-10T12:08:00.626759Z[0m [34mDEBUG[0m [2mhyper::client::pool[0m[2m:[0m reuse idle connection for ("http", 192.168.0.14:8545)
[2m2025-12-10T12:08:00.626760Z[0m [34mDEBUG[0m [2methereum_transaction_pool_monitor::eth_client[0m[2m:[0m 📨 Received pending transaction: 0x8048389d710c42114ae897d518b7bdd8aeb234044e71b28ff83b7625cc08792b
[2m2025-12-10T12:08:00.626803Z[0m [34mDEBUG[0m [2mhyper::proto::h1::io[0m[2m:[0m flushed 172 bytes
[2m2025-12-10T12:08:00.631127Z[0m [34mDEBUG[0m [2mhyper::proto::h1::io[0m[2m:[0m parsed 4 headers
[2m2025-12-10T12:08:00.631142Z[0m [34mDEBUG[0m [2mhyper::proto::h1::conn[0m[2m:[0m incoming body is content-length (45 bytes)
[2m2025-12-10T12:08:00.631159Z[0m [34mDEBUG[0m [2mhyper::proto::h1::conn[0m[2m:[0m incoming body completed
[2m2025-12-10T12:08:00.631184Z[0m [34mDEBUG[0m [2mhyper::client::pool[0m[2m:[0m pooling idle connection for ("http", 192.168.0.14:8545)
[2m2025-12-10T12:08:00.631247Z[0m [34mDEBUG[0m [2mhyper::client::pool[0m[2m:[0m reuse idle connection for ("http", 192.168.0.14:8545)
[2m2025-12-10T12:08:00.631305Z[0m [34mDEBUG[0m [2mhyper::proto::h1::io[0m[2m:[0m flushed 172 bytes
[2m2025-12-10T12:08:00.631646Z[0m [34mDEBUG[0m [2mhyper::proto::h1::io[0m[2m:[0m parsed 4 headers
[2m2025-12-10T12:08:00.631654Z[0m [34mDEBUG[0m [2mhyper::proto::h1::conn[0m[2m:[0m incoming body is content-length (651 bytes)
[2m2025-12-10T12:08:00.631665Z[0m [34mDEBUG[0m [2mhyper::proto::h1::conn[0m[2m:[0m incoming body completed
[2m2025-12-10T12:08:00.631681Z[0m [34mDEBUG[0m [2mhyper::client::pool[0m[2m:[0m pooling idle connection for ("http", 192.168.0.14:8545)
[2m2025-12-10T12:08:00.631692Z[0m [34mDEBUG[0m [2methereum_transaction_pool_monitor::eth_client[0m[2m:[0m 📡 Transaction fetch RPC completed in 5.294875ms
[2m2025-12-10T12:08:00.812241Z[0m [34mDEBUG[0m [2methereum_transaction_pool_monitor::eth_client[0m[2m:[0m ✅ Transaction 0x2603b89e54a0c1f201eb2b0df717d142bdadbe6b5923ae39362903dd9b01385c fetched and parsed in 185.840791ms
[2m2025-12-10T12:08:00.812285Z[0m [34mDEBUG[0m [2methereum_transaction_pool_monitor::mempool_monitor[0m[2m:[0m 🔍 Skipping tx 0x2603b89e54a0c1f201eb2b0df717d142bdadbe6b5923ae39362903dd9b01385c - not a DEX interaction (target: 0x8fa02Ae820A75E633D5679208336076856f64638)
[2m2025-12-10T12:08:00.812351Z[0m [34mDEBUG[0m [2methereum_transaction_pool_monitor::mempool_monitor[0m[2m:[0m 📨 Processing new pending transaction: 0x7797b87d5958bce01fc2e0b6c592d038622ec244dc20998ae3b440b1655f328d
[2m2025-12-10T12:08:00.812363Z[0m [34mDEBUG[0m [2methereum_transaction_pool_monitor::mempool_monitor[0m[2m:[0m 🔍 Fetching transaction details for: 0x7797b87d5958bce01fc2e0b6c592d038622ec244dc20998ae3b440b1655f328d
[2m2025-12-10T12:08:00.812373Z[0m [34mDEBUG[0m [2methereum_transaction_pool_monitor::eth_client[0m[2m:[0m 🔍 Fetching transaction details for hash: 0x7797b87d5958bce01fc2e0b6c592d038622ec244dc20998ae3b440b1655f328d
[2m2025-12-10T12:08:00.812450Z[0m [34mDEBUG[0m [2mhyper::client::pool[0m[2m:[0m reuse idle connection for ("http", 192.168.0.14:8545)
[2m2025-12-10T12:08:00.812534Z[0m [34mDEBUG[0m [2mhyper::proto::h1::io[0m[2m:[0m flushed 250 bytes
[2m2025-12-10T12:08:00.812582Z[0m [34mDEBUG[0m [2mhyper::proto::h1::io[0m[2m:[0m parsed 4 headers
[2m2025-12-10T12:08:00.812591Z[0m [34mDEBUG[0m [2mhyper::proto::h1::conn[0m[2m:[0m incoming body is content-length (45 bytes)
[2m2025-12-10T12:08:00.812601Z[0m [34mDEBUG[0m [2methereum_transaction_pool_monitor::eth_client[0m[2m:[0m 📨 Received WebSocket message: {"jsonrpc":"2.0","method":"eth_subscription","params":{"subscription":"0x47c11399886b6549da0ab4d02eced7c9","result":"0x4561db19ce1387bd8512bd72f89d2a859033dbedd8f93ef0ae6fdfd864fc1cfd"}}
[2m2025-12-10T12:08:00.812606Z[0m [34mDEBUG[0m [2mhyper::proto::h1::conn[0m[2m:[0m incoming body completed
[2m2025-12-10T12:08:00.812632Z[0m [34mDEBUG[0m [2methereum_transaction_pool_monitor::eth_client[0m[2m:[0m 📨 Received pending transaction: 0x4561db19ce1387bd8512bd72f89d2a859033dbedd8f93ef0ae6fdfd864fc1cfd
[2m2025-12-10T12:08:00.812650Z[0m [34mDEBUG[0m [2mhyper::client::pool[0m[2m:[0m pooling idle connection for ("http", 192.168.0.14:8545)
[2m2025-12-10T12:08:00.812652Z[0m [34mDEBUG[0m [2methereum_transaction_pool_monitor::eth_client[0m[2m:[0m 📨 Received WebSocket message: {"jsonrpc":"2.0","method":"eth_subscription","params":{"subscription":"0x47c11399886b6549da0ab4d02eced7c9","result":"0x1b89aa44c97f05405d62bc0a871c93606843c94046a39d735a762b27e30da5dd"}}
[2m2025-12-10T12:08:00.812672Z[0m [34mDEBUG[0m [2methereum_transaction_pool_monitor::eth_client[0m[2m:[0m 📨 Received pending transaction: 0x1b89aa44c97f05405d62bc0a871c93606843c94046a39d735a762b27e30da5dd
[2m2025-12-10T12:08:00.812685Z[0m [34mDEBUG[0m [2methereum_transaction_pool_monitor::eth_client[0m[2m:[0m 📨 Received WebSocket message: {"jsonrpc":"2.0","method":"eth_subscription","params":{"subscription":"0x47c11399886b6549da0ab4d02eced7c9","result":"0x8750e277a16cbe80d1c8dedd9c00139572ac98cf18cb7055042051de08a80684"}}
[2m2025-12-10T12:08:00.812702Z[0m [34mDEBUG[0m [2methereum_transaction_pool_monitor::eth_client[0m[2m:[0m 📨 Received pending transaction: 0x8750e277a16cbe80d1c8dedd9c00139572ac98cf18cb7055042051de08a80684
[2m2025-12-10T12:08:00.812705Z[0m [34mDEBUG[0m [2mhyper::client::pool[0m[2m:[0m reuse idle connection for ("http", 192.168.0.14:8545)
[2m2025-12-10T12:08:00.812715Z[0m [34mDEBUG[0m [2methereum_transaction_pool_monitor::eth_client[0m[2m:[0m 📨 Received WebSocket message: {"jsonrpc":"2.0","method":"eth_subscription","params":{"subscription":"0x47c11399886b6549da0ab4d02eced7c9","result":"0xb772aededde2a31fd7c98c9b2226257759cbbb6114ea1156dc652bb3fe0191b4"}}
[2m2025-12-10T12:08:00.812735Z[0m [34mDEBUG[0m [2methereum_transaction_pool_monitor::eth_client[0m[2m:[0m 📨 Received pending transaction: 0xb772aededde2a31fd7c98c9b2226257759cbbb6114ea1156dc652bb3fe0191b4
[2m2025-12-10T12:08:00.812740Z[0m [34mDEBUG[0m [2mhyper::proto::h1::io[0m[2m:[0m flushed 172 bytes
[2m2025-12-10T12:08:00.812748Z[0m [34mDEBUG[0m [2methereum_transaction_pool_monitor::eth_client[0m[2m:[0m 📨 Received WebSocket message: {"jsonrpc":"2.0","method":"eth_subscription","params":{"subscription":"0x47c11399886b6549da0ab4d02eced7c9","result":"0xd7e223088fef9658c1f11eb02305d9feaae5526ad75396b4eb9e84b55a2894e1"}}
[2m2025-12-10T12:08:00.812766Z[0m [34mDEBUG[0m [2methereum_transaction_pool_monitor::eth_client[0m[2m:[0m 📨 Received pending transaction: 0xd7e223088fef9658c1f11eb02305d9feaae5526ad75396b4eb9e84b55a2894e1
[2m2025-12-10T12:08:00.812777Z[0m [34mDEBUG[0m [2methereum_transaction_pool_monitor::eth_client[0m[2m:[0m 📨 Received WebSocket message: {"jsonrpc":"2.0","method":"eth_subscription","params":{"subscription":"0x47c11399886b6549da0ab4d02eced7c9","result":"0xf03657c51b0224ba2bac7a54f8ff0a581befc5addcadda94e0a6b42cbac519a2"}}
[2m2025-12-10T12:08:00.812796Z[0m [34mDEBUG[0m [2methereum_transaction_pool_monitor::eth_client[0m[2m:[0m 📨 Received pending transaction: 0xf03657c51b0224ba2bac7a54f8ff0a581befc5addcadda94e0a6b42cbac519a2
[2m2025-12-10T12:08:00.812808Z[0m [34mDEBUG[0m [2methereum_transaction_pool_monitor::eth_client[0m[2m:[0m 📨 Received WebSocket message: {"jsonrpc":"2.0","method":"eth_subscription","params":{"subscription":"0x47c11399886b6549da0ab4d02eced7c9","result":"0x1ac4473f97e1af9159daf00936467e6eb24b557030d29487d9a268256cbbe46c"}}
[2m2025-12-10T12:08:00.812825Z[0m [34mDEBUG[0m [2methereum_transaction_pool_monitor::eth_client[0m[2m:[0m 📨 Received pending transaction: 0x1ac4473f97e1af9159daf00936467e6eb24b557030d29487d9a268256cbbe46c
[2m2025-12-10T12:08:00.812836Z[0m [34mDEBUG[0m [2methereum_transaction_pool_monitor::eth_client[0m[2m:[0m 📨 Received WebSocket message: {"jsonrpc":"2.0","method":"eth_subscription","params":{"subscription":"0x47c11399886b6549da0ab4d02eced7c9","result":"0xd036d44781b941c5b1a9dcb853c32dcc582958c8e1c6fd72352f87d3a72e9b5b"}}
[2m2025-12-10T12:08:00.812853Z[0m [34mDEBUG[0m [2methereum_transaction_pool_monitor::eth_client[0m[2m:[0m 📨 Received pending transaction: 0xd036d44781b941c5b1a9dcb853c32dcc582958c8e1c6fd72352f87d3a72e9b5b
[2m2025-12-10T12:08:00.812866Z[0m [34mDEBUG[0m [2methereum_transaction_pool_monitor::eth_client[0m[2m:[0m 📨 Received WebSocket message: {"jsonrpc":"2.0","method":"eth_subscription","params":{"subscription":"0x47c11399886b6549da0ab4d02eced7c9","result":"0x51451b6763b8a496455e60458e04967cfc26e50b6231ab3954a60f870eacb639"}}
[2m2025-12-10T12:08:00.812882Z[0m [34mDEBUG[0m [2methereum_transaction_pool_monitor::eth_client[0m[2m:[0m 📨 Received pending transaction: 0x51451b6763b8a496455e60458e04967cfc26e50b6231ab3954a60f870eacb639
[2m2025-12-10T12:08:00.812893Z[0m [34mDEBUG[0m [2methereum_transaction_pool_monitor::eth_client[0m[2m:[0m 📨 Received WebSocket message: {"jsonrpc":"2.0","method":"eth_subscription","params":{"subscription":"0x47c11399886b6549da0ab4d02eced7c9","result":"0x575bc0360346d5bd0b07e575e1c01525a0bd342082b7b259c0e300ffcfc23fdb"}}
[2m2025-12-10T12:08:00.812910Z[0m [34mDEBUG[0m [2methereum_transaction_pool_monitor::eth_client[0m[2m:[0m 📨 Received pending transaction: 0x575bc0360346d5bd0b07e575e1c01525a0bd342082b7b259c0e300ffcfc23fdb
[2m2025-12-10T12:08:00.812921Z[0m [34mDEBUG[0m [2methereum_transaction_pool_monitor::eth_client[0m[2m:[0m 📨 Received WebSocket message: {"jsonrpc":"2.0","method":"eth_subscription","params":{"subscription":"0x47c11399886b6549da0ab4d02eced7c9","result":"0x4ff6f587c24938e36c4f9453929dcb05d511915221a0482c560e1645c47a05a8"}}
[2m2025-12-10T12:08:00.812938Z[0m [34mDEBUG[0m [2methereum_transaction_pool_monitor::eth_client[0m[2m:[0m 📨 Received pending transaction: 0x4ff6f587c24938e36c4f9453929dcb05d511915221a0482c560e1645c47a05a8
[2m2025-12-10T12:08:00.816978Z[0m [34mDEBUG[0m [2mhyper::proto::h1::io[0m[2m:[0m parsed 4 headers
[2m2025-12-10T12:08:00.816990Z[0m [34mDEBUG[0m [2mhyper::proto::h1::conn[0m[2m:[0m incoming body is content-length (644 bytes)
[2m2025-12-10T12:08:00.817002Z[0m [34mDEBUG[0m [2mhyper::proto::h1::conn[0m[2m:[0m incoming body completed
[2m2025-12-10T12:08:00.817021Z[0m [34mDEBUG[0m [2mhyper::client::pool[0m[2m:[0m pooling idle connection for ("http", 192.168.0.14:8545)
[2m2025-12-10T12:08:00.817034Z[0m [34mDEBUG[0m [2methereum_transaction_pool_monitor::eth_client[0m[2m:[0m 📡 Transaction fetch RPC completed in 4.651083ms
[2m2025-12-10T12:08:01.000987Z[0m [34mDEBUG[0m [2methereum_transaction_pool_monitor::eth_client[0m[2m:[0m ✅ Transaction 0x7797b87d5958bce01fc2e0b6c592d038622ec244dc20998ae3b440b1655f328d fetched and parsed in 188.59825ms
[2m2025-12-10T12:08:01.001039Z[0m [34mDEBUG[0m [2methereum_transaction_pool_monitor::mempool_monitor[0m[2m:[0m 🔍 Skipping tx 0x7797b87d5958bce01fc2e0b6c592d038622ec244dc20998ae3b440b1655f328d - not a DEX interaction (target: 0x6e09c2581b01B8D9fa6C26659a32c674903204FA)
[2m2025-12-10T12:08:01.001110Z[0m [34mDEBUG[0m [2methereum_transaction_pool_monitor::mempool_monitor[0m[2m:[0m 📨 Processing new pending transaction: 0xfd6d96187841578b77f686e8ffb1c87483fe0093dc0b6c638513b398b13d3b0a
[2m2025-12-10T12:08:01.001122Z[0m [34mDEBUG[0m [2methereum_transaction_pool_monitor::mempool_monitor[0m[2m:[0m 🔍 Fetching transaction details for: 0xfd6d96187841578b77f686e8ffb1c87483fe0093dc0b6c638513b398b13d3b0a
[2m2025-12-10T12:08:01.001133Z[0m [34mDEBUG[0m [2methereum_transaction_pool_monitor::eth_client[0m[2m:[0m 🔍 Fetching transaction details for hash: 0xfd6d96187841578b77f686e8ffb1c87483fe0093dc0b6c638513b398b13d3b0a
[2m2025-12-10T12:08:01.001218Z[0m [34mDEBUG[0m [2mhyper::client::pool[0m[2m:[0m reuse idle connection for ("http", 192.168.0.14:8545)
[2m2025-12-10T12:08:01.001305Z[0m [34mDEBUG[0m [2mhyper::proto::h1::io[0m[2m:[0m flushed 250 bytes
[2m2025-12-10T12:08:01.001505Z[0m [34mDEBUG[0m [2mhyper::proto::h1::io[0m[2m:[0m parsed 4 headers
[2m2025-12-10T12:08:01.001506Z[0m [34mDEBUG[0m [2methereum_transaction_pool_monitor::eth_client[0m[2m:[0m 📨 Received WebSocket message: {"jsonrpc":"2.0","method":"eth_subscription","params":{"subscription":"0x47c11399886b6549da0ab4d02eced7c9","result":"0xacebfa5c0f715c45724b13365dafc7eb89cddbc1d2d33769893b8dd0d78a45ff"}}
[2m2025-12-10T12:08:01.001519Z[0m [34mDEBUG[0m [2mhyper::proto::h1::conn[0m[2m:[0m incoming body is content-length (45 bytes)
[2m2025-12-10T12:08:01.001539Z[0m [34mDEBUG[0m [2methereum_transaction_pool_monitor::eth_client[0m[2m:[0m 📨 Received pending transaction: 0xacebfa5c0f715c45724b13365dafc7eb89cddbc1d2d33769893b8dd0d78a45ff
[2m2025-12-10T12:08:01.001542Z[0m [34mDEBUG[0m [2mhyper::proto::h1::conn[0m[2m:[0m incoming body completed
[2m2025-12-10T12:08:01.001559Z[0m [34mDEBUG[0m [2methereum_transaction_pool_monitor::eth_client[0m[2m:[0m 📨 Received WebSocket message: {"jsonrpc":"2.0","method":"eth_subscription","params":{"subscription":"0x47c11399886b6549da0ab4d02eced7c9","result":"0x136f4346dc80ce3df7e85fa410431cd411cfe97aa12fed79c14a0b59080a1054"}}
[2m2025-12-10T12:08:01.001579Z[0m [34mDEBUG[0m [2methereum_transaction_pool_monitor::eth_client[0m[2m:[0m 📨 Received pending transaction: 0x136f4346dc80ce3df7e85fa410431cd411cfe97aa12fed79c14a0b59080a1054
[2m2025-12-10T12:08:01.001580Z[0m [34mDEBUG[0m [2mhyper::client::pool[0m[2m:[0m pooling idle connection for ("http", 192.168.0.14:8545)
[2m2025-12-10T12:08:01.001595Z[0m [34mDEBUG[0m [2methereum_transaction_pool_monitor::eth_client[0m[2m:[0m 📨 Received WebSocket message: {"jsonrpc":"2.0","method":"eth_subscription","params":{"subscription":"0x47c11399886b6549da0ab4d02eced7c9","result":"0xa77d6d15bf158602da44a2560abc0c5c23e0064adc64fb2e006c413fbb5b48ad"}}
[2m2025-12-10T12:08:01.001613Z[0m [34mDEBUG[0m [2methereum_transaction_pool_monitor::eth_client[0m[2m:[0m 📨 Received pending transaction: 0xa77d6d15bf158602da44a2560abc0c5c23e0064adc64fb2e006c413fbb5b48ad
[2m2025-12-10T12:08:01.001626Z[0m [34mDEBUG[0m [2methereum_transaction_pool_monitor::eth_client[0m[2m:[0m 📨 Received WebSocket message: {"jsonrpc":"2.0","method":"eth_subscription","params":{"subscription":"0x47c11399886b6549da0ab4d02eced7c9","result":"0x1557cafdc4de449be88b6193759ee646315da4f7771c989e0173d98e35636475"}}
[2m2025-12-10T12:08:01.001643Z[0m [34mDEBUG[0m [2methereum_transaction_pool_monitor::eth_client[0m[2m:[0m 📨 Received pending transaction: 0x1557cafdc4de449be88b6193759ee646315da4f7771c989e0173d98e35636475
[2m2025-12-10T12:08:01.001657Z[0m [34mDEBUG[0m [2mhyper::client::pool[0m[2m:[0m reuse idle connection for ("http", 192.168.0.14:8545)
[2m2025-12-10T12:08:01.001655Z[0m [34mDEBUG[0m [2methereum_transaction_pool_monitor::eth_client[0m[2m:[0m 📨 Received WebSocket message: {"jsonrpc":"2.0","method":"eth_subscription","params":{"subscription":"0x47c11399886b6549da0ab4d02eced7c9","result":"0x34d99b690115404e3447de24b3254038af39b8b7eeef55dfcd537a8dbd15e233"}}
[2m2025-12-10T12:08:01.001689Z[0m [34mDEBUG[0m [2methereum_transaction_pool_monitor::eth_client[0m[2m:[0m 📨 Received pending transaction: 0x34d99b690115404e3447de24b3254038af39b8b7eeef55dfcd537a8dbd15e233
[2m2025-12-10T12:08:01.001701Z[0m [34mDEBUG[0m [2methereum_transaction_pool_monitor::eth_client[0m[2m:[0m 📨 Received WebSocket message: {"jsonrpc":"2.0","method":"eth_subscription","params":{"subscription":"0x47c11399886b6549da0ab4d02eced7c9","result":"0xb6da34ed152b7606fe363958ef36a8010fd1e13770c063926325eb5e31a8daed"}}
[2m2025-12-10T12:08:01.001705Z[0m [34mDEBUG[0m [2mhyper::proto::h1::io[0m[2m:[0m flushed 172 bytes
[2m2025-12-10T12:08:01.001721Z[0m [34mDEBUG[0m [2methereum_transaction_pool_monitor::eth_client[0m[2m:[0m 📨 Received pending transaction: 0xb6da34ed152b7606fe363958ef36a8010fd1e13770c063926325eb5e31a8daed
[2m2025-12-10T12:08:01.001733Z[0m [34mDEBUG[0m [2methereum_transaction_pool_monitor::eth_client[0m[2m:[0m 📨 Received WebSocket message: {"jsonrpc":"2.0","method":"eth_subscription","params":{"subscription":"0x47c11399886b6549da0ab4d02eced7c9","result":"0xe5b4c8d7793f7294963798c95090f258b96a41df540655b2c96e84a6fbba8354"}}
[2m2025-12-10T12:08:01.001947Z[0m [34mDEBUG[0m [2methereum_transaction_pool_monitor::eth_client[0m[2m:[0m 📨 Received pending transaction: 0xe5b4c8d7793f7294963798c95090f258b96a41df540655b2c96e84a6fbba8354
[2m2025-12-10T12:08:01.002015Z[0m [34mDEBUG[0m [2methereum_transaction_pool_monitor::eth_client[0m[2m:[0m 📨 Received WebSocket message: {"jsonrpc":"2.0","method":"eth_subscription","params":{"subscription":"0x47c11399886b6549da0ab4d02eced7c9","result":"0x57ed347f26df467ff6c40b33e0c2d9f25048ad7ad4aeadc5f5192b70ea4edaa9"}}
[2m2025-12-10T12:08:01.002071Z[0m [34mDEBUG[0m [2methereum_transaction_pool_monitor::eth_client[0m[2m:[0m 📨 Received pending transaction: 0x57ed347f26df467ff6c40b33e0c2d9f25048ad7ad4aeadc5f5192b70ea4edaa9
[2m2025-12-10T12:08:01.002111Z[0m [34mDEBUG[0m [2methereum_transaction_pool_monitor::eth_client[0m[2m:[0m 📨 Received WebSocket message: {"jsonrpc":"2.0","method":"eth_subscription","params":{"subscription":"0x47c11399886b6549da0ab4d02eced7c9","result":"0x89a37ce5e39d47fc6700e2fa3b2411e2bf1d7d74da9f009d7dd75a1bc5f264a0"}}
[2m2025-12-10T12:08:01.002161Z[0m [34mDEBUG[0m [2methereum_transaction_pool_monitor::eth_client[0m[2m:[0m 📨 Received pending transaction: 0x89a37ce5e39d47fc6700e2fa3b2411e2bf1d7d74da9f009d7dd75a1bc5f264a0
[2m2025-12-10T12:08:01.002195Z[0m [34mDEBUG[0m [2methereum_transaction_pool_monitor::eth_client[0m[2m:[0m 📨 Received WebSocket message: {"jsonrpc":"2.0","method":"eth_subscription","params":{"subscription":"0x47c11399886b6549da0ab4d02eced7c9","result":"0xa75701c4f886e9f941cfc8c9941588bfe7bb4fbd21d7661c4a3e4fa3f506c020"}}
[2m2025-12-10T12:08:01.002243Z[0m [34mDEBUG[0m [2methereum_transaction_pool_monitor::eth_client[0m[2m:[0m 📨 Received pending transaction: 0xa75701c4f886e9f941cfc8c9941588bfe7bb4fbd21d7661c4a3e4fa3f506c020
[2m2025-12-10T12:08:01.002276Z[0m [34mDEBUG[0m [2methereum_transaction_pool_monitor::eth_client[0m[2m:[0m 📨 Received WebSocket message: {"jsonrpc":"2.0","method":"eth_subscription","params":{"subscription":"0x47c11399886b6549da0ab4d02eced7c9","result":"0x7ab3434723173bf6a054a5690bd5628b04337f5aebf2ae984e63e57c3de95658"}}
[2m2025-12-10T12:08:01.002323Z[0m [34mDEBUG[0m [2methereum_transaction_pool_monitor::eth_client[0m[2m:[0m 📨 Received pending transaction: 0x7ab3434723173bf6a054a5690bd5628b04337f5aebf2ae984e63e57c3de95658
[2m2025-12-10T12:08:01.004009Z[0m [34mDEBUG[0m [2methereum_transaction_pool_monitor::eth_client[0m[2m:[0m 📨 Received WebSocket message: {"jsonrpc":"2.0","method":"eth_subscription","params":{"subscription":"0x47c11399886b6549da0ab4d02eced7c9","result":"0x390091c8100c04c3edaf1f98a5c87de778d54072f41ff0b71f318d9912dacbe7"}}
[2m2025-12-10T12:08:01.004037Z[0m [34mDEBUG[0m [2methereum_transaction_pool_monitor::eth_client[0m[2m:[0m 📨 Received pending transaction: 0x390091c8100c04c3edaf1f98a5c87de778d54072f41ff0b71f318d9912dacbe7
[2m2025-12-10T12:08:01.004752Z[0m [34mDEBUG[0m [2methereum_transaction_pool_monitor::eth_client[0m[2m:[0m 📨 Received WebSocket message: {"jsonrpc":"2.0","method":"eth_subscription","params":{"subscription":"0x47c11399886b6549da0ab4d02eced7c9","result":"0x2a8d4a24acdbf90054c2d4a53d6eb5e570d91aa9f85e22d9d021138068b4e84c"}}
[2m2025-12-10T12:08:01.004778Z[0m [34mDEBUG[0m [2methereum_transaction_pool_monitor::eth_client[0m[2m:[0m 📨 Received pending transaction: 0x2a8d4a24acdbf90054c2d4a53d6eb5e570d91aa9f85e22d9d021138068b4e84c
[2m2025-12-10T12:08:01.006629Z[0m [34mDEBUG[0m [2mhyper::proto::h1::io[0m[2m:[0m parsed 4 headers
[2m2025-12-10T12:08:01.006655Z[0m [34mDEBUG[0m [2mhyper::proto::h1::conn[0m[2m:[0m incoming body is content-length (45 bytes)
[2m2025-12-10T12:08:01.006676Z[0m [34mDEBUG[0m [2mhyper::proto::h1::conn[0m[2m:[0m incoming body completed
[2m2025-12-10T12:08:01.006718Z[0m [34mDEBUG[0m [2mhyper::client::pool[0m[2m:[0m pooling idle connection for ("http", 192.168.0.14:8545)
[2m2025-12-10T12:08:01.006824Z[0m [34mDEBUG[0m [2mhyper::client::pool[0m[2m:[0m reuse idle connection for ("http", 192.168.0.14:8545)
[2m2025-12-10T12:08:01.006880Z[0m [34mDEBUG[0m [2mhyper::proto::h1::io[0m[2m:[0m flushed 172 bytes
[2m2025-12-10T12:08:01.007413Z[0m [34mDEBUG[0m [2mhyper::proto::h1::io[0m[2m:[0m parsed 4 headers
[2m2025-12-10T12:08:01.007422Z[0m [34mDEBUG[0m [2mhyper::proto::h1::conn[0m[2m:[0m incoming body is content-length (878 bytes)
[2m2025-12-10T12:08:01.007433Z[0m [34mDEBUG[0m [2mhyper::proto::h1::conn[0m[2m:[0m incoming body completed
[2m2025-12-10T12:08:01.007454Z[0m [34mDEBUG[0m [2mhyper::client::pool[0m[2m:[0m pooling idle connection for ("http", 192.168.0.14:8545)
[2m2025-12-10T12:08:01.007465Z[0m [34mDEBUG[0m [2methereum_transaction_pool_monitor::eth_client[0m[2m:[0m 📡 Transaction fetch RPC completed in 6.321709ms
[2m2025-12-10T12:08:01.190293Z[0m [34mDEBUG[0m [2methereum_transaction_pool_monitor::eth_client[0m[2m:[0m ✅ Transaction 0xfd6d96187841578b77f686e8ffb1c87483fe0093dc0b6c638513b398b13d3b0a fetched and parsed in 189.138625ms
[2m2025-12-10T12:08:01.190391Z[0m [34mDEBUG[0m [2methereum_transaction_pool_monitor::mempool_monitor[0m[2m:[0m 🔍 Skipping tx 0xfd6d96187841578b77f686e8ffb1c87483fe0093dc0b6c638513b398b13d3b0a - not a DEX interaction (target: 0x9D4c8FAEadDdDeeE1Ed0c92dAbAD815c2484f675)
[2m2025-12-10T12:08:01.190483Z[0m [34mDEBUG[0m [2methereum_transaction_pool_monitor::mempool_monitor[0m[2m:[0m 📨 Processing new pending transaction: 0x29a6dbe97d0e290c90481ac32d820d1338fbbef21c4aba642416c3345690b095
[2m2025-12-10T12:08:01.190496Z[0m [34mDEBUG[0m [2methereum_transaction_pool_monitor::mempool_monitor[0m[2m:[0m 🔍 Fetching transaction details for: 0x29a6dbe97d0e290c90481ac32d820d1338fbbef21c4aba642416c3345690b095
[2m2025-12-10T12:08:01.190507Z[0m [34mDEBUG[0m [2methereum_transaction_pool_monitor::eth_client[0m[2m:[0m 🔍 Fetching transaction details for hash: 0x29a6dbe97d0e290c90481ac32d820d1338fbbef21c4aba642416c3345690b095
[2m2025-12-10T12:08:01.190647Z[0m [34mDEBUG[0m [2mhyper::client::pool[0m[2m:[0m reuse idle connection for ("http", 192.168.0.14:8545)
[2m2025-12-10T12:08:01.190759Z[0m [34mDEBUG[0m [2mhyper::proto::h1::io[0m[2m:[0m flushed 250 bytes
[2m2025-12-10T12:08:01.190806Z[0m [34mDEBUG[0m [2methereum_transaction_pool_monitor::eth_client[0m[2m:[0m 📨 Received WebSocket message: {"jsonrpc":"2.0","method":"eth_subscription","params":{"subscription":"0x47c11399886b6549da0ab4d02eced7c9","result":"0xaaa675cf359f96d1e515d9555648e24f6b9aa6f5905a1dd1d7b6bc5ba58af790"}}
[2m2025-12-10T12:08:01.190824Z[0m [34mDEBUG[0m [2mhyper::proto::h1::io[0m[2m:[0m parsed 4 headers
[2m2025-12-10T12:08:01.190830Z[0m [34mDEBUG[0m [2methereum_transaction_pool_monitor::eth_client[0m[2m:[0m 📨 Received pending transaction: 0xaaa675cf359f96d1e515d9555648e24f6b9aa6f5905a1dd1d7b6bc5ba58af790
[2m2025-12-10T12:08:01.190838Z[0m [34mDEBUG[0m [2mhyper::proto::h1::conn[0m[2m:[0m incoming body is content-length (45 bytes)
[2m2025-12-10T12:08:01.190847Z[0m [34mDEBUG[0m [2methereum_transaction_pool_monitor::eth_client[0m[2m:[0m 📨 Received WebSocket message: {"jsonrpc":"2.0","method":"eth_subscription","params":{"subscription":"0x47c11399886b6549da0ab4d02eced7c9","result":"0x9acbb0ed65015b56f8d95ea76af5f64335e71a634a0ef4bb0f2dfa78d589a3b2"}}
[2m2025-12-10T12:08:01.190856Z[0m [34mDEBUG[0m [2mhyper::proto::h1::conn[0m[2m:[0m incoming body completed
[2m2025-12-10T12:08:01.190866Z[0m [34mDEBUG[0m [2methereum_transaction_pool_monitor::eth_client[0m[2m:[0m 📨 Received pending transaction: 0x9acbb0ed65015b56f8d95ea76af5f64335e71a634a0ef4bb0f2dfa78d589a3b2
[2m2025-12-10T12:08:01.190879Z[0m [34mDEBUG[0m [2methereum_transaction_pool_monitor::eth_client[0m[2m:[0m 📨 Received WebSocket message: {"jsonrpc":"2.0","method":"eth_subscription","params":{"subscription":"0x47c11399886b6549da0ab4d02eced7c9","result":"0x9ee39a8443e744059e0deba257bd6efb96fd7ad7ee068ec83e68613069dff3e7"}}
[2m2025-12-10T12:08:01.190886Z[0m [34mDEBUG[0m [2mhyper::client::pool[0m[2m:[0m pooling idle connection for ("http", 192.168.0.14:8545)
[2m2025-12-10T12:08:01.190898Z[0m [34mDEBUG[0m [2methereum_transaction_pool_monitor::eth_client[0m[2m:[0m 📨 Received pending transaction: 0x9ee39a8443e744059e0deba257bd6efb96fd7ad7ee068ec83e68613069dff3e7
[2m2025-12-10T12:08:01.190952Z[0m [34mDEBUG[0m [2mhyper::client::pool[0m[2m:[0m reuse idle connection for ("http", 192.168.0.14:8545)
[2m2025-12-10T12:08:01.190991Z[0m [34mDEBUG[0m [2mhyper::proto::h1::io[0m[2m:[0m flushed 172 bytes
[2m2025-12-10T12:08:01.190989Z[0m [34mDEBUG[0m [2methereum_transaction_pool_monitor::eth_client[0m[2m:[0m 📨 Received WebSocket message: {"jsonrpc":"2.0","method":"eth_subscription","params":{"subscription":"0x47c11399886b6549da0ab4d02eced7c9","result":"0x54e2bd0c5fb224073ac6dafd4e01cc553578db757d86f6462835ed3eccc7fb44"}}
[2m2025-12-10T12:08:01.191016Z[0m [34mDEBUG[0m [2methereum_transaction_pool_monitor::eth_client[0m[2m:[0m 📨 Received pending transaction: 0x54e2bd0c5fb224073ac6dafd4e01cc553578db757d86f6462835ed3eccc7fb44
[2m2025-12-10T12:08:01.195686Z[0m [34mDEBUG[0m [2mhyper::proto::h1::io[0m[2m:[0m parsed 4 headers
[2m2025-12-10T12:08:01.195700Z[0m [34mDEBUG[0m [2mhyper::proto::h1::conn[0m[2m:[0m incoming body is content-length (45 bytes)
[2m2025-12-10T12:08:01.195717Z[0m [34mDEBUG[0m [2mhyper::proto::h1::conn[0m[2m:[0m incoming body completed
[2m2025-12-10T12:08:01.195733Z[0m [34mDEBUG[0m [2mhyper::client::pool[0m[2m:[0m pooling idle connection for ("http", 192.168.0.14:8545)
[2m2025-12-10T12:08:01.195777Z[0m [34mDEBUG[0m [2mhyper::client::pool[0m[2m:[0m reuse idle connection for ("http", 192.168.0.14:8545)
[2m2025-12-10T12:08:01.195810Z[0m [34mDEBUG[0m [2mhyper::proto::h1::io[0m[2m:[0m flushed 172 bytes
[2m2025-12-10T12:08:01.201398Z[0m [34mDEBUG[0m [2mhyper::proto::h1::io[0m[2m:[0m parsed 4 headers
[2m2025-12-10T12:08:01.201407Z[0m [34mDEBUG[0m [2mhyper::proto::h1::conn[0m[2m:[0m incoming body is content-length (770 bytes)
[2m2025-12-10T12:08:01.201418Z[0m [34mDEBUG[0m [2mhyper::proto::h1::conn[0m[2m:[0m incoming body completed
[2m2025-12-10T12:08:01.201435Z[0m [34mDEBUG[0m [2mhyper::client::pool[0m[2m:[0m pooling idle connection for ("http", 192.168.0.14:8545)
[2m2025-12-10T12:08:01.201447Z[0m [34mDEBUG[0m [2methereum_transaction_pool_monitor::eth_client[0m[2m:[0m 📡 Transaction fetch RPC completed in 10.929041ms
[2m2025-12-10T12:08:01.383495Z[0m [34mDEBUG[0m [2methereum_transaction_pool_monitor::eth_client[0m[2m:[0m ✅ Transaction 0x29a6dbe97d0e290c90481ac32d820d1338fbbef21c4aba642416c3345690b095 fetched and parsed in 192.973416ms
[2m2025-12-10T12:08:01.383544Z[0m [34mDEBUG[0m [2methereum_transaction_pool_monitor::mempool_monitor[0m[2m:[0m 🔍 Skipping tx 0x29a6dbe97d0e290c90481ac32d820d1338fbbef21c4aba642416c3345690b095 - not a DEX interaction (target: 0xA0b86991c6218b36c1d19D4a2e9Eb0cE3606eB48)
[2m2025-12-10T12:08:01.383610Z[0m [34mDEBUG[0m [2methereum_transaction_pool_monitor::mempool_monitor[0m[2m:[0m 📨 Processing new pending transaction: 0x880250ed125526b08667847018dadffb3cdcb2f3f332db073dff02206cf91a46
[2m2025-12-10T12:08:01.383621Z[0m [34mDEBUG[0m [2methereum_transaction_pool_monitor::mempool_monitor[0m[2m:[0m 🔍 Fetching transaction details for: 0x880250ed125526b08667847018dadffb3cdcb2f3f332db073dff02206cf91a46
[2m2025-12-10T12:08:01.383630Z[0m [34mDEBUG[0m [2methereum_transaction_pool_monitor::eth_client[0m[2m:[0m 🔍 Fetching transaction details for hash: 0x880250ed125526b08667847018dadffb3cdcb2f3f332db073dff02206cf91a46
[2m2025-12-10T12:08:01.383705Z[0m [34mDEBUG[0m [2mhyper::client::pool[0m[2m:[0m reuse idle connection for ("http", 192.168.0.14:8545)
[2m2025-12-10T12:08:01.383788Z[0m [34mDEBUG[0m [2mhyper::proto::h1::io[0m[2m:[0m flushed 250 bytes
[2m2025-12-10T12:08:01.383830Z[0m [34mDEBUG[0m [2methereum_transaction_pool_monitor::eth_client[0m[2m:[0m 📨 Received WebSocket message: {"jsonrpc":"2.0","method":"eth_subscription","params":{"subscription":"0x47c11399886b6549da0ab4d02eced7c9","result":"0xf4a9123c0bdceda0b0b2fb664b9b16fb52cb865c53bc886a671aba612e07d85e"}}
[2m2025-12-10T12:08:01.383845Z[0m [34mDEBUG[0m [2mhyper::proto::h1::io[0m[2m:[0m parsed 4 headers
[2m2025-12-10T12:08:01.383856Z[0m [34mDEBUG[0m [2mhyper::proto::h1::conn[0m[2m:[0m incoming body is content-length (45 bytes)
[2m2025-12-10T12:08:01.383859Z[0m [34mDEBUG[0m [2methereum_transaction_pool_monitor::eth_client[0m[2m:[0m 📨 Received pending transaction: 0xf4a9123c0bdceda0b0b2fb664b9b16fb52cb865c53bc886a671aba612e07d85e
[2m2025-12-10T12:08:01.383871Z[0m [34mDEBUG[0m [2mhyper::proto::h1::conn[0m[2m:[0m incoming body completed
[2m2025-12-10T12:08:01.383896Z[0m [34mDEBUG[0m [2mhyper::client::pool[0m[2m:[0m pooling idle connection for ("http", 192.168.0.14:8545)
[2m2025-12-10T12:08:01.383948Z[0m [34mDEBUG[0m [2mhyper::client::pool[0m[2m:[0m reuse idle connection for ("http", 192.168.0.14:8545)
[2m2025-12-10T12:08:01.383986Z[0m [34mDEBUG[0m [2mhyper::proto::h1::io[0m[2m:[0m flushed 172 bytes
[2m2025-12-10T12:08:01.391076Z[0m [34mDEBUG[0m [2mhyper::proto::h1::io[0m[2m:[0m parsed 4 headers
[2m2025-12-10T12:08:01.391091Z[0m [34mDEBUG[0m [2mhyper::proto::h1::conn[0m[2m:[0m incoming body is content-length (45 bytes)
[2m2025-12-10T12:08:01.391115Z[0m [34mDEBUG[0m [2mhyper::proto::h1::conn[0m[2m:[0m incoming body completed
[2m2025-12-10T12:08:01.391132Z[0m [34mDEBUG[0m [2mhyper::client::pool[0m[2m:[0m pooling idle connection for ("http", 192.168.0.14:8545)
[2m2025-12-10T12:08:01.391173Z[0m [34mDEBUG[0m [2mhyper::client::pool[0m[2m:[0m reuse idle connection for ("http", 192.168.0.14:8545)
[2m2025-12-10T12:08:01.391206Z[0m [34mDEBUG[0m [2mhyper::proto::h1::io[0m[2m:[0m flushed 172 bytes
[2m2025-12-10T12:08:01.391842Z[0m [34mDEBUG[0m [2mhyper::proto::h1::io[0m[2m:[0m parsed 4 headers
[2m2025-12-10T12:08:01.391863Z[0m [34mDEBUG[0m [2mhyper::proto::h1::conn[0m[2m:[0m incoming body is content-length (771 bytes)
[2m2025-12-10T12:08:01.391871Z[0m [34mDEBUG[0m [2mhyper::proto::h1::conn[0m[2m:[0m incoming body completed
[2m2025-12-10T12:08:01.391893Z[0m [34mDEBUG[0m [2mhyper::client::pool[0m[2m:[0m pooling idle connection for ("http", 192.168.0.14:8545)
[2m2025-12-10T12:08:01.391902Z[0m [34mDEBUG[0m [2methereum_transaction_pool_monitor::eth_client[0m[2m:[0m 📡 Transaction fetch RPC completed in 8.262458ms
[2m2025-12-10T12:08:01.572908Z[0m [34mDEBUG[0m [2methereum_transaction_pool_monitor::eth_client[0m[2m:[0m ✅ Transaction 0x880250ed125526b08667847018dadffb3cdcb2f3f332db073dff02206cf91a46 fetched and parsed in 189.260667ms
[2m2025-12-10T12:08:01.572976Z[0m [34mDEBUG[0m [2methereum_transaction_pool_monitor::mempool_monitor[0m[2m:[0m 🔍 Skipping tx 0x880250ed125526b08667847018dadffb3cdcb2f3f332db073dff02206cf91a46 - not a DEX interaction (target: 0x4C1746A800D224393fE2470C70A35717eD4eA5F1)
[2m2025-12-10T12:08:01.573057Z[0m [34mDEBUG[0m [2methereum_transaction_pool_monitor::mempool_monitor[0m[2m:[0m 📨 Processing new pending transaction: 0x6be50a43c08a742dbdd393025ec5c7b8a8ce520ab0c0667f5c4e647dfc8a8fc7
[2m2025-12-10T12:08:01.573069Z[0m [34mDEBUG[0m [2methereum_transaction_pool_monitor::mempool_monitor[0m[2m:[0m 🔍 Fetching transaction details for: 0x6be50a43c08a742dbdd393025ec5c7b8a8ce520ab0c0667f5c4e647dfc8a8fc7
[2m2025-12-10T12:08:01.573079Z[0m [34mDEBUG[0m [2methereum_transaction_pool_monitor::eth_client[0m[2m:[0m 🔍 Fetching transaction details for hash: 0x6be50a43c08a742dbdd393025ec5c7b8a8ce520ab0c0667f5c4e647dfc8a8fc7
[2m2025-12-10T12:08:01.573201Z[0m [34mDEBUG[0m [2mhyper::client::pool[0m[2m:[0m reuse idle connection for ("http", 192.168.0.14:8545)
[2m2025-12-10T12:08:01.573322Z[0m [34mDEBUG[0m [2mhyper::proto::h1::io[0m[2m:[0m flushed 250 bytes
[2m2025-12-10T12:08:01.573389Z[0m [34mDEBUG[0m [2methereum_transaction_pool_monitor::eth_client[0m[2m:[0m 📨 Received WebSocket message: {"jsonrpc":"2.0","method":"eth_subscription","params":{"subscription":"0x47c11399886b6549da0ab4d02eced7c9","result":"0x02a765fbdb8c7e589e0c37d68d690a32b3e538107efd3349b46e9815efcb5a59"}}
[2m2025-12-10T12:08:01.573409Z[0m [34mDEBUG[0m [2mhyper::proto::h1::io[0m[2m:[0m parsed 4 headers
[2m2025-12-10T12:08:01.573414Z[0m [34mDEBUG[0m [2methereum_transaction_pool_monitor::eth_client[0m[2m:[0m 📨 Received pending transaction: 0x02a765fbdb8c7e589e0c37d68d690a32b3e538107efd3349b46e9815efcb5a59
[2m2025-12-10T12:08:01.573421Z[0m [34mDEBUG[0m [2mhyper::proto::h1::conn[0m[2m:[0m incoming body is content-length (45 bytes)
[2m2025-12-10T12:08:01.573437Z[0m [34mDEBUG[0m [2mhyper::proto::h1::conn[0m[2m:[0m incoming body completed
[2m2025-12-10T12:08:01.573467Z[0m [34mDEBUG[0m [2mhyper::client::pool[0m[2m:[0m pooling idle connection for ("http", 192.168.0.14:8545)
[2m2025-12-10T12:08:01.573525Z[0m [34mDEBUG[0m [2mhyper::client::pool[0m[2m:[0m reuse idle connection for ("http", 192.168.0.14:8545)
[2m2025-12-10T12:08:01.573565Z[0m [34mDEBUG[0m [2mhyper::proto::h1::io[0m[2m:[0m flushed 172 bytes
[2m2025-12-10T12:08:01.577538Z[0m [34mDEBUG[0m [2mhyper::proto::h1::io[0m[2m:[0m parsed 4 headers
[2m2025-12-10T12:08:01.577588Z[0m [34mDEBUG[0m [2mhyper::proto::h1::conn[0m[2m:[0m incoming body is content-length (45 bytes)
[2m2025-12-10T12:08:01.577617Z[0m [34mDEBUG[0m [2mhyper::proto::h1::conn[0m[2m:[0m incoming body completed
[2m2025-12-10T12:08:01.577631Z[0m [34mDEBUG[0m [2mhyper::client::pool[0m[2m:[0m pooling idle connection for ("http", 192.168.0.14:8545)
[2m2025-12-10T12:08:01.577666Z[0m [34mDEBUG[0m [2mhyper::client::pool[0m[2m:[0m reuse idle connection for ("http", 192.168.0.14:8545)
[2m2025-12-10T12:08:01.577701Z[0m [34mDEBUG[0m [2mhyper::proto::h1::io[0m[2m:[0m flushed 172 bytes
[2m2025-12-10T12:08:01.582250Z[0m [34mDEBUG[0m [2mhyper::proto::h1::io[0m[2m:[0m parsed 4 headers
[2m2025-12-10T12:08:01.582261Z[0m [34mDEBUG[0m [2mhyper::proto::h1::conn[0m[2m:[0m incoming body is content-length (641 bytes)
[2m2025-12-10T12:08:01.582281Z[0m [34mDEBUG[0m [2mhyper::proto::h1::conn[0m[2m:[0m incoming body completed
[2m2025-12-10T12:08:01.582302Z[0m [34mDEBUG[0m [2mhyper::client::pool[0m[2m:[0m pooling idle connection for ("http", 192.168.0.14:8545)
[2m2025-12-10T12:08:01.582313Z[0m [34mDEBUG[0m [2methereum_transaction_pool_monitor::eth_client[0m[2m:[0m 📡 Transaction fetch RPC completed in 9.224792ms
[2m2025-12-10T12:08:01.763488Z[0m [34mDEBUG[0m [2methereum_transaction_pool_monitor::eth_client[0m[2m:[0m ✅ Transaction 0x6be50a43c08a742dbdd393025ec5c7b8a8ce520ab0c0667f5c4e647dfc8a8fc7 fetched and parsed in 190.3965ms
[2m2025-12-10T12:08:01.763534Z[0m [34mDEBUG[0m [2methereum_transaction_pool_monitor::mempool_monitor[0m[2m:[0m 🔍 Skipping tx 0x6be50a43c08a742dbdd393025ec5c7b8a8ce520ab0c0667f5c4e647dfc8a8fc7 - not a DEX interaction (target: 0x7DBB4bdCfE614398D1a68ecc219F15280d0959E0)
[2m2025-12-10T12:08:01.763593Z[0m [34mDEBUG[0m [2methereum_transaction_pool_monitor::mempool_monitor[0m[2m:[0m 📨 Processing new pending transaction: 0x8760b6fc47bb2948634ab8a7d5a494a1861cfb15b93e2d742831fdebcc46de8a
[2m2025-12-10T12:08:01.763605Z[0m [34mDEBUG[0m [2methereum_transaction_pool_monitor::mempool_monitor[0m[2m:[0m 🔍 Fetching transaction details for: 0x8760b6fc47bb2948634ab8a7d5a494a1861cfb15b93e2d742831fdebcc46de8a
[2m2025-12-10T12:08:01.763616Z[0m [34mDEBUG[0m [2methereum_transaction_pool_monitor::eth_client[0m[2m:[0m 🔍 Fetching transaction details for hash: 0x8760b6fc47bb2948634ab8a7d5a494a1861cfb15b93e2d742831fdebcc46de8a
[2m2025-12-10T12:08:01.763691Z[0m [34mDEBUG[0m [2mhyper::client::pool[0m[2m:[0m reuse idle connection for ("http", 192.168.0.14:8545)
[2m2025-12-10T12:08:01.763762Z[0m [34mDEBUG[0m [2mhyper::proto::h1::io[0m[2m:[0m flushed 250 bytes
[2m2025-12-10T12:08:01.763807Z[0m [34mDEBUG[0m [2methereum_transaction_pool_monitor::eth_client[0m[2m:[0m 📨 Received WebSocket message: {"jsonrpc":"2.0","method":"eth_subscription","params":{"subscription":"0x47c11399886b6549da0ab4d02eced7c9","result":"0xc1148f6e7cc4cb658daebc6d010c6b6a84130da1a67b61c18e5f57cebe69f712"}}
[2m2025-12-10T12:08:01.763821Z[0m [34mDEBUG[0m [2mhyper::proto::h1::io[0m[2m:[0m parsed 4 headers
[2m2025-12-10T12:08:01.763828Z[0m [34mDEBUG[0m [2methereum_transaction_pool_monitor::eth_client[0m[2m:[0m 📨 Received pending transaction: 0xc1148f6e7cc4cb658daebc6d010c6b6a84130da1a67b61c18e5f57cebe69f712
[2m2025-12-10T12:08:01.763831Z[0m [34mDEBUG[0m [2mhyper::proto::h1::conn[0m[2m:[0m incoming body is content-length (45 bytes)
[2m2025-12-10T12:08:01.763848Z[0m [34mDEBUG[0m [2mhyper::proto::h1::conn[0m[2m:[0m incoming body completed
[2m2025-12-10T12:08:01.763874Z[0m [34mDEBUG[0m [2mhyper::client::pool[0m[2m:[0m pooling idle connection for ("http", 192.168.0.14:8545)
[2m2025-12-10T12:08:01.763933Z[0m [34mDEBUG[0m [2mhyper::client::pool[0m[2m:[0m reuse idle connection for ("http", 192.168.0.14:8545)
[2m2025-12-10T12:08:01.763971Z[0m [34mDEBUG[0m [2mhyper::proto::h1::io[0m[2m:[0m flushed 172 bytes
[2m2025-12-10T12:08:01.774965Z[0m [34mDEBUG[0m [2mhyper::proto::h1::io[0m[2m:[0m parsed 4 headers
[2m2025-12-10T12:08:01.774992Z[0m [34mDEBUG[0m [2mhyper::proto::h1::conn[0m[2m:[0m incoming body is content-length (45 bytes)
[2m2025-12-10T12:08:01.775006Z[0m [34mDEBUG[0m [2mhyper::proto::h1::conn[0m[2m:[0m incoming body completed
[2m2025-12-10T12:08:01.775029Z[0m [34mDEBUG[0m [2mhyper::client::pool[0m[2m:[0m pooling idle connection for ("http", 192.168.0.14:8545)
[2m2025-12-10T12:08:01.775093Z[0m [34mDEBUG[0m [2mhyper::client::pool[0m[2m:[0m reuse idle connection for ("http", 192.168.0.14:8545)
[2m2025-12-10T12:08:01.775136Z[0m [34mDEBUG[0m [2mhyper::proto::h1::io[0m[2m:[0m flushed 172 bytes
[2m2025-12-10T12:08:01.777943Z[0m [34mDEBUG[0m [2mhyper::proto::h1::io[0m[2m:[0m parsed 4 headers
[2m2025-12-10T12:08:01.777963Z[0m [34mDEBUG[0m [2mhyper::proto::h1::conn[0m[2m:[0m incoming body is content-length (776 bytes)
[2m2025-12-10T12:08:01.777972Z[0m [34mDEBUG[0m [2mhyper::proto::h1::conn[0m[2m:[0m incoming body completed
[2m2025-12-10T12:08:01.777987Z[0m [34mDEBUG[0m [2mhyper::client::pool[0m[2m:[0m pooling idle connection for ("http", 192.168.0.14:8545)
[2m2025-12-10T12:08:01.777999Z[0m [34mDEBUG[0m [2methereum_transaction_pool_monitor::eth_client[0m[2m:[0m 📡 Transaction fetch RPC completed in 14.370834ms
[2m2025-12-10T12:08:01.778036Z[0m [34mDEBUG[0m [2methereum_transaction_pool_monitor::eth_client[0m[2m:[0m DeFi transaction detected - Address: 0xdac17f958d2ee523a2206206994597c13d831ec7, Type: Stablecoin, Value: 0 ETH, Gas: 200.00 Gwei
[2m2025-12-10T12:08:01.778082Z[0m [34mDEBUG[0m [2methereum_transaction_pool_monitor::eth_client[0m[2m:[0m ✅ Transaction 0x8760b6fc47bb2948634ab8a7d5a494a1861cfb15b93e2d742831fdebcc46de8a fetched and parsed in 14.454292ms
[2m2025-12-10T12:08:01.778100Z[0m [34mDEBUG[0m [2methereum_transaction_pool_monitor::mempool_monitor[0m[2m:[0m 🔍 Skipping tx 0x8760b6fc47bb2948634ab8a7d5a494a1861cfb15b93e2d742831fdebcc46de8a - not a DEX interaction (target: 0xdAC17F958D2ee523a2206206994597C13D831ec7)
[2m2025-12-10T12:08:01.778145Z[0m [34mDEBUG[0m [2methereum_transaction_pool_monitor::mempool_monitor[0m[2m:[0m 📨 Processing new pending transaction: 0xc2cd3f7a31feba1c19fc84f27ace34bf4b2ca2fe609f6e4f30d2607da8188e96
[2m2025-12-10T12:08:01.778154Z[0m [34mDEBUG[0m [2methereum_transaction_pool_monitor::mempool_monitor[0m[2m:[0m 🔍 Fetching transaction details for: 0xc2cd3f7a31feba1c19fc84f27ace34bf4b2ca2fe609f6e4f30d2607da8188e96
[2m2025-12-10T12:08:01.778161Z[0m [34mDEBUG[0m [2methereum_transaction_pool_monitor::eth_client[0m[2m:[0m 🔍 Fetching transaction details for hash: 0xc2cd3f7a31feba1c19fc84f27ace34bf4b2ca2fe609f6e4f30d2607da8188e96
[2m2025-12-10T12:08:01.778189Z[0m [34mDEBUG[0m [2mhyper::client::pool[0m[2m:[0m reuse idle connection for ("http", 192.168.0.14:8545)
[2m2025-12-10T12:08:01.778213Z[0m [34mDEBUG[0m [2mhyper::proto::h1::io[0m[2m:[0m flushed 250 bytes
[2m2025-12-10T12:08:01.780956Z[0m [34mDEBUG[0m [2mhyper::proto::h1::io[0m[2m:[0m parsed 4 headers
[2m2025-12-10T12:08:01.780979Z[0m [34mDEBUG[0m [2mhyper::proto::h1::conn[0m[2m:[0m incoming body is content-length (45 bytes)
[2m2025-12-10T12:08:01.780988Z[0m [34mDEBUG[0m [2mhyper::proto::h1::conn[0m[2m:[0m incoming body completed
[2m2025-12-10T12:08:01.781008Z[0m [34mDEBUG[0m [2mhyper::client::pool[0m[2m:[0m pooling idle connection for ("http", 192.168.0.14:8545)
[2m2025-12-10T12:08:01.781039Z[0m [34mDEBUG[0m [2mhyper::client::pool[0m[2m:[0m reuse idle connection for ("http", 192.168.0.14:8545)
[2m2025-12-10T12:08:01.781065Z[0m [34mDEBUG[0m [2mhyper::proto::h1::io[0m[2m:[0m flushed 172 bytes
[2m2025-12-10T12:08:01.782682Z[0m [34mDEBUG[0m [2mhyper::proto::h1::io[0m[2m:[0m parsed 4 headers
[2m2025-12-10T12:08:01.782703Z[0m [34mDEBUG[0m [2mhyper::proto::h1::conn[0m[2m:[0m incoming body is content-length (644 bytes)
[2m2025-12-10T12:08:01.782720Z[0m [34mDEBUG[0m [2mhyper::proto::h1::conn[0m[2m:[0m incoming body completed
[2m2025-12-10T12:08:01.782733Z[0m [34mDEBUG[0m [2mhyper::client::pool[0m[2m:[0m pooling idle connection for ("http", 192.168.0.14:8545)
[2m2025-12-10T12:08:01.782742Z[0m [34mDEBUG[0m [2methereum_transaction_pool_monitor::eth_client[0m[2m:[0m 📡 Transaction fetch RPC completed in 4.571583ms
[2m2025-12-10T12:08:01.965659Z[0m [34mDEBUG[0m [2methereum_transaction_pool_monitor::eth_client[0m[2m:[0m ✅ Transaction 0xc2cd3f7a31feba1c19fc84f27ace34bf4b2ca2fe609f6e4f30d2607da8188e96 fetched and parsed in 187.485542ms
[2m2025-12-10T12:08:01.965705Z[0m [34mDEBUG[0m [2methereum_transaction_pool_monitor::mempool_monitor[0m[2m:[0m 🔍 Skipping tx 0xc2cd3f7a31feba1c19fc84f27ace34bf4b2ca2fe609f6e4f30d2607da8188e96 - not a DEX interaction (target: 0xe3F2674061Ed7613B503afDf69423725Cf100387)
[2m2025-12-10T12:08:01.965764Z[0m [34mDEBUG[0m [2methereum_transaction_pool_monitor::mempool_monitor[0m[2m:[0m 📨 Processing new pending transaction: 0x848962ed61457f6868d2b4ccfaa5dcd74c5c18f1c154d4e9079938eb39da91c2
[2m2025-12-10T12:08:01.965775Z[0m [34mDEBUG[0m [2methereum_transaction_pool_monitor::mempool_monitor[0m[2m:[0m 🔍 Fetching transaction details for: 0x848962ed61457f6868d2b4ccfaa5dcd74c5c18f1c154d4e9079938eb39da91c2
[2m2025-12-10T12:08:01.965787Z[0m [34mDEBUG[0m [2methereum_transaction_pool_monitor::eth_client[0m[2m:[0m 🔍 Fetching transaction details for hash: 0x848962ed61457f6868d2b4ccfaa5dcd74c5c18f1c154d4e9079938eb39da91c2
[2m2025-12-10T12:08:01.965857Z[0m [34mDEBUG[0m [2mhyper::client::pool[0m[2m:[0m reuse idle connection for ("http", 192.168.0.14:8545)
[2m2025-12-10T12:08:01.965933Z[0m [34mDEBUG[0m [2mhyper::proto::h1::io[0m[2m:[0m flushed 250 bytes
[2m2025-12-10T12:08:01.965979Z[0m [34mDEBUG[0m [2methereum_transaction_pool_monitor::eth_client[0m[2m:[0m 📨 Received WebSocket message: {"jsonrpc":"2.0","method":"eth_subscription","params":{"subscription":"0x47c11399886b6549da0ab4d02eced7c9","result":"0x60cbecd5cb97c4e141a5caf99c073d268f4f64f12140a9b9ee4abf2837503afc"}}
[2m2025-12-10T12:08:01.965995Z[0m [34mDEBUG[0m [2mhyper::proto::h1::io[0m[2m:[0m parsed 4 headers
[2m2025-12-10T12:08:01.966002Z[0m [34mDEBUG[0m [2methereum_transaction_pool_monitor::eth_client[0m[2m:[0m 📨 Received pending transaction: 0x60cbecd5cb97c4e141a5caf99c073d268f4f64f12140a9b9ee4abf2837503afc
[2m2025-12-10T12:08:01.966006Z[0m [34mDEBUG[0m [2mhyper::proto::h1::conn[0m[2m:[0m incoming body is content-length (45 bytes)
[2m2025-12-10T12:08:01.966022Z[0m [34mDEBUG[0m [2mhyper::proto::h1::conn[0m[2m:[0m incoming body completed
[2m2025-12-10T12:08:01.966019Z[0m [34mDEBUG[0m [2methereum_transaction_pool_monitor::eth_client[0m[2m:[0m 📨 Received WebSocket message: {"jsonrpc":"2.0","method":"eth_subscription","params":{"subscription":"0x47c11399886b6549da0ab4d02eced7c9","result":"0xd461ec5374a60fb9593ac5aa4b0a0db60265cb832533af582588d54fd232839b"}}
[2m2025-12-10T12:08:01.966041Z[0m [34mDEBUG[0m [2methereum_transaction_pool_monitor::eth_client[0m[2m:[0m 📨 Received pending transaction: 0xd461ec5374a60fb9593ac5aa4b0a0db60265cb832533af582588d54fd232839b
[2m2025-12-10T12:08:01.966046Z[0m [34mDEBUG[0m [2mhyper::client::pool[0m[2m:[0m pooling idle connection for ("http", 192.168.0.14:8545)
[2m2025-12-10T12:08:01.966052Z[0m [34mDEBUG[0m [2methereum_transaction_pool_monitor::eth_client[0m[2m:[0m 📨 Received WebSocket message: {"jsonrpc":"2.0","method":"eth_subscription","params":{"subscription":"0x47c11399886b6549da0ab4d02eced7c9","result":"0x3ca2c4ca1417f6b07c1e77c03fef61a4a762d2b94f000fb34711e9b6ced65854"}}
[2m2025-12-10T12:08:01.966069Z[0m [34mDEBUG[0m [2methereum_transaction_pool_monitor::eth_client[0m[2m:[0m 📨 Received pending transaction: 0x3ca2c4ca1417f6b07c1e77c03fef61a4a762d2b94f000fb34711e9b6ced65854
[2m2025-12-10T12:08:01.966102Z[0m [34mDEBUG[0m [2mhyper::client::pool[0m[2m:[0m reuse idle connection for ("http", 192.168.0.14:8545)
[2m2025-12-10T12:08:01.966139Z[0m [34mDEBUG[0m [2mhyper::proto::h1::io[0m[2m:[0m flushed 172 bytes
[2m2025-12-10T12:08:01.970287Z[0m [34mDEBUG[0m [2mhyper::proto::h1::io[0m[2m:[0m parsed 4 headers
[2m2025-12-10T12:08:01.970302Z[0m [34mDEBUG[0m [2mhyper::proto::h1::conn[0m[2m:[0m incoming body is content-length (776 bytes)
[2m2025-12-10T12:08:01.970314Z[0m [34mDEBUG[0m [2mhyper::proto::h1::conn[0m[2m:[0m incoming body completed
[2m2025-12-10T12:08:01.970337Z[0m [34mDEBUG[0m [2mhyper::client::pool[0m[2m:[0m pooling idle connection for ("http", 192.168.0.14:8545)
[2m2025-12-10T12:08:01.970350Z[0m [34mDEBUG[0m [2methereum_transaction_pool_monitor::eth_client[0m[2m:[0m 📡 Transaction fetch RPC completed in 4.553625ms
[2m2025-12-10T12:08:01.970390Z[0m [34mDEBUG[0m [2methereum_transaction_pool_monitor::eth_client[0m[2m:[0m DeFi transaction detected - Address: 0xdac17f958d2ee523a2206206994597c13d831ec7, Type: Stablecoin, Value: 0 ETH, Gas: 200.00 Gwei
[2m2025-12-10T12:08:01.970434Z[0m [34mDEBUG[0m [2methereum_transaction_pool_monitor::eth_client[0m[2m:[0m ✅ Transaction 0x848962ed61457f6868d2b4ccfaa5dcd74c5c18f1c154d4e9079938eb39da91c2 fetched and parsed in 4.637541ms
[2m2025-12-10T12:08:01.970450Z[0m [34mDEBUG[0m [2methereum_transaction_pool_monitor::mempool_monitor[0m[2m:[0m 🔍 Skipping tx 0x848962ed61457f6868d2b4ccfaa5dcd74c5c18f1c154d4e9079938eb39da91c2 - not a DEX interaction (target: 0xdAC17F958D2ee523a2206206994597C13D831ec7)
[2m2025-12-10T12:08:01.970495Z[0m [34mDEBUG[0m [2methereum_transaction_pool_monitor::mempool_monitor[0m[2m:[0m 📨 Processing new pending transaction: 0xef540c88dab2514cc4f8d16db5ce19b2d969668614fb7fedab9d1a54429fd8c8
[2m2025-12-10T12:08:01.970503Z[0m [34mDEBUG[0m [2methereum_transaction_pool_monitor::mempool_monitor[0m[2m:[0m 🔍 Fetching transaction details for: 0xef540c88dab2514cc4f8d16db5ce19b2d969668614fb7fedab9d1a54429fd8c8
[2m2025-12-10T12:08:01.970511Z[0m [34mDEBUG[0m [2methereum_transaction_pool_monitor::eth_client[0m[2m:[0m 🔍 Fetching transaction details for hash: 0xef540c88dab2514cc4f8d16db5ce19b2d969668614fb7fedab9d1a54429fd8c8
[2m2025-12-10T12:08:01.970544Z[0m [34mDEBUG[0m [2mhyper::client::pool[0m[2m:[0m reuse idle connection for ("http", 192.168.0.14:8545)
[2m2025-12-10T12:08:01.970584Z[0m [34mDEBUG[0m [2mhyper::proto::h1::io[0m[2m:[0m flushed 250 bytes
[2m2025-12-10T12:08:01.973175Z[0m [34mDEBUG[0m [2mhyper::proto::h1::io[0m[2m:[0m parsed 4 headers
[2m2025-12-10T12:08:01.973190Z[0m [34mDEBUG[0m [2mhyper::proto::h1::conn[0m[2m:[0m incoming body is content-length (45 bytes)
[2m2025-12-10T12:08:01.973199Z[0m [34mDEBUG[0m [2mhyper::proto::h1::conn[0m[2m:[0m incoming body completed
[2m2025-12-10T12:08:01.973213Z[0m [34mDEBUG[0m [2mhyper::client::pool[0m[2m:[0m pooling idle connection for ("http", 192.168.0.14:8545)
[2m2025-12-10T12:08:01.973252Z[0m [34mDEBUG[0m [2mhyper::client::pool[0m[2m:[0m reuse idle connection for ("http", 192.168.0.14:8545)
[2m2025-12-10T12:08:01.973285Z[0m [34mDEBUG[0m [2mhyper::proto::h1::io[0m[2m:[0m flushed 172 bytes
[2m2025-12-10T12:08:01.977724Z[0m [34mDEBUG[0m [2mhyper::proto::h1::io[0m[2m:[0m parsed 4 headers
[2m2025-12-10T12:08:01.977734Z[0m [34mDEBUG[0m [2mhyper::proto::h1::conn[0m[2m:[0m incoming body is content-length (45 bytes)
[2m2025-12-10T12:08:01.977743Z[0m [34mDEBUG[0m [2mhyper::proto::h1::conn[0m[2m:[0m incoming body completed
[2m2025-12-10T12:08:01.977755Z[0m [34mDEBUG[0m [2mhyper::client::pool[0m[2m:[0m pooling idle connection for ("http", 192.168.0.14:8545)
[2m2025-12-10T12:08:01.977785Z[0m [34mDEBUG[0m [2mhyper::client::pool[0m[2m:[0m reuse idle connection for ("http", 192.168.0.14:8545)
[2m2025-12-10T12:08:01.977818Z[0m [34mDEBUG[0m [2mhyper::proto::h1::io[0m[2m:[0m flushed 172 bytes
[2m2025-12-10T12:08:01.978467Z[0m [34mDEBUG[0m [2mhyper::proto::h1::io[0m[2m:[0m parsed 4 headers
[2m2025-12-10T12:08:01.978474Z[0m [34mDEBUG[0m [2mhyper::proto::h1::conn[0m[2m:[0m incoming body is content-length (762 bytes)
[2m2025-12-10T12:08:01.978482Z[0m [34mDEBUG[0m [2mhyper::proto::h1::conn[0m[2m:[0m incoming body completed
[2m2025-12-10T12:08:01.978494Z[0m [34mDEBUG[0m [2mhyper::client::pool[0m[2m:[0m pooling idle connection for ("http", 192.168.0.14:8545)
[2m2025-12-10T12:08:01.978503Z[0m [34mDEBUG[0m [2methereum_transaction_pool_monitor::eth_client[0m[2m:[0m 📡 Transaction fetch RPC completed in 7.983875ms
[2m2025-12-10T12:08:01.978532Z[0m [34mDEBUG[0m [2methereum_transaction_pool_monitor::eth_client[0m[2m:[0m DeFi transaction detected - Address: 0xdac17f958d2ee523a2206206994597c13d831ec7, Type: Stablecoin, Value: 0 ETH, Gas: 0.20 Gwei
[2m2025-12-10T12:08:01.978565Z[0m [34mDEBUG[0m [2methereum_transaction_pool_monitor::eth_client[0m[2m:[0m ✅ Transaction 0xef540c88dab2514cc4f8d16db5ce19b2d969668614fb7fedab9d1a54429fd8c8 fetched and parsed in 8.04625ms
[2m2025-12-10T12:08:01.978578Z[0m [34mDEBUG[0m [2methereum_transaction_pool_monitor::mempool_monitor[0m[2m:[0m 🔍 Skipping tx 0xef540c88dab2514cc4f8d16db5ce19b2d969668614fb7fedab9d1a54429fd8c8 - not a DEX interaction (target: 0xdAC17F958D2ee523a2206206994597C13D831ec7)
[2m2025-12-10T12:08:01.978616Z[0m [34mDEBUG[0m [2methereum_transaction_pool_monitor::mempool_monitor[0m[2m:[0m 📨 Processing new pending transaction: 0x7af95640288872cddf54edd190686db0deda4ebd4f4648f6c9e0359c9f1d2819
[2m2025-12-10T12:08:01.978624Z[0m [34mDEBUG[0m [2methereum_transaction_pool_monitor::mempool_monitor[0m[2m:[0m 🔍 Fetching transaction details for: 0x7af95640288872cddf54edd190686db0deda4ebd4f4648f6c9e0359c9f1d2819
[2m2025-12-10T12:08:01.978631Z[0m [34mDEBUG[0m [2methereum_transaction_pool_monitor::eth_client[0m[2m:[0m 🔍 Fetching transaction details for hash: 0x7af95640288872cddf54edd190686db0deda4ebd4f4648f6c9e0359c9f1d2819
[2m2025-12-10T12:08:01.978656Z[0m [34mDEBUG[0m [2mhyper::client::pool[0m[2m:[0m reuse idle connection for ("http", 192.168.0.14:8545)
[2m2025-12-10T12:08:01.978678Z[0m [34mDEBUG[0m [2mhyper::proto::h1::io[0m[2m:[0m flushed 250 bytes
[2m2025-12-10T12:08:01.984775Z[0m [34mDEBUG[0m [2mhyper::proto::h1::io[0m[2m:[0m parsed 4 headers
[2m2025-12-10T12:08:01.984783Z[0m [34mDEBUG[0m [2mhyper::proto::h1::conn[0m[2m:[0m incoming body is content-length (45 bytes)
[2m2025-12-10T12:08:01.984792Z[0m [34mDEBUG[0m [2mhyper::proto::h1::conn[0m[2m:[0m incoming body completed
[2m2025-12-10T12:08:01.984804Z[0m [34mDEBUG[0m [2mhyper::client::pool[0m[2m:[0m pooling idle connection for ("http", 192.168.0.14:8545)
[2m2025-12-10T12:08:01.984838Z[0m [34mDEBUG[0m [2mhyper::client::pool[0m[2m:[0m reuse idle connection for ("http", 192.168.0.14:8545)
[2m2025-12-10T12:08:01.984867Z[0m [34mDEBUG[0m [2mhyper::proto::h1::io[0m[2m:[0m flushed 172 bytes
[2m2025-12-10T12:08:01.987186Z[0m [34mDEBUG[0m [2mhyper::proto::h1::io[0m[2m:[0m parsed 4 headers
[2m2025-12-10T12:08:01.987195Z[0m [34mDEBUG[0m [2mhyper::proto::h1::conn[0m[2m:[0m incoming body is content-length (778 bytes)
[2m2025-12-10T12:08:01.987207Z[0m [34mDEBUG[0m [2mhyper::proto::h1::conn[0m[2m:[0m incoming body completed
[2m2025-12-10T12:08:01.987225Z[0m [34mDEBUG[0m [2mhyper::client::pool[0m[2m:[0m pooling idle connection for ("http", 192.168.0.14:8545)
[2m2025-12-10T12:08:01.987237Z[0m [34mDEBUG[0m [2methereum_transaction_pool_monitor::eth_client[0m[2m:[0m 📡 Transaction fetch RPC completed in 8.598042ms
[2m2025-12-10T12:08:01.987272Z[0m [34mDEBUG[0m [2methereum_transaction_pool_monitor::eth_client[0m[2m:[0m DeFi transaction detected - Address: 0xdac17f958d2ee523a2206206994597c13d831ec7, Type: Stablecoin, Value: 0 ETH, Gas: 200.00 Gwei
[2m2025-12-10T12:08:01.987309Z[0m [34mDEBUG[0m [2methereum_transaction_pool_monitor::eth_client[0m[2m:[0m ✅ Transaction 0x7af95640288872cddf54edd190686db0deda4ebd4f4648f6c9e0359c9f1d2819 fetched and parsed in 8.6695ms
[2m2025-12-10T12:08:01.987327Z[0m [34mDEBUG[0m [2methereum_transaction_pool_monitor::mempool_monitor[0m[2m:[0m 🔍 Skipping tx 0x7af95640288872cddf54edd190686db0deda4ebd4f4648f6c9e0359c9f1d2819 - not a DEX interaction (target: 0xdAC17F958D2ee523a2206206994597C13D831ec7)
[2m2025-12-10T12:08:01.987371Z[0m [34mDEBUG[0m [2methereum_transaction_pool_monitor::mempool_monitor[0m[2m:[0m 📨 Processing new pending transaction: 0x6260883d0f387a805c044a877c88ed64706a29dff939f5309312ceb2a0482901
[2m2025-12-10T12:08:01.987381Z[0m [34mDEBUG[0m [2methereum_transaction_pool_monitor::mempool_monitor[0m[2m:[0m 🔍 Fetching transaction details for: 0x6260883d0f387a805c044a877c88ed64706a29dff939f5309312ceb2a0482901
[2m2025-12-10T12:08:01.987389Z[0m [34mDEBUG[0m [2methereum_transaction_pool_monitor::eth_client[0m[2m:[0m 🔍 Fetching transaction details for hash: 0x6260883d0f387a805c044a877c88ed64706a29dff939f5309312ceb2a0482901
[2m2025-12-10T12:08:01.987421Z[0m [34mDEBUG[0m [2mhyper::client::pool[0m[2m:[0m reuse idle connection for ("http", 192.168.0.14:8545)
[2m2025-12-10T12:08:01.987456Z[0m [34mDEBUG[0m [2mhyper::proto::h1::io[0m[2m:[0m flushed 250 bytes
[2m2025-12-10T12:08:01.991152Z[0m [34mDEBUG[0m [2mhyper::proto::h1::io[0m[2m:[0m parsed 4 headers
[2m2025-12-10T12:08:01.991169Z[0m [34mDEBUG[0m [2mhyper::proto::h1::conn[0m[2m:[0m incoming body is content-length (45 bytes)
[2m2025-12-10T12:08:01.991179Z[0m [34mDEBUG[0m [2mhyper::proto::h1::conn[0m[2m:[0m incoming body completed
[2m2025-12-10T12:08:01.991196Z[0m [34mDEBUG[0m [2mhyper::client::pool[0m[2m:[0m pooling idle connection for ("http", 192.168.0.14:8545)
[2m2025-12-10T12:08:01.991235Z[0m [34mDEBUG[0m [2mhyper::client::pool[0m[2m:[0m reuse idle connection for ("http", 192.168.0.14:8545)
[2m2025-12-10T12:08:01.991271Z[0m [34mDEBUG[0m [2mhyper::proto::h1::io[0m[2m:[0m flushed 172 bytes
[2m2025-12-10T12:08:01.994068Z[0m [34mDEBUG[0m [2mhyper::proto::h1::io[0m[2m:[0m parsed 4 headers
[2m2025-12-10T12:08:01.994080Z[0m [34mDEBUG[0m [2mhyper::proto::h1::conn[0m[2m:[0m incoming body is content-length (776 bytes)
[2m2025-12-10T12:08:01.994091Z[0m [34mDEBUG[0m [2mhyper::proto::h1::conn[0m[2m:[0m incoming body completed
[2m2025-12-10T12:08:01.994116Z[0m [34mDEBUG[0m [2mhyper::client::pool[0m[2m:[0m pooling idle connection for ("http", 192.168.0.14:8545)
[2m2025-12-10T12:08:01.994126Z[0m [34mDEBUG[0m [2methereum_transaction_pool_monitor::eth_client[0m[2m:[0m 📡 Transaction fetch RPC completed in 6.728333ms
[2m2025-12-10T12:08:01.994158Z[0m [34mDEBUG[0m [2methereum_transaction_pool_monitor::eth_client[0m[2m:[0m DeFi transaction detected - Address: 0xdac17f958d2ee523a2206206994597c13d831ec7, Type: Stablecoin, Value: 0 ETH, Gas: 200.00 Gwei
[2m2025-12-10T12:08:01.994192Z[0m [34mDEBUG[0m [2methereum_transaction_pool_monitor::eth_client[0m[2m:[0m ✅ Transaction 0x6260883d0f387a805c044a877c88ed64706a29dff939f5309312ceb2a0482901 fetched and parsed in 6.79375ms
[2m2025-12-10T12:08:01.994206Z[0m [34mDEBUG[0m [2methereum_transaction_pool_monitor::mempool_monitor[0m[2m:[0m 🔍 Skipping tx 0x6260883d0f387a805c044a877c88ed64706a29dff939f5309312ceb2a0482901 - not a DEX interaction (target: 0xdAC17F958D2ee523a2206206994597C13D831ec7)
[2m2025-12-10T12:08:01.994249Z[0m [34mDEBUG[0m [2methereum_transaction_pool_monitor::mempool_monitor[0m[2m:[0m 📨 Processing new pending transaction: 0xcc8e26db377b1291d686cd082035b4220a584c38f7af091516cc3475e272ab1c
[2m2025-12-10T12:08:01.994258Z[0m [34mDEBUG[0m [2methereum_transaction_pool_monitor::mempool_monitor[0m[2m:[0m 🔍 Fetching transaction details for: 0xcc8e26db377b1291d686cd082035b4220a584c38f7af091516cc3475e272ab1c
[2m2025-12-10T12:08:01.994266Z[0m [34mDEBUG[0m [2methereum_transaction_pool_monitor::eth_client[0m[2m:[0m 🔍 Fetching transaction details for hash: 0xcc8e26db377b1291d686cd082035b4220a584c38f7af091516cc3475e272ab1c
[2m2025-12-10T12:08:01.994296Z[0m [34mDEBUG[0m [2mhyper::client::pool[0m[2m:[0m reuse idle connection for ("http", 192.168.0.14:8545)
[2m2025-12-10T12:08:01.994323Z[0m [34mDEBUG[0m [2mhyper::proto::h1::io[0m[2m:[0m flushed 250 bytes
[2m2025-12-10T12:08:01.995486Z[0m [34mDEBUG[0m [2mhyper::proto::h1::io[0m[2m:[0m parsed 4 headers
[2m2025-12-10T12:08:01.995503Z[0m [34mDEBUG[0m [2mhyper::proto::h1::conn[0m[2m:[0m incoming body is content-length (45 bytes)
[2m2025-12-10T12:08:01.995512Z[0m [34mDEBUG[0m [2mhyper::proto::h1::conn[0m[2m:[0m incoming body completed
[2m2025-12-10T12:08:01.995537Z[0m [34mDEBUG[0m [2mhyper::client::pool[0m[2m:[0m pooling idle connection for ("http", 192.168.0.14:8545)
[2m2025-12-10T12:08:01.998971Z[0m [34mDEBUG[0m [2mhyper::proto::h1::io[0m[2m:[0m parsed 4 headers
[2m2025-12-10T12:08:01.998981Z[0m [34mDEBUG[0m [2mhyper::proto::h1::conn[0m[2m:[0m incoming body is content-length (776 bytes)
[2m2025-12-10T12:08:01.998990Z[0m [34mDEBUG[0m [2mhyper::proto::h1::conn[0m[2m:[0m incoming body completed
[2m2025-12-10T12:08:01.999002Z[0m [34mDEBUG[0m [2mhyper::client::pool[0m[2m:[0m pooling idle connection for ("http", 192.168.0.14:8545)
[2m2025-12-10T12:08:01.999012Z[0m [34mDEBUG[0m [2methereum_transaction_pool_monitor::eth_client[0m[2m:[0m 📡 Transaction fetch RPC completed in 4.737667ms
[2m2025-12-10T12:08:01.999042Z[0m [34mDEBUG[0m [2methereum_transaction_pool_monitor::eth_client[0m[2m:[0m DeFi transaction detected - Address: 0xdac17f958d2ee523a2206206994597c13d831ec7, Type: Stablecoin, Value: 0 ETH, Gas: 200.00 Gwei
[2m2025-12-10T12:08:01.999072Z[0m [34mDEBUG[0m [2methereum_transaction_pool_monitor::eth_client[0m[2m:[0m ✅ Transaction 0xcc8e26db377b1291d686cd082035b4220a584c38f7af091516cc3475e272ab1c fetched and parsed in 4.797625ms
[2m2025-12-10T12:08:01.999086Z[0m [34mDEBUG[0m [2methereum_transaction_pool_monitor::mempool_monitor[0m[2m:[0m 🔍 Skipping tx 0xcc8e26db377b1291d686cd082035b4220a584c38f7af091516cc3475e272ab1c - not a DEX interaction (target: 0xdAC17F958D2ee523a2206206994597C13D831ec7)
[2m2025-12-10T12:08:01.999135Z[0m [34mDEBUG[0m [2methereum_transaction_pool_monitor::mempool_monitor[0m[2m:[0m 📨 Processing new pending transaction: 0x73244b3795f726258f471fc1bd7286f3b0d711627a0dc6c33e3378b11ac4e2e5
[2m2025-12-10T12:08:01.999144Z[0m [34mDEBUG[0m [2methereum_transaction_pool_monitor::mempool_monitor[0m[2m:[0m 🔍 Fetching transaction details for: 0x73244b3795f726258f471fc1bd7286f3b0d711627a0dc6c33e3378b11ac4e2e5
[2m2025-12-10T12:08:01.999152Z[0m [34mDEBUG[0m [2methereum_transaction_pool_monitor::eth_client[0m[2m:[0m 🔍 Fetching transaction details for hash: 0x73244b3795f726258f471fc1bd7286f3b0d711627a0dc6c33e3378b11ac4e2e5
[2m2025-12-10T12:08:01.999180Z[0m [34mDEBUG[0m [2mhyper::client::pool[0m[2m:[0m reuse idle connection for ("http", 192.168.0.14:8545)
[2m2025-12-10T12:08:01.999206Z[0m [34mDEBUG[0m [2mhyper::proto::h1::io[0m[2m:[0m flushed 250 bytes
[2m2025-12-10T12:08:02.007072Z[0m [34mDEBUG[0m [2mhyper::proto::h1::io[0m[2m:[0m parsed 4 headers
[2m2025-12-10T12:08:02.007081Z[0m [34mDEBUG[0m [2mhyper::proto::h1::conn[0m[2m:[0m incoming body is content-length (775 bytes)
[2m2025-12-10T12:08:02.007091Z[0m [34mDEBUG[0m [2mhyper::proto::h1::conn[0m[2m:[0m incoming body completed
[2m2025-12-10T12:08:02.007106Z[0m [34mDEBUG[0m [2mhyper::client::pool[0m[2m:[0m pooling idle connection for ("http", 192.168.0.14:8545)
[2m2025-12-10T12:08:02.007117Z[0m [34mDEBUG[0m [2methereum_transaction_pool_monitor::eth_client[0m[2m:[0m 📡 Transaction fetch RPC completed in 7.956375ms
[2m2025-12-10T12:08:02.187113Z[0m [34mDEBUG[0m [2methereum_transaction_pool_monitor::eth_client[0m[2m:[0m ✅ Transaction 0x73244b3795f726258f471fc1bd7286f3b0d711627a0dc6c33e3378b11ac4e2e5 fetched and parsed in 187.950083ms
[2m2025-12-10T12:08:02.187159Z[0m [34mDEBUG[0m [2methereum_transaction_pool_monitor::mempool_monitor[0m[2m:[0m 🔍 Skipping tx 0x73244b3795f726258f471fc1bd7286f3b0d711627a0dc6c33e3378b11ac4e2e5 - not a DEX interaction (target: 0x3432B6A60D23Ca0dFCa7761B7ab56459D9C964D0)
[2m2025-12-10T12:08:02.187221Z[0m [34mDEBUG[0m [2methereum_transaction_pool_monitor::mempool_monitor[0m[2m:[0m 📨 Processing new pending transaction: 0x5ff7b65e621587e24df0e6cc68b6b5eee4c54dac614747ac7af641a2c3bae352
[2m2025-12-10T12:08:02.187234Z[0m [34mDEBUG[0m [2methereum_transaction_pool_monitor::mempool_monitor[0m[2m:[0m 🔍 Fetching transaction details for: 0x5ff7b65e621587e24df0e6cc68b6b5eee4c54dac614747ac7af641a2c3bae352
[2m2025-12-10T12:08:02.187247Z[0m [34mDEBUG[0m [2methereum_transaction_pool_monitor::eth_client[0m[2m:[0m 🔍 Fetching transaction details for hash: 0x5ff7b65e621587e24df0e6cc68b6b5eee4c54dac614747ac7af641a2c3bae352
[2m2025-12-10T12:08:02.187321Z[0m [34mDEBUG[0m [2mhyper::client::pool[0m[2m:[0m reuse idle connection for ("http", 192.168.0.14:8545)
[2m2025-12-10T12:08:02.187405Z[0m [34mDEBUG[0m [2mhyper::proto::h1::io[0m[2m:[0m flushed 250 bytes
[2m2025-12-10T12:08:02.187462Z[0m [34mDEBUG[0m [2mhyper::client::pool[0m[2m:[0m reuse idle connection for ("http", 192.168.0.14:8545)
[2m2025-12-10T12:08:02.187468Z[0m [34mDEBUG[0m [2methereum_transaction_pool_monitor::eth_client[0m[2m:[0m 📨 Received WebSocket message: {"jsonrpc":"2.0","method":"eth_subscription","params":{"subscription":"0x47c11399886b6549da0ab4d02eced7c9","result":"0xa48c2a84aa06e811414d8da4dd08a357fb7ddb89b1d5089c3ce5c27d34fb95be"}}
[2m2025-12-10T12:08:02.187492Z[0m [34mDEBUG[0m [2mhyper::proto::h1::io[0m[2m:[0m flushed 172 bytes
[2m2025-12-10T12:08:02.187492Z[0m [34mDEBUG[0m [2methereum_transaction_pool_monitor::eth_client[0m[2m:[0m 📨 Received pending transaction: 0xa48c2a84aa06e811414d8da4dd08a357fb7ddb89b1d5089c3ce5c27d34fb95be
[2m2025-12-10T12:08:02.187512Z[0m [34mDEBUG[0m [2methereum_transaction_pool_monitor::eth_client[0m[2m:[0m 📨 Received WebSocket message: {"jsonrpc":"2.0","method":"eth_subscription","params":{"subscription":"0x47c11399886b6549da0ab4d02eced7c9","result":"0xdd6843655441b8e44f38dfef60a295a6d28149a348c90ec438a2684d1c371b41"}}
[2m2025-12-10T12:08:02.187529Z[0m [34mDEBUG[0m [2methereum_transaction_pool_monitor::eth_client[0m[2m:[0m 📨 Received pending transaction: 0xdd6843655441b8e44f38dfef60a295a6d28149a348c90ec438a2684d1c371b41
[2m2025-12-10T12:08:02.187540Z[0m [34mDEBUG[0m [2methereum_transaction_pool_monitor::eth_client[0m[2m:[0m 📨 Received WebSocket message: {"jsonrpc":"2.0","method":"eth_subscription","params":{"subscription":"0x47c11399886b6549da0ab4d02eced7c9","result":"0x42516ce47061ca11beebb17f792d1204d942fa5bb8a566cf5ebe55710946c455"}}
[2m2025-12-10T12:08:02.187557Z[0m [34mDEBUG[0m [2methereum_transaction_pool_monitor::eth_client[0m[2m:[0m 📨 Received pending transaction: 0x42516ce47061ca11beebb17f792d1204d942fa5bb8a566cf5ebe55710946c455
[2m2025-12-10T12:08:02.193917Z[0m [34mDEBUG[0m [2mhyper::proto::h1::io[0m[2m:[0m parsed 4 headers
[2m2025-12-10T12:08:02.193930Z[0m [34mDEBUG[0m [2mhyper::proto::h1::conn[0m[2m:[0m incoming body is content-length (776 bytes)
[2m2025-12-10T12:08:02.193949Z[0m [34mDEBUG[0m [2mhyper::proto::h1::conn[0m[2m:[0m incoming body completed
[2m2025-12-10T12:08:02.193979Z[0m [34mDEBUG[0m [2mhyper::client::pool[0m[2m:[0m pooling idle connection for ("http", 192.168.0.14:8545)
[2m2025-12-10T12:08:02.193995Z[0m [34mDEBUG[0m [2methereum_transaction_pool_monitor::eth_client[0m[2m:[0m 📡 Transaction fetch RPC completed in 6.734958ms
[2m2025-12-10T12:08:02.194042Z[0m [34mDEBUG[0m [2methereum_transaction_pool_monitor::eth_client[0m[2m:[0m DeFi transaction detected - Address: 0xdac17f958d2ee523a2206206994597c13d831ec7, Type: Stablecoin, Value: 0 ETH, Gas: 200.00 Gwei
[2m2025-12-10T12:08:02.194084Z[0m [34mDEBUG[0m [2methereum_transaction_pool_monitor::eth_client[0m[2m:[0m ✅ Transaction 0x5ff7b65e621587e24df0e6cc68b6b5eee4c54dac614747ac7af641a2c3bae352 fetched and parsed in 6.823375ms
[2m2025-12-10T12:08:02.194098Z[0m [34mDEBUG[0m [2methereum_transaction_pool_monitor::mempool_monitor[0m[2m:[0m 🔍 Skipping tx 0x5ff7b65e621587e24df0e6cc68b6b5eee4c54dac614747ac7af641a2c3bae352 - not a DEX interaction (target: 0xdAC17F958D2ee523a2206206994597C13D831ec7)
[2m2025-12-10T12:08:02.194140Z[0m [34mDEBUG[0m [2methereum_transaction_pool_monitor::mempool_monitor[0m[2m:[0m 📨 Processing new pending transaction: 0x1821d135f35a723c4092bfc6047124b384e8d62adb477d47001fb157b2c6cb6b
[2m2025-12-10T12:08:02.194149Z[0m [34mDEBUG[0m [2methereum_transaction_pool_monitor::mempool_monitor[0m[2m:[0m 🔍 Fetching transaction details for: 0x1821d135f35a723c4092bfc6047124b384e8d62adb477d47001fb157b2c6cb6b
[2m2025-12-10T12:08:02.194156Z[0m [34mDEBUG[0m [2methereum_transaction_pool_monitor::eth_client[0m[2m:[0m 🔍 Fetching transaction details for hash: 0x1821d135f35a723c4092bfc6047124b384e8d62adb477d47001fb157b2c6cb6b
[2m2025-12-10T12:08:02.194188Z[0m [34mDEBUG[0m [2mhyper::client::pool[0m[2m:[0m reuse idle connection for ("http", 192.168.0.14:8545)
[2m2025-12-10T12:08:02.194217Z[0m [34mDEBUG[0m [2mhyper::proto::h1::io[0m[2m:[0m flushed 250 bytes
[2m2025-12-10T12:08:02.198995Z[0m [34mDEBUG[0m [2mhyper::proto::h1::io[0m[2m:[0m parsed 4 headers
[2m2025-12-10T12:08:02.199003Z[0m [34mDEBUG[0m [2mhyper::proto::h1::conn[0m[2m:[0m incoming body is content-length (45 bytes)
[2m2025-12-10T12:08:02.199014Z[0m [34mDEBUG[0m [2mhyper::proto::h1::conn[0m[2m:[0m incoming body completed
[2m2025-12-10T12:08:02.199031Z[0m [34mDEBUG[0m [2mhyper::client::pool[0m[2m:[0m pooling idle connection for ("http", 192.168.0.14:8545)
[2m2025-12-10T12:08:02.199076Z[0m [34mDEBUG[0m [2mhyper::client::pool[0m[2m:[0m reuse idle connection for ("http", 192.168.0.14:8545)
[2m2025-12-10T12:08:02.199108Z[0m [34mDEBUG[0m [2mhyper::proto::h1::io[0m[2m:[0m flushed 172 bytes
[2m2025-12-10T12:08:02.202581Z[0m [34mDEBUG[0m [2mhyper::proto::h1::io[0m[2m:[0m parsed 4 headers
[2m2025-12-10T12:08:02.202601Z[0m [34mDEBUG[0m [2mhyper::proto::h1::conn[0m[2m:[0m incoming body is content-length (38 bytes)
[2m2025-12-10T12:08:02.202610Z[0m [34mDEBUG[0m [2mhyper::proto::h1::conn[0m[2m:[0m incoming body completed
[2m2025-12-10T12:08:02.202632Z[0m [34mDEBUG[0m [2mhyper::client::pool[0m[2m:[0m pooling idle connection for ("http", 192.168.0.14:8545)
[2m2025-12-10T12:08:02.202641Z[0m [34mDEBUG[0m [2methereum_transaction_pool_monitor::eth_client[0m[2m:[0m 📡 Transaction fetch RPC completed in 8.477ms
[2m2025-12-10T12:08:02.202654Z[0m [34mDEBUG[0m [2methereum_transaction_pool_monitor::eth_client[0m[2m:[0m ✅ Transaction 0x1821d135f35a723c4092bfc6047124b384e8d62adb477d47001fb157b2c6cb6b fetched and parsed in 8.4905ms
[2m2025-12-10T12:08:02.202671Z[0m [34mDEBUG[0m [2methereum_transaction_pool_monitor::mempool_monitor[0m[2m:[0m 🔍 Skipping tx 0x1821d135f35a723c4092bfc6047124b384e8d62adb477d47001fb157b2c6cb6b - contract creation
[2m2025-12-10T12:08:02.202683Z[0m [34mDEBUG[0m [2methereum_transaction_pool_monitor::mempool_monitor[0m[2m:[0m 📨 Processing new pending transaction: 0x57e1c79e53dc3a0d90bd11aee085d63aa374e6ea5370e5fbaa59abd44fa82015
[2m2025-12-10T12:08:02.202691Z[0m [34mDEBUG[0m [2methereum_transaction_pool_monitor::mempool_monitor[0m[2m:[0m 🔍 Fetching transaction details for: 0x57e1c79e53dc3a0d90bd11aee085d63aa374e6ea5370e5fbaa59abd44fa82015
[2m2025-12-10T12:08:02.202698Z[0m [34mDEBUG[0m [2methereum_transaction_pool_monitor::eth_client[0m[2m:[0m 🔍 Fetching transaction details for hash: 0x57e1c79e53dc3a0d90bd11aee085d63aa374e6ea5370e5fbaa59abd44fa82015
[2m2025-12-10T12:08:02.202722Z[0m [34mDEBUG[0m [2mhyper::client::pool[0m[2m:[0m reuse idle connection for ("http", 192.168.0.14:8545)
[2m2025-12-10T12:08:02.202744Z[0m [34mDEBUG[0m [2mhyper::proto::h1::io[0m[2m:[0m flushed 250 bytes
[2m2025-12-10T12:08:02.203850Z[0m [34mDEBUG[0m [2mhyper::proto::h1::io[0m[2m:[0m parsed 4 headers
[2m2025-12-10T12:08:02.203874Z[0m [34mDEBUG[0m [2mhyper::proto::h1::conn[0m[2m:[0m incoming body is content-length (45 bytes)
[2m2025-12-10T12:08:02.203882Z[0m [34mDEBUG[0m [2mhyper::proto::h1::conn[0m[2m:[0m incoming body completed
[2m2025-12-10T12:08:02.203900Z[0m [34mDEBUG[0m [2mhyper::client::pool[0m[2m:[0m pooling idle connection for ("http", 192.168.0.14:8545)
[2m2025-12-10T12:08:02.209578Z[0m [34mDEBUG[0m [2mhyper::proto::h1::io[0m[2m:[0m parsed 4 headers
[2m2025-12-10T12:08:02.209606Z[0m [34mDEBUG[0m [2mhyper::proto::h1::conn[0m[2m:[0m incoming body is content-length (774 bytes)
[2m2025-12-10T12:08:02.209614Z[0m [34mDEBUG[0m [2mhyper::proto::h1::conn[0m[2m:[0m incoming body completed
[2m2025-12-10T12:08:02.209628Z[0m [34mDEBUG[0m [2mhyper::client::pool[0m[2m:[0m pooling idle connection for ("http", 192.168.0.14:8545)
[2m2025-12-10T12:08:02.209637Z[0m [34mDEBUG[0m [2methereum_transaction_pool_monitor::eth_client[0m[2m:[0m 📡 Transaction fetch RPC completed in 6.931417ms
[2m2025-12-10T12:08:02.209668Z[0m [34mDEBUG[0m [2methereum_transaction_pool_monitor::eth_client[0m[2m:[0m DeFi transaction detected - Address: 0xdac17f958d2ee523a2206206994597c13d831ec7, Type: Stablecoin, Value: 0 ETH, Gas: 200.00 Gwei
[2m2025-12-10T12:08:02.209712Z[0m [34mDEBUG[0m [2methereum_transaction_pool_monitor::eth_client[0m[2m:[0m ✅ Transaction 0x57e1c79e53dc3a0d90bd11aee085d63aa374e6ea5370e5fbaa59abd44fa82015 fetched and parsed in 7.005542ms
[2m2025-12-10T12:08:02.209727Z[0m [34mDEBUG[0m [2methereum_transaction_pool_monitor::mempool_monitor[0m[2m:[0m 🔍 Skipping tx 0x57e1c79e53dc3a0d90bd11aee085d63aa374e6ea5370e5fbaa59abd44fa82015 - not a DEX interaction (target: 0xdAC17F958D2ee523a2206206994597C13D831ec7)
[2m2025-12-10T12:08:02.209769Z[0m [34mDEBUG[0m [2methereum_transaction_pool_monitor::mempool_monitor[0m[2m:[0m 📨 Processing new pending transaction: 0x374680b4b1137405421dfc629c01a5586060ddb6cf2b8c5baebec51b0c40241f
[2m2025-12-10T12:08:02.209778Z[0m [34mDEBUG[0m [2methereum_transaction_pool_monitor::mempool_monitor[0m[2m:[0m 🔍 Fetching transaction details for: 0x374680b4b1137405421dfc629c01a5586060ddb6cf2b8c5baebec51b0c40241f
[2m2025-12-10T12:08:02.209786Z[0m [34mDEBUG[0m [2methereum_transaction_pool_monitor::eth_client[0m[2m:[0m 🔍 Fetching transaction details for hash: 0x374680b4b1137405421dfc629c01a5586060ddb6cf2b8c5baebec51b0c40241f
[2m2025-12-10T12:08:02.209810Z[0m [34mDEBUG[0m [2mhyper::client::pool[0m[2m:[0m reuse idle connection for ("http", 192.168.0.14:8545)
[2m2025-12-10T12:08:02.209837Z[0m [34mDEBUG[0m [2mhyper::proto::h1::io[0m[2m:[0m flushed 250 bytes
[2m2025-12-10T12:08:02.217393Z[0m [34mDEBUG[0m [2mhyper::proto::h1::io[0m[2m:[0m parsed 4 headers
[2m2025-12-10T12:08:02.217402Z[0m [34mDEBUG[0m [2mhyper::proto::h1::conn[0m[2m:[0m incoming body is content-length (38 bytes)
[2m2025-12-10T12:08:02.217412Z[0m [34mDEBUG[0m [2mhyper::proto::h1::conn[0m[2m:[0m incoming body completed
[2m2025-12-10T12:08:02.217426Z[0m [34mDEBUG[0m [2mhyper::client::pool[0m[2m:[0m pooling idle connection for ("http", 192.168.0.14:8545)
[2m2025-12-10T12:08:02.217436Z[0m [34mDEBUG[0m [2methereum_transaction_pool_monitor::eth_client[0m[2m:[0m 📡 Transaction fetch RPC completed in 7.642ms
[2m2025-12-10T12:08:02.217450Z[0m [34mDEBUG[0m [2methereum_transaction_pool_monitor::eth_client[0m[2m:[0m ✅ Transaction 0x374680b4b1137405421dfc629c01a5586060ddb6cf2b8c5baebec51b0c40241f fetched and parsed in 7.656167ms
[2m2025-12-10T12:08:02.217461Z[0m [34mDEBUG[0m [2methereum_transaction_pool_monitor::mempool_monitor[0m[2m:[0m 🔍 Skipping tx 0x374680b4b1137405421dfc629c01a5586060ddb6cf2b8c5baebec51b0c40241f - contract creation
[2m2025-12-10T12:08:02.217472Z[0m [34mDEBUG[0m [2methereum_transaction_pool_monitor::mempool_monitor[0m[2m:[0m 📨 Processing new pending transaction: 0xd7ed0fc094932cfb4b9c798987d301af3d4edbf373db1eaf8d43f9210dd12070
[2m2025-12-10T12:08:02.217481Z[0m [34mDEBUG[0m [2methereum_transaction_pool_monitor::mempool_monitor[0m[2m:[0m 🔍 Fetching transaction details for: 0xd7ed0fc094932cfb4b9c798987d301af3d4edbf373db1eaf8d43f9210dd12070
[2m2025-12-10T12:08:02.217490Z[0m [34mDEBUG[0m [2methereum_transaction_pool_monitor::eth_client[0m[2m:[0m 🔍 Fetching transaction details for hash: 0xd7ed0fc094932cfb4b9c798987d301af3d4edbf373db1eaf8d43f9210dd12070
[2m2025-12-10T12:08:02.217519Z[0m [34mDEBUG[0m [2mhyper::client::pool[0m[2m:[0m reuse idle connection for ("http", 192.168.0.14:8545)
[2m2025-12-10T12:08:02.217549Z[0m [34mDEBUG[0m [2mhyper::proto::h1::io[0m[2m:[0m flushed 250 bytes
[2m2025-12-10T12:08:02.223895Z[0m [34mDEBUG[0m [2mhyper::proto::h1::io[0m[2m:[0m parsed 4 headers
[2m2025-12-10T12:08:02.223903Z[0m [34mDEBUG[0m [2mhyper::proto::h1::conn[0m[2m:[0m incoming body is content-length (775 bytes)
[2m2025-12-10T12:08:02.223912Z[0m [34mDEBUG[0m [2mhyper::proto::h1::conn[0m[2m:[0m incoming body completed
[2m2025-12-10T12:08:02.223926Z[0m [34mDEBUG[0m [2mhyper::client::pool[0m[2m:[0m pooling idle connection for ("http", 192.168.0.14:8545)
[2m2025-12-10T12:08:02.223936Z[0m [34mDEBUG[0m [2methereum_transaction_pool_monitor::eth_client[0m[2m:[0m 📡 Transaction fetch RPC completed in 6.437167ms
[2m2025-12-10T12:08:02.223967Z[0m [34mDEBUG[0m [2methereum_transaction_pool_monitor::eth_client[0m[2m:[0m DeFi transaction detected - Address: 0xdac17f958d2ee523a2206206994597c13d831ec7, Type: Stablecoin, Value: 0 ETH, Gas: 200.00 Gwei
[2m2025-12-10T12:08:02.224005Z[0m [34mDEBUG[0m [2methereum_transaction_pool_monitor::eth_client[0m[2m:[0m ✅ Transaction 0xd7ed0fc094932cfb4b9c798987d301af3d4edbf373db1eaf8d43f9210dd12070 fetched and parsed in 6.506833ms
[2m2025-12-10T12:08:02.224021Z[0m [34mDEBUG[0m [2methereum_transaction_pool_monitor::mempool_monitor[0m[2m:[0m 🔍 Skipping tx 0xd7ed0fc094932cfb4b9c798987d301af3d4edbf373db1eaf8d43f9210dd12070 - not a DEX interaction (target: 0xdAC17F958D2ee523a2206206994597C13D831ec7)
[2m2025-12-10T12:08:02.224076Z[0m [34mDEBUG[0m [2methereum_transaction_pool_monitor::mempool_monitor[0m[2m:[0m 📨 Processing new pending transaction: 0x3c71a66f785360b5e48c80baccaa78b273d70ffb251430f73c97065867caa7d7
[2m2025-12-10T12:08:02.224085Z[0m [34mDEBUG[0m [2methereum_transaction_pool_monitor::mempool_monitor[0m[2m:[0m 🔍 Fetching transaction details for: 0x3c71a66f785360b5e48c80baccaa78b273d70ffb251430f73c97065867caa7d7
[2m2025-12-10T12:08:02.224093Z[0m [34mDEBUG[0m [2methereum_transaction_pool_monitor::eth_client[0m[2m:[0m 🔍 Fetching transaction details for hash: 0x3c71a66f785360b5e48c80baccaa78b273d70ffb251430f73c97065867caa7d7
[2m2025-12-10T12:08:02.224119Z[0m [34mDEBUG[0m [2mhyper::client::pool[0m[2m:[0m reuse idle connection for ("http", 192.168.0.14:8545)
[2m2025-12-10T12:08:02.224152Z[0m [34mDEBUG[0m [2mhyper::proto::h1::io[0m[2m:[0m flushed 250 bytes
[2m2025-12-10T12:08:02.229379Z[0m [34mDEBUG[0m [2mhyper::proto::h1::io[0m[2m:[0m parsed 4 headers
[2m2025-12-10T12:08:02.229396Z[0m [34mDEBUG[0m [2mhyper::proto::h1::conn[0m[2m:[0m incoming body is content-length (767 bytes)
[2m2025-12-10T12:08:02.229405Z[0m [34mDEBUG[0m [2mhyper::proto::h1::conn[0m[2m:[0m incoming body completed
[2m2025-12-10T12:08:02.229421Z[0m [34mDEBUG[0m [2mhyper::client::pool[0m[2m:[0m pooling idle connection for ("http", 192.168.0.14:8545)
[2m2025-12-10T12:08:02.229431Z[0m [34mDEBUG[0m [2methereum_transaction_pool_monitor::eth_client[0m[2m:[0m 📡 Transaction fetch RPC completed in 5.330625ms
[2m2025-12-10T12:08:02.229462Z[0m [34mDEBUG[0m [2methereum_transaction_pool_monitor::eth_client[0m[2m:[0m DeFi transaction detected - Address: 0xdac17f958d2ee523a2206206994597c13d831ec7, Type: Stablecoin, Value: 0 ETH, Gas: 0.26 Gwei
[2m2025-12-10T12:08:02.229494Z[0m [34mDEBUG[0m [2methereum_transaction_pool_monitor::eth_client[0m[2m:[0m ✅ Transaction 0x3c71a66f785360b5e48c80baccaa78b273d70ffb251430f73c97065867caa7d7 fetched and parsed in 5.392833ms
[2m2025-12-10T12:08:02.229508Z[0m [34mDEBUG[0m [2methereum_transaction_pool_monitor::mempool_monitor[0m[2m:[0m 🔍 Skipping tx 0x3c71a66f785360b5e48c80baccaa78b273d70ffb251430f73c97065867caa7d7 - not a DEX interaction (target: 0xdAC17F958D2ee523a2206206994597C13D831ec7)
[2m2025-12-10T12:08:02.229552Z[0m [34mDEBUG[0m [2methereum_transaction_pool_monitor::mempool_monitor[0m[2m:[0m 📨 Processing new pending transaction: 0x33c58c10f7b4f1d8bbfe4bbce2a3f866521df4a4c73567424f7ecaf4c2b51b67
[2m2025-12-10T12:08:02.229562Z[0m [34mDEBUG[0m [2methereum_transaction_pool_monitor::mempool_monitor[0m[2m:[0m 🔍 Fetching transaction details for: 0x33c58c10f7b4f1d8bbfe4bbce2a3f866521df4a4c73567424f7ecaf4c2b51b67
[2m2025-12-10T12:08:02.229570Z[0m [34mDEBUG[0m [2methereum_transaction_pool_monitor::eth_client[0m[2m:[0m 🔍 Fetching transaction details for hash: 0x33c58c10f7b4f1d8bbfe4bbce2a3f866521df4a4c73567424f7ecaf4c2b51b67
[2m2025-12-10T12:08:02.229598Z[0m [34mDEBUG[0m [2mhyper::client::pool[0m[2m:[0m reuse idle connection for ("http", 192.168.0.14:8545)
[2m2025-12-10T12:08:02.229625Z[0m [34mDEBUG[0m [2mhyper::proto::h1::io[0m[2m:[0m flushed 250 bytes
[2m2025-12-10T12:08:02.234955Z[0m [34mDEBUG[0m [2mhyper::proto::h1::io[0m[2m:[0m parsed 4 headers
[2m2025-12-10T12:08:02.234963Z[0m [34mDEBUG[0m [2mhyper::proto::h1::conn[0m[2m:[0m incoming body is content-length (775 bytes)
[2m2025-12-10T12:08:02.234972Z[0m [34mDEBUG[0m [2mhyper::proto::h1::conn[0m[2m:[0m incoming body completed
[2m2025-12-10T12:08:02.234986Z[0m [34mDEBUG[0m [2mhyper::client::pool[0m[2m:[0m pooling idle connection for ("http", 192.168.0.14:8545)
[2m2025-12-10T12:08:02.234996Z[0m [34mDEBUG[0m [2methereum_transaction_pool_monitor::eth_client[0m[2m:[0m 📡 Transaction fetch RPC completed in 5.416084ms
[2m2025-12-10T12:08:02.235026Z[0m [34mDEBUG[0m [2methereum_transaction_pool_monitor::eth_client[0m[2m:[0m DeFi transaction detected - Address: 0xdac17f958d2ee523a2206206994597c13d831ec7, Type: Stablecoin, Value: 0 ETH, Gas: 200.00 Gwei
[2m2025-12-10T12:08:02.235057Z[0m [34mDEBUG[0m [2methereum_transaction_pool_monitor::eth_client[0m[2m:[0m ✅ Transaction 0x33c58c10f7b4f1d8bbfe4bbce2a3f866521df4a4c73567424f7ecaf4c2b51b67 fetched and parsed in 5.478ms
[2m2025-12-10T12:08:02.235072Z[0m [34mDEBUG[0m [2methereum_transaction_pool_monitor::mempool_monitor[0m[2m:[0m 🔍 Skipping tx 0x33c58c10f7b4f1d8bbfe4bbce2a3f866521df4a4c73567424f7ecaf4c2b51b67 - not a DEX interaction (target: 0xdAC17F958D2ee523a2206206994597C13D831ec7)
[2m2025-12-10T12:08:02.235116Z[0m [34mDEBUG[0m [2methereum_transaction_pool_monitor::mempool_monitor[0m[2m:[0m 📨 Processing new pending transaction: 0xcf576f5dc1e19b8794cae419a6b62c5bb7e0ef59276d3dce4ad746c2a03c913e
[2m2025-12-10T12:08:02.235125Z[0m [34mDEBUG[0m [2methereum_transaction_pool_monitor::mempool_monitor[0m[2m:[0m 🔍 Fetching transaction details for: 0xcf576f5dc1e19b8794cae419a6b62c5bb7e0ef59276d3dce4ad746c2a03c913e
[2m2025-12-10T12:08:02.235134Z[0m [34mDEBUG[0m [2methereum_transaction_pool_monitor::eth_client[0m[2m:[0m 🔍 Fetching transaction details for hash: 0xcf576f5dc1e19b8794cae419a6b62c5bb7e0ef59276d3dce4ad746c2a03c913e
[2m2025-12-10T12:08:02.235161Z[0m [34mDEBUG[0m [2mhyper::client::pool[0m[2m:[0m reuse idle connection for ("http", 192.168.0.14:8545)
[2m2025-12-10T12:08:02.235191Z[0m [34mDEBUG[0m [2mhyper::proto::h1::io[0m[2m:[0m flushed 250 bytes
[2m2025-12-10T12:08:02.240001Z[0m [34mDEBUG[0m [2mhyper::proto::h1::io[0m[2m:[0m parsed 4 headers
[2m2025-12-10T12:08:02.240010Z[0m [34mDEBUG[0m [2mhyper::proto::h1::conn[0m[2m:[0m incoming body is content-length (776 bytes)
[2m2025-12-10T12:08:02.240019Z[0m [34mDEBUG[0m [2mhyper::proto::h1::conn[0m[2m:[0m incoming body completed
[2m2025-12-10T12:08:02.240033Z[0m [34mDEBUG[0m [2mhyper::client::pool[0m[2m:[0m pooling idle connection for ("http", 192.168.0.14:8545)
[2m2025-12-10T12:08:02.240043Z[0m [34mDEBUG[0m [2methereum_transaction_pool_monitor::eth_client[0m[2m:[0m 📡 Transaction fetch RPC completed in 4.900666ms
[2m2025-12-10T12:08:02.426185Z[0m [34mDEBUG[0m [2methereum_transaction_pool_monitor::eth_client[0m[2m:[0m ✅ Transaction 0xcf576f5dc1e19b8794cae419a6b62c5bb7e0ef59276d3dce4ad746c2a03c913e fetched and parsed in 191.040166ms
[2m2025-12-10T12:08:02.426231Z[0m [34mDEBUG[0m [2methereum_transaction_pool_monitor::mempool_monitor[0m[2m:[0m 🔍 Skipping tx 0xcf576f5dc1e19b8794cae419a6b62c5bb7e0ef59276d3dce4ad746c2a03c913e - not a DEX interaction (target: 0xC19D38925F9F645337B1D1f37bAf3C0647A48E50)
[2m2025-12-10T12:08:02.426288Z[0m [34mDEBUG[0m [2methereum_transaction_pool_monitor::mempool_monitor[0m[2m:[0m 📨 Processing new pending transaction: 0x72d517aa39967be02f30656eb996807554ec9776683f0d57eb374322a0927232
[2m2025-12-10T12:08:02.426301Z[0m [34mDEBUG[0m [2methereum_transaction_pool_monitor::mempool_monitor[0m[2m:[0m 🔍 Fetching transaction details for: 0x72d517aa39967be02f30656eb996807554ec9776683f0d57eb374322a0927232
[2m2025-12-10T12:08:02.426313Z[0m [34mDEBUG[0m [2methereum_transaction_pool_monitor::eth_client[0m[2m:[0m 🔍 Fetching transaction details for hash: 0x72d517aa39967be02f30656eb996807554ec9776683f0d57eb374322a0927232
[2m2025-12-10T12:08:02.426386Z[0m [34mDEBUG[0m [2mhyper::client::pool[0m[2m:[0m reuse idle connection for ("http", 192.168.0.14:8545)
[2m2025-12-10T12:08:02.426477Z[0m [34mDEBUG[0m [2mhyper::proto::h1::io[0m[2m:[0m flushed 250 bytes
[2m2025-12-10T12:08:02.426544Z[0m [34mDEBUG[0m [2mhyper::client::pool[0m[2m:[0m reuse idle connection for ("http", 192.168.0.14:8545)
[2m2025-12-10T12:08:02.426580Z[0m [34mDEBUG[0m [2mhyper::proto::h1::io[0m[2m:[0m flushed 172 bytes
[2m2025-12-10T12:08:02.430845Z[0m [34mDEBUG[0m [2mhyper::proto::h1::io[0m[2m:[0m parsed 4 headers
[2m2025-12-10T12:08:02.430861Z[0m [34mDEBUG[0m [2mhyper::proto::h1::conn[0m[2m:[0m incoming body is content-length (769 bytes)
[2m2025-12-10T12:08:02.430877Z[0m [34mDEBUG[0m [2mhyper::proto::h1::conn[0m[2m:[0m incoming body completed
[2m2025-12-10T12:08:02.430906Z[0m [34mDEBUG[0m [2mhyper::client::pool[0m[2m:[0m pooling idle connection for ("http", 192.168.0.14:8545)
[2m2025-12-10T12:08:02.430922Z[0m [34mDEBUG[0m [2methereum_transaction_pool_monitor::eth_client[0m[2m:[0m 📡 Transaction fetch RPC completed in 4.597208ms
[2m2025-12-10T12:08:02.615383Z[0m [34mDEBUG[0m [2methereum_transaction_pool_monitor::eth_client[0m[2m:[0m ✅ Transaction 0x72d517aa39967be02f30656eb996807554ec9776683f0d57eb374322a0927232 fetched and parsed in 189.055291ms
[2m2025-12-10T12:08:02.615429Z[0m [34mDEBUG[0m [2methereum_transaction_pool_monitor::mempool_monitor[0m[2m:[0m 🔍 Skipping tx 0x72d517aa39967be02f30656eb996807554ec9776683f0d57eb374322a0927232 - not a DEX interaction (target: 0xA0b86991c6218b36c1d19D4a2e9Eb0cE3606eB48)
[2m2025-12-10T12:08:02.615491Z[0m [34mDEBUG[0m [2methereum_transaction_pool_monitor::mempool_monitor[0m[2m:[0m 📨 Processing new pending transaction: 0xf02ba84d0154f915d45d6c9e582a2bafef373e2398b197fa394dd80b51063ca5
[2m2025-12-10T12:08:02.615503Z[0m [34mDEBUG[0m [2methereum_transaction_pool_monitor::mempool_monitor[0m[2m:[0m 🔍 Fetching transaction details for: 0xf02ba84d0154f915d45d6c9e582a2bafef373e2398b197fa394dd80b51063ca5
[2m2025-12-10T12:08:02.615513Z[0m [34mDEBUG[0m [2methereum_transaction_pool_monitor::eth_client[0m[2m:[0m 🔍 Fetching transaction details for hash: 0xf02ba84d0154f915d45d6c9e582a2bafef373e2398b197fa394dd80b51063ca5
[2m2025-12-10T12:08:02.615583Z[0m [34mDEBUG[0m [2mhyper::client::pool[0m[2m:[0m reuse idle connection for ("http", 192.168.0.14:8545)
[2m2025-12-10T12:08:02.615665Z[0m [34mDEBUG[0m [2mhyper::proto::h1::io[0m[2m:[0m flushed 250 bytes
[2m2025-12-10T12:08:02.615704Z[0m [34mDEBUG[0m [2mhyper::proto::h1::io[0m[2m:[0m parsed 4 headers
[2m2025-12-10T12:08:02.615712Z[0m [34mDEBUG[0m [2mhyper::proto::h1::conn[0m[2m:[0m incoming body is content-length (45 bytes)
[2m2025-12-10T12:08:02.615726Z[0m [34mDEBUG[0m [2mhyper::proto::h1::conn[0m[2m:[0m incoming body completed
[2m2025-12-10T12:08:02.615749Z[0m [34mDEBUG[0m [2mhyper::client::pool[0m[2m:[0m pooling idle connection for ("http", 192.168.0.14:8545)
[2m2025-12-10T12:08:02.615801Z[0m [34mDEBUG[0m [2mhyper::client::pool[0m[2m:[0m reuse idle connection for ("http", 192.168.0.14:8545)
[2m2025-12-10T12:08:02.615836Z[0m [34mDEBUG[0m [2mhyper::proto::h1::io[0m[2m:[0m flushed 172 bytes
[2m2025-12-10T12:08:02.620244Z[0m [34mDEBUG[0m [2mhyper::proto::h1::io[0m[2m:[0m parsed 4 headers
[2m2025-12-10T12:08:02.620272Z[0m [34mDEBUG[0m [2mhyper::proto::h1::conn[0m[2m:[0m incoming body is content-length (45 bytes)
[2m2025-12-10T12:08:02.620284Z[0m [34mDEBUG[0m [2mhyper::proto::h1::conn[0m[2m:[0m incoming body completed
[2m2025-12-10T12:08:02.620303Z[0m [34mDEBUG[0m [2mhyper::client::pool[0m[2m:[0m pooling idle connection for ("http", 192.168.0.14:8545)
[2m2025-12-10T12:08:02.620354Z[0m [34mDEBUG[0m [2mhyper::client::pool[0m[2m:[0m reuse idle connection for ("http", 192.168.0.14:8545)
[2m2025-12-10T12:08:02.620401Z[0m [34mDEBUG[0m [2mhyper::proto::h1::io[0m[2m:[0m flushed 172 bytes
[2m2025-12-10T12:08:02.620728Z[0m [34mDEBUG[0m [2mhyper::proto::h1::io[0m[2m:[0m parsed 4 headers
[2m2025-12-10T12:08:02.620738Z[0m [34mDEBUG[0m [2mhyper::proto::h1::conn[0m[2m:[0m incoming body is content-length (776 bytes)
[2m2025-12-10T12:08:02.620747Z[0m [34mDEBUG[0m [2mhyper::proto::h1::conn[0m[2m:[0m incoming body completed
[2m2025-12-10T12:08:02.620761Z[0m [34mDEBUG[0m [2mhyper::client::pool[0m[2m:[0m pooling idle connection for ("http", 192.168.0.14:8545)
[2m2025-12-10T12:08:02.620772Z[0m [34mDEBUG[0m [2methereum_transaction_pool_monitor::eth_client[0m[2m:[0m 📡 Transaction fetch RPC completed in 5.247791ms
[2m2025-12-10T12:08:02.620808Z[0m [34mDEBUG[0m [2methereum_transaction_pool_monitor::eth_client[0m[2m:[0m DeFi transaction detected - Address: 0xdac17f958d2ee523a2206206994597c13d831ec7, Type: Stablecoin, Value: 0 ETH, Gas: 200.00 Gwei
[2m2025-12-10T12:08:02.620851Z[0m [34mDEBUG[0m [2methereum_transaction_pool_monitor::eth_client[0m[2m:[0m ✅ Transaction 0xf02ba84d0154f915d45d6c9e582a2bafef373e2398b197fa394dd80b51063ca5 fetched and parsed in 5.326875ms
[2m2025-12-10T12:08:02.620866Z[0m [34mDEBUG[0m [2methereum_transaction_pool_monitor::mempool_monitor[0m[2m:[0m 🔍 Skipping tx 0xf02ba84d0154f915d45d6c9e582a2bafef373e2398b197fa394dd80b51063ca5 - not a DEX interaction (target: 0xdAC17F958D2ee523a2206206994597C13D831ec7)
[2m2025-12-10T12:08:02.620922Z[0m [34mDEBUG[0m [2methereum_transaction_pool_monitor::mempool_monitor[0m[2m:[0m 📨 Processing new pending transaction: 0x7a259be117031eaf73e7616c7fefec8fa83c077c6a11ff3151c1b03503b058dd
[2m2025-12-10T12:08:02.620931Z[0m [34mDEBUG[0m [2methereum_transaction_pool_monitor::mempool_monitor[0m[2m:[0m 🔍 Fetching transaction details for: 0x7a259be117031eaf73e7616c7fefec8fa83c077c6a11ff3151c1b03503b058dd
[2m2025-12-10T12:08:02.620939Z[0m [34mDEBUG[0m [2methereum_transaction_pool_monitor::eth_client[0m[2m:[0m 🔍 Fetching transaction details for hash: 0x7a259be117031eaf73e7616c7fefec8fa83c077c6a11ff3151c1b03503b058dd
[2m2025-12-10T12:08:02.620969Z[0m [34mDEBUG[0m [2mhyper::client::pool[0m[2m:[0m reuse idle connection for ("http", 192.168.0.14:8545)
[2m2025-12-10T12:08:02.620998Z[0m [34mDEBUG[0m [2mhyper::proto::h1::io[0m[2m:[0m flushed 250 bytes
[2m2025-12-10T12:08:02.629893Z[0m [34mDEBUG[0m [2mhyper::proto::h1::io[0m[2m:[0m parsed 4 headers
[2m2025-12-10T12:08:02.629917Z[0m [34mDEBUG[0m [2mhyper::proto::h1::conn[0m[2m:[0m incoming body is content-length (45 bytes)
[2m2025-12-10T12:08:02.629927Z[0m [34mDEBUG[0m [2mhyper::proto::h1::conn[0m[2m:[0m incoming body completed
[2m2025-12-10T12:08:02.629940Z[0m [34mDEBUG[0m [2mhyper::client::pool[0m[2m:[0m pooling idle connection for ("http", 192.168.0.14:8545)
[2m2025-12-10T12:08:02.629976Z[0m [34mDEBUG[0m [2mhyper::client::pool[0m[2m:[0m reuse idle connection for ("http", 192.168.0.14:8545)
[2m2025-12-10T12:08:02.630004Z[0m [34mDEBUG[0m [2mhyper::proto::h1::io[0m[2m:[0m flushed 172 bytes
[2m2025-12-10T12:08:02.637851Z[0m [34mDEBUG[0m [2mhyper::proto::h1::io[0m[2m:[0m parsed 4 headers
[2m2025-12-10T12:08:02.637872Z[0m [34mDEBUG[0m [2mhyper::proto::h1::conn[0m[2m:[0m incoming body is content-length (775 bytes)
[2m2025-12-10T12:08:02.637891Z[0m [34mDEBUG[0m [2mhyper::proto::h1::conn[0m[2m:[0m incoming body completed
[2m2025-12-10T12:08:02.637903Z[0m [34mDEBUG[0m [2mhyper::client::pool[0m[2m:[0m pooling idle connection for ("http", 192.168.0.14:8545)
[2m2025-12-10T12:08:02.637912Z[0m [34mDEBUG[0m [2methereum_transaction_pool_monitor::eth_client[0m[2m:[0m 📡 Transaction fetch RPC completed in 16.963791ms
[2m2025-12-10T12:08:02.637939Z[0m [34mDEBUG[0m [2methereum_transaction_pool_monitor::eth_client[0m[2m:[0m DeFi transaction detected - Address: 0xdac17f958d2ee523a2206206994597c13d831ec7, Type: Stablecoin, Value: 0 ETH, Gas: 200.00 Gwei
[2m2025-12-10T12:08:02.637987Z[0m [34mDEBUG[0m [2methereum_transaction_pool_monitor::eth_client[0m[2m:[0m ✅ Transaction 0x7a259be117031eaf73e7616c7fefec8fa83c077c6a11ff3151c1b03503b058dd fetched and parsed in 17.038833ms
[2m2025-12-10T12:08:02.638000Z[0m [34mDEBUG[0m [2methereum_transaction_pool_monitor::mempool_monitor[0m[2m:[0m 🔍 Skipping tx 0x7a259be117031eaf73e7616c7fefec8fa83c077c6a11ff3151c1b03503b058dd - not a DEX interaction (target: 0xdAC17F958D2ee523a2206206994597C13D831ec7)
[2m2025-12-10T12:08:02.638043Z[0m [34mDEBUG[0m [2methereum_transaction_pool_monitor::mempool_monitor[0m[2m:[0m 📨 Processing new pending transaction: 0xf2b480d5d01e562fc255b8f4cbf3b1cdae4bf60a163e7f81854dd5caf4b6e519
[2m2025-12-10T12:08:02.638051Z[0m [34mDEBUG[0m [2methereum_transaction_pool_monitor::mempool_monitor[0m[2m:[0m 🔍 Fetching transaction details for: 0xf2b480d5d01e562fc255b8f4cbf3b1cdae4bf60a163e7f81854dd5caf4b6e519
[2m2025-12-10T12:08:02.638058Z[0m [34mDEBUG[0m [2methereum_transaction_pool_monitor::eth_client[0m[2m:[0m 🔍 Fetching transaction details for hash: 0xf2b480d5d01e562fc255b8f4cbf3b1cdae4bf60a163e7f81854dd5caf4b6e519
[2m2025-12-10T12:08:02.638082Z[0m [34mDEBUG[0m [2mhyper::client::pool[0m[2m:[0m reuse idle connection for ("http", 192.168.0.14:8545)
[2m2025-12-10T12:08:02.638105Z[0m [34mDEBUG[0m [2mhyper::proto::h1::io[0m[2m:[0m flushed 250 bytes
[2m2025-12-10T12:08:02.638637Z[0m [34mDEBUG[0m [2mhyper::proto::h1::io[0m[2m:[0m parsed 4 headers
[2m2025-12-10T12:08:02.638650Z[0m [34mDEBUG[0m [2mhyper::proto::h1::conn[0m[2m:[0m incoming body is content-length (45 bytes)
[2m2025-12-10T12:08:02.638658Z[0m [34mDEBUG[0m [2mhyper::proto::h1::conn[0m[2m:[0m incoming body completed
[2m2025-12-10T12:08:02.638669Z[0m [34mDEBUG[0m [2mhyper::client::pool[0m[2m:[0m pooling idle connection for ("http", 192.168.0.14:8545)
[2m2025-12-10T12:08:02.646959Z[0m [34mDEBUG[0m [2mhyper::proto::h1::io[0m[2m:[0m parsed 4 headers
[2m2025-12-10T12:08:02.646968Z[0m [34mDEBUG[0m [2mhyper::proto::h1::conn[0m[2m:[0m incoming body is content-length (775 bytes)
[2m2025-12-10T12:08:02.646978Z[0m [34mDEBUG[0m [2mhyper::proto::h1::conn[0m[2m:[0m incoming body completed
[2m2025-12-10T12:08:02.646991Z[0m [34mDEBUG[0m [2mhyper::client::pool[0m[2m:[0m pooling idle connection for ("http", 192.168.0.14:8545)
[2m2025-12-10T12:08:02.647001Z[0m [34mDEBUG[0m [2methereum_transaction_pool_monitor::eth_client[0m[2m:[0m 📡 Transaction fetch RPC completed in 8.935208ms
[2m2025-12-10T12:08:02.647030Z[0m [34mDEBUG[0m [2methereum_transaction_pool_monitor::eth_client[0m[2m:[0m DeFi transaction detected - Address: 0xdac17f958d2ee523a2206206994597c13d831ec7, Type: Stablecoin, Value: 0 ETH, Gas: 200.00 Gwei
[2m2025-12-10T12:08:02.647063Z[0m [34mDEBUG[0m [2methereum_transaction_pool_monitor::eth_client[0m[2m:[0m ✅ Transaction 0xf2b480d5d01e562fc255b8f4cbf3b1cdae4bf60a163e7f81854dd5caf4b6e519 fetched and parsed in 8.997042ms
[2m2025-12-10T12:08:02.647078Z[0m [34mDEBUG[0m [2methereum_transaction_pool_monitor::mempool_monitor[0m[2m:[0m 🔍 Skipping tx 0xf2b480d5d01e562fc255b8f4cbf3b1cdae4bf60a163e7f81854dd5caf4b6e519 - not a DEX interaction (target: 0xdAC17F958D2ee523a2206206994597C13D831ec7)
[2m2025-12-10T12:08:02.647118Z[0m [34mDEBUG[0m [2methereum_transaction_pool_monitor::mempool_monitor[0m[2m:[0m 📨 Processing new pending transaction: 0x761de508206b3aea66fc2122fa10cf5e845eb052e85e598b001dc080869f8ec5
[2m2025-12-10T12:08:02.647126Z[0m [34mDEBUG[0m [2methereum_transaction_pool_monitor::mempool_monitor[0m[2m:[0m 🔍 Fetching transaction details for: 0x761de508206b3aea66fc2122fa10cf5e845eb052e85e598b001dc080869f8ec5
[2m2025-12-10T12:08:02.647134Z[0m [34mDEBUG[0m [2methereum_transaction_pool_monitor::eth_client[0m[2m:[0m 🔍 Fetching transaction details for hash: 0x761de508206b3aea66fc2122fa10cf5e845eb052e85e598b001dc080869f8ec5
[2m2025-12-10T12:08:02.647160Z[0m [34mDEBUG[0m [2mhyper::client::pool[0m[2m:[0m reuse idle connection for ("http", 192.168.0.14:8545)
[2m2025-12-10T12:08:02.647184Z[0m [34mDEBUG[0m [2mhyper::proto::h1::io[0m[2m:[0m flushed 250 bytes
[2m2025-12-10T12:08:02.656819Z[0m [34mDEBUG[0m [2mhyper::proto::h1::io[0m[2m:[0m parsed 4 headers
[2m2025-12-10T12:08:02.656832Z[0m [34mDEBUG[0m [2mhyper::proto::h1::conn[0m[2m:[0m incoming body is content-length (775 bytes)
[2m2025-12-10T12:08:02.656855Z[0m [34mDEBUG[0m [2mhyper::proto::h1::conn[0m[2m:[0m incoming body completed
[2m2025-12-10T12:08:02.656871Z[0m [34mDEBUG[0m [2mhyper::client::pool[0m[2m:[0m pooling idle connection for ("http", 192.168.0.14:8545)
[2m2025-12-10T12:08:02.656883Z[0m [34mDEBUG[0m [2methereum_transaction_pool_monitor::eth_client[0m[2m:[0m 📡 Transaction fetch RPC completed in 9.739542ms
[2m2025-12-10T12:08:02.656918Z[0m [34mDEBUG[0m [2methereum_transaction_pool_monitor::eth_client[0m[2m:[0m DeFi transaction detected - Address: 0xdac17f958d2ee523a2206206994597c13d831ec7, Type: Stablecoin, Value: 0 ETH, Gas: 200.00 Gwei
[2m2025-12-10T12:08:02.656955Z[0m [34mDEBUG[0m [2methereum_transaction_pool_monitor::eth_client[0m[2m:[0m ✅ Transaction 0x761de508206b3aea66fc2122fa10cf5e845eb052e85e598b001dc080869f8ec5 fetched and parsed in 9.812167ms
[2m2025-12-10T12:08:02.656971Z[0m [34mDEBUG[0m [2methereum_transaction_pool_monitor::mempool_monitor[0m[2m:[0m 🔍 Skipping tx 0x761de508206b3aea66fc2122fa10cf5e845eb052e85e598b001dc080869f8ec5 - not a DEX interaction (target: 0xdAC17F958D2ee523a2206206994597C13D831ec7)
[2m2025-12-10T12:08:02.657019Z[0m [34mDEBUG[0m [2methereum_transaction_pool_monitor::mempool_monitor[0m[2m:[0m 📨 Processing new pending transaction: 0x44da5f947e27d5a75ccef12226ae2f5e4866d95f82398350799716cb10d7d0c0
[2m2025-12-10T12:08:02.657028Z[0m [34mDEBUG[0m [2methereum_transaction_pool_monitor::mempool_monitor[0m[2m:[0m 🔍 Fetching transaction details for: 0x44da5f947e27d5a75ccef12226ae2f5e4866d95f82398350799716cb10d7d0c0
[2m2025-12-10T12:08:02.657037Z[0m [34mDEBUG[0m [2methereum_transaction_pool_monitor::eth_client[0m[2m:[0m 🔍 Fetching transaction details for hash: 0x44da5f947e27d5a75ccef12226ae2f5e4866d95f82398350799716cb10d7d0c0
[2m2025-12-10T12:08:02.657070Z[0m [34mDEBUG[0m [2mhyper::client::pool[0m[2m:[0m reuse idle connection for ("http", 192.168.0.14:8545)
[2m2025-12-10T12:08:02.657100Z[0m [34mDEBUG[0m [2mhyper::proto::h1::io[0m[2m:[0m flushed 250 bytes
[2m2025-12-10T12:08:02.663739Z[0m [34mDEBUG[0m [2mhyper::proto::h1::io[0m[2m:[0m parsed 4 headers
[2m2025-12-10T12:08:02.663749Z[0m [34mDEBUG[0m [2mhyper::proto::h1::conn[0m[2m:[0m incoming body is content-length (768 bytes)
[2m2025-12-10T12:08:02.663760Z[0m [34mDEBUG[0m [2mhyper::proto::h1::conn[0m[2m:[0m incoming body completed
[2m2025-12-10T12:08:02.663775Z[0m [34mDEBUG[0m [2mhyper::client::pool[0m[2m:[0m pooling idle connection for ("http", 192.168.0.14:8545)
[2m2025-12-10T12:08:02.663786Z[0m [34mDEBUG[0m [2methereum_transaction_pool_monitor::eth_client[0m[2m:[0m 📡 Transaction fetch RPC completed in 6.739708ms
[2m2025-12-10T12:08:02.663819Z[0m [34mDEBUG[0m [2methereum_transaction_pool_monitor::eth_client[0m[2m:[0m DeFi transaction detected - Address: 0xdac17f958d2ee523a2206206994597c13d831ec7, Type: Stablecoin, Value: 0 ETH, Gas: 0.19 Gwei
[2m2025-12-10T12:08:02.663854Z[0m [34mDEBUG[0m [2methereum_transaction_pool_monitor::eth_client[0m[2m:[0m ✅ Transaction 0x44da5f947e27d5a75ccef12226ae2f5e4866d95f82398350799716cb10d7d0c0 fetched and parsed in 6.808166ms
[2m2025-12-10T12:08:02.663870Z[0m [34mDEBUG[0m [2methereum_transaction_pool_monitor::mempool_monitor[0m[2m:[0m 🔍 Skipping tx 0x44da5f947e27d5a75ccef12226ae2f5e4866d95f82398350799716cb10d7d0c0 - not a DEX interaction (target: 0xdAC17F958D2ee523a2206206994597C13D831ec7)
[2m2025-12-10T12:08:02.663917Z[0m [34mDEBUG[0m [2methereum_transaction_pool_monitor::mempool_monitor[0m[2m:[0m 📨 Processing new pending transaction: 0xb2416e09c14ca0d0f678cc2b5f1e3ff44ca2a3c7d6558522bd2a24a2950cb6f7
[2m2025-12-10T12:08:02.663926Z[0m [34mDEBUG[0m [2methereum_transaction_pool_monitor::mempool_monitor[0m[2m:[0m 🔍 Fetching transaction details for: 0xb2416e09c14ca0d0f678cc2b5f1e3ff44ca2a3c7d6558522bd2a24a2950cb6f7
[2m2025-12-10T12:08:02.663935Z[0m [34mDEBUG[0m [2methereum_transaction_pool_monitor::eth_client[0m[2m:[0m 🔍 Fetching transaction details for hash: 0xb2416e09c14ca0d0f678cc2b5f1e3ff44ca2a3c7d6558522bd2a24a2950cb6f7
[2m2025-12-10T12:08:02.663967Z[0m [34mDEBUG[0m [2mhyper::client::pool[0m[2m:[0m reuse idle connection for ("http", 192.168.0.14:8545)
[2m2025-12-10T12:08:02.663998Z[0m [34mDEBUG[0m [2mhyper::proto::h1::io[0m[2m:[0m flushed 250 bytes
[2m2025-12-10T12:08:02.670291Z[0m [34mDEBUG[0m [2mhyper::proto::h1::io[0m[2m:[0m parsed 4 headers
[2m2025-12-10T12:08:02.670304Z[0m [34mDEBUG[0m [2mhyper::proto::h1::conn[0m[2m:[0m incoming body is content-length (763 bytes)
[2m2025-12-10T12:08:02.670314Z[0m [34mDEBUG[0m [2mhyper::proto::h1::conn[0m[2m:[0m incoming body completed
[2m2025-12-10T12:08:02.670339Z[0m [34mDEBUG[0m [2mhyper::client::pool[0m[2m:[0m pooling idle connection for ("http", 192.168.0.14:8545)
[2m2025-12-10T12:08:02.670350Z[0m [34mDEBUG[0m [2methereum_transaction_pool_monitor::eth_client[0m[2m:[0m 📡 Transaction fetch RPC completed in 6.405583ms
[2m2025-12-10T12:08:02.853118Z[0m [34mDEBUG[0m [2methereum_transaction_pool_monitor::eth_client[0m[2m:[0m ✅ Transaction 0xb2416e09c14ca0d0f678cc2b5f1e3ff44ca2a3c7d6558522bd2a24a2950cb6f7 fetched and parsed in 189.168625ms
[2m2025-12-10T12:08:02.853176Z[0m [34mDEBUG[0m [2methereum_transaction_pool_monitor::mempool_monitor[0m[2m:[0m 🔍 Skipping tx 0xb2416e09c14ca0d0f678cc2b5f1e3ff44ca2a3c7d6558522bd2a24a2950cb6f7 - not a DEX interaction (target: 0xd50370bEE8bFf23Bbb30ca558a1d0207DBc96ef2)
[2m2025-12-10T12:08:02.853249Z[0m [34mDEBUG[0m [2methereum_transaction_pool_monitor::mempool_monitor[0m[2m:[0m 📨 Processing new pending transaction: 0x371bc10e5438168973953fb9ff9f56c0b7e0fcf6447777bfaff8060c4c40d9d0
[2m2025-12-10T12:08:02.853262Z[0m [34mDEBUG[0m [2methereum_transaction_pool_monitor::mempool_monitor[0m[2m:[0m 🔍 Fetching transaction details for: 0x371bc10e5438168973953fb9ff9f56c0b7e0fcf6447777bfaff8060c4c40d9d0
[2m2025-12-10T12:08:02.853274Z[0m [34mDEBUG[0m [2methereum_transaction_pool_monitor::eth_client[0m[2m:[0m 🔍 Fetching transaction details for hash: 0x371bc10e5438168973953fb9ff9f56c0b7e0fcf6447777bfaff8060c4c40d9d0
[2m2025-12-10T12:08:02.853363Z[0m [34mDEBUG[0m [2mhyper::client::pool[0m[2m:[0m reuse idle connection for ("http", 192.168.0.14:8545)
[2m2025-12-10T12:08:02.853459Z[0m [34mDEBUG[0m [2mhyper::proto::h1::io[0m[2m:[0m flushed 250 bytes
[2m2025-12-10T12:08:02.853525Z[0m [34mDEBUG[0m [2mhyper::client::pool[0m[2m:[0m reuse idle connection for ("http", 192.168.0.14:8545)
[2m2025-12-10T12:08:02.853523Z[0m [34mDEBUG[0m [2methereum_transaction_pool_monitor::eth_client[0m[2m:[0m 📨 Received WebSocket message: {"jsonrpc":"2.0","method":"eth_subscription","params":{"subscription":"0x47c11399886b6549da0ab4d02eced7c9","result":"0xbe148ce6898064a4f7ae8b61b6a59ba5c104e8223ba4f0add73aa090b6d75969"}}
[2m2025-12-10T12:08:02.853552Z[0m [34mDEBUG[0m [2methereum_transaction_pool_monitor::eth_client[0m[2m:[0m 📨 Received pending transaction: 0xbe148ce6898064a4f7ae8b61b6a59ba5c104e8223ba4f0add73aa090b6d75969
[2m2025-12-10T12:08:02.853562Z[0m [34mDEBUG[0m [2mhyper::proto::h1::io[0m[2m:[0m flushed 172 bytes
[2m2025-12-10T12:08:02.853568Z[0m [34mDEBUG[0m [2methereum_transaction_pool_monitor::eth_client[0m[2m:[0m 📨 Received WebSocket message: {"jsonrpc":"2.0","method":"eth_subscription","params":{"subscription":"0x47c11399886b6549da0ab4d02eced7c9","result":"0x846c80a714327d0718690119b43fde0cb325be948bf733f44c162b5e1229dbae"}}
[2m2025-12-10T12:08:02.853585Z[0m [34mDEBUG[0m [2methereum_transaction_pool_monitor::eth_client[0m[2m:[0m 📨 Received pending transaction: 0x846c80a714327d0718690119b43fde0cb325be948bf733f44c162b5e1229dbae
[2m2025-12-10T12:08:02.853601Z[0m [34mDEBUG[0m [2methereum_transaction_pool_monitor::eth_client[0m[2m:[0m 📨 Received WebSocket message: {"jsonrpc":"2.0","method":"eth_subscription","params":{"subscription":"0x47c11399886b6549da0ab4d02eced7c9","result":"0x1a8510d2a84d09bc20adf423fe23775d4b10dc927e793d53a1280ae7cbb4936d"}}
[2m2025-12-10T12:08:02.853618Z[0m [34mDEBUG[0m [2methereum_transaction_pool_monitor::eth_client[0m[2m:[0m 📨 Received pending transaction: 0x1a8510d2a84d09bc20adf423fe23775d4b10dc927e793d53a1280ae7cbb4936d
[2m2025-12-10T12:08:02.853628Z[0m [34mDEBUG[0m [2methereum_transaction_pool_monitor::eth_client[0m[2m:[0m 📨 Received WebSocket message: {"jsonrpc":"2.0","method":"eth_subscription","params":{"subscription":"0x47c11399886b6549da0ab4d02eced7c9","result":"0x6abfab83382190238f63f909f4f6c22611a8f76f8c00305796733f0d256d1c6d"}}
[2m2025-12-10T12:08:02.853644Z[0m [34mDEBUG[0m [2methereum_transaction_pool_monitor::eth_client[0m[2m:[0m 📨 Received pending transaction: 0x6abfab83382190238f63f909f4f6c22611a8f76f8c00305796733f0d256d1c6d
[2m2025-12-10T12:08:02.858803Z[0m [34mDEBUG[0m [2mhyper::proto::h1::io[0m[2m:[0m parsed 4 headers
[2m2025-12-10T12:08:02.858811Z[0m [34mDEBUG[0m [2mhyper::proto::h1::conn[0m[2m:[0m incoming body is content-length (769 bytes)
[2m2025-12-10T12:08:02.858827Z[0m [34mDEBUG[0m [2mhyper::proto::h1::conn[0m[2m:[0m incoming body completed
[2m2025-12-10T12:08:02.858854Z[0m [34mDEBUG[0m [2mhyper::client::pool[0m[2m:[0m pooling idle connection for ("http", 192.168.0.14:8545)
[2m2025-12-10T12:08:02.858867Z[0m [34mDEBUG[0m [2methereum_transaction_pool_monitor::eth_client[0m[2m:[0m 📡 Transaction fetch RPC completed in 5.583041ms
[2m2025-12-10T12:08:02.858907Z[0m [34mDEBUG[0m [2methereum_transaction_pool_monitor::eth_client[0m[2m:[0m DeFi transaction detected - Address: 0xdac17f958d2ee523a2206206994597c13d831ec7, Type: Stablecoin, Value: 0 ETH, Gas: 0.26 Gwei
[2m2025-12-10T12:08:02.858947Z[0m [34mDEBUG[0m [2methereum_transaction_pool_monitor::eth_client[0m[2m:[0m ✅ Transaction 0x371bc10e5438168973953fb9ff9f56c0b7e0fcf6447777bfaff8060c4c40d9d0 fetched and parsed in 5.663916ms
[2m2025-12-10T12:08:02.858961Z[0m [34mDEBUG[0m [2methereum_transaction_pool_monitor::mempool_monitor[0m[2m:[0m 🔍 Skipping tx 0x371bc10e5438168973953fb9ff9f56c0b7e0fcf6447777bfaff8060c4c40d9d0 - not a DEX interaction (target: 0xdAC17F958D2ee523a2206206994597C13D831ec7)
[2m2025-12-10T12:08:02.859002Z[0m [34mDEBUG[0m [2methereum_transaction_pool_monitor::mempool_monitor[0m[2m:[0m 📨 Processing new pending transaction: 0x78098480c7c305e4f809142542b5fd086d79f1ae9a088205092f624a9eeb6598
[2m2025-12-10T12:08:02.859010Z[0m [34mDEBUG[0m [2methereum_transaction_pool_monitor::mempool_monitor[0m[2m:[0m 🔍 Fetching transaction details for: 0x78098480c7c305e4f809142542b5fd086d79f1ae9a088205092f624a9eeb6598
[2m2025-12-10T12:08:02.859017Z[0m [34mDEBUG[0m [2methereum_transaction_pool_monitor::eth_client[0m[2m:[0m 🔍 Fetching transaction details for hash: 0x78098480c7c305e4f809142542b5fd086d79f1ae9a088205092f624a9eeb6598
[2m2025-12-10T12:08:02.859045Z[0m [34mDEBUG[0m [2mhyper::client::pool[0m[2m:[0m reuse idle connection for ("http", 192.168.0.14:8545)
[2m2025-12-10T12:08:02.859072Z[0m [34mDEBUG[0m [2mhyper::proto::h1::io[0m[2m:[0m flushed 250 bytes
[2m2025-12-10T12:08:02.861728Z[0m [34mDEBUG[0m [2mhyper::proto::h1::io[0m[2m:[0m parsed 4 headers
[2m2025-12-10T12:08:02.861749Z[0m [34mDEBUG[0m [2mhyper::proto::h1::conn[0m[2m:[0m incoming body is content-length (45 bytes)
[2m2025-12-10T12:08:02.861775Z[0m [34mDEBUG[0m [2mhyper::proto::h1::conn[0m[2m:[0m incoming body completed
[2m2025-12-10T12:08:02.861787Z[0m [34mDEBUG[0m [2mhyper::client::pool[0m[2m:[0m pooling idle connection for ("http", 192.168.0.14:8545)
[2m2025-12-10T12:08:02.861824Z[0m [34mDEBUG[0m [2mhyper::client::pool[0m[2m:[0m reuse idle connection for ("http", 192.168.0.14:8545)
[2m2025-12-10T12:08:02.861853Z[0m [34mDEBUG[0m [2mhyper::proto::h1::io[0m[2m:[0m flushed 172 bytes
[2m2025-12-10T12:08:02.864580Z[0m [34mDEBUG[0m [2mhyper::proto::h1::io[0m[2m:[0m parsed 4 headers
[2m2025-12-10T12:08:02.864587Z[0m [34mDEBUG[0m [2mhyper::proto::h1::conn[0m[2m:[0m incoming body is content-length (767 bytes)
[2m2025-12-10T12:08:02.864604Z[0m [34mDEBUG[0m [2mhyper::proto::h1::conn[0m[2m:[0m incoming body completed
[2m2025-12-10T12:08:02.864620Z[0m [34mDEBUG[0m [2mhyper::client::pool[0m[2m:[0m pooling idle connection for ("http", 192.168.0.14:8545)
[2m2025-12-10T12:08:02.864630Z[0m [34mDEBUG[0m [2methereum_transaction_pool_monitor::eth_client[0m[2m:[0m 📡 Transaction fetch RPC completed in 5.604541ms
[2m2025-12-10T12:08:02.864660Z[0m [34mDEBUG[0m [2methereum_transaction_pool_monitor::eth_client[0m[2m:[0m DeFi transaction detected - Address: 0xdac17f958d2ee523a2206206994597c13d831ec7, Type: Stablecoin, Value: 0 ETH, Gas: 0.20 Gwei
[2m2025-12-10T12:08:02.864692Z[0m [34mDEBUG[0m [2methereum_transaction_pool_monitor::eth_client[0m[2m:[0m ✅ Transaction 0x78098480c7c305e4f809142542b5fd086d79f1ae9a088205092f624a9eeb6598 fetched and parsed in 5.666833ms
[2m2025-12-10T12:08:02.864707Z[0m [34mDEBUG[0m [2methereum_transaction_pool_monitor::mempool_monitor[0m[2m:[0m 🔍 Skipping tx 0x78098480c7c305e4f809142542b5fd086d79f1ae9a088205092f624a9eeb6598 - not a DEX interaction (target: 0xdAC17F958D2ee523a2206206994597C13D831ec7)
[2m2025-12-10T12:08:02.864745Z[0m [34mDEBUG[0m [2methereum_transaction_pool_monitor::mempool_monitor[0m[2m:[0m 📨 Processing new pending transaction: 0xa0a42e22cd115b4527bd80b9899d0f5fef0bd1d4cfaec409b87673844f177186
[2m2025-12-10T12:08:02.864753Z[0m [34mDEBUG[0m [2methereum_transaction_pool_monitor::mempool_monitor[0m[2m:[0m 🔍 Fetching transaction details for: 0xa0a42e22cd115b4527bd80b9899d0f5fef0bd1d4cfaec409b87673844f177186
[2m2025-12-10T12:08:02.864761Z[0m [34mDEBUG[0m [2methereum_transaction_pool_monitor::eth_client[0m[2m:[0m 🔍 Fetching transaction details for hash: 0xa0a42e22cd115b4527bd80b9899d0f5fef0bd1d4cfaec409b87673844f177186
[2m2025-12-10T12:08:02.864787Z[0m [34mDEBUG[0m [2mhyper::client::pool[0m[2m:[0m reuse idle connection for ("http", 192.168.0.14:8545)
[2m2025-12-10T12:08:02.864812Z[0m [34mDEBUG[0m [2mhyper::proto::h1::io[0m[2m:[0m flushed 250 bytes
[2m2025-12-10T12:08:02.865977Z[0m [34mDEBUG[0m [2mhyper::proto::h1::io[0m[2m:[0m parsed 4 headers
[2m2025-12-10T12:08:02.865988Z[0m [34mDEBUG[0m [2mhyper::proto::h1::conn[0m[2m:[0m incoming body is content-length (45 bytes)
[2m2025-12-10T12:08:02.866000Z[0m [34mDEBUG[0m [2mhyper::proto::h1::conn[0m[2m:[0m incoming body completed
[2m2025-12-10T12:08:02.866019Z[0m [34mDEBUG[0m [2mhyper::client::pool[0m[2m:[0m pooling idle connection for ("http", 192.168.0.14:8545)
[2m2025-12-10T12:08:02.872800Z[0m [34mDEBUG[0m [2mhyper::proto::h1::io[0m[2m:[0m parsed 4 headers
[2m2025-12-10T12:08:02.872813Z[0m [34mDEBUG[0m [2mhyper::proto::h1::conn[0m[2m:[0m incoming body is content-length (827 bytes)
[2m2025-12-10T12:08:02.872823Z[0m [34mDEBUG[0m [2mhyper::proto::h1::conn[0m[2m:[0m incoming body completed
[2m2025-12-10T12:08:02.872842Z[0m [34mDEBUG[0m [2mhyper::client::pool[0m[2m:[0m pooling idle connection for ("http", 192.168.0.14:8545)
[2m2025-12-10T12:08:02.872852Z[0m [34mDEBUG[0m [2methereum_transaction_pool_monitor::eth_client[0m[2m:[0m 📡 Transaction fetch RPC completed in 8.084167ms
[2m2025-12-10T12:08:03.058151Z[0m [34mDEBUG[0m [2methereum_transaction_pool_monitor::eth_client[0m[2m:[0m ✅ Transaction 0xa0a42e22cd115b4527bd80b9899d0f5fef0bd1d4cfaec409b87673844f177186 fetched and parsed in 193.379792ms
[2m2025-12-10T12:08:03.058192Z[0m [34mDEBUG[0m [2methereum_transaction_pool_monitor::mempool_monitor[0m[2m:[0m 🔍 Skipping tx 0xa0a42e22cd115b4527bd80b9899d0f5fef0bd1d4cfaec409b87673844f177186 - not a DEX interaction (target: 0xDDaef92FA7888eb8A8a684F72F5e8e9Ee6045490)
[2m2025-12-10T12:08:03.058255Z[0m [34mDEBUG[0m [2methereum_transaction_pool_monitor::mempool_monitor[0m[2m:[0m 📨 Processing new pending transaction: 0x990ed53d59fd585e545a4300955dec978157998ca781cfd1a971476f131edd84
[2m2025-12-10T12:08:03.058268Z[0m [34mDEBUG[0m [2methereum_transaction_pool_monitor::mempool_monitor[0m[2m:[0m 🔍 Fetching transaction details for: 0x990ed53d59fd585e545a4300955dec978157998ca781cfd1a971476f131edd84
[2m2025-12-10T12:08:03.058278Z[0m [34mDEBUG[0m [2methereum_transaction_pool_monitor::eth_client[0m[2m:[0m 🔍 Fetching transaction details for hash: 0x990ed53d59fd585e545a4300955dec978157998ca781cfd1a971476f131edd84
[2m2025-12-10T12:08:03.058350Z[0m [34mDEBUG[0m [2mhyper::client::pool[0m[2m:[0m reuse idle connection for ("http", 192.168.0.14:8545)
[2m2025-12-10T12:08:03.058432Z[0m [34mDEBUG[0m [2mhyper::proto::h1::io[0m[2m:[0m flushed 250 bytes
[2m2025-12-10T12:08:03.058489Z[0m [34mDEBUG[0m [2mhyper::client::pool[0m[2m:[0m reuse idle connection for ("http", 192.168.0.14:8545)
[2m2025-12-10T12:08:03.058487Z[0m [34mDEBUG[0m [2methereum_transaction_pool_monitor::eth_client[0m[2m:[0m 📨 Received WebSocket message: {"jsonrpc":"2.0","method":"eth_subscription","params":{"subscription":"0x47c11399886b6549da0ab4d02eced7c9","result":"0x6a46fa56705a5b2550f3d1a7bf52f59f18627e8ee247749386b0d9f058c4ced2"}}
[2m2025-12-10T12:08:03.058514Z[0m [34mDEBUG[0m [2methereum_transaction_pool_monitor::eth_client[0m[2m:[0m 📨 Received pending transaction: 0x6a46fa56705a5b2550f3d1a7bf52f59f18627e8ee247749386b0d9f058c4ced2
[2m2025-12-10T12:08:03.058520Z[0m [34mDEBUG[0m [2mhyper::proto::h1::io[0m[2m:[0m flushed 172 bytes
[2m2025-12-10T12:08:03.058527Z[0m [34mDEBUG[0m [2methereum_transaction_pool_monitor::eth_client[0m[2m:[0m 📨 Received WebSocket message: {"jsonrpc":"2.0","method":"eth_subscription","params":{"subscription":"0x47c11399886b6549da0ab4d02eced7c9","result":"0x44a945b6526f3dde7dad8a9dc9b82d501b238ead41a374a4a431b8bcdb93abec"}}
[2m2025-12-10T12:08:03.058544Z[0m [34mDEBUG[0m [2methereum_transaction_pool_monitor::eth_client[0m[2m:[0m 📨 Received pending transaction: 0x44a945b6526f3dde7dad8a9dc9b82d501b238ead41a374a4a431b8bcdb93abec
[2m2025-12-10T12:08:03.063491Z[0m [34mDEBUG[0m [2mhyper::proto::h1::io[0m[2m:[0m parsed 4 headers
[2m2025-12-10T12:08:03.063498Z[0m [34mDEBUG[0m [2mhyper::proto::h1::conn[0m[2m:[0m incoming body is content-length (719 bytes)
[2m2025-12-10T12:08:03.063513Z[0m [34mDEBUG[0m [2mhyper::proto::h1::conn[0m[2m:[0m incoming body completed
[2m2025-12-10T12:08:03.063535Z[0m [34mDEBUG[0m [2mhyper::client::pool[0m[2m:[0m pooling idle connection for ("http", 192.168.0.14:8545)
[2m2025-12-10T12:08:03.063549Z[0m [34mDEBUG[0m [2methereum_transaction_pool_monitor::eth_client[0m[2m:[0m 📡 Transaction fetch RPC completed in 5.261292ms
[2m2025-12-10T12:08:03.245707Z[0m [34mDEBUG[0m [2methereum_transaction_pool_monitor::eth_client[0m[2m:[0m ✅ Transaction 0x990ed53d59fd585e545a4300955dec978157998ca781cfd1a971476f131edd84 fetched and parsed in 187.416708ms
[2m2025-12-10T12:08:03.245751Z[0m [34mDEBUG[0m [2methereum_transaction_pool_monitor::mempool_monitor[0m[2m:[0m 🔍 Skipping tx 0x990ed53d59fd585e545a4300955dec978157998ca781cfd1a971476f131edd84 - not a DEX interaction (target: 0x00E63a411184761117838961c75afc34545c9E6a)
[2m2025-12-10T12:08:03.245816Z[0m [34mDEBUG[0m [2methereum_transaction_pool_monitor::mempool_monitor[0m[2m:[0m 📨 Processing new pending transaction: 0x6d827968acc7dada13c8a9a862889f2ec67f41dea92c3619c5edb9f8e1d1d44c
[2m2025-12-10T12:08:03.245829Z[0m [34mDEBUG[0m [2methereum_transaction_pool_monitor::mempool_monitor[0m[2m:[0m 🔍 Fetching transaction details for: 0x6d827968acc7dada13c8a9a862889f2ec67f41dea92c3619c5edb9f8e1d1d44c
[2m2025-12-10T12:08:03.245842Z[0m [34mDEBUG[0m [2methereum_transaction_pool_monitor::eth_client[0m[2m:[0m 🔍 Fetching transaction details for hash: 0x6d827968acc7dada13c8a9a862889f2ec67f41dea92c3619c5edb9f8e1d1d44c
[2m2025-12-10T12:08:03.245912Z[0m [34mDEBUG[0m [2mhyper::client::pool[0m[2m:[0m reuse idle connection for ("http", 192.168.0.14:8545)
[2m2025-12-10T12:08:03.245994Z[0m [34mDEBUG[0m [2mhyper::proto::h1::io[0m[2m:[0m flushed 250 bytes
[2m2025-12-10T12:08:03.246041Z[0m [34mDEBUG[0m [2methereum_transaction_pool_monitor::eth_client[0m[2m:[0m 📨 Received WebSocket message: {"jsonrpc":"2.0","method":"eth_subscription","params":{"subscription":"0x47c11399886b6549da0ab4d02eced7c9","result":"0xd15936e8b1ccedd814c99245cb6f489acb8952a6a33ba9081c4eb948e8a1348f"}}
[2m2025-12-10T12:08:03.246057Z[0m [34mDEBUG[0m [2mhyper::proto::h1::io[0m[2m:[0m parsed 4 headers
[2m2025-12-10T12:08:03.246063Z[0m [34mDEBUG[0m [2methereum_transaction_pool_monitor::eth_client[0m[2m:[0m 📨 Received pending transaction: 0xd15936e8b1ccedd814c99245cb6f489acb8952a6a33ba9081c4eb948e8a1348f
[2m2025-12-10T12:08:03.246068Z[0m [34mDEBUG[0m [2mhyper::proto::h1::conn[0m[2m:[0m incoming body is content-length (45 bytes)
[2m2025-12-10T12:08:03.246077Z[0m [34mDEBUG[0m [2methereum_transaction_pool_monitor::eth_client[0m[2m:[0m 📨 Received WebSocket message: {"jsonrpc":"2.0","method":"eth_subscription","params":{"subscription":"0x47c11399886b6549da0ab4d02eced7c9","result":"0x0690438bea86bea8607ce321b3ba32b7f9d2fc9fb1923abf3469ff9d9da12bec"}}
[2m2025-12-10T12:08:03.246084Z[0m [34mDEBUG[0m [2mhyper::proto::h1::conn[0m[2m:[0m incoming body completed
[2m2025-12-10T12:08:03.246096Z[0m [34mDEBUG[0m [2methereum_transaction_pool_monitor::eth_client[0m[2m:[0m 📨 Received pending transaction: 0x0690438bea86bea8607ce321b3ba32b7f9d2fc9fb1923abf3469ff9d9da12bec
[2m2025-12-10T12:08:03.246109Z[0m [34mDEBUG[0m [2methereum_transaction_pool_monitor::eth_client[0m[2m:[0m 📨 Received WebSocket message: {"jsonrpc":"2.0","method":"eth_subscription","params":{"subscription":"0x47c11399886b6549da0ab4d02eced7c9","result":"0xeb6a762ea465f4a51fa16844b485d9048ede373d5ef37ad6beea4e495ef9bac8"}}
[2m2025-12-10T12:08:03.246113Z[0m [34mDEBUG[0m [2mhyper::client::pool[0m[2m:[0m pooling idle connection for ("http", 192.168.0.14:8545)
[2m2025-12-10T12:08:03.246126Z[0m [34mDEBUG[0m [2methereum_transaction_pool_monitor::eth_client[0m[2m:[0m 📨 Received pending transaction: 0xeb6a762ea465f4a51fa16844b485d9048ede373d5ef37ad6beea4e495ef9bac8
[2m2025-12-10T12:08:03.246137Z[0m [34mDEBUG[0m [2methereum_transaction_pool_monitor::eth_client[0m[2m:[0m 📨 Received WebSocket message: {"jsonrpc":"2.0","method":"eth_subscription","params":{"subscription":"0x47c11399886b6549da0ab4d02eced7c9","result":"0x9d237cab2d5f62e30044c2ba36fee0b3eeabac5945aa5c7a9ba4a3ce76ac605e"}}
[2m2025-12-10T12:08:03.246152Z[0m [34mDEBUG[0m [2methereum_transaction_pool_monitor::eth_client[0m[2m:[0m 📨 Received pending transaction: 0x9d237cab2d5f62e30044c2ba36fee0b3eeabac5945aa5c7a9ba4a3ce76ac605e
[2m2025-12-10T12:08:03.246163Z[0m [34mDEBUG[0m [2methereum_transaction_pool_monitor::eth_client[0m[2m:[0m 📨 Received WebSocket message: {"jsonrpc":"2.0","method":"eth_subscription","params":{"subscription":"0x47c11399886b6549da0ab4d02eced7c9","result":"0xf3eff8043ed04e4b1af32bfdebaa7355abc8f6c996502b17b3144835609fc045"}}
[2m2025-12-10T12:08:03.246172Z[0m [34mDEBUG[0m [2mhyper::client::pool[0m[2m:[0m reuse idle connection for ("http", 192.168.0.14:8545)
[2m2025-12-10T12:08:03.246179Z[0m [34mDEBUG[0m [2methereum_transaction_pool_monitor::eth_client[0m[2m:[0m 📨 Received pending transaction: 0xf3eff8043ed04e4b1af32bfdebaa7355abc8f6c996502b17b3144835609fc045
[2m2025-12-10T12:08:03.246190Z[0m [34mDEBUG[0m [2methereum_transaction_pool_monitor::eth_client[0m[2m:[0m 📨 Received WebSocket message: {"jsonrpc":"2.0","method":"eth_subscription","params":{"subscription":"0x47c11399886b6549da0ab4d02eced7c9","result":"0xacc3f0771e2b02298c46380dcfd5f0cd317af411bd6faf6651ae2a22eb8eb2fd"}}
[2m2025-12-10T12:08:03.246209Z[0m [34mDEBUG[0m [2methereum_transaction_pool_monitor::eth_client[0m[2m:[0m 📨 Received pending transaction: 0xacc3f0771e2b02298c46380dcfd5f0cd317af411bd6faf6651ae2a22eb8eb2fd
[2m2025-12-10T12:08:03.246211Z[0m [34mDEBUG[0m [2mhyper::proto::h1::io[0m[2m:[0m flushed 172 bytes
[2m2025-12-10T12:08:03.250814Z[0m [34mDEBUG[0m [2mhyper::proto::h1::io[0m[2m:[0m parsed 4 headers
[2m2025-12-10T12:08:03.250825Z[0m [34mDEBUG[0m [2mhyper::proto::h1::conn[0m[2m:[0m incoming body is content-length (844 bytes)
[2m2025-12-10T12:08:03.250839Z[0m [34mDEBUG[0m [2mhyper::proto::h1::conn[0m[2m:[0m incoming body completed
[2m2025-12-10T12:08:03.250858Z[0m [34mDEBUG[0m [2mhyper::client::pool[0m[2m:[0m pooling idle connection for ("http", 192.168.0.14:8545)
[2m2025-12-10T12:08:03.250869Z[0m [34mDEBUG[0m [2methereum_transaction_pool_monitor::eth_client[0m[2m:[0m 📡 Transaction fetch RPC completed in 5.013167ms
[2m2025-12-10T12:08:03.433976Z[0m [34mDEBUG[0m [2methereum_transaction_pool_monitor::eth_client[0m[2m:[0m ✅ Transaction 0x6d827968acc7dada13c8a9a862889f2ec67f41dea92c3619c5edb9f8e1d1d44c fetched and parsed in 188.116417ms
[2m2025-12-10T12:08:03.434027Z[0m [34mDEBUG[0m [2methereum_transaction_pool_monitor::mempool_monitor[0m[2m:[0m 🔍 Skipping tx 0x6d827968acc7dada13c8a9a862889f2ec67f41dea92c3619c5edb9f8e1d1d44c - not a DEX interaction (target: 0x64B3B21Ee104F434380270749D8D5bfD481FDcf6)
[2m2025-12-10T12:08:03.434089Z[0m [34mDEBUG[0m [2methereum_transaction_pool_monitor::mempool_monitor[0m[2m:[0m 📨 Processing new pending transaction: 0xf5d357ff5991ab91f129922168b865e9f69c2d2395d3ade92ca582dd586fecf2
[2m2025-12-10T12:08:03.434099Z[0m [34mDEBUG[0m [2methereum_transaction_pool_monitor::mempool_monitor[0m[2m:[0m 🔍 Fetching transaction details for: 0xf5d357ff5991ab91f129922168b865e9f69c2d2395d3ade92ca582dd586fecf2
[2m2025-12-10T12:08:03.434108Z[0m [34mDEBUG[0m [2methereum_transaction_pool_monitor::eth_client[0m[2m:[0m 🔍 Fetching transaction details for hash: 0xf5d357ff5991ab91f129922168b865e9f69c2d2395d3ade92ca582dd586fecf2
[2m2025-12-10T12:08:03.434180Z[0m [34mDEBUG[0m [2mhyper::client::pool[0m[2m:[0m reuse idle connection for ("http", 192.168.0.14:8545)
[2m2025-12-10T12:08:03.434267Z[0m [34mDEBUG[0m [2mhyper::proto::h1::io[0m[2m:[0m flushed 250 bytes
[2m2025-12-10T12:08:03.434318Z[0m [34mDEBUG[0m [2methereum_transaction_pool_monitor::eth_client[0m[2m:[0m 📨 Received WebSocket message: {"jsonrpc":"2.0","method":"eth_subscription","params":{"subscription":"0x47c11399886b6549da0ab4d02eced7c9","result":"0x0dc03c9d9e5d93a33239a13caa97174eb97dca142afd1cd6fb2db9be95b999d5"}}
[2m2025-12-10T12:08:03.434341Z[0m [34mDEBUG[0m [2methereum_transaction_pool_monitor::eth_client[0m[2m:[0m 📨 Received pending transaction: 0x0dc03c9d9e5d93a33239a13caa97174eb97dca142afd1cd6fb2db9be95b999d5
[2m2025-12-10T12:08:03.434341Z[0m [34mDEBUG[0m [2mhyper::proto::h1::io[0m[2m:[0m parsed 4 headers
[2m2025-12-10T12:08:03.434357Z[0m [34mDEBUG[0m [2mhyper::proto::h1::conn[0m[2m:[0m incoming body is content-length (45 bytes)
[2m2025-12-10T12:08:03.434356Z[0m [34mDEBUG[0m [2methereum_transaction_pool_monitor::eth_client[0m[2m:[0m 📨 Received WebSocket message: {"jsonrpc":"2.0","method":"eth_subscription","params":{"subscription":"0x47c11399886b6549da0ab4d02eced7c9","result":"0x70b584787caeb6f18eb55e4fc451fd5c1695ccd1acca842baba0ba33072e48b4"}}
[2m2025-12-10T12:08:03.434376Z[0m [34mDEBUG[0m [2mhyper::proto::h1::conn[0m[2m:[0m incoming body completed
[2m2025-12-10T12:08:03.434377Z[0m [34mDEBUG[0m [2methereum_transaction_pool_monitor::eth_client[0m[2m:[0m 📨 Received pending transaction: 0x70b584787caeb6f18eb55e4fc451fd5c1695ccd1acca842baba0ba33072e48b4
[2m2025-12-10T12:08:03.434393Z[0m [34mDEBUG[0m [2methereum_transaction_pool_monitor::eth_client[0m[2m:[0m 📨 Received WebSocket message: {"jsonrpc":"2.0","method":"eth_subscription","params":{"subscription":"0x47c11399886b6549da0ab4d02eced7c9","result":"0x6513cb4954a3e9467f385c27fd6de30239c7432dc6873476373bd3ccfbdb4ec0"}}
[2m2025-12-10T12:08:03.434409Z[0m [34mDEBUG[0m [2methereum_transaction_pool_monitor::eth_client[0m[2m:[0m 📨 Received pending transaction: 0x6513cb4954a3e9467f385c27fd6de30239c7432dc6873476373bd3ccfbdb4ec0
[2m2025-12-10T12:08:03.434409Z[0m [34mDEBUG[0m [2mhyper::client::pool[0m[2m:[0m pooling idle connection for ("http", 192.168.0.14:8545)
[2m2025-12-10T12:08:03.434481Z[0m [34mDEBUG[0m [2mhyper::client::pool[0m[2m:[0m reuse idle connection for ("http", 192.168.0.14:8545)
[2m2025-12-10T12:08:03.434528Z[0m [34mDEBUG[0m [2mhyper::proto::h1::io[0m[2m:[0m flushed 172 bytes
[2m2025-12-10T12:08:03.438944Z[0m [34mDEBUG[0m [2mhyper::proto::h1::io[0m[2m:[0m parsed 4 headers
[2m2025-12-10T12:08:03.438972Z[0m [34mDEBUG[0m [2mhyper::proto::h1::conn[0m[2m:[0m incoming body is content-length (845 bytes)
[2m2025-12-10T12:08:03.438982Z[0m [34mDEBUG[0m [2mhyper::proto::h1::conn[0m[2m:[0m incoming body completed
[2m2025-12-10T12:08:03.438998Z[0m [34mDEBUG[0m [2mhyper::client::pool[0m[2m:[0m pooling idle connection for ("http", 192.168.0.14:8545)
[2m2025-12-10T12:08:03.439009Z[0m [34mDEBUG[0m [2methereum_transaction_pool_monitor::eth_client[0m[2m:[0m 📡 Transaction fetch RPC completed in 4.891625ms
[2m2025-12-10T12:08:03.622917Z[0m [34mDEBUG[0m [2methereum_transaction_pool_monitor::eth_client[0m[2m:[0m ✅ Transaction 0xf5d357ff5991ab91f129922168b865e9f69c2d2395d3ade92ca582dd586fecf2 fetched and parsed in 188.796875ms
[2m2025-12-10T12:08:03.622958Z[0m [34mDEBUG[0m [2methereum_transaction_pool_monitor::mempool_monitor[0m[2m:[0m 🔍 Skipping tx 0xf5d357ff5991ab91f129922168b865e9f69c2d2395d3ade92ca582dd586fecf2 - not a DEX interaction (target: 0x4C1746A800D224393fE2470C70A35717eD4eA5F1)
[2m2025-12-10T12:08:03.623015Z[0m [34mDEBUG[0m [2methereum_transaction_pool_monitor::mempool_monitor[0m[2m:[0m 📨 Processing new pending transaction: 0x6fde94663544b898bfc848d35c89a365d28b65ddfeecdc320d32b32a6c2a9ef6
[2m2025-12-10T12:08:03.623025Z[0m [34mDEBUG[0m [2methereum_transaction_pool_monitor::mempool_monitor[0m[2m:[0m 🔍 Fetching transaction details for: 0x6fde94663544b898bfc848d35c89a365d28b65ddfeecdc320d32b32a6c2a9ef6
[2m2025-12-10T12:08:03.623034Z[0m [34mDEBUG[0m [2methereum_transaction_pool_monitor::eth_client[0m[2m:[0m 🔍 Fetching transaction details for hash: 0x6fde94663544b898bfc848d35c89a365d28b65ddfeecdc320d32b32a6c2a9ef6
[2m2025-12-10T12:08:03.623106Z[0m [34mDEBUG[0m [2mhyper::client::pool[0m[2m:[0m reuse idle connection for ("http", 192.168.0.14:8545)
[2m2025-12-10T12:08:03.623192Z[0m [34mDEBUG[0m [2mhyper::proto::h1::io[0m[2m:[0m flushed 250 bytes
[2m2025-12-10T12:08:03.623238Z[0m [34mDEBUG[0m [2methereum_transaction_pool_monitor::eth_client[0m[2m:[0m 📨 Received WebSocket message: {"jsonrpc":"2.0","method":"eth_subscription","params":{"subscription":"0x47c11399886b6549da0ab4d02eced7c9","result":"0xc42c51a099e9c9b25b5ad02cbe81a246b90c0970d8162b14db0b18ae9c9aab44"}}
[2m2025-12-10T12:08:03.623259Z[0m [34mDEBUG[0m [2mhyper::proto::h1::io[0m[2m:[0m parsed 4 headers
[2m2025-12-10T12:08:03.623260Z[0m [34mDEBUG[0m [2methereum_transaction_pool_monitor::eth_client[0m[2m:[0m 📨 Received pending transaction: 0xc42c51a099e9c9b25b5ad02cbe81a246b90c0970d8162b14db0b18ae9c9aab44
[2m2025-12-10T12:08:03.623272Z[0m [34mDEBUG[0m [2mhyper::proto::h1::conn[0m[2m:[0m incoming body is content-length (45 bytes)
[2m2025-12-10T12:08:03.623279Z[0m [34mDEBUG[0m [2methereum_transaction_pool_monitor::eth_client[0m[2m:[0m 📨 Received WebSocket message: {"jsonrpc":"2.0","method":"eth_subscription","params":{"subscription":"0x47c11399886b6549da0ab4d02eced7c9","result":"0xb7dad68c998f6cc04a093fdf78d793a722cf88c0662c6ab01b26c0ec15c03034"}}
[2m2025-12-10T12:08:03.623289Z[0m [34mDEBUG[0m [2mhyper::proto::h1::conn[0m[2m:[0m incoming body completed
[2m2025-12-10T12:08:03.623296Z[0m [34mDEBUG[0m [2methereum_transaction_pool_monitor::eth_client[0m[2m:[0m 📨 Received pending transaction: 0xb7dad68c998f6cc04a093fdf78d793a722cf88c0662c6ab01b26c0ec15c03034
[2m2025-12-10T12:08:03.623318Z[0m [34mDEBUG[0m [2mhyper::client::pool[0m[2m:[0m pooling idle connection for ("http", 192.168.0.14:8545)
[2m2025-12-10T12:08:03.623383Z[0m [34mDEBUG[0m [2mhyper::client::pool[0m[2m:[0m reuse idle connection for ("http", 192.168.0.14:8545)
[2m2025-12-10T12:08:03.623426Z[0m [34mDEBUG[0m [2mhyper::proto::h1::io[0m[2m:[0m flushed 172 bytes
[2m2025-12-10T12:08:03.630964Z[0m [34mDEBUG[0m [2mhyper::proto::h1::io[0m[2m:[0m parsed 4 headers
[2m2025-12-10T12:08:03.630974Z[0m [34mDEBUG[0m [2mhyper::proto::h1::conn[0m[2m:[0m incoming body is content-length (720 bytes)
[2m2025-12-10T12:08:03.630985Z[0m [34mDEBUG[0m [2mhyper::proto::h1::conn[0m[2m:[0m incoming body completed
[2m2025-12-10T12:08:03.631003Z[0m [34mDEBUG[0m [2mhyper::client::pool[0m[2m:[0m pooling idle connection for ("http", 192.168.0.14:8545)
[2m2025-12-10T12:08:03.631014Z[0m [34mDEBUG[0m [2methereum_transaction_pool_monitor::eth_client[0m[2m:[0m 📡 Transaction fetch RPC completed in 7.970458ms
[2m2025-12-10T12:08:03.812474Z[0m [34mDEBUG[0m [2methereum_transaction_pool_monitor::eth_client[0m[2m:[0m ✅ Transaction 0x6fde94663544b898bfc848d35c89a365d28b65ddfeecdc320d32b32a6c2a9ef6 fetched and parsed in 189.427583ms
[2m2025-12-10T12:08:03.812514Z[0m [34mDEBUG[0m [2methereum_transaction_pool_monitor::mempool_monitor[0m[2m:[0m 🔍 Skipping tx 0x6fde94663544b898bfc848d35c89a365d28b65ddfeecdc320d32b32a6c2a9ef6 - not a DEX interaction (target: 0x23cc81779d1DADE404A66629eba39B2624e78454)
[2m2025-12-10T12:08:03.812568Z[0m [34mDEBUG[0m [2methereum_transaction_pool_monitor::mempool_monitor[0m[2m:[0m 📨 Processing new pending transaction: 0x6806682019fa3d281cdb85b830122925d93ccafdb65cacc525aa40579e6ec59a
[2m2025-12-10T12:08:03.812579Z[0m [34mDEBUG[0m [2methereum_transaction_pool_monitor::mempool_monitor[0m[2m:[0m 🔍 Fetching transaction details for: 0x6806682019fa3d281cdb85b830122925d93ccafdb65cacc525aa40579e6ec59a
[2m2025-12-10T12:08:03.812588Z[0m [34mDEBUG[0m [2methereum_transaction_pool_monitor::eth_client[0m[2m:[0m 🔍 Fetching transaction details for hash: 0x6806682019fa3d281cdb85b830122925d93ccafdb65cacc525aa40579e6ec59a
[2m2025-12-10T12:08:03.812658Z[0m [34mDEBUG[0m [2mhyper::client::pool[0m[2m:[0m reuse idle connection for ("http", 192.168.0.14:8545)
[2m2025-12-10T12:08:03.812742Z[0m [34mDEBUG[0m [2mhyper::proto::h1::io[0m[2m:[0m flushed 250 bytes
[2m2025-12-10T12:08:03.812788Z[0m [34mDEBUG[0m [2methereum_transaction_pool_monitor::eth_client[0m[2m:[0m 📨 Received WebSocket message: {"jsonrpc":"2.0","method":"eth_subscription","params":{"subscription":"0x47c11399886b6549da0ab4d02eced7c9","result":"0xc3bb66c8f0f71066a0ed7df63dc73a4c6361a19b285beac0e0dddc6253fe4638"}}
[2m2025-12-10T12:08:03.812809Z[0m [34mDEBUG[0m [2mhyper::proto::h1::io[0m[2m:[0m parsed 4 headers
[2m2025-12-10T12:08:03.812810Z[0m [34mDEBUG[0m [2methereum_transaction_pool_monitor::eth_client[0m[2m:[0m 📨 Received pending transaction: 0xc3bb66c8f0f71066a0ed7df63dc73a4c6361a19b285beac0e0dddc6253fe4638
[2m2025-12-10T12:08:03.812822Z[0m [34mDEBUG[0m [2mhyper::proto::h1::conn[0m[2m:[0m incoming body is content-length (45 bytes)
[2m2025-12-10T12:08:03.812830Z[0m [34mDEBUG[0m [2methereum_transaction_pool_monitor::eth_client[0m[2m:[0m 📨 Received WebSocket message: {"jsonrpc":"2.0","method":"eth_subscription","params":{"subscription":"0x47c11399886b6549da0ab4d02eced7c9","result":"0x94d28a02743ad3f955f93fb473cdbf635453f86b61d64cf1273d4d16ac618710"}}
[2m2025-12-10T12:08:03.812840Z[0m [34mDEBUG[0m [2mhyper::proto::h1::conn[0m[2m:[0m incoming body completed
[2m2025-12-10T12:08:03.812848Z[0m [34mDEBUG[0m [2methereum_transaction_pool_monitor::eth_client[0m[2m:[0m 📨 Received pending transaction: 0x94d28a02743ad3f955f93fb473cdbf635453f86b61d64cf1273d4d16ac618710
[2m2025-12-10T12:08:03.812869Z[0m [34mDEBUG[0m [2mhyper::client::pool[0m[2m:[0m pooling idle connection for ("http", 192.168.0.14:8545)
[2m2025-12-10T12:08:03.812935Z[0m [34mDEBUG[0m [2mhyper::client::pool[0m[2m:[0m reuse idle connection for ("http", 192.168.0.14:8545)
[2m2025-12-10T12:08:03.812979Z[0m [34mDEBUG[0m [2mhyper::proto::h1::io[0m[2m:[0m flushed 172 bytes
[2m2025-12-10T12:08:03.817556Z[0m [34mDEBUG[0m [2mhyper::proto::h1::io[0m[2m:[0m parsed 4 headers
[2m2025-12-10T12:08:03.817566Z[0m [34mDEBUG[0m [2mhyper::proto::h1::conn[0m[2m:[0m incoming body is content-length (1099 bytes)
[2m2025-12-10T12:08:03.817578Z[0m [34mDEBUG[0m [2mhyper::proto::h1::conn[0m[2m:[0m incoming body completed
[2m2025-12-10T12:08:03.817594Z[0m [34mDEBUG[0m [2mhyper::client::pool[0m[2m:[0m pooling idle connection for ("http", 192.168.0.14:8545)
[2m2025-12-10T12:08:03.817605Z[0m [34mDEBUG[0m [2methereum_transaction_pool_monitor::eth_client[0m[2m:[0m 📡 Transaction fetch RPC completed in 5.007042ms
