    Finished `dev` profile [unoptimized + debuginfo] target(s) in 0.39s
     Running `target/debug/ethereum-transaction-pool-monitor bot --min-profit 0.001 --max-gas-price 50 --stats-interval 10`
🤖 Continuous MEV Bot Runner
============================
🤖 Initializing MEV Bot Runner...
📊 Loading pool database...
✅ Pool database loaded: 545308 pools
⚙️  Bot Configuration:
   • Min Profit: 0.0010 ETH
   • Max Gas Price: 50 gwei
   • Execution Mode: Simulation Only
   • Stats Interval: 10s
📝 Running in SIMULATION mode - no actual transactions will be sent

🚀 Starting MEV bot runner...
   Press Ctrl+C to stop gracefully

[2m2025-12-11T03:52:04.399489Z[0m [32m INFO[0m [2methereum_transaction_pool_monitor::bot_runner[0m[2m:[0m Starting MEV bot runner...
[2m2025-12-11T03:52:04.399579Z[0m [32m INFO[0m [2methereum_transaction_pool_monitor::bot_runner[0m[2m:[0m ╔══════════════════════════════════════════════════════════════╗
[2m2025-12-11T03:52:04.399587Z[0m [32m INFO[0m [2methereum_transaction_pool_monitor::bot_runner[0m[2m:[0m ║                  MEV BOT RUNNER STARTED                     ║
[2m2025-12-11T03:52:04.399593Z[0m [32m INFO[0m [2methereum_transaction_pool_monitor::bot_runner[0m[2m:[0m ╠══════════════════════════════════════════════════════════════╣
[2m2025-12-11T03:52:04.399598Z[0m [32m INFO[0m [2methereum_transaction_pool_monitor::bot_runner[0m[2m:[0m ║ Min Profit Threshold: 0.0010 ETH                           ║
[2m2025-12-11T03:52:04.399662Z[0m [32m INFO[0m [2methereum_transaction_pool_monitor::bot_runner[0m[2m:[0m ║ Max Gas Price: 50 gwei                                  ║
[2m2025-12-11T03:52:04.399688Z[0m [32m INFO[0m [2methereum_transaction_pool_monitor::bot_runner[0m[2m:[0m ║ Max Concurrent Bundles: 5                                ║
[2m2025-12-11T03:52:04.399693Z[0m [32m INFO[0m [2methereum_transaction_pool_monitor::bot_runner[0m[2m:[0m ║ Flashbots Enabled: false                                    ║
[2m2025-12-11T03:52:04.401102Z[0m [32m INFO[0m [2methereum_transaction_pool_monitor::bot_runner[0m[2m:[0m ║ Pool Database: 545308 pools loaded                         ║
[2m2025-12-11T03:52:04.401122Z[0m [32m INFO[0m [2methereum_transaction_pool_monitor::bot_runner[0m[2m:[0m ╚══════════════════════════════════════════════════════════════╝
[2m2025-12-11T03:52:04.401219Z[0m [32m INFO[0m [2methereum_transaction_pool_monitor::mempool_monitor[0m[2m:[0m 🚀 Initializing MEV mempool monitor...
[2m2025-12-11T03:52:04.401256Z[0m [32m INFO[0m [2methereum_transaction_pool_monitor::mempool_monitor[0m[2m:[0m ✅ Ethereum client connected
[2m2025-12-11T03:52:04.401485Z[0m [32m INFO[0m [2methereum_transaction_pool_monitor::mempool_monitor[0m[2m:[0m ✅ Pool database loaded
[2m2025-12-11T03:52:04.401491Z[0m [32m INFO[0m [2methereum_transaction_pool_monitor::mempool_monitor[0m[2m:[0m ✅ Enhanced sandwich simulator ready (bypassed for now)
[2m2025-12-11T03:52:05.160174Z[0m [32m INFO[0m [2methereum_transaction_pool_monitor::mempool_monitor[0m[2m:[0m 📊 Loading 470920 pools for protocol: UniswapV2
[2m2025-12-11T03:52:06.195253Z[0m [32m INFO[0m [2methereum_transaction_pool_monitor::mempool_monitor[0m[2m:[0m 📊 Loading 49404 pools for protocol: UniswapV3
[2m2025-12-11T03:52:06.378664Z[0m [32m INFO[0m [2methereum_transaction_pool_monitor::mempool_monitor[0m[2m:[0m 📊 Loading 657 pools for protocol: SushiSwap
[2m2025-12-11T03:52:06.493324Z[0m [32m INFO[0m [2methereum_transaction_pool_monitor::mempool_monitor[0m[2m:[0m 📊 Loading 1208 pools for protocol: Curve
[2m2025-12-11T03:52:06.495039Z[0m [32m INFO[0m [2methereum_transaction_pool_monitor::mempool_monitor[0m[2m:[0m 📊 Total known pool addresses loaded: 522189
[2m2025-12-11T03:52:06.495063Z[0m [32m INFO[0m [2methereum_transaction_pool_monitor::mempool_monitor[0m[2m:[0m ✅ Loaded 522189 known pool addresses for mempool filtering
[2m2025-12-11T03:52:06.495307Z[0m [32m INFO[0m [2methereum_transaction_pool_monitor::bot_runner[0m[2m:[0m All MEV bot components started successfully
[2m2025-12-11T03:52:06.495506Z[0m [32m INFO[0m [2methereum_transaction_pool_monitor::mempool_monitor[0m[2m:[0m 🔍 Starting real-time mempool monitoring for MEV opportunities
[2m2025-12-11T03:52:06.495531Z[0m [32m INFO[0m [2methereum_transaction_pool_monitor::mempool_monitor[0m[2m:[0m 📊 Config: min_value=$1, max_gas=50 gwei, min_profit=0.001 ETH
[2m2025-12-11T03:52:06.495538Z[0m [32m INFO[0m [2methereum_transaction_pool_monitor::mempool_monitor[0m[2m:[0m 🎯 Monitoring 3 protocols: ["UniswapV2", "UniswapV3", "SushiSwap"]
[2m2025-12-11T03:52:06.495870Z[0m [32m INFO[0m [2methereum_transaction_pool_monitor::mempool_monitor[0m[2m:[0m ✅ Successfully subscribed to mempool transactions
[2m2025-12-11T03:52:06.496700Z[0m [32m INFO[0m [2methereum_transaction_pool_monitor::bot_runner[0m[2m:[0m 🤖 MEV Bot Stats | Uptime: 0.0h | Opportunities: 0 | Bundles: 0/0 (0.0%) | Profit: 0.0000 ETH | Rate: 0.00/h
[2m2025-12-11T03:52:16.496867Z[0m [32m INFO[0m [2methereum_transaction_pool_monitor::bot_runner[0m[2m:[0m 🤖 MEV Bot Stats | Uptime: 0.0h | Opportunities: 0 | Bundles: 0/0 (0.0%) | Profit: 0.0000 ETH | Rate: 0.00/h
[2m2025-12-11T03:52:22.779133Z[0m [32m INFO[0m [2methereum_transaction_pool_monitor::mempool_monitor[0m[2m:[0m 🎯 Router transaction detected: 0x829f6ec6acda684da0eb7e593a812490f0cae782e9547cb1943517ccf9ab0e1e -> 0x7a250d5630B4cF539739dF2C5dAcb4c659F2488D
[2m2025-12-11T03:52:22.779282Z[0m [32m INFO[0m [2methereum_transaction_pool_monitor::mempool_monitor[0m[2m:[0m 📊 Detected swapExactETHForTokens
[2m2025-12-11T03:52:22.779301Z[0m [32m INFO[0m [2methereum_transaction_pool_monitor::mempool_monitor[0m[2m:[0m 🔍 ETH swap path offset: 128
[2m2025-12-11T03:52:22.779306Z[0m [32m INFO[0m [2methereum_transaction_pool_monitor::mempool_monitor[0m[2m:[0m 🔍 ETH swap path length: 2
[2m2025-12-11T03:52:22.779314Z[0m [32m INFO[0m [2methereum_transaction_pool_monitor::mempool_monitor[0m[2m:[0m 🔍 ETH swap extracted token pair: 0xC02aaA39b223FE8D0A0e5C4F27eAD9083C756Cc2 -> 0x1a2fCFBD9a36a9b4a08F3cAC9C87100b65De29b9
[2m2025-12-11T03:52:22.779349Z[0m [32m INFO[0m [2methereum_transaction_pool_monitor::mempool_monitor[0m[2m:[0m 🔍 Searching for pool with tokens 0xC02aaA39b223FE8D0A0e5C4F27eAD9083C756Cc2 and 0x1a2fCFBD9a36a9b4a08F3cAC9C87100b65De29b9
[2m2025-12-11T03:52:23.070479Z[0m [32m INFO[0m [2methereum_transaction_pool_monitor::mempool_monitor[0m[2m:[0m 🔍 No pool found for token pair 0xC02aaA39b223FE8D0A0e5C4F27eAD9083C756Cc2 -> 0x1a2fCFBD9a36a9b4a08F3cAC9C87100b65De29b9
[2m2025-12-11T03:52:23.070581Z[0m [32m INFO[0m [2methereum_transaction_pool_monitor::mempool_monitor[0m[2m:[0m ✨ Potential MEV target: 0x829f6ec6acda684da0eb7e593a812490f0cae782e9547cb1943517ccf9ab0e1e ($0, 0.0 gwei)
[2m2025-12-11T03:52:26.664856Z[0m [32m INFO[0m [2methereum_transaction_pool_monitor::bot_runner[0m[2m:[0m 🤖 MEV Bot Stats | Uptime: 0.0h | Opportunities: 0 | Bundles: 0/0 (0.0%) | Profit: 0.0000 ETH | Rate: 0.00/h
[2m2025-12-11T03:52:36.496817Z[0m [32m INFO[0m [2methereum_transaction_pool_monitor::bot_runner[0m[2m:[0m 🤖 MEV Bot Stats | Uptime: 0.0h | Opportunities: 0 | Bundles: 0/0 (0.0%) | Profit: 0.0000 ETH | Rate: 0.00/h
[2m2025-12-11T03:52:36.939199Z[0m [32m INFO[0m [2methereum_transaction_pool_monitor::mempool_monitor[0m[2m:[0m 🎯 Router transaction detected: 0x1f5e0bd62e4e04e98e8629bc3ccc611f9b437aba3c12a5ae2219a10dec4aa068 -> 0x7a250d5630B4cF539739dF2C5dAcb4c659F2488D
[2m2025-12-11T03:52:36.939348Z[0m [32m INFO[0m [2methereum_transaction_pool_monitor::mempool_monitor[0m[2m:[0m 📊 Detected swapExactTokensForTokens
[2m2025-12-11T03:52:36.939378Z[0m [32m INFO[0m [2methereum_transaction_pool_monitor::mempool_monitor[0m[2m:[0m 🔍 Path offset: 160
[2m2025-12-11T03:52:36.939385Z[0m [32m INFO[0m [2methereum_transaction_pool_monitor::mempool_monitor[0m[2m:[0m 🔍 Path length: 2
[2m2025-12-11T03:52:36.939390Z[0m [32m INFO[0m [2methereum_transaction_pool_monitor::mempool_monitor[0m[2m:[0m 🔍 Extracted token pair: 0x00c83aeCC790e8a4453e5dD3B0B4b3680501a7A7 -> 0xC02aaA39b223FE8D0A0e5C4F27eAD9083C756Cc2
[2m2025-12-11T03:52:36.939429Z[0m [32m INFO[0m [2methereum_transaction_pool_monitor::mempool_monitor[0m[2m:[0m 🔍 Searching for pool with tokens 0x00c83aeCC790e8a4453e5dD3B0B4b3680501a7A7 and 0xC02aaA39b223FE8D0A0e5C4F27eAD9083C756Cc2
[2m2025-12-11T03:52:37.213893Z[0m [32m INFO[0m [2methereum_transaction_pool_monitor::mempool_monitor[0m[2m:[0m 🎯 Found target pool: 0xF232D640A5700724748464ba8bD8BEd21Db609a6 (UniswapV2)
[2m2025-12-11T03:52:37.213976Z[0m [32m INFO[0m [2methereum_transaction_pool_monitor::mempool_monitor[0m[2m:[0m ✨ Potential MEV target: 0x1f5e0bd62e4e04e98e8629bc3ccc611f9b437aba3c12a5ae2219a10dec4aa068 ($0, 0.0 gwei)
[2m2025-12-11T03:52:37.336394Z[0m [32m INFO[0m [2methereum_transaction_pool_monitor::mempool_monitor[0m[2m:[0m ✅ Successfully created sandwich target for pool: 0xf232d640a5700724748464ba8bd8bed21db609a6
[2m2025-12-11T03:52:37.336438Z[0m [32m INFO[0m [2methereum_transaction_pool_monitor::mempool_monitor[0m[2m:[0m 🧮 Running basic sandwich simulation for victim tx: 0x1f5e0bd62e4e04e98e8629bc3ccc611f9b437aba3c12a5ae2219a10dec4aa068
[2m2025-12-11T03:52:37.500206Z[0m [32m INFO[0m [2methereum_transaction_pool_monitor::mempool_monitor[0m[2m:[0m ⚠️ Simulation determined sandwich not profitable
[2m2025-12-11T03:52:46.590141Z[0m [32m INFO[0m [2methereum_transaction_pool_monitor::bot_runner[0m[2m:[0m 🤖 MEV Bot Stats | Uptime: 0.0h | Opportunities: 0 | Bundles: 0/0 (0.0%) | Profit: 0.0000 ETH | Rate: 0.00/h
[2m2025-12-11T03:52:55.432279Z[0m [32m INFO[0m [2methereum_transaction_pool_monitor::mempool_monitor[0m[2m:[0m 🎯 Router transaction detected: 0xc52309c18e8da39fb1ed8b36cc1e4832ace3a0affd9194ce44c223e14f46acd7 -> 0x7a250d5630B4cF539739dF2C5dAcb4c659F2488D
[2m2025-12-11T03:52:55.432784Z[0m [32m INFO[0m [2methereum_transaction_pool_monitor::mempool_monitor[0m[2m:[0m ✨ Potential MEV target: 0xc52309c18e8da39fb1ed8b36cc1e4832ace3a0affd9194ce44c223e14f46acd7 ($0, 0.0 gwei)
[2m2025-12-11T03:52:56.676523Z[0m [32m INFO[0m [2methereum_transaction_pool_monitor::bot_runner[0m[2m:[0m 🤖 MEV Bot Stats | Uptime: 0.0h | Opportunities: 0 | Bundles: 0/0 (0.0%) | Profit: 0.0000 ETH | Rate: 0.00/h
[2m2025-12-11T03:53:06.496129Z[0m [32m INFO[0m [2methereum_transaction_pool_monitor::bot_runner[0m[2m:[0m 🤖 MEV Bot Stats | Uptime: 0.0h | Opportunities: 0 | Bundles: 0/0 (0.0%) | Profit: 0.0000 ETH | Rate: 0.00/h
[2m2025-12-11T03:53:16.497478Z[0m [32m INFO[0m [2methereum_transaction_pool_monitor::bot_runner[0m[2m:[0m 🤖 MEV Bot Stats | Uptime: 0.0h | Opportunities: 0 | Bundles: 0/0 (0.0%) | Profit: 0.0000 ETH | Rate: 0.00/h
[2m2025-12-11T03:53:17.632487Z[0m [32m INFO[0m [2methereum_transaction_pool_monitor::mempool_monitor[0m[2m:[0m 🎯 Router transaction detected: 0x1f5e0bd62e4e04e98e8629bc3ccc611f9b437aba3c12a5ae2219a10dec4aa068 -> 0x7a250d5630B4cF539739dF2C5dAcb4c659F2488D
[2m2025-12-11T03:53:17.632607Z[0m [32m INFO[0m [2methereum_transaction_pool_monitor::mempool_monitor[0m[2m:[0m 📊 Detected swapExactTokensForTokens
[2m2025-12-11T03:53:17.632622Z[0m [32m INFO[0m [2methereum_transaction_pool_monitor::mempool_monitor[0m[2m:[0m 🔍 Path offset: 160
[2m2025-12-11T03:53:17.632628Z[0m [32m INFO[0m [2methereum_transaction_pool_monitor::mempool_monitor[0m[2m:[0m 🔍 Path length: 2
[2m2025-12-11T03:53:17.632633Z[0m [32m INFO[0m [2methereum_transaction_pool_monitor::mempool_monitor[0m[2m:[0m 🔍 Extracted token pair: 0x00c83aeCC790e8a4453e5dD3B0B4b3680501a7A7 -> 0xC02aaA39b223FE8D0A0e5C4F27eAD9083C756Cc2
[2m2025-12-11T03:53:17.632677Z[0m [32m INFO[0m [2methereum_transaction_pool_monitor::mempool_monitor[0m[2m:[0m 🔍 Searching for pool with tokens 0x00c83aeCC790e8a4453e5dD3B0B4b3680501a7A7 and 0xC02aaA39b223FE8D0A0e5C4F27eAD9083C756Cc2
[2m2025-12-11T03:53:17.917043Z[0m [32m INFO[0m [2methereum_transaction_pool_monitor::mempool_monitor[0m[2m:[0m 🎯 Found target pool: 0xF232D640A5700724748464ba8bD8BEd21Db609a6 (UniswapV2)
[2m2025-12-11T03:53:17.917105Z[0m [32m INFO[0m [2methereum_transaction_pool_monitor::mempool_monitor[0m[2m:[0m ✨ Potential MEV target: 0x1f5e0bd62e4e04e98e8629bc3ccc611f9b437aba3c12a5ae2219a10dec4aa068 ($0, 0.0 gwei)
[2m2025-12-11T03:53:18.053695Z[0m [32m INFO[0m [2methereum_transaction_pool_monitor::mempool_monitor[0m[2m:[0m ✅ Successfully created sandwich target for pool: 0xf232d640a5700724748464ba8bd8bed21db609a6
[2m2025-12-11T03:53:18.053734Z[0m [32m INFO[0m [2methereum_transaction_pool_monitor::mempool_monitor[0m[2m:[0m 🧮 Running basic sandwich simulation for victim tx: 0x1f5e0bd62e4e04e98e8629bc3ccc611f9b437aba3c12a5ae2219a10dec4aa068
[2m2025-12-11T03:53:18.218326Z[0m [32m INFO[0m [2methereum_transaction_pool_monitor::mempool_monitor[0m[2m:[0m ⚠️ Simulation determined sandwich not profitable
[2m2025-12-11T03:53:20.621129Z[0m [32m INFO[0m [2methereum_transaction_pool_monitor::mempool_monitor[0m[2m:[0m 🎯 Router transaction detected: 0xee27d20c5d6cf667815da6a10e3287288b35d4dd15c630e7c0870c55c2c8d3f0 -> 0x7a250d5630B4cF539739dF2C5dAcb4c659F2488D
[2m2025-12-11T03:53:20.621336Z[0m [32m INFO[0m [2methereum_transaction_pool_monitor::mempool_monitor[0m[2m:[0m ✨ Potential MEV target: 0xee27d20c5d6cf667815da6a10e3287288b35d4dd15c630e7c0870c55c2c8d3f0 ($0, 0.0 gwei)
[2m2025-12-11T03:53:20.836379Z[0m [32m INFO[0m [2methereum_transaction_pool_monitor::mempool_monitor[0m[2m:[0m 🎯 Router transaction detected: 0x1c034c6579f616270a457e622355d45e80dfe9b900a572bdf3b43f7b4338860a -> 0x7a250d5630B4cF539739dF2C5dAcb4c659F2488D
[2m2025-12-11T03:53:20.836472Z[0m [32m INFO[0m [2methereum_transaction_pool_monitor::mempool_monitor[0m[2m:[0m 📊 Detected swapExactETHForTokens
[2m2025-12-11T03:53:20.836480Z[0m [32m INFO[0m [2methereum_transaction_pool_monitor::mempool_monitor[0m[2m:[0m 🔍 ETH swap path offset: 128
[2m2025-12-11T03:53:20.836485Z[0m [32m INFO[0m [2methereum_transaction_pool_monitor::mempool_monitor[0m[2m:[0m 🔍 ETH swap path length: 2
[2m2025-12-11T03:53:20.836489Z[0m [32m INFO[0m [2methereum_transaction_pool_monitor::mempool_monitor[0m[2m:[0m 🔍 ETH swap extracted token pair: 0xC02aaA39b223FE8D0A0e5C4F27eAD9083C756Cc2 -> 0x1a2fCFBD9a36a9b4a08F3cAC9C87100b65De29b9
[2m2025-12-11T03:53:20.836528Z[0m [32m INFO[0m [2methereum_transaction_pool_monitor::mempool_monitor[0m[2m:[0m 🔍 Searching for pool with tokens 0xC02aaA39b223FE8D0A0e5C4F27eAD9083C756Cc2 and 0x1a2fCFBD9a36a9b4a08F3cAC9C87100b65De29b9
[2m2025-12-11T03:53:21.126217Z[0m [32m INFO[0m [2methereum_transaction_pool_monitor::mempool_monitor[0m[2m:[0m 🔍 No pool found for token pair 0xC02aaA39b223FE8D0A0e5C4F27eAD9083C756Cc2 -> 0x1a2fCFBD9a36a9b4a08F3cAC9C87100b65De29b9
[2m2025-12-11T03:53:21.126307Z[0m [32m INFO[0m [2methereum_transaction_pool_monitor::mempool_monitor[0m[2m:[0m ✨ Potential MEV target: 0x1c034c6579f616270a457e622355d45e80dfe9b900a572bdf3b43f7b4338860a ($0, 0.0 gwei)
[2m2025-12-11T03:53:26.566726Z[0m [32m INFO[0m [2methereum_transaction_pool_monitor::bot_runner[0m[2m:[0m 🤖 MEV Bot Stats | Uptime: 0.0h | Opportunities: 0 | Bundles: 0/0 (0.0%) | Profit: 0.0000 ETH | Rate: 0.00/h
[2m2025-12-11T03:53:36.564573Z[0m [32m INFO[0m [2methereum_transaction_pool_monitor::bot_runner[0m[2m:[0m 🤖 MEV Bot Stats | Uptime: 0.0h | Opportunities: 0 | Bundles: 0/0 (0.0%) | Profit: 0.0000 ETH | Rate: 0.00/h
[2m2025-12-11T03:53:37.058079Z[0m [32m INFO[0m [2methereum_transaction_pool_monitor::mempool_monitor[0m[2m:[0m 🎯 Router transaction detected: 0x90638a0d2d811d96640d705f02eee25a0429e11f6b3a9c02daef2af9d4a58445 -> 0x7a250d5630B4cF539739dF2C5dAcb4c659F2488D
[2m2025-12-11T03:53:37.058191Z[0m [32m INFO[0m [2methereum_transaction_pool_monitor::mempool_monitor[0m[2m:[0m ✨ Potential MEV target: 0x90638a0d2d811d96640d705f02eee25a0429e11f6b3a9c02daef2af9d4a58445 ($0, 0.0 gwei)
[2m2025-12-11T03:53:46.497140Z[0m [32m INFO[0m [2methereum_transaction_pool_monitor::bot_runner[0m[2m:[0m 🤖 MEV Bot Stats | Uptime: 0.0h | Opportunities: 0 | Bundles: 0/0 (0.0%) | Profit: 0.0000 ETH | Rate: 0.00/h
[2m2025-12-11T03:53:56.598872Z[0m [32m INFO[0m [2methereum_transaction_pool_monitor::bot_runner[0m[2m:[0m 🤖 MEV Bot Stats | Uptime: 0.0h | Opportunities: 0 | Bundles: 0/0 (0.0%) | Profit: 0.0000 ETH | Rate: 0.00/h
[2m2025-12-11T03:54:06.646854Z[0m [32m INFO[0m [2methereum_transaction_pool_monitor::bot_runner[0m[2m:[0m 🤖 MEV Bot Stats | Uptime: 0.0h | Opportunities: 0 | Bundles: 0/0 (0.0%) | Profit: 0.0000 ETH | Rate: 0.00/h
[2m2025-12-11T03:54:12.365794Z[0m [32m INFO[0m [2methereum_transaction_pool_monitor::mempool_monitor[0m[2m:[0m 🎯 Router transaction detected: 0x0856d4c9951e2a985c06f90e3e1113d74ea00623007a3a03ffb6db018c186016 -> 0x7a250d5630B4cF539739dF2C5dAcb4c659F2488D
[2m2025-12-11T03:54:12.365906Z[0m [32m INFO[0m [2methereum_transaction_pool_monitor::mempool_monitor[0m[2m:[0m ✨ Potential MEV target: 0x0856d4c9951e2a985c06f90e3e1113d74ea00623007a3a03ffb6db018c186016 ($0, 0.0 gwei)
[2m2025-12-11T03:54:16.496979Z[0m [32m INFO[0m [2methereum_transaction_pool_monitor::bot_runner[0m[2m:[0m 🤖 MEV Bot Stats | Uptime: 0.0h | Opportunities: 0 | Bundles: 0/0 (0.0%) | Profit: 0.0000 ETH | Rate: 0.00/h
[2m2025-12-11T03:54:26.496808Z[0m [32m INFO[0m [2methereum_transaction_pool_monitor::bot_runner[0m[2m:[0m 🤖 MEV Bot Stats | Uptime: 0.0h | Opportunities: 0 | Bundles: 0/0 (0.0%) | Profit: 0.0000 ETH | Rate: 0.00/h
[2m2025-12-11T03:54:26.705116Z[0m [32m INFO[0m [2methereum_transaction_pool_monitor::mempool_monitor[0m[2m:[0m 🎯 Router transaction detected: 0x9ddce929ecf2be93860c38b46907e9941366e44dcd0c7789d7d658651d3427a8 -> 0x7a250d5630B4cF539739dF2C5dAcb4c659F2488D
[2m2025-12-11T03:54:26.705214Z[0m [32m INFO[0m [2methereum_transaction_pool_monitor::mempool_monitor[0m[2m:[0m 📊 Detected swapExactETHForTokens
[2m2025-12-11T03:54:26.705224Z[0m [32m INFO[0m [2methereum_transaction_pool_monitor::mempool_monitor[0m[2m:[0m 🔍 ETH swap path offset: 128
[2m2025-12-11T03:54:26.705230Z[0m [32m INFO[0m [2methereum_transaction_pool_monitor::mempool_monitor[0m[2m:[0m 🔍 ETH swap path length: 2
[2m2025-12-11T03:54:26.705235Z[0m [32m INFO[0m [2methereum_transaction_pool_monitor::mempool_monitor[0m[2m:[0m 🔍 ETH swap extracted token pair: 0xC02aaA39b223FE8D0A0e5C4F27eAD9083C756Cc2 -> 0x1a2fCFBD9a36a9b4a08F3cAC9C87100b65De29b9
[2m2025-12-11T03:54:26.705268Z[0m [32m INFO[0m [2methereum_transaction_pool_monitor::mempool_monitor[0m[2m:[0m 🔍 Searching for pool with tokens 0xC02aaA39b223FE8D0A0e5C4F27eAD9083C756Cc2 and 0x1a2fCFBD9a36a9b4a08F3cAC9C87100b65De29b9
[2m2025-12-11T03:54:26.997844Z[0m [32m INFO[0m [2methereum_transaction_pool_monitor::mempool_monitor[0m[2m:[0m 🔍 No pool found for token pair 0xC02aaA39b223FE8D0A0e5C4F27eAD9083C756Cc2 -> 0x1a2fCFBD9a36a9b4a08F3cAC9C87100b65De29b9
[2m2025-12-11T03:54:26.997922Z[0m [32m INFO[0m [2methereum_transaction_pool_monitor::mempool_monitor[0m[2m:[0m ✨ Potential MEV target: 0x9ddce929ecf2be93860c38b46907e9941366e44dcd0c7789d7d658651d3427a8 ($0, 0.0 gwei)
[2m2025-12-11T03:54:32.083836Z[0m [32m INFO[0m [2methereum_transaction_pool_monitor::mempool_monitor[0m[2m:[0m 🎯 Router transaction detected: 0x7ac20eac6961ea27ec7ca743da1575268f55e0f713d4648110267edd9b0818d9 -> 0x1111111254EEB25477B68fb85Ed929f73A960582
[2m2025-12-11T03:54:32.084100Z[0m [32m INFO[0m [2methereum_transaction_pool_monitor::mempool_monitor[0m[2m:[0m ✨ Potential MEV target: 0x7ac20eac6961ea27ec7ca743da1575268f55e0f713d4648110267edd9b0818d9 ($0, 0.0 gwei)
[2m2025-12-11T03:54:36.665390Z[0m [32m INFO[0m [2methereum_transaction_pool_monitor::bot_runner[0m[2m:[0m 🤖 MEV Bot Stats | Uptime: 0.0h | Opportunities: 0 | Bundles: 0/0 (0.0%) | Profit: 0.0000 ETH | Rate: 0.00/h
[2m2025-12-11T03:54:46.497410Z[0m [32m INFO[0m [2methereum_transaction_pool_monitor::bot_runner[0m[2m:[0m 🤖 MEV Bot Stats | Uptime: 0.0h | Opportunities: 0 | Bundles: 0/0 (0.0%) | Profit: 0.0000 ETH | Rate: 0.00/h
[2m2025-12-11T03:54:56.497324Z[0m [32m INFO[0m [2methereum_transaction_pool_monitor::bot_runner[0m[2m:[0m 🤖 MEV Bot Stats | Uptime: 0.0h | Opportunities: 0 | Bundles: 0/0 (0.0%) | Profit: 0.0000 ETH | Rate: 0.00/h
[2m2025-12-11T03:55:06.679023Z[0m [32m INFO[0m [2methereum_transaction_pool_monitor::bot_runner[0m[2m:[0m 🤖 MEV Bot Stats | Uptime: 0.1h | Opportunities: 0 | Bundles: 0/0 (0.0%) | Profit: 0.0000 ETH | Rate: 0.00/h
[2m2025-12-11T03:55:10.540058Z[0m [32m INFO[0m [2methereum_transaction_pool_monitor::mempool_monitor[0m[2m:[0m 🎯 Router transaction detected: 0x2198af17b3626cb130ae9c0436712131eb84fd83f397d0daf2c4594aa541d626 -> 0x7a250d5630B4cF539739dF2C5dAcb4c659F2488D
[2m2025-12-11T03:55:10.540176Z[0m [32m INFO[0m [2methereum_transaction_pool_monitor::mempool_monitor[0m[2m:[0m ✨ Potential MEV target: 0x2198af17b3626cb130ae9c0436712131eb84fd83f397d0daf2c4594aa541d626 ($0, 0.0 gwei)
[2m2025-12-11T03:55:15.415062Z[0m [32m INFO[0m [2methereum_transaction_pool_monitor::mempool_monitor[0m[2m:[0m 🎯 Router transaction detected: 0x698da672cf47501f748427e0841700e604f3b60efbbaefdcd46d0b981abc100c -> 0x7a250d5630B4cF539739dF2C5dAcb4c659F2488D
[2m2025-12-11T03:55:15.415195Z[0m [32m INFO[0m [2methereum_transaction_pool_monitor::mempool_monitor[0m[2m:[0m 📊 Detected swapExactETHForTokens
[2m2025-12-11T03:55:15.415207Z[0m [32m INFO[0m [2methereum_transaction_pool_monitor::mempool_monitor[0m[2m:[0m 🔍 ETH swap path offset: 128
[2m2025-12-11T03:55:15.415215Z[0m [32m INFO[0m [2methereum_transaction_pool_monitor::mempool_monitor[0m[2m:[0m 🔍 ETH swap path length: 2
[2m2025-12-11T03:55:15.415222Z[0m [32m INFO[0m [2methereum_transaction_pool_monitor::mempool_monitor[0m[2m:[0m 🔍 ETH swap extracted token pair: 0xC02aaA39b223FE8D0A0e5C4F27eAD9083C756Cc2 -> 0x1a2fCFBD9a36a9b4a08F3cAC9C87100b65De29b9
[2m2025-12-11T03:55:15.415270Z[0m [32m INFO[0m [2methereum_transaction_pool_monitor::mempool_monitor[0m[2m:[0m 🔍 Searching for pool with tokens 0xC02aaA39b223FE8D0A0e5C4F27eAD9083C756Cc2 and 0x1a2fCFBD9a36a9b4a08F3cAC9C87100b65De29b9
[2m2025-12-11T03:55:15.706711Z[0m [32m INFO[0m [2methereum_transaction_pool_monitor::mempool_monitor[0m[2m:[0m 🔍 No pool found for token pair 0xC02aaA39b223FE8D0A0e5C4F27eAD9083C756Cc2 -> 0x1a2fCFBD9a36a9b4a08F3cAC9C87100b65De29b9
[2m2025-12-11T03:55:15.706797Z[0m [32m INFO[0m [2methereum_transaction_pool_monitor::mempool_monitor[0m[2m:[0m ✨ Potential MEV target: 0x698da672cf47501f748427e0841700e604f3b60efbbaefdcd46d0b981abc100c ($0, 0.0 gwei)
[2m2025-12-11T03:55:16.497751Z[0m [32m INFO[0m [2methereum_transaction_pool_monitor::bot_runner[0m[2m:[0m 🤖 MEV Bot Stats | Uptime: 0.1h | Opportunities: 0 | Bundles: 0/0 (0.0%) | Profit: 0.0000 ETH | Rate: 0.00/h
[2m2025-12-11T03:55:22.102011Z[0m [32m INFO[0m [2methereum_transaction_pool_monitor::mempool_monitor[0m[2m:[0m 🎯 Router transaction detected: 0x34526bb643850409878efc3241002157fae4b69561ced7ac0991a0f422132862 -> 0x7a250d5630B4cF539739dF2C5dAcb4c659F2488D
[2m2025-12-11T03:55:22.102111Z[0m [32m INFO[0m [2methereum_transaction_pool_monitor::mempool_monitor[0m[2m:[0m ✨ Potential MEV target: 0x34526bb643850409878efc3241002157fae4b69561ced7ac0991a0f422132862 ($0, 0.0 gwei)
[2m2025-12-11T03:55:26.496643Z[0m [32m INFO[0m [2methereum_transaction_pool_monitor::bot_runner[0m[2m:[0m 🤖 MEV Bot Stats | Uptime: 0.1h | Opportunities: 0 | Bundles: 0/0 (0.0%) | Profit: 0.0000 ETH | Rate: 0.00/h
[2m2025-12-11T03:55:36.496891Z[0m [32m INFO[0m [2methereum_transaction_pool_monitor::bot_runner[0m[2m:[0m 🤖 MEV Bot Stats | Uptime: 0.1h | Opportunities: 0 | Bundles: 0/0 (0.0%) | Profit: 0.0000 ETH | Rate: 0.00/h
[2m2025-12-11T03:55:46.496600Z[0m [32m INFO[0m [2methereum_transaction_pool_monitor::bot_runner[0m[2m:[0m 🤖 MEV Bot Stats | Uptime: 0.1h | Opportunities: 0 | Bundles: 0/0 (0.0%) | Profit: 0.0000 ETH | Rate: 0.00/h
[2m2025-12-11T03:55:56.497172Z[0m [32m INFO[0m [2methereum_transaction_pool_monitor::bot_runner[0m[2m:[0m 🤖 MEV Bot Stats | Uptime: 0.1h | Opportunities: 0 | Bundles: 0/0 (0.0%) | Profit: 0.0000 ETH | Rate: 0.00/h
[2m2025-12-11T03:55:57.934990Z[0m [32m INFO[0m [2methereum_transaction_pool_monitor::mempool_monitor[0m[2m:[0m 🎯 Router transaction detected: 0x7621abde955d9b8846d766b8f2d25b53ebfbbca43e2acd348c3e52eaa673a7e8 -> 0x7a250d5630B4cF539739dF2C5dAcb4c659F2488D
[2m2025-12-11T03:55:57.935107Z[0m [32m INFO[0m [2methereum_transaction_pool_monitor::mempool_monitor[0m[2m:[0m ✨ Potential MEV target: 0x7621abde955d9b8846d766b8f2d25b53ebfbbca43e2acd348c3e52eaa673a7e8 ($0, 0.0 gwei)
[2m2025-12-11T03:56:06.647550Z[0m [32m INFO[0m [2methereum_transaction_pool_monitor::bot_runner[0m[2m:[0m 🤖 MEV Bot Stats | Uptime: 0.1h | Opportunities: 0 | Bundles: 0/0 (0.0%) | Profit: 0.0000 ETH | Rate: 0.00/h
[2m2025-12-11T03:56:16.497668Z[0m [32m INFO[0m [2methereum_transaction_pool_monitor::bot_runner[0m[2m:[0m 🤖 MEV Bot Stats | Uptime: 0.1h | Opportunities: 0 | Bundles: 0/0 (0.0%) | Profit: 0.0000 ETH | Rate: 0.00/h
[2m2025-12-11T03:56:19.407685Z[0m [32m INFO[0m [2methereum_transaction_pool_monitor::mempool_monitor[0m[2m:[0m 🎯 Router transaction detected: 0x21f38d58981d1eea85f3f43ad37035b7515c3ea3a032755fd4be9ddcc420702a -> 0x1111111254EEB25477B68fb85Ed929f73A960582
[2m2025-12-11T03:56:19.407807Z[0m [32m INFO[0m [2methereum_transaction_pool_monitor::mempool_monitor[0m[2m:[0m ✨ Potential MEV target: 0x21f38d58981d1eea85f3f43ad37035b7515c3ea3a032755fd4be9ddcc420702a ($0, 0.0 gwei)
[2m2025-12-11T03:56:26.621118Z[0m [32m INFO[0m [2methereum_transaction_pool_monitor::bot_runner[0m[2m:[0m 🤖 MEV Bot Stats | Uptime: 0.1h | Opportunities: 0 | Bundles: 0/0 (0.0%) | Profit: 0.0000 ETH | Rate: 0.00/h
[2m2025-12-11T03:56:36.764015Z[0m [32m INFO[0m [2methereum_transaction_pool_monitor::bot_runner[0m[2m:[0m 🤖 MEV Bot Stats | Uptime: 0.1h | Opportunities: 0 | Bundles: 0/0 (0.0%) | Profit: 0.0000 ETH | Rate: 0.00/h
[2m2025-12-11T03:56:46.576260Z[0m [32m INFO[0m [2methereum_transaction_pool_monitor::bot_runner[0m[2m:[0m 🤖 MEV Bot Stats | Uptime: 0.1h | Opportunities: 0 | Bundles: 0/0 (0.0%) | Profit: 0.0000 ETH | Rate: 0.00/h
[2m2025-12-11T03:56:49.346140Z[0m [32m INFO[0m [2methereum_transaction_pool_monitor::mempool_monitor[0m[2m:[0m 🎯 Router transaction detected: 0xc9d96b5dfbee4290dc9e1a8b32f01eb762b386ce794b49e221d7044989c003e5 -> 0x7a250d5630B4cF539739dF2C5dAcb4c659F2488D
[2m2025-12-11T03:56:49.346240Z[0m [32m INFO[0m [2methereum_transaction_pool_monitor::mempool_monitor[0m[2m:[0m 📊 Detected swapExactETHForTokens
[2m2025-12-11T03:56:49.346249Z[0m [32m INFO[0m [2methereum_transaction_pool_monitor::mempool_monitor[0m[2m:[0m 🔍 ETH swap path offset: 128
[2m2025-12-11T03:56:49.346256Z[0m [32m INFO[0m [2methereum_transaction_pool_monitor::mempool_monitor[0m[2m:[0m 🔍 ETH swap path length: 2
[2m2025-12-11T03:56:49.346262Z[0m [32m INFO[0m [2methereum_transaction_pool_monitor::mempool_monitor[0m[2m:[0m 🔍 ETH swap extracted token pair: 0xC02aaA39b223FE8D0A0e5C4F27eAD9083C756Cc2 -> 0x1a2fCFBD9a36a9b4a08F3cAC9C87100b65De29b9
[2m2025-12-11T03:56:49.346299Z[0m [32m INFO[0m [2methereum_transaction_pool_monitor::mempool_monitor[0m[2m:[0m 🔍 Searching for pool with tokens 0xC02aaA39b223FE8D0A0e5C4F27eAD9083C756Cc2 and 0x1a2fCFBD9a36a9b4a08F3cAC9C87100b65De29b9
[2m2025-12-11T03:56:49.649331Z[0m [32m INFO[0m [2methereum_transaction_pool_monitor::mempool_monitor[0m[2m:[0m 🔍 No pool found for token pair 0xC02aaA39b223FE8D0A0e5C4F27eAD9083C756Cc2 -> 0x1a2fCFBD9a36a9b4a08F3cAC9C87100b65De29b9
[2m2025-12-11T03:56:49.649421Z[0m [32m INFO[0m [2methereum_transaction_pool_monitor::mempool_monitor[0m[2m:[0m ✨ Potential MEV target: 0xc9d96b5dfbee4290dc9e1a8b32f01eb762b386ce794b49e221d7044989c003e5 ($0, 0.0 gwei)
[2m2025-12-11T03:56:53.529751Z[0m [32m INFO[0m [2methereum_transaction_pool_monitor::mempool_monitor[0m[2m:[0m 🎯 Router transaction detected: 0x015b3ff795cc680a6a18b1cd3e61be11be4919b5d889c71c4713e998352ad6b7 -> 0x1111111254EEB25477B68fb85Ed929f73A960582
[2m2025-12-11T03:56:53.529868Z[0m [32m INFO[0m [2methereum_transaction_pool_monitor::mempool_monitor[0m[2m:[0m ✨ Potential MEV target: 0x015b3ff795cc680a6a18b1cd3e61be11be4919b5d889c71c4713e998352ad6b7 ($0, 0.0 gwei)
[2m2025-12-11T03:56:54.022878Z[0m [32m INFO[0m [2methereum_transaction_pool_monitor::mempool_monitor[0m[2m:[0m 🎯 Router transaction detected: 0x81b5bfe68b871a40b2d78275061ead5a3f135200032100fc456f9480a0e25fc1 -> 0x1111111254EEB25477B68fb85Ed929f73A960582
[2m2025-12-11T03:56:54.023010Z[0m [32m INFO[0m [2methereum_transaction_pool_monitor::mempool_monitor[0m[2m:[0m ✨ Potential MEV target: 0x81b5bfe68b871a40b2d78275061ead5a3f135200032100fc456f9480a0e25fc1 ($0, 0.0 gwei)
[2m2025-12-11T03:56:54.393835Z[0m [32m INFO[0m [2methereum_transaction_pool_monitor::mempool_monitor[0m[2m:[0m 🎯 Router transaction detected: 0xb0f82b870da055494aeaa5686095af887a07bc9cb82600aa1090ca76d1862a45 -> 0x7a250d5630B4cF539739dF2C5dAcb4c659F2488D
[2m2025-12-11T03:56:54.393985Z[0m [32m INFO[0m [2methereum_transaction_pool_monitor::mempool_monitor[0m[2m:[0m ✨ Potential MEV target: 0xb0f82b870da055494aeaa5686095af887a07bc9cb82600aa1090ca76d1862a45 ($0, 0.0 gwei)
[2m2025-12-11T03:56:56.653439Z[0m [32m INFO[0m [2methereum_transaction_pool_monitor::bot_runner[0m[2m:[0m 🤖 MEV Bot Stats | Uptime: 0.1h | Opportunities: 0 | Bundles: 0/0 (0.0%) | Profit: 0.0000 ETH | Rate: 0.00/h
[2m2025-12-11T03:57:06.535714Z[0m [32m INFO[0m [2methereum_transaction_pool_monitor::bot_runner[0m[2m:[0m 🤖 MEV Bot Stats | Uptime: 0.1h | Opportunities: 0 | Bundles: 0/0 (0.0%) | Profit: 0.0000 ETH | Rate: 0.00/h
[2m2025-12-11T03:57:16.497906Z[0m [32m INFO[0m [2methereum_transaction_pool_monitor::bot_runner[0m[2m:[0m 🤖 MEV Bot Stats | Uptime: 0.1h | Opportunities: 0 | Bundles: 0/0 (0.0%) | Profit: 0.0000 ETH | Rate: 0.00/h
[2m2025-12-11T03:57:26.511345Z[0m [32m INFO[0m [2methereum_transaction_pool_monitor::bot_runner[0m[2m:[0m 🤖 MEV Bot Stats | Uptime: 0.1h | Opportunities: 0 | Bundles: 0/0 (0.0%) | Profit: 0.0000 ETH | Rate: 0.00/h
[2m2025-12-11T03:57:30.750535Z[0m [32m INFO[0m [2methereum_transaction_pool_monitor::mempool_monitor[0m[2m:[0m 🎯 Router transaction detected: 0x52ebe7a7708882e3af39b8908f522476fe302f13f060e7567055b296f206cc84 -> 0x7a250d5630B4cF539739dF2C5dAcb4c659F2488D
[2m2025-12-11T03:57:30.750641Z[0m [32m INFO[0m [2methereum_transaction_pool_monitor::mempool_monitor[0m[2m:[0m 📊 Detected swapExactETHForTokens
[2m2025-12-11T03:57:30.750649Z[0m [32m INFO[0m [2methereum_transaction_pool_monitor::mempool_monitor[0m[2m:[0m 🔍 ETH swap path offset: 128
[2m2025-12-11T03:57:30.750655Z[0m [32m INFO[0m [2methereum_transaction_pool_monitor::mempool_monitor[0m[2m:[0m 🔍 ETH swap path length: 2
[2m2025-12-11T03:57:30.750660Z[0m [32m INFO[0m [2methereum_transaction_pool_monitor::mempool_monitor[0m[2m:[0m 🔍 ETH swap extracted token pair: 0xC02aaA39b223FE8D0A0e5C4F27eAD9083C756Cc2 -> 0xb80297685Dbf4252915af3044BCAC401974a6745
[2m2025-12-11T03:57:30.750695Z[0m [32m INFO[0m [2methereum_transaction_pool_monitor::mempool_monitor[0m[2m:[0m 🔍 Searching for pool with tokens 0xC02aaA39b223FE8D0A0e5C4F27eAD9083C756Cc2 and 0xb80297685Dbf4252915af3044BCAC401974a6745
[2m2025-12-11T03:57:31.024878Z[0m [32m INFO[0m [2methereum_transaction_pool_monitor::mempool_monitor[0m[2m:[0m 🔍 No pool found for token pair 0xC02aaA39b223FE8D0A0e5C4F27eAD9083C756Cc2 -> 0xb80297685Dbf4252915af3044BCAC401974a6745
[2m2025-12-11T03:57:31.024964Z[0m [32m INFO[0m [2methereum_transaction_pool_monitor::mempool_monitor[0m[2m:[0m ✨ Potential MEV target: 0x52ebe7a7708882e3af39b8908f522476fe302f13f060e7567055b296f206cc84 ($0, 0.0 gwei)
[2m2025-12-11T03:57:36.497541Z[0m [32m INFO[0m [2methereum_transaction_pool_monitor::bot_runner[0m[2m:[0m 🤖 MEV Bot Stats | Uptime: 0.1h | Opportunities: 0 | Bundles: 0/0 (0.0%) | Profit: 0.0000 ETH | Rate: 0.00/h
[2m2025-12-11T03:57:46.497019Z[0m [32m INFO[0m [2methereum_transaction_pool_monitor::bot_runner[0m[2m:[0m 🤖 MEV Bot Stats | Uptime: 0.1h | Opportunities: 0 | Bundles: 0/0 (0.0%) | Profit: 0.0000 ETH | Rate: 0.00/h
[2m2025-12-11T03:57:49.574114Z[0m [32m INFO[0m [2methereum_transaction_pool_monitor::mempool_monitor[0m[2m:[0m 🎯 Router transaction detected: 0x88b08fb81d61f6d43da3cca5e6eca66f8a61b895ea0a74a99047cce800dfd73a -> 0x1111111254EEB25477B68fb85Ed929f73A960582
[2m2025-12-11T03:57:49.574239Z[0m [32m INFO[0m [2methereum_transaction_pool_monitor::mempool_monitor[0m[2m:[0m ✨ Potential MEV target: 0x88b08fb81d61f6d43da3cca5e6eca66f8a61b895ea0a74a99047cce800dfd73a ($0, 0.0 gwei)
[2m2025-12-11T03:57:56.587897Z[0m [32m INFO[0m [2methereum_transaction_pool_monitor::bot_runner[0m[2m:[0m 🤖 MEV Bot Stats | Uptime: 0.1h | Opportunities: 0 | Bundles: 0/0 (0.0%) | Profit: 0.0000 ETH | Rate: 0.00/h
[2m2025-12-11T03:58:04.110965Z[0m [32m INFO[0m [2methereum_transaction_pool_monitor::mempool_monitor[0m[2m:[0m 🎯 Router transaction detected: 0x692b28d5a90b1c4eec93a430e2d20e9d19a33b3855ecd1da117ea358da5600ba -> 0x7a250d5630B4cF539739dF2C5dAcb4c659F2488D
[2m2025-12-11T03:58:04.111078Z[0m [32m INFO[0m [2methereum_transaction_pool_monitor::mempool_monitor[0m[2m:[0m 📊 Detected swapExactETHForTokens
[2m2025-12-11T03:58:04.111087Z[0m [32m INFO[0m [2methereum_transaction_pool_monitor::mempool_monitor[0m[2m:[0m 🔍 ETH swap path offset: 128
[2m2025-12-11T03:58:04.111094Z[0m [32m INFO[0m [2methereum_transaction_pool_monitor::mempool_monitor[0m[2m:[0m 🔍 ETH swap path length: 2
[2m2025-12-11T03:58:04.111099Z[0m [32m INFO[0m [2methereum_transaction_pool_monitor::mempool_monitor[0m[2m:[0m 🔍 ETH swap extracted token pair: 0xC02aaA39b223FE8D0A0e5C4F27eAD9083C756Cc2 -> 0xb80297685Dbf4252915af3044BCAC401974a6745
[2m2025-12-11T03:58:04.111135Z[0m [32m INFO[0m [2methereum_transaction_pool_monitor::mempool_monitor[0m[2m:[0m 🔍 Searching for pool with tokens 0xC02aaA39b223FE8D0A0e5C4F27eAD9083C756Cc2 and 0xb80297685Dbf4252915af3044BCAC401974a6745
[2m2025-12-11T03:58:04.419036Z[0m [32m INFO[0m [2methereum_transaction_pool_monitor::mempool_monitor[0m[2m:[0m 🔍 No pool found for token pair 0xC02aaA39b223FE8D0A0e5C4F27eAD9083C756Cc2 -> 0xb80297685Dbf4252915af3044BCAC401974a6745
[2m2025-12-11T03:58:04.419119Z[0m [32m INFO[0m [2methereum_transaction_pool_monitor::mempool_monitor[0m[2m:[0m ✨ Potential MEV target: 0x692b28d5a90b1c4eec93a430e2d20e9d19a33b3855ecd1da117ea358da5600ba ($0, 0.0 gwei)
[2m2025-12-11T03:58:06.572163Z[0m [32m INFO[0m [2methereum_transaction_pool_monitor::bot_runner[0m[2m:[0m 🤖 MEV Bot Stats | Uptime: 0.1h | Opportunities: 0 | Bundles: 0/0 (0.0%) | Profit: 0.0000 ETH | Rate: 0.00/h
[2m2025-12-11T03:58:12.657136Z[0m [32m INFO[0m [2methereum_transaction_pool_monitor::mempool_monitor[0m[2m:[0m 🎯 Router transaction detected: 0x429fab17f1f64962b7e53adcc6c249c0cde1eb8121458ff87370f4f43358f9ec -> 0x7a250d5630B4cF539739dF2C5dAcb4c659F2488D
[2m2025-12-11T03:58:12.657236Z[0m [32m INFO[0m [2methereum_transaction_pool_monitor::mempool_monitor[0m[2m:[0m 📊 Detected swapExactETHForTokens
[2m2025-12-11T03:58:12.657245Z[0m [32m INFO[0m [2methereum_transaction_pool_monitor::mempool_monitor[0m[2m:[0m 🔍 ETH swap path offset: 128
[2m2025-12-11T03:58:12.657252Z[0m [32m INFO[0m [2methereum_transaction_pool_monitor::mempool_monitor[0m[2m:[0m 🔍 ETH swap path length: 2
[2m2025-12-11T03:58:12.657359Z[0m [32m INFO[0m [2methereum_transaction_pool_monitor::mempool_monitor[0m[2m:[0m 🔍 ETH swap extracted token pair: 0xC02aaA39b223FE8D0A0e5C4F27eAD9083C756Cc2 -> 0x1a2fCFBD9a36a9b4a08F3cAC9C87100b65De29b9
[2m2025-12-11T03:58:12.657395Z[0m [32m INFO[0m [2methereum_transaction_pool_monitor::mempool_monitor[0m[2m:[0m 🔍 Searching for pool with tokens 0xC02aaA39b223FE8D0A0e5C4F27eAD9083C756Cc2 and 0x1a2fCFBD9a36a9b4a08F3cAC9C87100b65De29b9
[2m2025-12-11T03:58:12.944963Z[0m [32m INFO[0m [2methereum_transaction_pool_monitor::mempool_monitor[0m[2m:[0m 🔍 No pool found for token pair 0xC02aaA39b223FE8D0A0e5C4F27eAD9083C756Cc2 -> 0x1a2fCFBD9a36a9b4a08F3cAC9C87100b65De29b9
[2m2025-12-11T03:58:12.945040Z[0m [32m INFO[0m [2methereum_transaction_pool_monitor::mempool_monitor[0m[2m:[0m ✨ Potential MEV target: 0x429fab17f1f64962b7e53adcc6c249c0cde1eb8121458ff87370f4f43358f9ec ($0, 0.0 gwei)
[2m2025-12-11T03:58:16.687623Z[0m [32m INFO[0m [2methereum_transaction_pool_monitor::bot_runner[0m[2m:[0m 🤖 MEV Bot Stats | Uptime: 0.1h | Opportunities: 0 | Bundles: 0/0 (0.0%) | Profit: 0.0000 ETH | Rate: 0.00/h
[2m2025-12-11T03:58:26.537860Z[0m [32m INFO[0m [2methereum_transaction_pool_monitor::bot_runner[0m[2m:[0m 🤖 MEV Bot Stats | Uptime: 0.1h | Opportunities: 0 | Bundles: 0/0 (0.0%) | Profit: 0.0000 ETH | Rate: 0.00/h
[2m2025-12-11T03:58:36.597314Z[0m [32m INFO[0m [2methereum_transaction_pool_monitor::bot_runner[0m[2m:[0m 🤖 MEV Bot Stats | Uptime: 0.1h | Opportunities: 0 | Bundles: 0/0 (0.0%) | Profit: 0.0000 ETH | Rate: 0.00/h
[2m2025-12-11T03:58:46.584466Z[0m [32m INFO[0m [2methereum_transaction_pool_monitor::bot_runner[0m[2m:[0m 🤖 MEV Bot Stats | Uptime: 0.1h | Opportunities: 0 | Bundles: 0/0 (0.0%) | Profit: 0.0000 ETH | Rate: 0.00/h
[2m2025-12-11T03:58:47.267776Z[0m [32m INFO[0m [2methereum_transaction_pool_monitor::mempool_monitor[0m[2m:[0m 🎯 Router transaction detected: 0x3b67e0361d54b2a6aadb48c794621c3efd48a397750139b7a1a27db48ade1184 -> 0x7a250d5630B4cF539739dF2C5dAcb4c659F2488D
[2m2025-12-11T03:58:47.267885Z[0m [32m INFO[0m [2methereum_transaction_pool_monitor::mempool_monitor[0m[2m:[0m ✨ Potential MEV target: 0x3b67e0361d54b2a6aadb48c794621c3efd48a397750139b7a1a27db48ade1184 ($0, 0.0 gwei)
[2m2025-12-11T03:58:56.517870Z[0m [32m INFO[0m [2methereum_transaction_pool_monitor::bot_runner[0m[2m:[0m 🤖 MEV Bot Stats | Uptime: 0.1h | Opportunities: 0 | Bundles: 0/0 (0.0%) | Profit: 0.0000 ETH | Rate: 0.00/h
[2m2025-12-11T03:59:06.527113Z[0m [32m INFO[0m [2methereum_transaction_pool_monitor::bot_runner[0m[2m:[0m 🤖 MEV Bot Stats | Uptime: 0.1h | Opportunities: 0 | Bundles: 0/0 (0.0%) | Profit: 0.0000 ETH | Rate: 0.00/h
[2m2025-12-11T03:59:09.840963Z[0m [32m INFO[0m [2methereum_transaction_pool_monitor::mempool_monitor[0m[2m:[0m 🎯 Router transaction detected: 0x42e404702ca61ebdcb84856c46a04c03cddcdf5119da9a38125d674d1e611e8d -> 0x1111111254EEB25477B68fb85Ed929f73A960582
[2m2025-12-11T03:59:09.841110Z[0m [32m INFO[0m [2methereum_transaction_pool_monitor::mempool_monitor[0m[2m:[0m ✨ Potential MEV target: 0x42e404702ca61ebdcb84856c46a04c03cddcdf5119da9a38125d674d1e611e8d ($0, 0.0 gwei)
[2m2025-12-11T03:59:12.801086Z[0m [32m INFO[0m [2methereum_transaction_pool_monitor::mempool_monitor[0m[2m:[0m 🎯 Router transaction detected: 0xc8811721ddc84605c9628e287a43b173ccd49e280d5cb8b3a8528cf74ea4114b -> 0x7a250d5630B4cF539739dF2C5dAcb4c659F2488D
[2m2025-12-11T03:59:12.801304Z[0m [32m INFO[0m [2methereum_transaction_pool_monitor::mempool_monitor[0m[2m:[0m 📊 Detected swapExactETHForTokens
[2m2025-12-11T03:59:12.801346Z[0m [32m INFO[0m [2methereum_transaction_pool_monitor::mempool_monitor[0m[2m:[0m 🔍 ETH swap path offset: 128
[2m2025-12-11T03:59:12.801369Z[0m [32m INFO[0m [2methereum_transaction_pool_monitor::mempool_monitor[0m[2m:[0m 🔍 ETH swap path length: 2
[2m2025-12-11T03:59:12.801406Z[0m [32m INFO[0m [2methereum_transaction_pool_monitor::mempool_monitor[0m[2m:[0m 🔍 ETH swap extracted token pair: 0xC02aaA39b223FE8D0A0e5C4F27eAD9083C756Cc2 -> 0xb80297685Dbf4252915af3044BCAC401974a6745
[2m2025-12-11T03:59:12.801511Z[0m [32m INFO[0m [2methereum_transaction_pool_monitor::mempool_monitor[0m[2m:[0m 🔍 Searching for pool with tokens 0xC02aaA39b223FE8D0A0e5C4F27eAD9083C756Cc2 and 0xb80297685Dbf4252915af3044BCAC401974a6745
[2m2025-12-11T03:59:13.100496Z[0m [32m INFO[0m [2methereum_transaction_pool_monitor::mempool_monitor[0m[2m:[0m 🔍 No pool found for token pair 0xC02aaA39b223FE8D0A0e5C4F27eAD9083C756Cc2 -> 0xb80297685Dbf4252915af3044BCAC401974a6745
[2m2025-12-11T03:59:13.100570Z[0m [32m INFO[0m [2methereum_transaction_pool_monitor::mempool_monitor[0m[2m:[0m ✨ Potential MEV target: 0xc8811721ddc84605c9628e287a43b173ccd49e280d5cb8b3a8528cf74ea4114b ($0, 0.0 gwei)
[2m2025-12-11T03:59:16.510037Z[0m [32m INFO[0m [2methereum_transaction_pool_monitor::bot_runner[0m[2m:[0m 🤖 MEV Bot Stats | Uptime: 0.1h | Opportunities: 0 | Bundles: 0/0 (0.0%) | Profit: 0.0000 ETH | Rate: 0.00/h
[2m2025-12-11T03:59:26.517610Z[0m [32m INFO[0m [2methereum_transaction_pool_monitor::bot_runner[0m[2m:[0m 🤖 MEV Bot Stats | Uptime: 0.1h | Opportunities: 0 | Bundles: 0/0 (0.0%) | Profit: 0.0000 ETH | Rate: 0.00/h
[2m2025-12-11T03:59:36.590047Z[0m [32m INFO[0m [2methereum_transaction_pool_monitor::bot_runner[0m[2m:[0m 🤖 MEV Bot Stats | Uptime: 0.1h | Opportunities: 0 | Bundles: 0/0 (0.0%) | Profit: 0.0000 ETH | Rate: 0.00/h
[2m2025-12-11T03:59:37.817362Z[0m [32m INFO[0m [2methereum_transaction_pool_monitor::mempool_monitor[0m[2m:[0m 🎯 Router transaction detected: 0xda43db127cca557b917cf52c0a423750f6b9ae74d4f8295cc7047104f22d7f84 -> 0x7a250d5630B4cF539739dF2C5dAcb4c659F2488D
[2m2025-12-11T03:59:37.817470Z[0m [32m INFO[0m [2methereum_transaction_pool_monitor::mempool_monitor[0m[2m:[0m 📊 Detected swapExactTokensForETH
[2m2025-12-11T03:59:37.817478Z[0m [32m INFO[0m [2methereum_transaction_pool_monitor::mempool_monitor[0m[2m:[0m 🔍 Path offset: 160
[2m2025-12-11T03:59:37.817484Z[0m [32m INFO[0m [2methereum_transaction_pool_monitor::mempool_monitor[0m[2m:[0m 🔍 Path length: 2
[2m2025-12-11T03:59:37.817489Z[0m [32m INFO[0m [2methereum_transaction_pool_monitor::mempool_monitor[0m[2m:[0m 🔍 Extracted token pair: 0x1a2fCFBD9a36a9b4a08F3cAC9C87100b65De29b9 -> 0xC02aaA39b223FE8D0A0e5C4F27eAD9083C756Cc2
[2m2025-12-11T03:59:37.817524Z[0m [32m INFO[0m [2methereum_transaction_pool_monitor::mempool_monitor[0m[2m:[0m 🔍 Searching for pool with tokens 0x1a2fCFBD9a36a9b4a08F3cAC9C87100b65De29b9 and 0xC02aaA39b223FE8D0A0e5C4F27eAD9083C756Cc2
[2m2025-12-11T03:59:38.106865Z[0m [32m INFO[0m [2methereum_transaction_pool_monitor::mempool_monitor[0m[2m:[0m 🔍 No pool found for token pair 0x1a2fCFBD9a36a9b4a08F3cAC9C87100b65De29b9 -> 0xC02aaA39b223FE8D0A0e5C4F27eAD9083C756Cc2
[2m2025-12-11T03:59:38.106957Z[0m [32m INFO[0m [2methereum_transaction_pool_monitor::mempool_monitor[0m[2m:[0m ✨ Potential MEV target: 0xda43db127cca557b917cf52c0a423750f6b9ae74d4f8295cc7047104f22d7f84 ($0, 0.0 gwei)
[2m2025-12-11T03:59:46.496496Z[0m [32m INFO[0m [2methereum_transaction_pool_monitor::bot_runner[0m[2m:[0m 🤖 MEV Bot Stats | Uptime: 0.1h | Opportunities: 0 | Bundles: 0/0 (0.0%) | Profit: 0.0000 ETH | Rate: 0.00/h
[2m2025-12-11T03:59:56.497495Z[0m [32m INFO[0m [2methereum_transaction_pool_monitor::bot_runner[0m[2m:[0m 🤖 MEV Bot Stats | Uptime: 0.1h | Opportunities: 0 | Bundles: 0/0 (0.0%) | Profit: 0.0000 ETH | Rate: 0.00/h
[2m2025-12-11T04:00:06.619502Z[0m [32m INFO[0m [2methereum_transaction_pool_monitor::bot_runner[0m[2m:[0m 🤖 MEV Bot Stats | Uptime: 0.1h | Opportunities: 0 | Bundles: 0/0 (0.0%) | Profit: 0.0000 ETH | Rate: 0.00/h
[2m2025-12-11T04:00:16.497304Z[0m [32m INFO[0m [2methereum_transaction_pool_monitor::bot_runner[0m[2m:[0m 🤖 MEV Bot Stats | Uptime: 0.1h | Opportunities: 0 | Bundles: 0/0 (0.0%) | Profit: 0.0000 ETH | Rate: 0.00/h
[2m2025-12-11T04:00:17.819159Z[0m [32m INFO[0m [2methereum_transaction_pool_monitor::mempool_monitor[0m[2m:[0m 🎯 Router transaction detected: 0x842db10b8a41a4c6a39e94d0af964650f9e5f6beed1a0366e555bfcf68de6fd8 -> 0x7a250d5630B4cF539739dF2C5dAcb4c659F2488D
[2m2025-12-11T04:00:17.819262Z[0m [32m INFO[0m [2methereum_transaction_pool_monitor::mempool_monitor[0m[2m:[0m 📊 Detected swapExactETHForTokens
[2m2025-12-11T04:00:17.819271Z[0m [32m INFO[0m [2methereum_transaction_pool_monitor::mempool_monitor[0m[2m:[0m 🔍 ETH swap path offset: 128
[2m2025-12-11T04:00:17.819276Z[0m [32m INFO[0m [2methereum_transaction_pool_monitor::mempool_monitor[0m[2m:[0m 🔍 ETH swap path length: 2
[2m2025-12-11T04:00:17.819281Z[0m [32m INFO[0m [2methereum_transaction_pool_monitor::mempool_monitor[0m[2m:[0m 🔍 ETH swap extracted token pair: 0xC02aaA39b223FE8D0A0e5C4F27eAD9083C756Cc2 -> 0xb80297685Dbf4252915af3044BCAC401974a6745
[2m2025-12-11T04:00:17.819316Z[0m [32m INFO[0m [2methereum_transaction_pool_monitor::mempool_monitor[0m[2m:[0m 🔍 Searching for pool with tokens 0xC02aaA39b223FE8D0A0e5C4F27eAD9083C756Cc2 and 0xb80297685Dbf4252915af3044BCAC401974a6745
[2m2025-12-11T04:00:18.111546Z[0m [32m INFO[0m [2methereum_transaction_pool_monitor::mempool_monitor[0m[2m:[0m 🔍 No pool found for token pair 0xC02aaA39b223FE8D0A0e5C4F27eAD9083C756Cc2 -> 0xb80297685Dbf4252915af3044BCAC401974a6745
[2m2025-12-11T04:00:18.111643Z[0m [32m INFO[0m [2methereum_transaction_pool_monitor::mempool_monitor[0m[2m:[0m ✨ Potential MEV target: 0x842db10b8a41a4c6a39e94d0af964650f9e5f6beed1a0366e555bfcf68de6fd8 ($0, 0.0 gwei)
[2m2025-12-11T04:00:19.179874Z[0m [32m INFO[0m [2methereum_transaction_pool_monitor::mempool_monitor[0m[2m:[0m 🎯 Router transaction detected: 0x73fc6c03d41d64b371f11943cf5f5d0b155f70790d5710588b7dc119aca2166a -> 0x7a250d5630B4cF539739dF2C5dAcb4c659F2488D
[2m2025-12-11T04:00:19.179979Z[0m [32m INFO[0m [2methereum_transaction_pool_monitor::mempool_monitor[0m[2m:[0m ✨ Potential MEV target: 0x73fc6c03d41d64b371f11943cf5f5d0b155f70790d5710588b7dc119aca2166a ($0, 0.0 gwei)
[2m2025-12-11T04:00:26.496911Z[0m [32m INFO[0m [2methereum_transaction_pool_monitor::bot_runner[0m[2m:[0m 🤖 MEV Bot Stats | Uptime: 0.1h | Opportunities: 0 | Bundles: 0/0 (0.0%) | Profit: 0.0000 ETH | Rate: 0.00/h
[2m2025-12-11T04:00:36.498170Z[0m [32m INFO[0m [2methereum_transaction_pool_monitor::bot_runner[0m[2m:[0m 🤖 MEV Bot Stats | Uptime: 0.1h | Opportunities: 0 | Bundles: 0/0 (0.0%) | Profit: 0.0000 ETH | Rate: 0.00/h
[2m2025-12-11T04:00:46.497973Z[0m [32m INFO[0m [2methereum_transaction_pool_monitor::bot_runner[0m[2m:[0m 🤖 MEV Bot Stats | Uptime: 0.1h | Opportunities: 0 | Bundles: 0/0 (0.0%) | Profit: 0.0000 ETH | Rate: 0.00/h
[2m2025-12-11T04:00:56.496496Z[0m [32m INFO[0m [2methereum_transaction_pool_monitor::bot_runner[0m[2m:[0m 🤖 MEV Bot Stats | Uptime: 0.1h | Opportunities: 0 | Bundles: 0/0 (0.0%) | Profit: 0.0000 ETH | Rate: 0.00/h
[2m2025-12-11T04:01:06.497685Z[0m [32m INFO[0m [2methereum_transaction_pool_monitor::bot_runner[0m[2m:[0m 🤖 MEV Bot Stats | Uptime: 0.2h | Opportunities: 0 | Bundles: 0/0 (0.0%) | Profit: 0.0000 ETH | Rate: 0.00/h
[2m2025-12-11T04:01:07.977188Z[0m [32m INFO[0m [2methereum_transaction_pool_monitor::mempool_monitor[0m[2m:[0m 🎯 Router transaction detected: 0xce05f595d73c43ed374c2961f812a37b0f99b79b54e352b483f2742b9006ae03 -> 0x7a250d5630B4cF539739dF2C5dAcb4c659F2488D
[2m2025-12-11T04:01:07.977388Z[0m [32m INFO[0m [2methereum_transaction_pool_monitor::mempool_monitor[0m[2m:[0m 📊 Detected swapExactETHForTokens
[2m2025-12-11T04:01:07.977407Z[0m [32m INFO[0m [2methereum_transaction_pool_monitor::mempool_monitor[0m[2m:[0m 🔍 ETH swap path offset: 128
[2m2025-12-11T04:01:07.977419Z[0m [32m INFO[0m [2methereum_transaction_pool_monitor::mempool_monitor[0m[2m:[0m 🔍 ETH swap path length: 2
[2m2025-12-11T04:01:07.977442Z[0m [32m INFO[0m [2methereum_transaction_pool_monitor::mempool_monitor[0m[2m:[0m 🔍 ETH swap extracted token pair: 0xC02aaA39b223FE8D0A0e5C4F27eAD9083C756Cc2 -> 0x1a2fCFBD9a36a9b4a08F3cAC9C87100b65De29b9
[2m2025-12-11T04:01:07.977533Z[0m [32m INFO[0m [2methereum_transaction_pool_monitor::mempool_monitor[0m[2m:[0m 🔍 Searching for pool with tokens 0xC02aaA39b223FE8D0A0e5C4F27eAD9083C756Cc2 and 0x1a2fCFBD9a36a9b4a08F3cAC9C87100b65De29b9
[2m2025-12-11T04:01:08.301537Z[0m [32m INFO[0m [2methereum_transaction_pool_monitor::mempool_monitor[0m[2m:[0m 🔍 No pool found for token pair 0xC02aaA39b223FE8D0A0e5C4F27eAD9083C756Cc2 -> 0x1a2fCFBD9a36a9b4a08F3cAC9C87100b65De29b9
[2m2025-12-11T04:01:08.301615Z[0m [32m INFO[0m [2methereum_transaction_pool_monitor::mempool_monitor[0m[2m:[0m ✨ Potential MEV target: 0xce05f595d73c43ed374c2961f812a37b0f99b79b54e352b483f2742b9006ae03 ($0, 0.0 gwei)
[2m2025-12-11T04:01:16.504481Z[0m [32m INFO[0m [2methereum_transaction_pool_monitor::bot_runner[0m[2m:[0m 🤖 MEV Bot Stats | Uptime: 0.2h | Opportunities: 0 | Bundles: 0/0 (0.0%) | Profit: 0.0000 ETH | Rate: 0.00/h
[2m2025-12-11T04:01:25.237205Z[0m [32m INFO[0m [2methereum_transaction_pool_monitor::mempool_monitor[0m[2m:[0m 🎯 Router transaction detected: 0xa6e3bad277a98073629fa84b689c11eefbf5e30a0415b0b45c22df57fe848b20 -> 0x7a250d5630B4cF539739dF2C5dAcb4c659F2488D
[2m2025-12-11T04:01:25.237450Z[0m [32m INFO[0m [2methereum_transaction_pool_monitor::mempool_monitor[0m[2m:[0m 📊 Detected swapExactETHForTokens
[2m2025-12-11T04:01:25.237474Z[0m [32m INFO[0m [2methereum_transaction_pool_monitor::mempool_monitor[0m[2m:[0m 🔍 ETH swap path offset: 128
[2m2025-12-11T04:01:25.237486Z[0m [32m INFO[0m [2methereum_transaction_pool_monitor::mempool_monitor[0m[2m:[0m 🔍 ETH swap path length: 2
[2m2025-12-11T04:01:25.237498Z[0m [32m INFO[0m [2methereum_transaction_pool_monitor::mempool_monitor[0m[2m:[0m 🔍 ETH swap extracted token pair: 0xC02aaA39b223FE8D0A0e5C4F27eAD9083C756Cc2 -> 0xb80297685Dbf4252915af3044BCAC401974a6745
[2m2025-12-11T04:01:25.237595Z[0m [32m INFO[0m [2methereum_transaction_pool_monitor::mempool_monitor[0m[2m:[0m 🔍 Searching for pool with tokens 0xC02aaA39b223FE8D0A0e5C4F27eAD9083C756Cc2 and 0xb80297685Dbf4252915af3044BCAC401974a6745
[2m2025-12-11T04:01:25.543636Z[0m [32m INFO[0m [2methereum_transaction_pool_monitor::mempool_monitor[0m[2m:[0m 🔍 No pool found for token pair 0xC02aaA39b223FE8D0A0e5C4F27eAD9083C756Cc2 -> 0xb80297685Dbf4252915af3044BCAC401974a6745
[2m2025-12-11T04:01:25.543733Z[0m [32m INFO[0m [2methereum_transaction_pool_monitor::mempool_monitor[0m[2m:[0m ✨ Potential MEV target: 0xa6e3bad277a98073629fa84b689c11eefbf5e30a0415b0b45c22df57fe848b20 ($0, 0.0 gwei)
[2m2025-12-11T04:01:26.555544Z[0m [32m INFO[0m [2methereum_transaction_pool_monitor::bot_runner[0m[2m:[0m 🤖 MEV Bot Stats | Uptime: 0.2h | Opportunities: 0 | Bundles: 0/0 (0.0%) | Profit: 0.0000 ETH | Rate: 0.00/h
[2m2025-12-11T04:01:36.564363Z[0m [32m INFO[0m [2methereum_transaction_pool_monitor::bot_runner[0m[2m:[0m 🤖 MEV Bot Stats | Uptime: 0.2h | Opportunities: 0 | Bundles: 0/0 (0.0%) | Profit: 0.0000 ETH | Rate: 0.00/h
[2m2025-12-11T04:01:46.497399Z[0m [32m INFO[0m [2methereum_transaction_pool_monitor::bot_runner[0m[2m:[0m 🤖 MEV Bot Stats | Uptime: 0.2h | Opportunities: 0 | Bundles: 0/0 (0.0%) | Profit: 0.0000 ETH | Rate: 0.00/h
[2m2025-12-11T04:01:56.584214Z[0m [32m INFO[0m [2methereum_transaction_pool_monitor::bot_runner[0m[2m:[0m 🤖 MEV Bot Stats | Uptime: 0.2h | Opportunities: 0 | Bundles: 0/0 (0.0%) | Profit: 0.0000 ETH | Rate: 0.00/h
[2m2025-12-11T04:02:06.681581Z[0m [32m INFO[0m [2methereum_transaction_pool_monitor::bot_runner[0m[2m:[0m 🤖 MEV Bot Stats | Uptime: 0.2h | Opportunities: 0 | Bundles: 0/0 (0.0%) | Profit: 0.0000 ETH | Rate: 0.00/h
[2m2025-12-11T04:02:11.054486Z[0m [32m INFO[0m [2methereum_transaction_pool_monitor::mempool_monitor[0m[2m:[0m 🎯 Router transaction detected: 0xd758737862077c95eba2870b875079096a21cd7e2a21d1661bf20835f5b77523 -> 0x1111111254EEB25477B68fb85Ed929f73A960582
[2m2025-12-11T04:02:11.054799Z[0m [32m INFO[0m [2methereum_transaction_pool_monitor::mempool_monitor[0m[2m:[0m ✨ Potential MEV target: 0xd758737862077c95eba2870b875079096a21cd7e2a21d1661bf20835f5b77523 ($0, 0.0 gwei)
[2m2025-12-11T04:02:14.041397Z[0m [32m INFO[0m [2methereum_transaction_pool_monitor::mempool_monitor[0m[2m:[0m 🎯 Router transaction detected: 0x8dbeeb70bb9c4fe87cdb14cd5895d783fe11348fc3b4d8b86885e999790a57b2 -> 0x68b3465833fb72A70ecDF485E0e4C7bD8665Fc45
[2m2025-12-11T04:02:14.041507Z[0m [32m INFO[0m [2methereum_transaction_pool_monitor::mempool_monitor[0m[2m:[0m ✨ Potential MEV target: 0x8dbeeb70bb9c4fe87cdb14cd5895d783fe11348fc3b4d8b86885e999790a57b2 ($0, 0.0 gwei)
[2m2025-12-11T04:02:14.837883Z[0m [32m INFO[0m [2methereum_transaction_pool_monitor::mempool_monitor[0m[2m:[0m 🎯 Router transaction detected: 0x4421b2a53a4b800eeff3b317f93986a33e393c20296483a2bdb4e5f29c5c139a -> 0x7a250d5630B4cF539739dF2C5dAcb4c659F2488D
[2m2025-12-11T04:02:14.837996Z[0m [32m INFO[0m [2methereum_transaction_pool_monitor::mempool_monitor[0m[2m:[0m 📊 Detected swapExactETHForTokens
[2m2025-12-11T04:02:14.838005Z[0m [32m INFO[0m [2methereum_transaction_pool_monitor::mempool_monitor[0m[2m:[0m 🔍 ETH swap path offset: 128
[2m2025-12-11T04:02:14.838011Z[0m [32m INFO[0m [2methereum_transaction_pool_monitor::mempool_monitor[0m[2m:[0m 🔍 ETH swap path length: 2
[2m2025-12-11T04:02:14.838017Z[0m [32m INFO[0m [2methereum_transaction_pool_monitor::mempool_monitor[0m[2m:[0m 🔍 ETH swap extracted token pair: 0xC02aaA39b223FE8D0A0e5C4F27eAD9083C756Cc2 -> 0x1a2fCFBD9a36a9b4a08F3cAC9C87100b65De29b9
[2m2025-12-11T04:02:14.838061Z[0m [32m INFO[0m [2methereum_transaction_pool_monitor::mempool_monitor[0m[2m:[0m 🔍 Searching for pool with tokens 0xC02aaA39b223FE8D0A0e5C4F27eAD9083C756Cc2 and 0x1a2fCFBD9a36a9b4a08F3cAC9C87100b65De29b9
[2m2025-12-11T04:02:15.150598Z[0m [32m INFO[0m [2methereum_transaction_pool_monitor::mempool_monitor[0m[2m:[0m 🔍 No pool found for token pair 0xC02aaA39b223FE8D0A0e5C4F27eAD9083C756Cc2 -> 0x1a2fCFBD9a36a9b4a08F3cAC9C87100b65De29b9
[2m2025-12-11T04:02:15.150693Z[0m [32m INFO[0m [2methereum_transaction_pool_monitor::mempool_monitor[0m[2m:[0m ✨ Potential MEV target: 0x4421b2a53a4b800eeff3b317f93986a33e393c20296483a2bdb4e5f29c5c139a ($0, 0.0 gwei)
[2m2025-12-11T04:02:16.626824Z[0m [32m INFO[0m [2methereum_transaction_pool_monitor::bot_runner[0m[2m:[0m 🤖 MEV Bot Stats | Uptime: 0.2h | Opportunities: 0 | Bundles: 0/0 (0.0%) | Profit: 0.0000 ETH | Rate: 0.00/h
[2m2025-12-11T04:02:18.929572Z[0m [32m INFO[0m [2methereum_transaction_pool_monitor::mempool_monitor[0m[2m:[0m 🎯 Router transaction detected: 0x7344766824874762febe34bc95c429a3de60852900566f15a0fed653277f5b99 -> 0x7a250d5630B4cF539739dF2C5dAcb4c659F2488D
[2m2025-12-11T04:02:18.929677Z[0m [32m INFO[0m [2methereum_transaction_pool_monitor::mempool_monitor[0m[2m:[0m ✨ Potential MEV target: 0x7344766824874762febe34bc95c429a3de60852900566f15a0fed653277f5b99 ($0, 0.0 gwei)
[2m2025-12-11T04:02:26.569127Z[0m [32m INFO[0m [2methereum_transaction_pool_monitor::bot_runner[0m[2m:[0m 🤖 MEV Bot Stats | Uptime: 0.2h | Opportunities: 0 | Bundles: 0/0 (0.0%) | Profit: 0.0000 ETH | Rate: 0.00/h
[2m2025-12-11T04:02:35.810266Z[0m [32m INFO[0m [2methereum_transaction_pool_monitor::mempool_monitor[0m[2m:[0m 🎯 Router transaction detected: 0x2774aceb545b290538a4d8d7b0c9b9588384c1f37f83d438aadeb144791d8772 -> 0x7a250d5630B4cF539739dF2C5dAcb4c659F2488D
[2m2025-12-11T04:02:35.810468Z[0m [32m INFO[0m [2methereum_transaction_pool_monitor::mempool_monitor[0m[2m:[0m 📊 Detected swapExactETHForTokens
[2m2025-12-11T04:02:35.810487Z[0m [32m INFO[0m [2methereum_transaction_pool_monitor::mempool_monitor[0m[2m:[0m 🔍 ETH swap path offset: 128
[2m2025-12-11T04:02:35.810509Z[0m [32m INFO[0m [2methereum_transaction_pool_monitor::mempool_monitor[0m[2m:[0m 🔍 ETH swap path length: 2
[2m2025-12-11T04:02:35.810519Z[0m [32m INFO[0m [2methereum_transaction_pool_monitor::mempool_monitor[0m[2m:[0m 🔍 ETH swap extracted token pair: 0xC02aaA39b223FE8D0A0e5C4F27eAD9083C756Cc2 -> 0xb80297685Dbf4252915af3044BCAC401974a6745
[2m2025-12-11T04:02:35.810610Z[0m [32m INFO[0m [2methereum_transaction_pool_monitor::mempool_monitor[0m[2m:[0m 🔍 Searching for pool with tokens 0xC02aaA39b223FE8D0A0e5C4F27eAD9083C756Cc2 and 0xb80297685Dbf4252915af3044BCAC401974a6745
[2m2025-12-11T04:02:36.133962Z[0m [32m INFO[0m [2methereum_transaction_pool_monitor::mempool_monitor[0m[2m:[0m 🔍 No pool found for token pair 0xC02aaA39b223FE8D0A0e5C4F27eAD9083C756Cc2 -> 0xb80297685Dbf4252915af3044BCAC401974a6745
[2m2025-12-11T04:02:36.134053Z[0m [32m INFO[0m [2methereum_transaction_pool_monitor::mempool_monitor[0m[2m:[0m ✨ Potential MEV target: 0x2774aceb545b290538a4d8d7b0c9b9588384c1f37f83d438aadeb144791d8772 ($0, 0.0 gwei)
[2m2025-12-11T04:02:36.497875Z[0m [32m INFO[0m [2methereum_transaction_pool_monitor::bot_runner[0m[2m:[0m 🤖 MEV Bot Stats | Uptime: 0.2h | Opportunities: 0 | Bundles: 0/0 (0.0%) | Profit: 0.0000 ETH | Rate: 0.00/h
[2m2025-12-11T04:02:46.561119Z[0m [32m INFO[0m [2methereum_transaction_pool_monitor::bot_runner[0m[2m:[0m 🤖 MEV Bot Stats | Uptime: 0.2h | Opportunities: 0 | Bundles: 0/0 (0.0%) | Profit: 0.0000 ETH | Rate: 0.00/h
[2m2025-12-11T04:02:47.533023Z[0m [32m INFO[0m [2methereum_transaction_pool_monitor::mempool_monitor[0m[2m:[0m 🎯 Router transaction detected: 0xe6aa43df043945e145c5677892efaab303410155c0ee91df4c167931684401ae -> 0x7a250d5630B4cF539739dF2C5dAcb4c659F2488D
[2m2025-12-11T04:02:47.533135Z[0m [32m INFO[0m [2methereum_transaction_pool_monitor::mempool_monitor[0m[2m:[0m ✨ Potential MEV target: 0xe6aa43df043945e145c5677892efaab303410155c0ee91df4c167931684401ae ($0, 0.0 gwei)
[2m2025-12-11T04:02:56.518647Z[0m [32m INFO[0m [2methereum_transaction_pool_monitor::bot_runner[0m[2m:[0m 🤖 MEV Bot Stats | Uptime: 0.2h | Opportunities: 0 | Bundles: 0/0 (0.0%) | Profit: 0.0000 ETH | Rate: 0.00/h
[2m2025-12-11T04:03:06.712510Z[0m [32m INFO[0m [2methereum_transaction_pool_monitor::bot_runner[0m[2m:[0m 🤖 MEV Bot Stats | Uptime: 0.2h | Opportunities: 0 | Bundles: 0/0 (0.0%) | Profit: 0.0000 ETH | Rate: 0.00/h
[2m2025-12-11T04:03:09.796109Z[0m [32m INFO[0m [2methereum_transaction_pool_monitor::mempool_monitor[0m[2m:[0m 🎯 Router transaction detected: 0xae0a04d137c812193882bf146b4385056ff193554f7a957bf265cd2f5e4da262 -> 0x7a250d5630B4cF539739dF2C5dAcb4c659F2488D
[2m2025-12-11T04:03:09.796265Z[0m [32m INFO[0m [2methereum_transaction_pool_monitor::mempool_monitor[0m[2m:[0m 📊 Detected swapExactETHForTokens
[2m2025-12-11T04:03:09.796278Z[0m [32m INFO[0m [2methereum_transaction_pool_monitor::mempool_monitor[0m[2m:[0m 🔍 ETH swap path offset: 128
[2m2025-12-11T04:03:09.796284Z[0m [32m INFO[0m [2methereum_transaction_pool_monitor::mempool_monitor[0m[2m:[0m 🔍 ETH swap path length: 2
[2m2025-12-11T04:03:09.796290Z[0m [32m INFO[0m [2methereum_transaction_pool_monitor::mempool_monitor[0m[2m:[0m 🔍 ETH swap extracted token pair: 0xC02aaA39b223FE8D0A0e5C4F27eAD9083C756Cc2 -> 0x1a2fCFBD9a36a9b4a08F3cAC9C87100b65De29b9
[2m2025-12-11T04:03:09.796376Z[0m [32m INFO[0m [2methereum_transaction_pool_monitor::mempool_monitor[0m[2m:[0m 🔍 Searching for pool with tokens 0xC02aaA39b223FE8D0A0e5C4F27eAD9083C756Cc2 and 0x1a2fCFBD9a36a9b4a08F3cAC9C87100b65De29b9
[2m2025-12-11T04:03:10.097858Z[0m [32m INFO[0m [2methereum_transaction_pool_monitor::mempool_monitor[0m[2m:[0m 🔍 No pool found for token pair 0xC02aaA39b223FE8D0A0e5C4F27eAD9083C756Cc2 -> 0x1a2fCFBD9a36a9b4a08F3cAC9C87100b65De29b9
[2m2025-12-11T04:03:10.097950Z[0m [32m INFO[0m [2methereum_transaction_pool_monitor::mempool_monitor[0m[2m:[0m ✨ Potential MEV target: 0xae0a04d137c812193882bf146b4385056ff193554f7a957bf265cd2f5e4da262 ($0, 0.0 gwei)
[2m2025-12-11T04:03:16.629894Z[0m [32m INFO[0m [2methereum_transaction_pool_monitor::bot_runner[0m[2m:[0m 🤖 MEV Bot Stats | Uptime: 0.2h | Opportunities: 0 | Bundles: 0/0 (0.0%) | Profit: 0.0000 ETH | Rate: 0.00/h
[2m2025-12-11T04:03:26.620897Z[0m [32m INFO[0m [2methereum_transaction_pool_monitor::bot_runner[0m[2m:[0m 🤖 MEV Bot Stats | Uptime: 0.2h | Opportunities: 0 | Bundles: 0/0 (0.0%) | Profit: 0.0000 ETH | Rate: 0.00/h
[2m2025-12-11T04:03:30.573992Z[0m [32m INFO[0m [2methereum_transaction_pool_monitor::mempool_monitor[0m[2m:[0m 🎯 Router transaction detected: 0xe6aa43df043945e145c5677892efaab303410155c0ee91df4c167931684401ae -> 0x7a250d5630B4cF539739dF2C5dAcb4c659F2488D
[2m2025-12-11T04:03:30.574191Z[0m [32m INFO[0m [2methereum_transaction_pool_monitor::mempool_monitor[0m[2m:[0m ✨ Potential MEV target: 0xe6aa43df043945e145c5677892efaab303410155c0ee91df4c167931684401ae ($0, 0.0 gwei)
[2m2025-12-11T04:03:33.478773Z[0m [32m INFO[0m [2methereum_transaction_pool_monitor::mempool_monitor[0m[2m:[0m 🎯 Router transaction detected: 0xb9b7fbd13452b479e8962e66d863b87733e7c1d879c22f5ce42fd2bfba45af10 -> 0x7a250d5630B4cF539739dF2C5dAcb4c659F2488D
[2m2025-12-11T04:03:33.478860Z[0m [32m INFO[0m [2methereum_transaction_pool_monitor::mempool_monitor[0m[2m:[0m ✨ Potential MEV target: 0xb9b7fbd13452b479e8962e66d863b87733e7c1d879c22f5ce42fd2bfba45af10 ($0, 0.0 gwei)
[2m2025-12-11T04:03:34.766055Z[0m [32m INFO[0m [2methereum_transaction_pool_monitor::mempool_monitor[0m[2m:[0m 🎯 Router transaction detected: 0x2fe6924d635e9e09609ac4d4de391bf936c357f51691d97374a856efbb4bf01e -> 0x7a250d5630B4cF539739dF2C5dAcb4c659F2488D
[2m2025-12-11T04:03:34.766159Z[0m [32m INFO[0m [2methereum_transaction_pool_monitor::mempool_monitor[0m[2m:[0m ✨ Potential MEV target: 0x2fe6924d635e9e09609ac4d4de391bf936c357f51691d97374a856efbb4bf01e ($0, 0.0 gwei)
[2m2025-12-11T04:03:36.531465Z[0m [32m INFO[0m [2methereum_transaction_pool_monitor::bot_runner[0m[2m:[0m 🤖 MEV Bot Stats | Uptime: 0.2h | Opportunities: 0 | Bundles: 0/0 (0.0%) | Profit: 0.0000 ETH | Rate: 0.00/h
[2m2025-12-11T04:03:42.584766Z[0m [32m INFO[0m [2methereum_transaction_pool_monitor::mempool_monitor[0m[2m:[0m 🎯 Router transaction detected: 0x6fa06effa87458fcb35f5529a8f44d9603f6680057de5696ab2ddfe298eb3382 -> 0x7a250d5630B4cF539739dF2C5dAcb4c659F2488D
[2m2025-12-11T04:03:42.584861Z[0m [32m INFO[0m [2methereum_transaction_pool_monitor::mempool_monitor[0m[2m:[0m 📊 Detected swapExactETHForTokens
[2m2025-12-11T04:03:42.584871Z[0m [32m INFO[0m [2methereum_transaction_pool_monitor::mempool_monitor[0m[2m:[0m 🔍 ETH swap path offset: 128
[2m2025-12-11T04:03:42.584878Z[0m [32m INFO[0m [2methereum_transaction_pool_monitor::mempool_monitor[0m[2m:[0m 🔍 ETH swap path length: 2
[2m2025-12-11T04:03:42.584887Z[0m [32m INFO[0m [2methereum_transaction_pool_monitor::mempool_monitor[0m[2m:[0m 🔍 ETH swap extracted token pair: 0xC02aaA39b223FE8D0A0e5C4F27eAD9083C756Cc2 -> 0xb80297685Dbf4252915af3044BCAC401974a6745
[2m2025-12-11T04:03:42.584924Z[0m [32m INFO[0m [2methereum_transaction_pool_monitor::mempool_monitor[0m[2m:[0m 🔍 Searching for pool with tokens 0xC02aaA39b223FE8D0A0e5C4F27eAD9083C756Cc2 and 0xb80297685Dbf4252915af3044BCAC401974a6745
[2m2025-12-11T04:03:42.894394Z[0m [32m INFO[0m [2methereum_transaction_pool_monitor::mempool_monitor[0m[2m:[0m 🔍 No pool found for token pair 0xC02aaA39b223FE8D0A0e5C4F27eAD9083C756Cc2 -> 0xb80297685Dbf4252915af3044BCAC401974a6745
[2m2025-12-11T04:03:42.894474Z[0m [32m INFO[0m [2methereum_transaction_pool_monitor::mempool_monitor[0m[2m:[0m ✨ Potential MEV target: 0x6fa06effa87458fcb35f5529a8f44d9603f6680057de5696ab2ddfe298eb3382 ($0, 0.0 gwei)
[2m2025-12-11T04:03:46.532665Z[0m [32m INFO[0m [2methereum_transaction_pool_monitor::bot_runner[0m[2m:[0m 🤖 MEV Bot Stats | Uptime: 0.2h | Opportunities: 0 | Bundles: 0/0 (0.0%) | Profit: 0.0000 ETH | Rate: 0.00/h
[2m2025-12-11T04:03:56.498007Z[0m [32m INFO[0m [2methereum_transaction_pool_monitor::bot_runner[0m[2m:[0m 🤖 MEV Bot Stats | Uptime: 0.2h | Opportunities: 0 | Bundles: 0/0 (0.0%) | Profit: 0.0000 ETH | Rate: 0.00/h
[2m2025-12-11T04:04:05.708777Z[0m [32m INFO[0m [2methereum_transaction_pool_monitor::mempool_monitor[0m[2m:[0m 🎯 Router transaction detected: 0x5ff21523fda17e0b31b9a49d3e379d41d84865bb4e917320fb7d8f37012cb754 -> 0x7a250d5630B4cF539739dF2C5dAcb4c659F2488D
[2m2025-12-11T04:04:05.708883Z[0m [32m INFO[0m [2methereum_transaction_pool_monitor::mempool_monitor[0m[2m:[0m ✨ Potential MEV target: 0x5ff21523fda17e0b31b9a49d3e379d41d84865bb4e917320fb7d8f37012cb754 ($0, 0.0 gwei)
[2m2025-12-11T04:04:06.498281Z[0m [32m INFO[0m [2methereum_transaction_pool_monitor::bot_runner[0m[2m:[0m 🤖 MEV Bot Stats | Uptime: 0.2h | Opportunities: 0 | Bundles: 0/0 (0.0%) | Profit: 0.0000 ETH | Rate: 0.00/h
[2m2025-12-11T04:04:09.008697Z[0m [32m INFO[0m [2methereum_transaction_pool_monitor::mempool_monitor[0m[2m:[0m 🎯 Router transaction detected: 0xde5aae8929fd8f9594fd8330a03930738cf57a1639cbc644bf2f39bfb47beb61 -> 0x68b3465833fb72A70ecDF485E0e4C7bD8665Fc45
[2m2025-12-11T04:04:09.008800Z[0m [32m INFO[0m [2methereum_transaction_pool_monitor::mempool_monitor[0m[2m:[0m ✨ Potential MEV target: 0xde5aae8929fd8f9594fd8330a03930738cf57a1639cbc644bf2f39bfb47beb61 ($0, 0.0 gwei)
[2m2025-12-11T04:04:16.531180Z[0m [32m INFO[0m [2methereum_transaction_pool_monitor::bot_runner[0m[2m:[0m 🤖 MEV Bot Stats | Uptime: 0.2h | Opportunities: 0 | Bundles: 0/0 (0.0%) | Profit: 0.0000 ETH | Rate: 0.00/h
[2m2025-12-11T04:04:26.518086Z[0m [32m INFO[0m [2methereum_transaction_pool_monitor::bot_runner[0m[2m:[0m 🤖 MEV Bot Stats | Uptime: 0.2h | Opportunities: 0 | Bundles: 0/0 (0.0%) | Profit: 0.0000 ETH | Rate: 0.00/h
[2m2025-12-11T04:04:36.639402Z[0m [32m INFO[0m [2methereum_transaction_pool_monitor::bot_runner[0m[2m:[0m 🤖 MEV Bot Stats | Uptime: 0.2h | Opportunities: 0 | Bundles: 0/0 (0.0%) | Profit: 0.0000 ETH | Rate: 0.00/h
[2m2025-12-11T04:04:46.554690Z[0m [32m INFO[0m [2methereum_transaction_pool_monitor::bot_runner[0m[2m:[0m 🤖 MEV Bot Stats | Uptime: 0.2h | Opportunities: 0 | Bundles: 0/0 (0.0%) | Profit: 0.0000 ETH | Rate: 0.00/h
[2m2025-12-11T04:04:52.727683Z[0m [32m INFO[0m [2methereum_transaction_pool_monitor::mempool_monitor[0m[2m:[0m 🎯 Router transaction detected: 0x954f31a6af01ec8ea8750d45f7194a88959ab550d89a8614e086614cf286f806 -> 0x7a250d5630B4cF539739dF2C5dAcb4c659F2488D
[2m2025-12-11T04:04:52.727785Z[0m [32m INFO[0m [2methereum_transaction_pool_monitor::mempool_monitor[0m[2m:[0m 📊 Detected swapExactTokensForETH
[2m2025-12-11T04:04:52.727794Z[0m [32m INFO[0m [2methereum_transaction_pool_monitor::mempool_monitor[0m[2m:[0m 🔍 Path offset: 160
[2m2025-12-11T04:04:52.727799Z[0m [32m INFO[0m [2methereum_transaction_pool_monitor::mempool_monitor[0m[2m:[0m 🔍 Path length: 2
[2m2025-12-11T04:04:52.727804Z[0m [32m INFO[0m [2methereum_transaction_pool_monitor::mempool_monitor[0m[2m:[0m 🔍 Extracted token pair: 0xb80297685Dbf4252915af3044BCAC401974a6745 -> 0xC02aaA39b223FE8D0A0e5C4F27eAD9083C756Cc2
[2m2025-12-11T04:04:52.727840Z[0m [32m INFO[0m [2methereum_transaction_pool_monitor::mempool_monitor[0m[2m:[0m 🔍 Searching for pool with tokens 0xb80297685Dbf4252915af3044BCAC401974a6745 and 0xC02aaA39b223FE8D0A0e5C4F27eAD9083C756Cc2
[2m2025-12-11T04:04:53.029522Z[0m [32m INFO[0m [2methereum_transaction_pool_monitor::mempool_monitor[0m[2m:[0m 🔍 No pool found for token pair 0xb80297685Dbf4252915af3044BCAC401974a6745 -> 0xC02aaA39b223FE8D0A0e5C4F27eAD9083C756Cc2
[2m2025-12-11T04:04:53.029754Z[0m [32m INFO[0m [2methereum_transaction_pool_monitor::mempool_monitor[0m[2m:[0m ✨ Potential MEV target: 0x954f31a6af01ec8ea8750d45f7194a88959ab550d89a8614e086614cf286f806 ($0, 0.0 gwei)
[2m2025-12-11T04:04:56.556208Z[0m [32m INFO[0m [2methereum_transaction_pool_monitor::bot_runner[0m[2m:[0m 🤖 MEV Bot Stats | Uptime: 0.2h | Opportunities: 0 | Bundles: 0/0 (0.0%) | Profit: 0.0000 ETH | Rate: 0.00/h
[2m2025-12-11T04:05:06.536304Z[0m [32m INFO[0m [2methereum_transaction_pool_monitor::bot_runner[0m[2m:[0m 🤖 MEV Bot Stats | Uptime: 0.2h | Opportunities: 0 | Bundles: 0/0 (0.0%) | Profit: 0.0000 ETH | Rate: 0.00/h
[2m2025-12-11T04:05:16.497449Z[0m [32m INFO[0m [2methereum_transaction_pool_monitor::bot_runner[0m[2m:[0m 🤖 MEV Bot Stats | Uptime: 0.2h | Opportunities: 0 | Bundles: 0/0 (0.0%) | Profit: 0.0000 ETH | Rate: 0.00/h
[2m2025-12-11T04:05:21.883818Z[0m [32m INFO[0m [2methereum_transaction_pool_monitor::mempool_monitor[0m[2m:[0m 🎯 Router transaction detected: 0xa760a74aa50dc744e3dcd05144021d74e1bdd4b4fe06fae9e399d8d17577224c -> 0x7a250d5630B4cF539739dF2C5dAcb4c659F2488D
[2m2025-12-11T04:05:21.883923Z[0m [32m INFO[0m [2methereum_transaction_pool_monitor::mempool_monitor[0m[2m:[0m ✨ Potential MEV target: 0xa760a74aa50dc744e3dcd05144021d74e1bdd4b4fe06fae9e399d8d17577224c ($0, 0.0 gwei)
[2m2025-12-11T04:05:26.420507Z[0m [32m INFO[0m [2methereum_transaction_pool_monitor::mempool_monitor[0m[2m:[0m 🎯 Router transaction detected: 0xf3b0b34151f86682701c051b07de014d1345c710dc50008d7664adf4ff0a64ec -> 0x7a250d5630B4cF539739dF2C5dAcb4c659F2488D
[2m2025-12-11T04:05:26.420616Z[0m [32m INFO[0m [2methereum_transaction_pool_monitor::mempool_monitor[0m[2m:[0m ✨ Potential MEV target: 0xf3b0b34151f86682701c051b07de014d1345c710dc50008d7664adf4ff0a64ec ($0, 0.0 gwei)
[2m2025-12-11T04:05:26.621201Z[0m [32m INFO[0m [2methereum_transaction_pool_monitor::bot_runner[0m[2m:[0m 🤖 MEV Bot Stats | Uptime: 0.2h | Opportunities: 0 | Bundles: 0/0 (0.0%) | Profit: 0.0000 ETH | Rate: 0.00/h
[2m2025-12-11T04:05:36.497783Z[0m [32m INFO[0m [2methereum_transaction_pool_monitor::bot_runner[0m[2m:[0m 🤖 MEV Bot Stats | Uptime: 0.2h | Opportunities: 0 | Bundles: 0/0 (0.0%) | Profit: 0.0000 ETH | Rate: 0.00/h
[2m2025-12-11T04:05:37.841847Z[0m [32m INFO[0m [2methereum_transaction_pool_monitor::mempool_monitor[0m[2m:[0m 🎯 Router transaction detected: 0x35e2f287bb5be8aec55d32aa78e857706e4c0d63b388868d96c08b225a7e9bfb -> 0x1111111254EEB25477B68fb85Ed929f73A960582
[2m2025-12-11T04:05:37.841994Z[0m [32m INFO[0m [2methereum_transaction_pool_monitor::mempool_monitor[0m[2m:[0m ✨ Potential MEV target: 0x35e2f287bb5be8aec55d32aa78e857706e4c0d63b388868d96c08b225a7e9bfb ($0, 0.0 gwei)
[2m2025-12-11T04:05:46.656244Z[0m [32m INFO[0m [2methereum_transaction_pool_monitor::bot_runner[0m[2m:[0m 🤖 MEV Bot Stats | Uptime: 0.2h | Opportunities: 0 | Bundles: 0/0 (0.0%) | Profit: 0.0000 ETH | Rate: 0.00/h
[2m2025-12-11T04:05:56.515601Z[0m [32m INFO[0m [2methereum_transaction_pool_monitor::bot_runner[0m[2m:[0m 🤖 MEV Bot Stats | Uptime: 0.2h | Opportunities: 0 | Bundles: 0/0 (0.0%) | Profit: 0.0000 ETH | Rate: 0.00/h
[2m2025-12-11T04:06:06.497703Z[0m [32m INFO[0m [2methereum_transaction_pool_monitor::bot_runner[0m[2m:[0m 🤖 MEV Bot Stats | Uptime: 0.2h | Opportunities: 0 | Bundles: 0/0 (0.0%) | Profit: 0.0000 ETH | Rate: 0.00/h
[2m2025-12-11T04:06:16.502524Z[0m [32m INFO[0m [2methereum_transaction_pool_monitor::bot_runner[0m[2m:[0m 🤖 MEV Bot Stats | Uptime: 0.2h | Opportunities: 0 | Bundles: 0/0 (0.0%) | Profit: 0.0000 ETH | Rate: 0.00/h
[2m2025-12-11T04:06:26.497776Z[0m [32m INFO[0m [2methereum_transaction_pool_monitor::bot_runner[0m[2m:[0m 🤖 MEV Bot Stats | Uptime: 0.2h | Opportunities: 0 | Bundles: 0/0 (0.0%) | Profit: 0.0000 ETH | Rate: 0.00/h
[2m2025-12-11T04:06:26.737722Z[0m [32m INFO[0m [2methereum_transaction_pool_monitor::mempool_monitor[0m[2m:[0m 🎯 Router transaction detected: 0x66369e4afef67387dc39191529e341f9484be3dabe8381bc6f7f0c0f74b852c2 -> 0x7a250d5630B4cF539739dF2C5dAcb4c659F2488D
[2m2025-12-11T04:06:26.737825Z[0m [32m INFO[0m [2methereum_transaction_pool_monitor::mempool_monitor[0m[2m:[0m 📊 Detected swapExactETHForTokens
[2m2025-12-11T04:06:26.737837Z[0m [32m INFO[0m [2methereum_transaction_pool_monitor::mempool_monitor[0m[2m:[0m 🔍 ETH swap path offset: 128
[2m2025-12-11T04:06:26.737844Z[0m [32m INFO[0m [2methereum_transaction_pool_monitor::mempool_monitor[0m[2m:[0m 🔍 ETH swap path length: 2
[2m2025-12-11T04:06:26.737853Z[0m [32m INFO[0m [2methereum_transaction_pool_monitor::mempool_monitor[0m[2m:[0m 🔍 ETH swap extracted token pair: 0xC02aaA39b223FE8D0A0e5C4F27eAD9083C756Cc2 -> 0xb80297685Dbf4252915af3044BCAC401974a6745
[2m2025-12-11T04:06:26.737892Z[0m [32m INFO[0m [2methereum_transaction_pool_monitor::mempool_monitor[0m[2m:[0m 🔍 Searching for pool with tokens 0xC02aaA39b223FE8D0A0e5C4F27eAD9083C756Cc2 and 0xb80297685Dbf4252915af3044BCAC401974a6745
[2m2025-12-11T04:06:27.045533Z[0m [32m INFO[0m [2methereum_transaction_pool_monitor::mempool_monitor[0m[2m:[0m 🔍 No pool found for token pair 0xC02aaA39b223FE8D0A0e5C4F27eAD9083C756Cc2 -> 0xb80297685Dbf4252915af3044BCAC401974a6745
[2m2025-12-11T04:06:27.045611Z[0m [32m INFO[0m [2methereum_transaction_pool_monitor::mempool_monitor[0m[2m:[0m ✨ Potential MEV target: 0x66369e4afef67387dc39191529e341f9484be3dabe8381bc6f7f0c0f74b852c2 ($0, 0.0 gwei)
[2m2025-12-11T04:06:27.050868Z[0m [32m INFO[0m [2methereum_transaction_pool_monitor::mempool_monitor[0m[2m:[0m 🎯 Router transaction detected: 0xbe8184e20ec06c9e2c0511af6ca86c7c1d2c42f45f846d793475856a50c34e47 -> 0x68b3465833fb72A70ecDF485E0e4C7bD8665Fc45
[2m2025-12-11T04:06:27.051070Z[0m [32m INFO[0m [2methereum_transaction_pool_monitor::mempool_monitor[0m[2m:[0m ✨ Potential MEV target: 0xbe8184e20ec06c9e2c0511af6ca86c7c1d2c42f45f846d793475856a50c34e47 ($0, 0.0 gwei)
[2m2025-12-11T04:06:36.710059Z[0m [32m INFO[0m [2methereum_transaction_pool_monitor::bot_runner[0m[2m:[0m 🤖 MEV Bot Stats | Uptime: 0.2h | Opportunities: 0 | Bundles: 0/0 (0.0%) | Profit: 0.0000 ETH | Rate: 0.00/h
[2m2025-12-11T04:06:46.498266Z[0m [32m INFO[0m [2methereum_transaction_pool_monitor::bot_runner[0m[2m:[0m 🤖 MEV Bot Stats | Uptime: 0.2h | Opportunities: 0 | Bundles: 0/0 (0.0%) | Profit: 0.0000 ETH | Rate: 0.00/h
[2m2025-12-11T04:06:56.497545Z[0m [32m INFO[0m [2methereum_transaction_pool_monitor::bot_runner[0m[2m:[0m 🤖 MEV Bot Stats | Uptime: 0.2h | Opportunities: 0 | Bundles: 0/0 (0.0%) | Profit: 0.0000 ETH | Rate: 0.00/h
[2m2025-12-11T04:06:57.793381Z[0m [32m INFO[0m [2methereum_transaction_pool_monitor::mempool_monitor[0m[2m:[0m 🎯 Router transaction detected: 0x6f6a7b1dbe754dd409305d7158c5dc4f289d3138a62f8c7814b13b28571bf391 -> 0x7a250d5630B4cF539739dF2C5dAcb4c659F2488D
[2m2025-12-11T04:06:57.793491Z[0m [32m INFO[0m [2methereum_transaction_pool_monitor::mempool_monitor[0m[2m:[0m ✨ Potential MEV target: 0x6f6a7b1dbe754dd409305d7158c5dc4f289d3138a62f8c7814b13b28571bf391 ($0, 0.0 gwei)
[2m2025-12-11T04:06:57.892518Z[0m [32m INFO[0m [2methereum_transaction_pool_monitor::mempool_monitor[0m[2m:[0m 🎯 Router transaction detected: 0x77c0576cf323bab5e6f399f1ea9be8e2742ca7fc7fab22a138df06c5dd0bb305 -> 0x7a250d5630B4cF539739dF2C5dAcb4c659F2488D
[2m2025-12-11T04:06:57.892620Z[0m [32m INFO[0m [2methereum_transaction_pool_monitor::mempool_monitor[0m[2m:[0m ✨ Potential MEV target: 0x77c0576cf323bab5e6f399f1ea9be8e2742ca7fc7fab22a138df06c5dd0bb305 ($0, 0.0 gwei)
[2m2025-12-11T04:06:59.269439Z[0m [32m INFO[0m [2methereum_transaction_pool_monitor::mempool_monitor[0m[2m:[0m 🎯 Router transaction detected: 0x73461ba0dc325b5dffe3aa02e8fdb824e8d5a0603422a4f350c55404ca9bc6cb -> 0x68b3465833fb72A70ecDF485E0e4C7bD8665Fc45
[2m2025-12-11T04:06:59.269528Z[0m [32m INFO[0m [2methereum_transaction_pool_monitor::mempool_monitor[0m[2m:[0m ✨ Potential MEV target: 0x73461ba0dc325b5dffe3aa02e8fdb824e8d5a0603422a4f350c55404ca9bc6cb ($0, 0.0 gwei)
[2m2025-12-11T04:07:06.705221Z[0m [32m INFO[0m [2methereum_transaction_pool_monitor::bot_runner[0m[2m:[0m 🤖 MEV Bot Stats | Uptime: 0.3h | Opportunities: 0 | Bundles: 0/0 (0.0%) | Profit: 0.0000 ETH | Rate: 0.00/h
[2m2025-12-11T04:07:15.724559Z[0m [32m INFO[0m [2methereum_transaction_pool_monitor::mempool_monitor[0m[2m:[0m 🎯 Router transaction detected: 0xf395957a0d2eaf41ba64f63fe33217007dccb6b8c822fece5236258a4fbc56f0 -> 0x68b3465833fb72A70ecDF485E0e4C7bD8665Fc45
[2m2025-12-11T04:07:15.724657Z[0m [32m INFO[0m [2methereum_transaction_pool_monitor::mempool_monitor[0m[2m:[0m ✨ Potential MEV target: 0xf395957a0d2eaf41ba64f63fe33217007dccb6b8c822fece5236258a4fbc56f0 ($0, 0.0 gwei)
[2m2025-12-11T04:07:16.499329Z[0m [32m INFO[0m [2methereum_transaction_pool_monitor::bot_runner[0m[2m:[0m 🤖 MEV Bot Stats | Uptime: 0.3h | Opportunities: 0 | Bundles: 0/0 (0.0%) | Profit: 0.0000 ETH | Rate: 0.00/h
[2m2025-12-11T04:07:22.529885Z[0m [32m INFO[0m [2methereum_transaction_pool_monitor::mempool_monitor[0m[2m:[0m 🎯 Router transaction detected: 0x7f12d6f1bf713c235da6e95faa38f7a0a6d1098ca198def680437c7f8fe8cc8e -> 0x7a250d5630B4cF539739dF2C5dAcb4c659F2488D
[2m2025-12-11T04:07:22.529986Z[0m [32m INFO[0m [2methereum_transaction_pool_monitor::mempool_monitor[0m[2m:[0m ✨ Potential MEV target: 0x7f12d6f1bf713c235da6e95faa38f7a0a6d1098ca198def680437c7f8fe8cc8e ($0, 0.0 gwei)
[2m2025-12-11T04:07:23.280613Z[0m [32m INFO[0m [2methereum_transaction_pool_monitor::mempool_monitor[0m[2m:[0m 🎯 Router transaction detected: 0x3da011464a8fdd5cdc3cb2a13dc30f414d715b5571986927140f97a397b73c20 -> 0x7a250d5630B4cF539739dF2C5dAcb4c659F2488D
[2m2025-12-11T04:07:23.280713Z[0m [32m INFO[0m [2methereum_transaction_pool_monitor::mempool_monitor[0m[2m:[0m 📊 Detected swapExactTokensForTokens
[2m2025-12-11T04:07:23.280722Z[0m [32m INFO[0m [2methereum_transaction_pool_monitor::mempool_monitor[0m[2m:[0m 🔍 Path offset: 160
[2m2025-12-11T04:07:23.280729Z[0m [32m INFO[0m [2methereum_transaction_pool_monitor::mempool_monitor[0m[2m:[0m 🔍 Path length: 2
[2m2025-12-11T04:07:23.280736Z[0m [32m INFO[0m [2methereum_transaction_pool_monitor::mempool_monitor[0m[2m:[0m 🔍 Extracted token pair: 0x00c83aeCC790e8a4453e5dD3B0B4b3680501a7A7 -> 0xC02aaA39b223FE8D0A0e5C4F27eAD9083C756Cc2
[2m2025-12-11T04:07:23.280774Z[0m [32m INFO[0m [2methereum_transaction_pool_monitor::mempool_monitor[0m[2m:[0m 🔍 Searching for pool with tokens 0x00c83aeCC790e8a4453e5dD3B0B4b3680501a7A7 and 0xC02aaA39b223FE8D0A0e5C4F27eAD9083C756Cc2
[2m2025-12-11T04:07:23.607884Z[0m [32m INFO[0m [2methereum_transaction_pool_monitor::mempool_monitor[0m[2m:[0m 🎯 Found target pool: 0xF232D640A5700724748464ba8bD8BEd21Db609a6 (UniswapV2)
[2m2025-12-11T04:07:23.607947Z[0m [32m INFO[0m [2methereum_transaction_pool_monitor::mempool_monitor[0m[2m:[0m ✨ Potential MEV target: 0x3da011464a8fdd5cdc3cb2a13dc30f414d715b5571986927140f97a397b73c20 ($0, 0.0 gwei)
[2m2025-12-11T04:07:23.764923Z[0m [32m INFO[0m [2methereum_transaction_pool_monitor::mempool_monitor[0m[2m:[0m ✅ Successfully created sandwich target for pool: 0xf232d640a5700724748464ba8bd8bed21db609a6
[2m2025-12-11T04:07:23.764956Z[0m [32m INFO[0m [2methereum_transaction_pool_monitor::mempool_monitor[0m[2m:[0m 🧮 Running basic sandwich simulation for victim tx: 0x3da011464a8fdd5cdc3cb2a13dc30f414d715b5571986927140f97a397b73c20
[2m2025-12-11T04:07:23.939286Z[0m [32m INFO[0m [2methereum_transaction_pool_monitor::mempool_monitor[0m[2m:[0m ⚠️ Simulation determined sandwich not profitable
[2m2025-12-11T04:07:26.498754Z[0m [32m INFO[0m [2methereum_transaction_pool_monitor::bot_runner[0m[2m:[0m 🤖 MEV Bot Stats | Uptime: 0.3h | Opportunities: 0 | Bundles: 0/0 (0.0%) | Profit: 0.0000 ETH | Rate: 0.00/h
[2m2025-12-11T04:07:36.576013Z[0m [32m INFO[0m [2methereum_transaction_pool_monitor::bot_runner[0m[2m:[0m 🤖 MEV Bot Stats | Uptime: 0.3h | Opportunities: 0 | Bundles: 0/0 (0.0%) | Profit: 0.0000 ETH | Rate: 0.00/h
[2m2025-12-11T04:07:37.098154Z[0m [32m INFO[0m [2methereum_transaction_pool_monitor::mempool_monitor[0m[2m:[0m 🎯 Router transaction detected: 0x48729380a425468d86dbb960a83724a59b346a7ca77b047ad030961500944084 -> 0x7a250d5630B4cF539739dF2C5dAcb4c659F2488D
[2m2025-12-11T04:07:37.098254Z[0m [32m INFO[0m [2methereum_transaction_pool_monitor::mempool_monitor[0m[2m:[0m ✨ Potential MEV target: 0x48729380a425468d86dbb960a83724a59b346a7ca77b047ad030961500944084 ($0, 0.0 gwei)
[2m2025-12-11T04:07:46.645982Z[0m [32m INFO[0m [2methereum_transaction_pool_monitor::bot_runner[0m[2m:[0m 🤖 MEV Bot Stats | Uptime: 0.3h | Opportunities: 0 | Bundles: 0/0 (0.0%) | Profit: 0.0000 ETH | Rate: 0.00/h
[2m2025-12-11T04:07:56.499706Z[0m [32m INFO[0m [2methereum_transaction_pool_monitor::bot_runner[0m[2m:[0m 🤖 MEV Bot Stats | Uptime: 0.3h | Opportunities: 0 | Bundles: 0/0 (0.0%) | Profit: 0.0000 ETH | Rate: 0.00/h
[2m2025-12-11T04:08:06.563978Z[0m [32m INFO[0m [2methereum_transaction_pool_monitor::bot_runner[0m[2m:[0m 🤖 MEV Bot Stats | Uptime: 0.3h | Opportunities: 0 | Bundles: 0/0 (0.0%) | Profit: 0.0000 ETH | Rate: 0.00/h
[2m2025-12-11T04:08:16.499614Z[0m [32m INFO[0m [2methereum_transaction_pool_monitor::bot_runner[0m[2m:[0m 🤖 MEV Bot Stats | Uptime: 0.3h | Opportunities: 0 | Bundles: 0/0 (0.0%) | Profit: 0.0000 ETH | Rate: 0.00/h
[2m2025-12-11T04:08:22.831590Z[0m [32m INFO[0m [2methereum_transaction_pool_monitor::mempool_monitor[0m[2m:[0m 🎯 Router transaction detected: 0xbee1c667eb4df41a73a459e48338c21500a6dc177487561c981a1bce631c82a9 -> 0x7a250d5630B4cF539739dF2C5dAcb4c659F2488D
[2m2025-12-11T04:08:22.831684Z[0m [32m INFO[0m [2methereum_transaction_pool_monitor::mempool_monitor[0m[2m:[0m 📊 Detected swapExactETHForTokens
[2m2025-12-11T04:08:22.831691Z[0m [32m INFO[0m [2methereum_transaction_pool_monitor::mempool_monitor[0m[2m:[0m 🔍 ETH swap path offset: 128
[2m2025-12-11T04:08:22.831697Z[0m [32m INFO[0m [2methereum_transaction_pool_monitor::mempool_monitor[0m[2m:[0m 🔍 ETH swap path length: 2
[2m2025-12-11T04:08:22.831701Z[0m [32m INFO[0m [2methereum_transaction_pool_monitor::mempool_monitor[0m[2m:[0m 🔍 ETH swap extracted token pair: 0xC02aaA39b223FE8D0A0e5C4F27eAD9083C756Cc2 -> 0xb80297685Dbf4252915af3044BCAC401974a6745
[2m2025-12-11T04:08:22.831737Z[0m [32m INFO[0m [2methereum_transaction_pool_monitor::mempool_monitor[0m[2m:[0m 🔍 Searching for pool with tokens 0xC02aaA39b223FE8D0A0e5C4F27eAD9083C756Cc2 and 0xb80297685Dbf4252915af3044BCAC401974a6745
[2m2025-12-11T04:08:23.185333Z[0m [32m INFO[0m [2methereum_transaction_pool_monitor::mempool_monitor[0m[2m:[0m 🔍 No pool found for token pair 0xC02aaA39b223FE8D0A0e5C4F27eAD9083C756Cc2 -> 0xb80297685Dbf4252915af3044BCAC401974a6745
[2m2025-12-11T04:08:23.185954Z[0m [32m INFO[0m [2methereum_transaction_pool_monitor::mempool_monitor[0m[2m:[0m ✨ Potential MEV target: 0xbee1c667eb4df41a73a459e48338c21500a6dc177487561c981a1bce631c82a9 ($0, 0.0 gwei)
[2m2025-12-11T04:08:26.498070Z[0m [32m INFO[0m [2methereum_transaction_pool_monitor::bot_runner[0m[2m:[0m 🤖 MEV Bot Stats | Uptime: 0.3h | Opportunities: 0 | Bundles: 0/0 (0.0%) | Profit: 0.0000 ETH | Rate: 0.00/h
[2m2025-12-11T04:08:34.014239Z[0m [32m INFO[0m [2methereum_transaction_pool_monitor::mempool_monitor[0m[2m:[0m 🎯 Router transaction detected: 0xe135a251a2bf20674dd7fd2441c0f20d07d3b669abdcb308ee3fd6c8a71cee13 -> 0x68b3465833fb72A70ecDF485E0e4C7bD8665Fc45
[2m2025-12-11T04:08:34.015061Z[0m [32m INFO[0m [2methereum_transaction_pool_monitor::mempool_monitor[0m[2m:[0m ✨ Potential MEV target: 0xe135a251a2bf20674dd7fd2441c0f20d07d3b669abdcb308ee3fd6c8a71cee13 ($0, 0.0 gwei)
[2m2025-12-11T04:08:36.498921Z[0m [32m INFO[0m [2methereum_transaction_pool_monitor::bot_runner[0m[2m:[0m 🤖 MEV Bot Stats | Uptime: 0.3h | Opportunities: 0 | Bundles: 0/0 (0.0%) | Profit: 0.0000 ETH | Rate: 0.00/h
[2m2025-12-11T04:08:46.673468Z[0m [32m INFO[0m [2methereum_transaction_pool_monitor::bot_runner[0m[2m:[0m 🤖 MEV Bot Stats | Uptime: 0.3h | Opportunities: 0 | Bundles: 0/0 (0.0%) | Profit: 0.0000 ETH | Rate: 0.00/h
[2m2025-12-11T04:08:56.601349Z[0m [32m INFO[0m [2methereum_transaction_pool_monitor::bot_runner[0m[2m:[0m 🤖 MEV Bot Stats | Uptime: 0.3h | Opportunities: 0 | Bundles: 0/0 (0.0%) | Profit: 0.0000 ETH | Rate: 0.00/h
[2m2025-12-11T04:09:06.556865Z[0m [32m INFO[0m [2methereum_transaction_pool_monitor::bot_runner[0m[2m:[0m 🤖 MEV Bot Stats | Uptime: 0.3h | Opportunities: 0 | Bundles: 0/0 (0.0%) | Profit: 0.0000 ETH | Rate: 0.00/h
[2m2025-12-11T04:09:11.277664Z[0m [32m INFO[0m [2methereum_transaction_pool_monitor::mempool_monitor[0m[2m:[0m 🎯 Router transaction detected: 0xeabd49160c936b4f29eb527fcb100e865a32276e624f316b66c6e59477488ecf -> 0x7a250d5630B4cF539739dF2C5dAcb4c659F2488D
[2m2025-12-11T04:09:11.277764Z[0m [32m INFO[0m [2methereum_transaction_pool_monitor::mempool_monitor[0m[2m:[0m 📊 Detected swapExactTokensForTokens
[2m2025-12-11T04:09:11.277773Z[0m [32m INFO[0m [2methereum_transaction_pool_monitor::mempool_monitor[0m[2m:[0m 🔍 Path offset: 160
[2m2025-12-11T04:09:11.277778Z[0m [32m INFO[0m [2methereum_transaction_pool_monitor::mempool_monitor[0m[2m:[0m 🔍 Path length: 2
[2m2025-12-11T04:09:11.277783Z[0m [32m INFO[0m [2methereum_transaction_pool_monitor::mempool_monitor[0m[2m:[0m 🔍 Extracted token pair: 0xC02aaA39b223FE8D0A0e5C4F27eAD9083C756Cc2 -> 0xC52C326331E9Ce41F04484d3B5E5648158028804
[2m2025-12-11T04:09:11.277819Z[0m [32m INFO[0m [2methereum_transaction_pool_monitor::mempool_monitor[0m[2m:[0m 🔍 Searching for pool with tokens 0xC02aaA39b223FE8D0A0e5C4F27eAD9083C756Cc2 and 0xC52C326331E9Ce41F04484d3B5E5648158028804
[2m2025-12-11T04:09:11.559545Z[0m [32m INFO[0m [2methereum_transaction_pool_monitor::mempool_monitor[0m[2m:[0m 🎯 Found target pool: 0x797E1Dc0738f2F047d7E0Dd185e41A35F87c5618 (UniswapV2)
[2m2025-12-11T04:09:11.559615Z[0m [32m INFO[0m [2methereum_transaction_pool_monitor::mempool_monitor[0m[2m:[0m ✨ Potential MEV target: 0xeabd49160c936b4f29eb527fcb100e865a32276e624f316b66c6e59477488ecf ($0, 0.0 gwei)
[2m2025-12-11T04:09:11.693831Z[0m [32m INFO[0m [2methereum_transaction_pool_monitor::mempool_monitor[0m[2m:[0m ✅ Successfully created sandwich target for pool: 0x797e1dc0738f2f047d7e0dd185e41a35f87c5618
[2m2025-12-11T04:09:11.693860Z[0m [32m INFO[0m [2methereum_transaction_pool_monitor::mempool_monitor[0m[2m:[0m 🧮 Running basic sandwich simulation for victim tx: 0xeabd49160c936b4f29eb527fcb100e865a32276e624f316b66c6e59477488ecf
[2m2025-12-11T04:09:11.803862Z[0m [32m INFO[0m [2methereum_transaction_pool_monitor::mempool_monitor[0m[2m:[0m ⚠️ Simulation determined sandwich not profitable
[2m2025-12-11T04:09:16.498337Z[0m [32m INFO[0m [2methereum_transaction_pool_monitor::bot_runner[0m[2m:[0m 🤖 MEV Bot Stats | Uptime: 0.3h | Opportunities: 0 | Bundles: 0/0 (0.0%) | Profit: 0.0000 ETH | Rate: 0.00/h
[2m2025-12-11T04:09:24.867652Z[0m [32m INFO[0m [2methereum_transaction_pool_monitor::mempool_monitor[0m[2m:[0m 🎯 Router transaction detected: 0x263decff47c270aa36bad442b237b42821b78e7cea06efc2319776bdd6f7ab5d -> 0x7a250d5630B4cF539739dF2C5dAcb4c659F2488D
[2m2025-12-11T04:09:24.867754Z[0m [32m INFO[0m [2methereum_transaction_pool_monitor::mempool_monitor[0m[2m:[0m ✨ Potential MEV target: 0x263decff47c270aa36bad442b237b42821b78e7cea06efc2319776bdd6f7ab5d ($0, 0.0 gwei)
[2m2025-12-11T04:09:24.881157Z[0m [32m INFO[0m [2methereum_transaction_pool_monitor::mempool_monitor[0m[2m:[0m 🎯 Router transaction detected: 0x2fae158604688ed1b9e8a1ef226b53e71d39646571fb614d5224b347695a9fd2 -> 0x1111111254EEB25477B68fb85Ed929f73A960582
[2m2025-12-11T04:09:24.881268Z[0m [32m INFO[0m [2methereum_transaction_pool_monitor::mempool_monitor[0m[2m:[0m ✨ Potential MEV target: 0x2fae158604688ed1b9e8a1ef226b53e71d39646571fb614d5224b347695a9fd2 ($0, 0.0 gwei)
[2m2025-12-11T04:09:26.533919Z[0m [32m INFO[0m [2methereum_transaction_pool_monitor::bot_runner[0m[2m:[0m 🤖 MEV Bot Stats | Uptime: 0.3h | Opportunities: 0 | Bundles: 0/0 (0.0%) | Profit: 0.0000 ETH | Rate: 0.00/h
[2m2025-12-11T04:09:36.624603Z[0m [32m INFO[0m [2methereum_transaction_pool_monitor::bot_runner[0m[2m:[0m 🤖 MEV Bot Stats | Uptime: 0.3h | Opportunities: 0 | Bundles: 0/0 (0.0%) | Profit: 0.0000 ETH | Rate: 0.00/h
[2m2025-12-11T04:09:46.498039Z[0m [32m INFO[0m [2methereum_transaction_pool_monitor::bot_runner[0m[2m:[0m 🤖 MEV Bot Stats | Uptime: 0.3h | Opportunities: 0 | Bundles: 0/0 (0.0%) | Profit: 0.0000 ETH | Rate: 0.00/h
[2m2025-12-11T04:09:46.884574Z[0m [32m INFO[0m [2methereum_transaction_pool_monitor::mempool_monitor[0m[2m:[0m 🎯 Router transaction detected: 0xd388d73d2278cc6e763df127e9a7033ace14b6901cb01361368bad5332b2ca92 -> 0x1111111254EEB25477B68fb85Ed929f73A960582
[2m2025-12-11T04:09:46.884732Z[0m [32m INFO[0m [2methereum_transaction_pool_monitor::mempool_monitor[0m[2m:[0m ✨ Potential MEV target: 0xd388d73d2278cc6e763df127e9a7033ace14b6901cb01361368bad5332b2ca92 ($0, 0.0 gwei)
[2m2025-12-11T04:09:56.498841Z[0m [32m INFO[0m [2methereum_transaction_pool_monitor::bot_runner[0m[2m:[0m 🤖 MEV Bot Stats | Uptime: 0.3h | Opportunities: 0 | Bundles: 0/0 (0.0%) | Profit: 0.0000 ETH | Rate: 0.00/h
[2m2025-12-11T04:10:00.133326Z[0m [32m INFO[0m [2methereum_transaction_pool_monitor::mempool_monitor[0m[2m:[0m 🎯 Router transaction detected: 0xbbb86d842801ef3500ced0c068bf5fd7bd34fb45c1eed2b2890b5ce9cc2d82f4 -> 0x7a250d5630B4cF539739dF2C5dAcb4c659F2488D
[2m2025-12-11T04:10:00.133436Z[0m [32m INFO[0m [2methereum_transaction_pool_monitor::mempool_monitor[0m[2m:[0m 📊 Detected swapExactETHForTokens
[2m2025-12-11T04:10:00.133448Z[0m [32m INFO[0m [2methereum_transaction_pool_monitor::mempool_monitor[0m[2m:[0m 🔍 ETH swap path offset: 128
[2m2025-12-11T04:10:00.133454Z[0m [32m INFO[0m [2methereum_transaction_pool_monitor::mempool_monitor[0m[2m:[0m 🔍 ETH swap path length: 2
[2m2025-12-11T04:10:00.133459Z[0m [32m INFO[0m [2methereum_transaction_pool_monitor::mempool_monitor[0m[2m:[0m 🔍 ETH swap extracted token pair: 0xC02aaA39b223FE8D0A0e5C4F27eAD9083C756Cc2 -> 0xb80297685Dbf4252915af3044BCAC401974a6745
[2m2025-12-11T04:10:00.133495Z[0m [32m INFO[0m [2methereum_transaction_pool_monitor::mempool_monitor[0m[2m:[0m 🔍 Searching for pool with tokens 0xC02aaA39b223FE8D0A0e5C4F27eAD9083C756Cc2 and 0xb80297685Dbf4252915af3044BCAC401974a6745
[2m2025-12-11T04:10:00.410662Z[0m [32m INFO[0m [2methereum_transaction_pool_monitor::mempool_monitor[0m[2m:[0m 🔍 No pool found for token pair 0xC02aaA39b223FE8D0A0e5C4F27eAD9083C756Cc2 -> 0xb80297685Dbf4252915af3044BCAC401974a6745
[2m2025-12-11T04:10:00.410747Z[0m [32m INFO[0m [2methereum_transaction_pool_monitor::mempool_monitor[0m[2m:[0m ✨ Potential MEV target: 0xbbb86d842801ef3500ced0c068bf5fd7bd34fb45c1eed2b2890b5ce9cc2d82f4 ($0, 0.0 gwei)
[2m2025-12-11T04:10:06.497246Z[0m [32m INFO[0m [2methereum_transaction_pool_monitor::bot_runner[0m[2m:[0m 🤖 MEV Bot Stats | Uptime: 0.3h | Opportunities: 0 | Bundles: 0/0 (0.0%) | Profit: 0.0000 ETH | Rate: 0.00/h
[2m2025-12-11T04:10:16.642331Z[0m [32m INFO[0m [2methereum_transaction_pool_monitor::bot_runner[0m[2m:[0m 🤖 MEV Bot Stats | Uptime: 0.3h | Opportunities: 0 | Bundles: 0/0 (0.0%) | Profit: 0.0000 ETH | Rate: 0.00/h
[2m2025-12-11T04:10:26.631852Z[0m [32m INFO[0m [2methereum_transaction_pool_monitor::bot_runner[0m[2m:[0m 🤖 MEV Bot Stats | Uptime: 0.3h | Opportunities: 0 | Bundles: 0/0 (0.0%) | Profit: 0.0000 ETH | Rate: 0.00/h
[2m2025-12-11T04:10:31.977958Z[0m [32m INFO[0m [2methereum_transaction_pool_monitor::mempool_monitor[0m[2m:[0m 🎯 Router transaction detected: 0xc39bed733753f994516b3e3062c6a796b6c3716f8f91a735e165ca5760959fd2 -> 0x68b3465833fb72A70ecDF485E0e4C7bD8665Fc45
[2m2025-12-11T04:10:31.978082Z[0m [32m INFO[0m [2methereum_transaction_pool_monitor::mempool_monitor[0m[2m:[0m ✨ Potential MEV target: 0xc39bed733753f994516b3e3062c6a796b6c3716f8f91a735e165ca5760959fd2 ($0, 0.0 gwei)
[2m2025-12-11T04:10:36.497682Z[0m [32m INFO[0m [2methereum_transaction_pool_monitor::bot_runner[0m[2m:[0m 🤖 MEV Bot Stats | Uptime: 0.3h | Opportunities: 0 | Bundles: 0/0 (0.0%) | Profit: 0.0000 ETH | Rate: 0.00/h
[2m2025-12-11T04:10:46.499037Z[0m [32m INFO[0m [2methereum_transaction_pool_monitor::bot_runner[0m[2m:[0m 🤖 MEV Bot Stats | Uptime: 0.3h | Opportunities: 0 | Bundles: 0/0 (0.0%) | Profit: 0.0000 ETH | Rate: 0.00/h
[2m2025-12-11T04:10:54.662881Z[0m [32m INFO[0m [2methereum_transaction_pool_monitor::mempool_monitor[0m[2m:[0m 🎯 Router transaction detected: 0x0c60797df35eb43ef89a32814be3c0da82ee97561dc9b3dccff9dbf852fd1539 -> 0x1111111254EEB25477B68fb85Ed929f73A960582
[2m2025-12-11T04:10:54.663279Z[0m [32m INFO[0m [2methereum_transaction_pool_monitor::mempool_monitor[0m[2m:[0m ✨ Potential MEV target: 0x0c60797df35eb43ef89a32814be3c0da82ee97561dc9b3dccff9dbf852fd1539 ($0, 0.0 gwei)
[2m2025-12-11T04:10:56.618372Z[0m [32m INFO[0m [2methereum_transaction_pool_monitor::bot_runner[0m[2m:[0m 🤖 MEV Bot Stats | Uptime: 0.3h | Opportunities: 0 | Bundles: 0/0 (0.0%) | Profit: 0.0000 ETH | Rate: 0.00/h
[2m2025-12-11T04:11:06.671296Z[0m [32m INFO[0m [2methereum_transaction_pool_monitor::bot_runner[0m[2m:[0m 🤖 MEV Bot Stats | Uptime: 0.3h | Opportunities: 0 | Bundles: 0/0 (0.0%) | Profit: 0.0000 ETH | Rate: 0.00/h
[2m2025-12-11T04:11:08.292063Z[0m [32m INFO[0m [2methereum_transaction_pool_monitor::mempool_monitor[0m[2m:[0m 🎯 Router transaction detected: 0xbe65cb577713d73856b748d5d09120823ac41277bdfe61023a0de1af807f9c3f -> 0x7a250d5630B4cF539739dF2C5dAcb4c659F2488D
[2m2025-12-11T04:11:08.292166Z[0m [32m INFO[0m [2methereum_transaction_pool_monitor::mempool_monitor[0m[2m:[0m ✨ Potential MEV target: 0xbe65cb577713d73856b748d5d09120823ac41277bdfe61023a0de1af807f9c3f ($0, 0.0 gwei)
[2m2025-12-11T04:11:16.499475Z[0m [32m INFO[0m [2methereum_transaction_pool_monitor::bot_runner[0m[2m:[0m 🤖 MEV Bot Stats | Uptime: 0.3h | Opportunities: 0 | Bundles: 0/0 (0.0%) | Profit: 0.0000 ETH | Rate: 0.00/h
[2m2025-12-11T04:11:18.517433Z[0m [32m INFO[0m [2methereum_transaction_pool_monitor::mempool_monitor[0m[2m:[0m 🎯 Router transaction detected: 0xc1e0c82eb11ef30fb4733b59e4f58cb638a0e11256644f7cecc2d189cb40788e -> 0x7a250d5630B4cF539739dF2C5dAcb4c659F2488D
[2m2025-12-11T04:11:18.517524Z[0m [32m INFO[0m [2methereum_transaction_pool_monitor::mempool_monitor[0m[2m:[0m 📊 Detected swapExactETHForTokens
[2m2025-12-11T04:11:18.517531Z[0m [32m INFO[0m [2methereum_transaction_pool_monitor::mempool_monitor[0m[2m:[0m 🔍 ETH swap path offset: 128
[2m2025-12-11T04:11:18.517537Z[0m [32m INFO[0m [2methereum_transaction_pool_monitor::mempool_monitor[0m[2m:[0m 🔍 ETH swap path length: 2
[2m2025-12-11T04:11:18.517542Z[0m [32m INFO[0m [2methereum_transaction_pool_monitor::mempool_monitor[0m[2m:[0m 🔍 ETH swap extracted token pair: 0xC02aaA39b223FE8D0A0e5C4F27eAD9083C756Cc2 -> 0xb80297685Dbf4252915af3044BCAC401974a6745
[2m2025-12-11T04:11:18.517578Z[0m [32m INFO[0m [2methereum_transaction_pool_monitor::mempool_monitor[0m[2m:[0m 🔍 Searching for pool with tokens 0xC02aaA39b223FE8D0A0e5C4F27eAD9083C756Cc2 and 0xb80297685Dbf4252915af3044BCAC401974a6745
[2m2025-12-11T04:11:18.796331Z[0m [32m INFO[0m [2methereum_transaction_pool_monitor::mempool_monitor[0m[2m:[0m 🔍 No pool found for token pair 0xC02aaA39b223FE8D0A0e5C4F27eAD9083C756Cc2 -> 0xb80297685Dbf4252915af3044BCAC401974a6745
[2m2025-12-11T04:11:18.796407Z[0m [32m INFO[0m [2methereum_transaction_pool_monitor::mempool_monitor[0m[2m:[0m ✨ Potential MEV target: 0xc1e0c82eb11ef30fb4733b59e4f58cb638a0e11256644f7cecc2d189cb40788e ($0, 0.0 gwei)
[2m2025-12-11T04:11:26.499309Z[0m [32m INFO[0m [2methereum_transaction_pool_monitor::bot_runner[0m[2m:[0m 🤖 MEV Bot Stats | Uptime: 0.3h | Opportunities: 0 | Bundles: 0/0 (0.0%) | Profit: 0.0000 ETH | Rate: 0.00/h
[2m2025-12-11T04:11:36.548012Z[0m [32m INFO[0m [2methereum_transaction_pool_monitor::bot_runner[0m[2m:[0m 🤖 MEV Bot Stats | Uptime: 0.3h | Opportunities: 0 | Bundles: 0/0 (0.0%) | Profit: 0.0000 ETH | Rate: 0.00/h
[2m2025-12-11T04:11:46.498202Z[0m [32m INFO[0m [2methereum_transaction_pool_monitor::bot_runner[0m[2m:[0m 🤖 MEV Bot Stats | Uptime: 0.3h | Opportunities: 0 | Bundles: 0/0 (0.0%) | Profit: 0.0000 ETH | Rate: 0.00/h
[2m2025-12-11T04:11:56.499110Z[0m [32m INFO[0m [2methereum_transaction_pool_monitor::bot_runner[0m[2m:[0m 🤖 MEV Bot Stats | Uptime: 0.3h | Opportunities: 0 | Bundles: 0/0 (0.0%) | Profit: 0.0000 ETH | Rate: 0.00/h
[2m2025-12-11T04:11:57.798833Z[0m [32m INFO[0m [2methereum_transaction_pool_monitor::mempool_monitor[0m[2m:[0m 🎯 Router transaction detected: 0xd94152ffb4e464d93990aa10f344eb8c87b3b394afdf4ed9ae69e99ee14ed6fb -> 0x7a250d5630B4cF539739dF2C5dAcb4c659F2488D
[2m2025-12-11T04:11:57.798932Z[0m [32m INFO[0m [2methereum_transaction_pool_monitor::mempool_monitor[0m[2m:[0m ✨ Potential MEV target: 0xd94152ffb4e464d93990aa10f344eb8c87b3b394afdf4ed9ae69e99ee14ed6fb ($0, 0.0 gwei)
[2m2025-12-11T04:11:58.327075Z[0m [32m INFO[0m [2methereum_transaction_pool_monitor::mempool_monitor[0m[2m:[0m 🎯 Router transaction detected: 0xc7ece5326a56f4c41b8012967b95f2817d11e47d0ae4ab2580cf0bfad3997d49 -> 0x1111111254EEB25477B68fb85Ed929f73A960582
[2m2025-12-11T04:11:58.327382Z[0m [32m INFO[0m [2methereum_transaction_pool_monitor::mempool_monitor[0m[2m:[0m ✨ Potential MEV target: 0xc7ece5326a56f4c41b8012967b95f2817d11e47d0ae4ab2580cf0bfad3997d49 ($0, 0.0 gwei)
[2m2025-12-11T04:12:03.237351Z[0m [32m INFO[0m [2methereum_transaction_pool_monitor::mempool_monitor[0m[2m:[0m 🎯 Router transaction detected: 0x52d7d8b8d2d8c31901fc04866b47e4527d51b01eba3a6255c39855a7753e9bee -> 0x1111111254EEB25477B68fb85Ed929f73A960582
[2m2025-12-11T04:12:03.238232Z[0m [32m INFO[0m [2methereum_transaction_pool_monitor::mempool_monitor[0m[2m:[0m ✨ Potential MEV target: 0x52d7d8b8d2d8c31901fc04866b47e4527d51b01eba3a6255c39855a7753e9bee ($0, 0.0 gwei)
[2m2025-12-11T04:12:06.548435Z[0m [32m INFO[0m [2methereum_transaction_pool_monitor::bot_runner[0m[2m:[0m 🤖 MEV Bot Stats | Uptime: 0.3h | Opportunities: 0 | Bundles: 0/0 (0.0%) | Profit: 0.0000 ETH | Rate: 0.00/h
[2m2025-12-11T04:12:16.639784Z[0m [32m INFO[0m [2methereum_transaction_pool_monitor::bot_runner[0m[2m:[0m 🤖 MEV Bot Stats | Uptime: 0.3h | Opportunities: 0 | Bundles: 0/0 (0.0%) | Profit: 0.0000 ETH | Rate: 0.00/h
[2m2025-12-11T04:12:26.498360Z[0m [32m INFO[0m [2methereum_transaction_pool_monitor::bot_runner[0m[2m:[0m 🤖 MEV Bot Stats | Uptime: 0.3h | Opportunities: 0 | Bundles: 0/0 (0.0%) | Profit: 0.0000 ETH | Rate: 0.00/h
[2m2025-12-11T04:12:36.039682Z[0m [32m INFO[0m [2methereum_transaction_pool_monitor::mempool_monitor[0m[2m:[0m 🎯 Router transaction detected: 0x11a816aa92c053294f082deefa8199dfe7285b96949dbfd29286094c6bf85cf2 -> 0x68b3465833fb72A70ecDF485E0e4C7bD8665Fc45
[2m2025-12-11T04:12:36.040322Z[0m [32m INFO[0m [2methereum_transaction_pool_monitor::mempool_monitor[0m[2m:[0m ✨ Potential MEV target: 0x11a816aa92c053294f082deefa8199dfe7285b96949dbfd29286094c6bf85cf2 ($0, 0.0 gwei)
[2m2025-12-11T04:12:36.499593Z[0m [32m INFO[0m [2methereum_transaction_pool_monitor::bot_runner[0m[2m:[0m 🤖 MEV Bot Stats | Uptime: 0.3h | Opportunities: 0 | Bundles: 0/0 (0.0%) | Profit: 0.0000 ETH | Rate: 0.00/h
[2m2025-12-11T04:12:36.918810Z[0m [32m INFO[0m [2methereum_transaction_pool_monitor::mempool_monitor[0m[2m:[0m 🎯 Router transaction detected: 0x66cb2a399e33a0f1daf0480ca4e56a60ceebc78f8f1c086cd72363e78c60ca90 -> 0x7a250d5630B4cF539739dF2C5dAcb4c659F2488D
[2m2025-12-11T04:12:36.918934Z[0m [32m INFO[0m [2methereum_transaction_pool_monitor::mempool_monitor[0m[2m:[0m ✨ Potential MEV target: 0x66cb2a399e33a0f1daf0480ca4e56a60ceebc78f8f1c086cd72363e78c60ca90 ($0, 0.0 gwei)
[2m2025-12-11T04:12:38.361955Z[0m [32m INFO[0m [2methereum_transaction_pool_monitor::mempool_monitor[0m[2m:[0m 🎯 Router transaction detected: 0x3461cd1d46fe558d5b9fe2309a9a53a8d9f36eb3aa3e2627285818fc401c3ec4 -> 0x7a250d5630B4cF539739dF2C5dAcb4c659F2488D
[2m2025-12-11T04:12:38.362052Z[0m [32m INFO[0m [2methereum_transaction_pool_monitor::mempool_monitor[0m[2m:[0m 📊 Detected swapExactETHForTokens
[2m2025-12-11T04:12:38.362062Z[0m [32m INFO[0m [2methereum_transaction_pool_monitor::mempool_monitor[0m[2m:[0m 🔍 ETH swap path offset: 128
[2m2025-12-11T04:12:38.362068Z[0m [32m INFO[0m [2methereum_transaction_pool_monitor::mempool_monitor[0m[2m:[0m 🔍 ETH swap path length: 2
[2m2025-12-11T04:12:38.362075Z[0m [32m INFO[0m [2methereum_transaction_pool_monitor::mempool_monitor[0m[2m:[0m 🔍 ETH swap extracted token pair: 0xC02aaA39b223FE8D0A0e5C4F27eAD9083C756Cc2 -> 0xb80297685Dbf4252915af3044BCAC401974a6745
[2m2025-12-11T04:12:38.362111Z[0m [32m INFO[0m [2methereum_transaction_pool_monitor::mempool_monitor[0m[2m:[0m 🔍 Searching for pool with tokens 0xC02aaA39b223FE8D0A0e5C4F27eAD9083C756Cc2 and 0xb80297685Dbf4252915af3044BCAC401974a6745
[2m2025-12-11T04:12:38.643746Z[0m [32m INFO[0m [2methereum_transaction_pool_monitor::mempool_monitor[0m[2m:[0m 🔍 No pool found for token pair 0xC02aaA39b223FE8D0A0e5C4F27eAD9083C756Cc2 -> 0xb80297685Dbf4252915af3044BCAC401974a6745
[2m2025-12-11T04:12:38.643838Z[0m [32m INFO[0m [2methereum_transaction_pool_monitor::mempool_monitor[0m[2m:[0m ✨ Potential MEV target: 0x3461cd1d46fe558d5b9fe2309a9a53a8d9f36eb3aa3e2627285818fc401c3ec4 ($0, 0.0 gwei)
[2m2025-12-11T04:12:46.604833Z[0m [32m INFO[0m [2methereum_transaction_pool_monitor::bot_runner[0m[2m:[0m 🤖 MEV Bot Stats | Uptime: 0.3h | Opportunities: 0 | Bundles: 0/0 (0.0%) | Profit: 0.0000 ETH | Rate: 0.00/h
[2m2025-12-11T04:12:56.499229Z[0m [32m INFO[0m [2methereum_transaction_pool_monitor::bot_runner[0m[2m:[0m 🤖 MEV Bot Stats | Uptime: 0.3h | Opportunities: 0 | Bundles: 0/0 (0.0%) | Profit: 0.0000 ETH | Rate: 0.00/h
[2m2025-12-11T04:13:06.633321Z[0m [32m INFO[0m [2methereum_transaction_pool_monitor::bot_runner[0m[2m:[0m 🤖 MEV Bot Stats | Uptime: 0.4h | Opportunities: 0 | Bundles: 0/0 (0.0%) | Profit: 0.0000 ETH | Rate: 0.00/h
[2m2025-12-11T04:13:16.497825Z[0m [32m INFO[0m [2methereum_transaction_pool_monitor::bot_runner[0m[2m:[0m 🤖 MEV Bot Stats | Uptime: 0.4h | Opportunities: 0 | Bundles: 0/0 (0.0%) | Profit: 0.0000 ETH | Rate: 0.00/h
[2m2025-12-11T04:13:17.677804Z[0m [32m INFO[0m [2methereum_transaction_pool_monitor::mempool_monitor[0m[2m:[0m 🎯 Router transaction detected: 0xeb60c28c0521f778990e2265513ee8fc51720ec066e88dc0928253b78ce41717 -> 0x1111111254EEB25477B68fb85Ed929f73A960582
[2m2025-12-11T04:13:17.677939Z[0m [32m INFO[0m [2methereum_transaction_pool_monitor::mempool_monitor[0m[2m:[0m ✨ Potential MEV target: 0xeb60c28c0521f778990e2265513ee8fc51720ec066e88dc0928253b78ce41717 ($0, 0.0 gwei)
[2m2025-12-11T04:13:26.379973Z[0m [32m INFO[0m [2methereum_transaction_pool_monitor::mempool_monitor[0m[2m:[0m 🎯 Router transaction detected: 0x29bdbc73424501c2435c4f2153360a9d59c28ac25e3bbc5e498f26f1505aa367 -> 0x1111111254EEB25477B68fb85Ed929f73A960582
[2m2025-12-11T04:13:26.380091Z[0m [32m INFO[0m [2methereum_transaction_pool_monitor::mempool_monitor[0m[2m:[0m ✨ Potential MEV target: 0x29bdbc73424501c2435c4f2153360a9d59c28ac25e3bbc5e498f26f1505aa367 ($0, 0.0 gwei)
[2m2025-12-11T04:13:26.573989Z[0m [32m INFO[0m [2methereum_transaction_pool_monitor::bot_runner[0m[2m:[0m 🤖 MEV Bot Stats | Uptime: 0.4h | Opportunities: 0 | Bundles: 0/0 (0.0%) | Profit: 0.0000 ETH | Rate: 0.00/h
[2m2025-12-11T04:13:36.585761Z[0m [32m INFO[0m [2methereum_transaction_pool_monitor::bot_runner[0m[2m:[0m 🤖 MEV Bot Stats | Uptime: 0.4h | Opportunities: 0 | Bundles: 0/0 (0.0%) | Profit: 0.0000 ETH | Rate: 0.00/h
[2m2025-12-11T04:13:45.456658Z[0m [32m INFO[0m [2methereum_transaction_pool_monitor::mempool_monitor[0m[2m:[0m 🎯 Router transaction detected: 0x502cfe984a1a575bcaace0ee8b96852225f2f20c130d7f72b9afa5f7c6032e68 -> 0x7a250d5630B4cF539739dF2C5dAcb4c659F2488D
[2m2025-12-11T04:13:45.456755Z[0m [32m INFO[0m [2methereum_transaction_pool_monitor::mempool_monitor[0m[2m:[0m 📊 Detected swapExactETHForTokens
[2m2025-12-11T04:13:45.456764Z[0m [32m INFO[0m [2methereum_transaction_pool_monitor::mempool_monitor[0m[2m:[0m 🔍 ETH swap path offset: 128
[2m2025-12-11T04:13:45.456772Z[0m [32m INFO[0m [2methereum_transaction_pool_monitor::mempool_monitor[0m[2m:[0m 🔍 ETH swap path length: 2
[2m2025-12-11T04:13:45.456779Z[0m [32m INFO[0m [2methereum_transaction_pool_monitor::mempool_monitor[0m[2m:[0m 🔍 ETH swap extracted token pair: 0xC02aaA39b223FE8D0A0e5C4F27eAD9083C756Cc2 -> 0xb80297685Dbf4252915af3044BCAC401974a6745
[2m2025-12-11T04:13:45.456815Z[0m [32m INFO[0m [2methereum_transaction_pool_monitor::mempool_monitor[0m[2m:[0m 🔍 Searching for pool with tokens 0xC02aaA39b223FE8D0A0e5C4F27eAD9083C756Cc2 and 0xb80297685Dbf4252915af3044BCAC401974a6745
[2m2025-12-11T04:13:45.752240Z[0m [32m INFO[0m [2methereum_transaction_pool_monitor::mempool_monitor[0m[2m:[0m 🔍 No pool found for token pair 0xC02aaA39b223FE8D0A0e5C4F27eAD9083C756Cc2 -> 0xb80297685Dbf4252915af3044BCAC401974a6745
[2m2025-12-11T04:13:45.752325Z[0m [32m INFO[0m [2methereum_transaction_pool_monitor::mempool_monitor[0m[2m:[0m ✨ Potential MEV target: 0x502cfe984a1a575bcaace0ee8b96852225f2f20c130d7f72b9afa5f7c6032e68 ($0, 0.0 gwei)
[2m2025-12-11T04:13:46.536886Z[0m [32m INFO[0m [2methereum_transaction_pool_monitor::bot_runner[0m[2m:[0m 🤖 MEV Bot Stats | Uptime: 0.4h | Opportunities: 0 | Bundles: 0/0 (0.0%) | Profit: 0.0000 ETH | Rate: 0.00/h
[2m2025-12-11T04:13:56.527537Z[0m [32m INFO[0m [2methereum_transaction_pool_monitor::bot_runner[0m[2m:[0m 🤖 MEV Bot Stats | Uptime: 0.4h | Opportunities: 0 | Bundles: 0/0 (0.0%) | Profit: 0.0000 ETH | Rate: 0.00/h
[2m2025-12-11T04:14:06.499572Z[0m [32m INFO[0m [2methereum_transaction_pool_monitor::bot_runner[0m[2m:[0m 🤖 MEV Bot Stats | Uptime: 0.4h | Opportunities: 0 | Bundles: 0/0 (0.0%) | Profit: 0.0000 ETH | Rate: 0.00/h
[2m2025-12-11T04:14:07.372102Z[0m [32m INFO[0m [2methereum_transaction_pool_monitor::mempool_monitor[0m[2m:[0m 🎯 Router transaction detected: 0x7e92f13e147c7c61089be612dd1f3c435f945fc4ca167b39f3ef9ce3598d9f41 -> 0xE592427A0AEce92De3Edee1F18E0157C05861564
[2m2025-12-11T04:14:07.372312Z[0m [32m INFO[0m [2methereum_transaction_pool_monitor::mempool_monitor[0m[2m:[0m ✨ Potential MEV target: 0x7e92f13e147c7c61089be612dd1f3c435f945fc4ca167b39f3ef9ce3598d9f41 ($0, 0.0 gwei)
[2m2025-12-11T04:14:16.499192Z[0m [32m INFO[0m [2methereum_transaction_pool_monitor::bot_runner[0m[2m:[0m 🤖 MEV Bot Stats | Uptime: 0.4h | Opportunities: 0 | Bundles: 0/0 (0.0%) | Profit: 0.0000 ETH | Rate: 0.00/h
[2m2025-12-11T04:14:18.356947Z[0m [32m INFO[0m [2methereum_transaction_pool_monitor::mempool_monitor[0m[2m:[0m 🎯 Router transaction detected: 0x901ad7ab626e0a6510fc1724881974dda6ec785f867b1fa6c53af5bc2daeb235 -> 0x7a250d5630B4cF539739dF2C5dAcb4c659F2488D
[2m2025-12-11T04:14:18.357044Z[0m [32m INFO[0m [2methereum_transaction_pool_monitor::mempool_monitor[0m[2m:[0m ✨ Potential MEV target: 0x901ad7ab626e0a6510fc1724881974dda6ec785f867b1fa6c53af5bc2daeb235 ($0, 0.0 gwei)
[2m2025-12-11T04:14:26.653640Z[0m [32m INFO[0m [2methereum_transaction_pool_monitor::bot_runner[0m[2m:[0m 🤖 MEV Bot Stats | Uptime: 0.4h | Opportunities: 0 | Bundles: 0/0 (0.0%) | Profit: 0.0000 ETH | Rate: 0.00/h
[2m2025-12-11T04:14:36.616762Z[0m [32m INFO[0m [2methereum_transaction_pool_monitor::bot_runner[0m[2m:[0m 🤖 MEV Bot Stats | Uptime: 0.4h | Opportunities: 0 | Bundles: 0/0 (0.0%) | Profit: 0.0000 ETH | Rate: 0.00/h
[2m2025-12-11T04:14:40.102727Z[0m [32m INFO[0m [2methereum_transaction_pool_monitor::mempool_monitor[0m[2m:[0m 🎯 Router transaction detected: 0xe16c5c3d6b198c9818dc06ffc9dfe25d976d65e534597ae9c663c006a5f6dfbe -> 0x7a250d5630B4cF539739dF2C5dAcb4c659F2488D
[2m2025-12-11T04:14:40.102842Z[0m [32m INFO[0m [2methereum_transaction_pool_monitor::mempool_monitor[0m[2m:[0m ✨ Potential MEV target: 0xe16c5c3d6b198c9818dc06ffc9dfe25d976d65e534597ae9c663c006a5f6dfbe ($0, 0.0 gwei)
[2m2025-12-11T04:14:46.499739Z[0m [32m INFO[0m [2methereum_transaction_pool_monitor::bot_runner[0m[2m:[0m 🤖 MEV Bot Stats | Uptime: 0.4h | Opportunities: 0 | Bundles: 0/0 (0.0%) | Profit: 0.0000 ETH | Rate: 0.00/h
[2m2025-12-11T04:14:56.590726Z[0m [32m INFO[0m [2methereum_transaction_pool_monitor::bot_runner[0m[2m:[0m 🤖 MEV Bot Stats | Uptime: 0.4h | Opportunities: 0 | Bundles: 0/0 (0.0%) | Profit: 0.0000 ETH | Rate: 0.00/h
[2m2025-12-11T04:15:06.498815Z[0m [32m INFO[0m [2methereum_transaction_pool_monitor::bot_runner[0m[2m:[0m 🤖 MEV Bot Stats | Uptime: 0.4h | Opportunities: 0 | Bundles: 0/0 (0.0%) | Profit: 0.0000 ETH | Rate: 0.00/h
[2m2025-12-11T04:15:16.499748Z[0m [32m INFO[0m [2methereum_transaction_pool_monitor::bot_runner[0m[2m:[0m 🤖 MEV Bot Stats | Uptime: 0.4h | Opportunities: 0 | Bundles: 0/0 (0.0%) | Profit: 0.0000 ETH | Rate: 0.00/h
[2m2025-12-11T04:15:26.663916Z[0m [32m INFO[0m [2methereum_transaction_pool_monitor::bot_runner[0m[2m:[0m 🤖 MEV Bot Stats | Uptime: 0.4h | Opportunities: 0 | Bundles: 0/0 (0.0%) | Profit: 0.0000 ETH | Rate: 0.00/h
[2m2025-12-11T04:15:29.776657Z[0m [32m INFO[0m [2methereum_transaction_pool_monitor::mempool_monitor[0m[2m:[0m 🎯 Router transaction detected: 0xbe4b1aa6281dc17f467a578745f4b4273ef0619e899c18e8fb58019e05792d32 -> 0x7a250d5630B4cF539739dF2C5dAcb4c659F2488D
[2m2025-12-11T04:15:29.776753Z[0m [32m INFO[0m [2methereum_transaction_pool_monitor::mempool_monitor[0m[2m:[0m ✨ Potential MEV target: 0xbe4b1aa6281dc17f467a578745f4b4273ef0619e899c18e8fb58019e05792d32 ($0, 0.0 gwei)
[2m2025-12-11T04:15:34.819675Z[0m [32m INFO[0m [2methereum_transaction_pool_monitor::mempool_monitor[0m[2m:[0m 🎯 Router transaction detected: 0x537a839ecbc651d9872b524fb535ce45d98999f01876e4437abe07f0fa4ee8b8 -> 0x1111111254EEB25477B68fb85Ed929f73A960582
[2m2025-12-11T04:15:34.819792Z[0m [32m INFO[0m [2methereum_transaction_pool_monitor::mempool_monitor[0m[2m:[0m ✨ Potential MEV target: 0x537a839ecbc651d9872b524fb535ce45d98999f01876e4437abe07f0fa4ee8b8 ($0, 0.0 gwei)
[2m2025-12-11T04:15:35.029990Z[0m [32m INFO[0m [2methereum_transaction_pool_monitor::mempool_monitor[0m[2m:[0m 🎯 Router transaction detected: 0xa457c25d8c286ef23c0b10ecc9c86508a2d8cf9e2a7ee837bccd0f82ef20de1b -> 0x7a250d5630B4cF539739dF2C5dAcb4c659F2488D
[2m2025-12-11T04:15:35.030219Z[0m [32m INFO[0m [2methereum_transaction_pool_monitor::mempool_monitor[0m[2m:[0m 📊 Detected swapExactETHForTokens
[2m2025-12-11T04:15:35.030243Z[0m [32m INFO[0m [2methereum_transaction_pool_monitor::mempool_monitor[0m[2m:[0m 🔍 ETH swap path offset: 128
[2m2025-12-11T04:15:35.030256Z[0m [32m INFO[0m [2methereum_transaction_pool_monitor::mempool_monitor[0m[2m:[0m 🔍 ETH swap path length: 2
[2m2025-12-11T04:15:35.030267Z[0m [32m INFO[0m [2methereum_transaction_pool_monitor::mempool_monitor[0m[2m:[0m 🔍 ETH swap extracted token pair: 0xC02aaA39b223FE8D0A0e5C4F27eAD9083C756Cc2 -> 0xb80297685Dbf4252915af3044BCAC401974a6745
[2m2025-12-11T04:15:35.030372Z[0m [32m INFO[0m [2methereum_transaction_pool_monitor::mempool_monitor[0m[2m:[0m 🔍 Searching for pool with tokens 0xC02aaA39b223FE8D0A0e5C4F27eAD9083C756Cc2 and 0xb80297685Dbf4252915af3044BCAC401974a6745
[2m2025-12-11T04:15:35.324500Z[0m [32m INFO[0m [2methereum_transaction_pool_monitor::mempool_monitor[0m[2m:[0m 🔍 No pool found for token pair 0xC02aaA39b223FE8D0A0e5C4F27eAD9083C756Cc2 -> 0xb80297685Dbf4252915af3044BCAC401974a6745
[2m2025-12-11T04:15:35.327914Z[0m [32m INFO[0m [2methereum_transaction_pool_monitor::mempool_monitor[0m[2m:[0m ✨ Potential MEV target: 0xa457c25d8c286ef23c0b10ecc9c86508a2d8cf9e2a7ee837bccd0f82ef20de1b ($0, 0.0 gwei)
[2m2025-12-11T04:15:36.593407Z[0m [32m INFO[0m [2methereum_transaction_pool_monitor::bot_runner[0m[2m:[0m 🤖 MEV Bot Stats | Uptime: 0.4h | Opportunities: 0 | Bundles: 0/0 (0.0%) | Profit: 0.0000 ETH | Rate: 0.00/h
[2m2025-12-11T04:15:38.699255Z[0m [32m INFO[0m [2methereum_transaction_pool_monitor::mempool_monitor[0m[2m:[0m 🎯 Router transaction detected: 0x699013adb8b96f185bf583bcc69e55489f47be42cca64320dcd7aa778063e924 -> 0x1111111254EEB25477B68fb85Ed929f73A960582
[2m2025-12-11T04:15:38.699396Z[0m [32m INFO[0m [2methereum_transaction_pool_monitor::mempool_monitor[0m[2m:[0m ✨ Potential MEV target: 0x699013adb8b96f185bf583bcc69e55489f47be42cca64320dcd7aa778063e924 ($0, 0.0 gwei)
[2m2025-12-11T04:15:46.547105Z[0m [32m INFO[0m [2methereum_transaction_pool_monitor::bot_runner[0m[2m:[0m 🤖 MEV Bot Stats | Uptime: 0.4h | Opportunities: 0 | Bundles: 0/0 (0.0%) | Profit: 0.0000 ETH | Rate: 0.00/h
[2m2025-12-11T04:15:56.572814Z[0m [32m INFO[0m [2methereum_transaction_pool_monitor::bot_runner[0m[2m:[0m 🤖 MEV Bot Stats | Uptime: 0.4h | Opportunities: 0 | Bundles: 0/0 (0.0%) | Profit: 0.0000 ETH | Rate: 0.00/h
[2m2025-12-11T04:16:06.546624Z[0m [32m INFO[0m [2methereum_transaction_pool_monitor::bot_runner[0m[2m:[0m 🤖 MEV Bot Stats | Uptime: 0.4h | Opportunities: 0 | Bundles: 0/0 (0.0%) | Profit: 0.0000 ETH | Rate: 0.00/h
[2m2025-12-11T04:16:16.615916Z[0m [32m INFO[0m [2methereum_transaction_pool_monitor::bot_runner[0m[2m:[0m 🤖 MEV Bot Stats | Uptime: 0.4h | Opportunities: 0 | Bundles: 0/0 (0.0%) | Profit: 0.0000 ETH | Rate: 0.00/h
[2m2025-12-11T04:16:23.587695Z[0m [32m INFO[0m [2methereum_transaction_pool_monitor::mempool_monitor[0m[2m:[0m 🎯 Router transaction detected: 0x8ec79382555f873e6f19af38fd077a1535c6715301040b06e40cf04f2755083d -> 0x7a250d5630B4cF539739dF2C5dAcb4c659F2488D
[2m2025-12-11T04:16:23.587794Z[0m [32m INFO[0m [2methereum_transaction_pool_monitor::mempool_monitor[0m[2m:[0m 📊 Detected swapExactETHForTokens
[2m2025-12-11T04:16:23.587802Z[0m [32m INFO[0m [2methereum_transaction_pool_monitor::mempool_monitor[0m[2m:[0m 🔍 ETH swap path offset: 128
[2m2025-12-11T04:16:23.587808Z[0m [32m INFO[0m [2methereum_transaction_pool_monitor::mempool_monitor[0m[2m:[0m 🔍 ETH swap path length: 2
[2m2025-12-11T04:16:23.587812Z[0m [32m INFO[0m [2methereum_transaction_pool_monitor::mempool_monitor[0m[2m:[0m 🔍 ETH swap extracted token pair: 0xC02aaA39b223FE8D0A0e5C4F27eAD9083C756Cc2 -> 0xb80297685Dbf4252915af3044BCAC401974a6745
[2m2025-12-11T04:16:23.587848Z[0m [32m INFO[0m [2methereum_transaction_pool_monitor::mempool_monitor[0m[2m:[0m 🔍 Searching for pool with tokens 0xC02aaA39b223FE8D0A0e5C4F27eAD9083C756Cc2 and 0xb80297685Dbf4252915af3044BCAC401974a6745
[2m2025-12-11T04:16:23.868264Z[0m [32m INFO[0m [2methereum_transaction_pool_monitor::mempool_monitor[0m[2m:[0m 🔍 No pool found for token pair 0xC02aaA39b223FE8D0A0e5C4F27eAD9083C756Cc2 -> 0xb80297685Dbf4252915af3044BCAC401974a6745
[2m2025-12-11T04:16:23.868349Z[0m [32m INFO[0m [2methereum_transaction_pool_monitor::mempool_monitor[0m[2m:[0m ✨ Potential MEV target: 0x8ec79382555f873e6f19af38fd077a1535c6715301040b06e40cf04f2755083d ($0, 0.0 gwei)
[2m2025-12-11T04:16:26.498467Z[0m [32m INFO[0m [2methereum_transaction_pool_monitor::bot_runner[0m[2m:[0m 🤖 MEV Bot Stats | Uptime: 0.4h | Opportunities: 0 | Bundles: 0/0 (0.0%) | Profit: 0.0000 ETH | Rate: 0.00/h
[2m2025-12-11T04:16:36.567582Z[0m [32m INFO[0m [2methereum_transaction_pool_monitor::bot_runner[0m[2m:[0m 🤖 MEV Bot Stats | Uptime: 0.4h | Opportunities: 0 | Bundles: 0/0 (0.0%) | Profit: 0.0000 ETH | Rate: 0.00/h
[2m2025-12-11T04:16:46.648720Z[0m [32m INFO[0m [2methereum_transaction_pool_monitor::bot_runner[0m[2m:[0m 🤖 MEV Bot Stats | Uptime: 0.4h | Opportunities: 0 | Bundles: 0/0 (0.0%) | Profit: 0.0000 ETH | Rate: 0.00/h
[2m2025-12-11T04:16:50.150906Z[0m [32m INFO[0m [2methereum_transaction_pool_monitor::mempool_monitor[0m[2m:[0m 🎯 Router transaction detected: 0x49113347d1b507950cf8f13af093a985d127e42c0ffc574aa2b70af2e2467348 -> 0x7a250d5630B4cF539739dF2C5dAcb4c659F2488D
[2m2025-12-11T04:16:50.151214Z[0m [32m INFO[0m [2methereum_transaction_pool_monitor::mempool_monitor[0m[2m:[0m ✨ Potential MEV target: 0x49113347d1b507950cf8f13af093a985d127e42c0ffc574aa2b70af2e2467348 ($0, 0.0 gwei)
[2m2025-12-11T04:16:50.753690Z[0m [32m INFO[0m [2methereum_transaction_pool_monitor::mempool_monitor[0m[2m:[0m 🎯 Router transaction detected: 0x4c939fc64f17973dd8e5a93be3b323a84d338dbf7fa726efab0f7e8002aeedaf -> 0x7a250d5630B4cF539739dF2C5dAcb4c659F2488D
[2m2025-12-11T04:16:50.753791Z[0m [32m INFO[0m [2methereum_transaction_pool_monitor::mempool_monitor[0m[2m:[0m 📊 Detected swapExactETHForTokens
[2m2025-12-11T04:16:50.753800Z[0m [32m INFO[0m [2methereum_transaction_pool_monitor::mempool_monitor[0m[2m:[0m 🔍 ETH swap path offset: 128
[2m2025-12-11T04:16:50.753809Z[0m [32m INFO[0m [2methereum_transaction_pool_monitor::mempool_monitor[0m[2m:[0m 🔍 ETH swap path length: 2
[2m2025-12-11T04:16:50.753815Z[0m [32m INFO[0m [2methereum_transaction_pool_monitor::mempool_monitor[0m[2m:[0m 🔍 ETH swap extracted token pair: 0xC02aaA39b223FE8D0A0e5C4F27eAD9083C756Cc2 -> 0xd23f659442d22BECC90707f5A1f99f051E2fc3B9
[2m2025-12-11T04:16:50.753852Z[0m [32m INFO[0m [2methereum_transaction_pool_monitor::mempool_monitor[0m[2m:[0m 🔍 Searching for pool with tokens 0xC02aaA39b223FE8D0A0e5C4F27eAD9083C756Cc2 and 0xd23f659442d22BECC90707f5A1f99f051E2fc3B9
[2m2025-12-11T04:16:51.044189Z[0m [32m INFO[0m [2methereum_transaction_pool_monitor::mempool_monitor[0m[2m:[0m 🔍 No pool found for token pair 0xC02aaA39b223FE8D0A0e5C4F27eAD9083C756Cc2 -> 0xd23f659442d22BECC90707f5A1f99f051E2fc3B9
[2m2025-12-11T04:16:51.044281Z[0m [32m INFO[0m [2methereum_transaction_pool_monitor::mempool_monitor[0m[2m:[0m ✨ Potential MEV target: 0x4c939fc64f17973dd8e5a93be3b323a84d338dbf7fa726efab0f7e8002aeedaf ($0, 0.0 gwei)
[2m2025-12-11T04:16:56.497721Z[0m [32m INFO[0m [2methereum_transaction_pool_monitor::bot_runner[0m[2m:[0m 🤖 MEV Bot Stats | Uptime: 0.4h | Opportunities: 0 | Bundles: 0/0 (0.0%) | Profit: 0.0000 ETH | Rate: 0.00/h
[2m2025-12-11T04:17:04.502035Z[0m [32m INFO[0m [2methereum_transaction_pool_monitor::mempool_monitor[0m[2m:[0m 🎯 Router transaction detected: 0xd4ecb33a3f1d1a6038502b387b96b5bc1fb799ca1dd25e014aec8270e8994b99 -> 0x7a250d5630B4cF539739dF2C5dAcb4c659F2488D
[2m2025-12-11T04:17:04.502131Z[0m [32m INFO[0m [2methereum_transaction_pool_monitor::mempool_monitor[0m[2m:[0m 📊 Detected swapExactETHForTokens
[2m2025-12-11T04:17:04.502140Z[0m [32m INFO[0m [2methereum_transaction_pool_monitor::mempool_monitor[0m[2m:[0m 🔍 ETH swap path offset: 128
[2m2025-12-11T04:17:04.502148Z[0m [32m INFO[0m [2methereum_transaction_pool_monitor::mempool_monitor[0m[2m:[0m 🔍 ETH swap path length: 2
[2m2025-12-11T04:17:04.502154Z[0m [32m INFO[0m [2methereum_transaction_pool_monitor::mempool_monitor[0m[2m:[0m 🔍 ETH swap extracted token pair: 0xC02aaA39b223FE8D0A0e5C4F27eAD9083C756Cc2 -> 0xd23f659442d22BECC90707f5A1f99f051E2fc3B9
[2m2025-12-11T04:17:04.502191Z[0m [32m INFO[0m [2methereum_transaction_pool_monitor::mempool_monitor[0m[2m:[0m 🔍 Searching for pool with tokens 0xC02aaA39b223FE8D0A0e5C4F27eAD9083C756Cc2 and 0xd23f659442d22BECC90707f5A1f99f051E2fc3B9
[2m2025-12-11T04:17:04.783301Z[0m [32m INFO[0m [2methereum_transaction_pool_monitor::mempool_monitor[0m[2m:[0m 🔍 No pool found for token pair 0xC02aaA39b223FE8D0A0e5C4F27eAD9083C756Cc2 -> 0xd23f659442d22BECC90707f5A1f99f051E2fc3B9
[2m2025-12-11T04:17:04.783391Z[0m [32m INFO[0m [2methereum_transaction_pool_monitor::mempool_monitor[0m[2m:[0m ✨ Potential MEV target: 0xd4ecb33a3f1d1a6038502b387b96b5bc1fb799ca1dd25e014aec8270e8994b99 ($0, 0.0 gwei)
[2m2025-12-11T04:17:06.628495Z[0m [32m INFO[0m [2methereum_transaction_pool_monitor::bot_runner[0m[2m:[0m 🤖 MEV Bot Stats | Uptime: 0.4h | Opportunities: 0 | Bundles: 0/0 (0.0%) | Profit: 0.0000 ETH | Rate: 0.00/h
[2m2025-12-11T04:17:16.498273Z[0m [32m INFO[0m [2methereum_transaction_pool_monitor::bot_runner[0m[2m:[0m 🤖 MEV Bot Stats | Uptime: 0.4h | Opportunities: 0 | Bundles: 0/0 (0.0%) | Profit: 0.0000 ETH | Rate: 0.00/h
[2m2025-12-11T04:17:26.372672Z[0m [32m INFO[0m [2methereum_transaction_pool_monitor::mempool_monitor[0m[2m:[0m 🎯 Router transaction detected: 0xa4a8e1f7685017325fb2ce121f23ce5b2093d4bbf1285cc6556b924c3d02769c -> 0x68b3465833fb72A70ecDF485E0e4C7bD8665Fc45
[2m2025-12-11T04:17:26.372771Z[0m [32m INFO[0m [2methereum_transaction_pool_monitor::mempool_monitor[0m[2m:[0m ✨ Potential MEV target: 0xa4a8e1f7685017325fb2ce121f23ce5b2093d4bbf1285cc6556b924c3d02769c ($0, 0.0 gwei)
[2m2025-12-11T04:17:26.498978Z[0m [32m INFO[0m [2methereum_transaction_pool_monitor::bot_runner[0m[2m:[0m 🤖 MEV Bot Stats | Uptime: 0.4h | Opportunities: 0 | Bundles: 0/0 (0.0%) | Profit: 0.0000 ETH | Rate: 0.00/h
[2m2025-12-11T04:17:31.975378Z[0m [32m INFO[0m [2methereum_transaction_pool_monitor::mempool_monitor[0m[2m:[0m 🎯 Router transaction detected: 0x7cefe41a74a14777879dfb744883ea15e6079a591b8f60bec6b915f249f43234 -> 0x7a250d5630B4cF539739dF2C5dAcb4c659F2488D
[2m2025-12-11T04:17:31.975480Z[0m [32m INFO[0m [2methereum_transaction_pool_monitor::mempool_monitor[0m[2m:[0m 📊 Detected swapExactETHForTokens
[2m2025-12-11T04:17:31.975491Z[0m [32m INFO[0m [2methereum_transaction_pool_monitor::mempool_monitor[0m[2m:[0m 🔍 ETH swap path offset: 128
[2m2025-12-11T04:17:31.975497Z[0m [32m INFO[0m [2methereum_transaction_pool_monitor::mempool_monitor[0m[2m:[0m 🔍 ETH swap path length: 2
[2m2025-12-11T04:17:31.975503Z[0m [32m INFO[0m [2methereum_transaction_pool_monitor::mempool_monitor[0m[2m:[0m 🔍 ETH swap extracted token pair: 0xC02aaA39b223FE8D0A0e5C4F27eAD9083C756Cc2 -> 0xd23f659442d22BECC90707f5A1f99f051E2fc3B9
[2m2025-12-11T04:17:31.975540Z[0m [32m INFO[0m [2methereum_transaction_pool_monitor::mempool_monitor[0m[2m:[0m 🔍 Searching for pool with tokens 0xC02aaA39b223FE8D0A0e5C4F27eAD9083C756Cc2 and 0xd23f659442d22BECC90707f5A1f99f051E2fc3B9
[2m2025-12-11T04:17:32.251700Z[0m [32m INFO[0m [2methereum_transaction_pool_monitor::mempool_monitor[0m[2m:[0m 🔍 No pool found for token pair 0xC02aaA39b223FE8D0A0e5C4F27eAD9083C756Cc2 -> 0xd23f659442d22BECC90707f5A1f99f051E2fc3B9
[2m2025-12-11T04:17:32.251787Z[0m [32m INFO[0m [2methereum_transaction_pool_monitor::mempool_monitor[0m[2m:[0m ✨ Potential MEV target: 0x7cefe41a74a14777879dfb744883ea15e6079a591b8f60bec6b915f249f43234 ($0, 0.0 gwei)
[2m2025-12-11T04:17:36.500179Z[0m [32m INFO[0m [2methereum_transaction_pool_monitor::bot_runner[0m[2m:[0m 🤖 MEV Bot Stats | Uptime: 0.4h | Opportunities: 0 | Bundles: 0/0 (0.0%) | Profit: 0.0000 ETH | Rate: 0.00/h
[2m2025-12-11T04:17:41.897084Z[0m [32m INFO[0m [2methereum_transaction_pool_monitor::mempool_monitor[0m[2m:[0m 🎯 Router transaction detected: 0x523cbb1583cef34eaaacb420292a80bdca8bba8088d49c9d7879baa459f054fd -> 0x7a250d5630B4cF539739dF2C5dAcb4c659F2488D
[2m2025-12-11T04:17:41.897177Z[0m [32m INFO[0m [2methereum_transaction_pool_monitor::mempool_monitor[0m[2m:[0m 📊 Detected swapExactETHForTokens
[2m2025-12-11T04:17:41.897185Z[0m [32m INFO[0m [2methereum_transaction_pool_monitor::mempool_monitor[0m[2m:[0m 🔍 ETH swap path offset: 128
[2m2025-12-11T04:17:41.897190Z[0m [32m INFO[0m [2methereum_transaction_pool_monitor::mempool_monitor[0m[2m:[0m 🔍 ETH swap path length: 2
[2m2025-12-11T04:17:41.897195Z[0m [32m INFO[0m [2methereum_transaction_pool_monitor::mempool_monitor[0m[2m:[0m 🔍 ETH swap extracted token pair: 0xC02aaA39b223FE8D0A0e5C4F27eAD9083C756Cc2 -> 0xb80297685Dbf4252915af3044BCAC401974a6745
[2m2025-12-11T04:17:41.897230Z[0m [32m INFO[0m [2methereum_transaction_pool_monitor::mempool_monitor[0m[2m:[0m 🔍 Searching for pool with tokens 0xC02aaA39b223FE8D0A0e5C4F27eAD9083C756Cc2 and 0xb80297685Dbf4252915af3044BCAC401974a6745
[2m2025-12-11T04:17:42.196729Z[0m [32m INFO[0m [2methereum_transaction_pool_monitor::mempool_monitor[0m[2m:[0m 🔍 No pool found for token pair 0xC02aaA39b223FE8D0A0e5C4F27eAD9083C756Cc2 -> 0xb80297685Dbf4252915af3044BCAC401974a6745
[2m2025-12-11T04:17:42.196824Z[0m [32m INFO[0m [2methereum_transaction_pool_monitor::mempool_monitor[0m[2m:[0m ✨ Potential MEV target: 0x523cbb1583cef34eaaacb420292a80bdca8bba8088d49c9d7879baa459f054fd ($0, 0.0 gwei)
[2m2025-12-11T04:17:43.282320Z[0m [32m INFO[0m [2methereum_transaction_pool_monitor::mempool_monitor[0m[2m:[0m 🎯 Router transaction detected: 0x40ac473aefa6ddc1f1b27329e65b3d90f76a0bb125ded2602027609a65c51801 -> 0x7a250d5630B4cF539739dF2C5dAcb4c659F2488D
[2m2025-12-11T04:17:43.282414Z[0m [32m INFO[0m [2methereum_transaction_pool_monitor::mempool_monitor[0m[2m:[0m 📊 Detected swapExactETHForTokens
[2m2025-12-11T04:17:43.282423Z[0m [32m INFO[0m [2methereum_transaction_pool_monitor::mempool_monitor[0m[2m:[0m 🔍 ETH swap path offset: 128
[2m2025-12-11T04:17:43.282429Z[0m [32m INFO[0m [2methereum_transaction_pool_monitor::mempool_monitor[0m[2m:[0m 🔍 ETH swap path length: 2
[2m2025-12-11T04:17:43.282435Z[0m [32m INFO[0m [2methereum_transaction_pool_monitor::mempool_monitor[0m[2m:[0m 🔍 ETH swap extracted token pair: 0xC02aaA39b223FE8D0A0e5C4F27eAD9083C756Cc2 -> 0xd23f659442d22BECC90707f5A1f99f051E2fc3B9
[2m2025-12-11T04:17:43.282471Z[0m [32m INFO[0m [2methereum_transaction_pool_monitor::mempool_monitor[0m[2m:[0m 🔍 Searching for pool with tokens 0xC02aaA39b223FE8D0A0e5C4F27eAD9083C756Cc2 and 0xd23f659442d22BECC90707f5A1f99f051E2fc3B9
[2m2025-12-11T04:17:43.555478Z[0m [32m INFO[0m [2methereum_transaction_pool_monitor::mempool_monitor[0m[2m:[0m 🔍 No pool found for token pair 0xC02aaA39b223FE8D0A0e5C4F27eAD9083C756Cc2 -> 0xd23f659442d22BECC90707f5A1f99f051E2fc3B9
[2m2025-12-11T04:17:43.555556Z[0m [32m INFO[0m [2methereum_transaction_pool_monitor::mempool_monitor[0m[2m:[0m ✨ Potential MEV target: 0x40ac473aefa6ddc1f1b27329e65b3d90f76a0bb125ded2602027609a65c51801 ($0, 0.0 gwei)
[2m2025-12-11T04:17:46.660071Z[0m [32m INFO[0m [2methereum_transaction_pool_monitor::bot_runner[0m[2m:[0m 🤖 MEV Bot Stats | Uptime: 0.4h | Opportunities: 0 | Bundles: 0/0 (0.0%) | Profit: 0.0000 ETH | Rate: 0.00/h
[2m2025-12-11T04:17:56.581721Z[0m [32m INFO[0m [2methereum_transaction_pool_monitor::bot_runner[0m[2m:[0m 🤖 MEV Bot Stats | Uptime: 0.4h | Opportunities: 0 | Bundles: 0/0 (0.0%) | Profit: 0.0000 ETH | Rate: 0.00/h
[2m2025-12-11T04:18:06.584729Z[0m [32m INFO[0m [2methereum_transaction_pool_monitor::bot_runner[0m[2m:[0m 🤖 MEV Bot Stats | Uptime: 0.4h | Opportunities: 0 | Bundles: 0/0 (0.0%) | Profit: 0.0000 ETH | Rate: 0.00/h
[2m2025-12-11T04:18:16.576185Z[0m [32m INFO[0m [2methereum_transaction_pool_monitor::bot_runner[0m[2m:[0m 🤖 MEV Bot Stats | Uptime: 0.4h | Opportunities: 0 | Bundles: 0/0 (0.0%) | Profit: 0.0000 ETH | Rate: 0.00/h
[2m2025-12-11T04:18:24.784229Z[0m [32m INFO[0m [2methereum_transaction_pool_monitor::mempool_monitor[0m[2m:[0m 🎯 Router transaction detected: 0x2de595a72da3ff840aa3536817557ce6029edca1ad983b4ed0a9c0f702da7ff0 -> 0x7a250d5630B4cF539739dF2C5dAcb4c659F2488D
[2m2025-12-11T04:18:24.784321Z[0m [32m INFO[0m [2methereum_transaction_pool_monitor::mempool_monitor[0m[2m:[0m ✨ Potential MEV target: 0x2de595a72da3ff840aa3536817557ce6029edca1ad983b4ed0a9c0f702da7ff0 ($0, 0.0 gwei)
[2m2025-12-11T04:18:26.523551Z[0m [32m INFO[0m [2methereum_transaction_pool_monitor::bot_runner[0m[2m:[0m 🤖 MEV Bot Stats | Uptime: 0.4h | Opportunities: 0 | Bundles: 0/0 (0.0%) | Profit: 0.0000 ETH | Rate: 0.00/h
[2m2025-12-11T04:18:36.498094Z[0m [32m INFO[0m [2methereum_transaction_pool_monitor::bot_runner[0m[2m:[0m 🤖 MEV Bot Stats | Uptime: 0.4h | Opportunities: 0 | Bundles: 0/0 (0.0%) | Profit: 0.0000 ETH | Rate: 0.00/h
[2m2025-12-11T04:18:41.673981Z[0m [32m INFO[0m [2methereum_transaction_pool_monitor::mempool_monitor[0m[2m:[0m 🎯 Router transaction detected: 0x6d750f04ed68142cc321c66f49fdaf734313286cdbbd789fbb2540c42783b0c5 -> 0x7a250d5630B4cF539739dF2C5dAcb4c659F2488D
[2m2025-12-11T04:18:41.674077Z[0m [32m INFO[0m [2methereum_transaction_pool_monitor::mempool_monitor[0m[2m:[0m 📊 Detected swapExactETHForTokens
[2m2025-12-11T04:18:41.674089Z[0m [32m INFO[0m [2methereum_transaction_pool_monitor::mempool_monitor[0m[2m:[0m 🔍 ETH swap path offset: 128
[2m2025-12-11T04:18:41.674097Z[0m [32m INFO[0m [2methereum_transaction_pool_monitor::mempool_monitor[0m[2m:[0m 🔍 ETH swap path length: 2
[2m2025-12-11T04:18:41.674103Z[0m [32m INFO[0m [2methereum_transaction_pool_monitor::mempool_monitor[0m[2m:[0m 🔍 ETH swap extracted token pair: 0xC02aaA39b223FE8D0A0e5C4F27eAD9083C756Cc2 -> 0xd23f659442d22BECC90707f5A1f99f051E2fc3B9
[2m2025-12-11T04:18:41.674143Z[0m [32m INFO[0m [2methereum_transaction_pool_monitor::mempool_monitor[0m[2m:[0m 🔍 Searching for pool with tokens 0xC02aaA39b223FE8D0A0e5C4F27eAD9083C756Cc2 and 0xd23f659442d22BECC90707f5A1f99f051E2fc3B9
[2m2025-12-11T04:18:41.958955Z[0m [32m INFO[0m [2methereum_transaction_pool_monitor::mempool_monitor[0m[2m:[0m 🔍 No pool found for token pair 0xC02aaA39b223FE8D0A0e5C4F27eAD9083C756Cc2 -> 0xd23f659442d22BECC90707f5A1f99f051E2fc3B9
[2m2025-12-11T04:18:41.959039Z[0m [32m INFO[0m [2methereum_transaction_pool_monitor::mempool_monitor[0m[2m:[0m ✨ Potential MEV target: 0x6d750f04ed68142cc321c66f49fdaf734313286cdbbd789fbb2540c42783b0c5 ($0, 0.0 gwei)
[2m2025-12-11T04:18:46.564711Z[0m [32m INFO[0m [2methereum_transaction_pool_monitor::bot_runner[0m[2m:[0m 🤖 MEV Bot Stats | Uptime: 0.4h | Opportunities: 0 | Bundles: 0/0 (0.0%) | Profit: 0.0000 ETH | Rate: 0.00/h
[2m2025-12-11T04:18:50.461883Z[0m [32m INFO[0m [2methereum_transaction_pool_monitor::mempool_monitor[0m[2m:[0m 🎯 Router transaction detected: 0x102f8b10b193013b2de8e0daf6c8fa744127f47edd37f96013e74e1621c62bbb -> 0x7a250d5630B4cF539739dF2C5dAcb4c659F2488D
[2m2025-12-11T04:18:50.461995Z[0m [32m INFO[0m [2methereum_transaction_pool_monitor::mempool_monitor[0m[2m:[0m 📊 Detected swapExactETHForTokens
[2m2025-12-11T04:18:50.462004Z[0m [32m INFO[0m [2methereum_transaction_pool_monitor::mempool_monitor[0m[2m:[0m 🔍 ETH swap path offset: 128
[2m2025-12-11T04:18:50.462009Z[0m [32m INFO[0m [2methereum_transaction_pool_monitor::mempool_monitor[0m[2m:[0m 🔍 ETH swap path length: 2
[2m2025-12-11T04:18:50.462014Z[0m [32m INFO[0m [2methereum_transaction_pool_monitor::mempool_monitor[0m[2m:[0m 🔍 ETH swap extracted token pair: 0xC02aaA39b223FE8D0A0e5C4F27eAD9083C756Cc2 -> 0xb80297685Dbf4252915af3044BCAC401974a6745
[2m2025-12-11T04:18:50.462049Z[0m [32m INFO[0m [2methereum_transaction_pool_monitor::mempool_monitor[0m[2m:[0m 🔍 Searching for pool with tokens 0xC02aaA39b223FE8D0A0e5C4F27eAD9083C756Cc2 and 0xb80297685Dbf4252915af3044BCAC401974a6745
[2m2025-12-11T04:18:50.756731Z[0m [32m INFO[0m [2methereum_transaction_pool_monitor::mempool_monitor[0m[2m:[0m 🔍 No pool found for token pair 0xC02aaA39b223FE8D0A0e5C4F27eAD9083C756Cc2 -> 0xb80297685Dbf4252915af3044BCAC401974a6745
[2m2025-12-11T04:18:50.756803Z[0m [32m INFO[0m [2methereum_transaction_pool_monitor::mempool_monitor[0m[2m:[0m ✨ Potential MEV target: 0x102f8b10b193013b2de8e0daf6c8fa744127f47edd37f96013e74e1621c62bbb ($0, 0.0 gwei)
[2m2025-12-11T04:18:52.287852Z[0m [32m INFO[0m [2methereum_transaction_pool_monitor::mempool_monitor[0m[2m:[0m 🎯 Router transaction detected: 0x9764cae238387e9c3cd497113b80fbaf51c11f5f87e07c01d85fb9bd603257c6 -> 0x1111111254EEB25477B68fb85Ed929f73A960582
[2m2025-12-11T04:18:52.288015Z[0m [32m INFO[0m [2methereum_transaction_pool_monitor::mempool_monitor[0m[2m:[0m ✨ Potential MEV target: 0x9764cae238387e9c3cd497113b80fbaf51c11f5f87e07c01d85fb9bd603257c6 ($0, 0.0 gwei)
[2m2025-12-11T04:18:56.684879Z[0m [32m INFO[0m [2methereum_transaction_pool_monitor::bot_runner[0m[2m:[0m 🤖 MEV Bot Stats | Uptime: 0.4h | Opportunities: 0 | Bundles: 0/0 (0.0%) | Profit: 0.0000 ETH | Rate: 0.00/h
[2m2025-12-11T04:18:59.508483Z[0m [32m INFO[0m [2methereum_transaction_pool_monitor::mempool_monitor[0m[2m:[0m 🎯 Router transaction detected: 0x0ec25751a3cb6dc7d3e5dffdfe2e240af6e05f06e7e0e4a0ce14074d682ffb19 -> 0x68b3465833fb72A70ecDF485E0e4C7bD8665Fc45
[2m2025-12-11T04:18:59.508603Z[0m [32m INFO[0m [2methereum_transaction_pool_monitor::mempool_monitor[0m[2m:[0m ✨ Potential MEV target: 0x0ec25751a3cb6dc7d3e5dffdfe2e240af6e05f06e7e0e4a0ce14074d682ffb19 ($0, 0.0 gwei)
[2m2025-12-11T04:19:06.498833Z[0m [32m INFO[0m [2methereum_transaction_pool_monitor::bot_runner[0m[2m:[0m 🤖 MEV Bot Stats | Uptime: 0.5h | Opportunities: 0 | Bundles: 0/0 (0.0%) | Profit: 0.0000 ETH | Rate: 0.00/h
[2m2025-12-11T04:19:16.658702Z[0m [32m INFO[0m [2methereum_transaction_pool_monitor::bot_runner[0m[2m:[0m 🤖 MEV Bot Stats | Uptime: 0.5h | Opportunities: 0 | Bundles: 0/0 (0.0%) | Profit: 0.0000 ETH | Rate: 0.00/h
[2m2025-12-11T04:19:22.454148Z[0m [32m INFO[0m [2methereum_transaction_pool_monitor::mempool_monitor[0m[2m:[0m 🎯 Router transaction detected: 0x28a1574d402fa81b0aaab08261a69871fe3d3873dcc602c39c28d4cc784094fa -> 0x7a250d5630B4cF539739dF2C5dAcb4c659F2488D
[2m2025-12-11T04:19:22.454250Z[0m [32m INFO[0m [2methereum_transaction_pool_monitor::mempool_monitor[0m[2m:[0m ✨ Potential MEV target: 0x28a1574d402fa81b0aaab08261a69871fe3d3873dcc602c39c28d4cc784094fa ($0, 0.0 gwei)
[2m2025-12-11T04:19:25.937908Z[0m [32m INFO[0m [2methereum_transaction_pool_monitor::mempool_monitor[0m[2m:[0m 🎯 Router transaction detected: 0xac8b4831652764fb20b255aff1855d3278f9a3a22dd98d537f778a0dee806710 -> 0x7a250d5630B4cF539739dF2C5dAcb4c659F2488D
[2m2025-12-11T04:19:25.938009Z[0m [32m INFO[0m [2methereum_transaction_pool_monitor::mempool_monitor[0m[2m:[0m ✨ Potential MEV target: 0xac8b4831652764fb20b255aff1855d3278f9a3a22dd98d537f778a0dee806710 ($0, 0.0 gwei)
[2m2025-12-11T04:19:26.500150Z[0m [32m INFO[0m [2methereum_transaction_pool_monitor::bot_runner[0m[2m:[0m 🤖 MEV Bot Stats | Uptime: 0.5h | Opportunities: 0 | Bundles: 0/0 (0.0%) | Profit: 0.0000 ETH | Rate: 0.00/h
[2m2025-12-11T04:19:26.591861Z[0m [32m INFO[0m [2methereum_transaction_pool_monitor::mempool_monitor[0m[2m:[0m 🎯 Router transaction detected: 0xd14c4960f48e75e5dd2d28e0dfe43f239e8761fe06694ae288b3448f4702d0e2 -> 0x1111111254EEB25477B68fb85Ed929f73A960582
[2m2025-12-11T04:19:26.591985Z[0m [32m INFO[0m [2methereum_transaction_pool_monitor::mempool_monitor[0m[2m:[0m ✨ Potential MEV target: 0xd14c4960f48e75e5dd2d28e0dfe43f239e8761fe06694ae288b3448f4702d0e2 ($0, 0.0 gwei)
[2m2025-12-11T04:19:30.037125Z[0m [32m INFO[0m [2methereum_transaction_pool_monitor::mempool_monitor[0m[2m:[0m 🎯 Router transaction detected: 0x93033fd348f063d5ef1667cbe3fecd5806f11a7f6ea9f422a46f60f1e6583930 -> 0x7a250d5630B4cF539739dF2C5dAcb4c659F2488D
[2m2025-12-11T04:19:30.037224Z[0m [32m INFO[0m [2methereum_transaction_pool_monitor::mempool_monitor[0m[2m:[0m ✨ Potential MEV target: 0x93033fd348f063d5ef1667cbe3fecd5806f11a7f6ea9f422a46f60f1e6583930 ($0, 0.0 gwei)
[2m2025-12-11T04:19:36.500306Z[0m [32m INFO[0m [2methereum_transaction_pool_monitor::bot_runner[0m[2m:[0m 🤖 MEV Bot Stats | Uptime: 0.5h | Opportunities: 0 | Bundles: 0/0 (0.0%) | Profit: 0.0000 ETH | Rate: 0.00/h
[2m2025-12-11T04:19:46.156402Z[0m [32m INFO[0m [2methereum_transaction_pool_monitor::mempool_monitor[0m[2m:[0m 🎯 Router transaction detected: 0xc6cc4a3db656d6a7c56cebc7a0f0f52daafa2437d9f4b561224dddc20216ae79 -> 0x7a250d5630B4cF539739dF2C5dAcb4c659F2488D
[2m2025-12-11T04:19:46.156568Z[0m [32m INFO[0m [2methereum_transaction_pool_monitor::mempool_monitor[0m[2m:[0m 📊 Detected swapExactETHForTokens
[2m2025-12-11T04:19:46.156581Z[0m [32m INFO[0m [2methereum_transaction_pool_monitor::mempool_monitor[0m[2m:[0m 🔍 ETH swap path offset: 128
[2m2025-12-11T04:19:46.156586Z[0m [32m INFO[0m [2methereum_transaction_pool_monitor::mempool_monitor[0m[2m:[0m 🔍 ETH swap path length: 2
[2m2025-12-11T04:19:46.156592Z[0m [32m INFO[0m [2methereum_transaction_pool_monitor::mempool_monitor[0m[2m:[0m 🔍 ETH swap extracted token pair: 0xC02aaA39b223FE8D0A0e5C4F27eAD9083C756Cc2 -> 0x546f90a92ff773697AE4ab1Aa69029842671f712
[2m2025-12-11T04:19:46.156628Z[0m [32m INFO[0m [2methereum_transaction_pool_monitor::mempool_monitor[0m[2m:[0m 🔍 Searching for pool with tokens 0xC02aaA39b223FE8D0A0e5C4F27eAD9083C756Cc2 and 0x546f90a92ff773697AE4ab1Aa69029842671f712
[2m2025-12-11T04:19:46.434733Z[0m [32m INFO[0m [2methereum_transaction_pool_monitor::mempool_monitor[0m[2m:[0m 🔍 No pool found for token pair 0xC02aaA39b223FE8D0A0e5C4F27eAD9083C756Cc2 -> 0x546f90a92ff773697AE4ab1Aa69029842671f712
[2m2025-12-11T04:19:46.434821Z[0m [32m INFO[0m [2methereum_transaction_pool_monitor::mempool_monitor[0m[2m:[0m ✨ Potential MEV target: 0xc6cc4a3db656d6a7c56cebc7a0f0f52daafa2437d9f4b561224dddc20216ae79 ($0, 0.0 gwei)
[2m2025-12-11T04:19:46.662028Z[0m [32m INFO[0m [2methereum_transaction_pool_monitor::bot_runner[0m[2m:[0m 🤖 MEV Bot Stats | Uptime: 0.5h | Opportunities: 0 | Bundles: 0/0 (0.0%) | Profit: 0.0000 ETH | Rate: 0.00/h
[2m2025-12-11T04:19:47.338267Z[0m [32m INFO[0m [2methereum_transaction_pool_monitor::mempool_monitor[0m[2m:[0m 🎯 Router transaction detected: 0x45c74b26bde07d984a90d0c022ed32573b65d2773128d3ec5ad388eebf884572 -> 0x7a250d5630B4cF539739dF2C5dAcb4c659F2488D
[2m2025-12-11T04:19:47.338355Z[0m [32m INFO[0m [2methereum_transaction_pool_monitor::mempool_monitor[0m[2m:[0m 📊 Detected swapExactETHForTokens
[2m2025-12-11T04:19:47.338365Z[0m [32m INFO[0m [2methereum_transaction_pool_monitor::mempool_monitor[0m[2m:[0m 🔍 ETH swap path offset: 128
[2m2025-12-11T04:19:47.338371Z[0m [32m INFO[0m [2methereum_transaction_pool_monitor::mempool_monitor[0m[2m:[0m 🔍 ETH swap path length: 2
[2m2025-12-11T04:19:47.338376Z[0m [32m INFO[0m [2methereum_transaction_pool_monitor::mempool_monitor[0m[2m:[0m 🔍 ETH swap extracted token pair: 0xC02aaA39b223FE8D0A0e5C4F27eAD9083C756Cc2 -> 0xd23f659442d22BECC90707f5A1f99f051E2fc3B9
[2m2025-12-11T04:19:47.338413Z[0m [32m INFO[0m [2methereum_transaction_pool_monitor::mempool_monitor[0m[2m:[0m 🔍 Searching for pool with tokens 0xC02aaA39b223FE8D0A0e5C4F27eAD9083C756Cc2 and 0xd23f659442d22BECC90707f5A1f99f051E2fc3B9
[2m2025-12-11T04:19:47.629764Z[0m [32m INFO[0m [2methereum_transaction_pool_monitor::mempool_monitor[0m[2m:[0m 🔍 No pool found for token pair 0xC02aaA39b223FE8D0A0e5C4F27eAD9083C756Cc2 -> 0xd23f659442d22BECC90707f5A1f99f051E2fc3B9
[2m2025-12-11T04:19:47.629833Z[0m [32m INFO[0m [2methereum_transaction_pool_monitor::mempool_monitor[0m[2m:[0m ✨ Potential MEV target: 0x45c74b26bde07d984a90d0c022ed32573b65d2773128d3ec5ad388eebf884572 ($0, 0.0 gwei)
[2m2025-12-11T04:19:48.051002Z[0m [32m INFO[0m [2methereum_transaction_pool_monitor::mempool_monitor[0m[2m:[0m 🎯 Router transaction detected: 0x4b9cb6590cb12de7be8654b728fdc88d2005d4167755d406c4aae69d84a8718b -> 0x7a250d5630B4cF539739dF2C5dAcb4c659F2488D
[2m2025-12-11T04:19:48.051099Z[0m [32m INFO[0m [2methereum_transaction_pool_monitor::mempool_monitor[0m[2m:[0m 📊 Detected swapExactETHForTokens
[2m2025-12-11T04:19:48.051108Z[0m [32m INFO[0m [2methereum_transaction_pool_monitor::mempool_monitor[0m[2m:[0m 🔍 ETH swap path offset: 128
[2m2025-12-11T04:19:48.051114Z[0m [32m INFO[0m [2methereum_transaction_pool_monitor::mempool_monitor[0m[2m:[0m 🔍 ETH swap path length: 2
[2m2025-12-11T04:19:48.051122Z[0m [32m INFO[0m [2methereum_transaction_pool_monitor::mempool_monitor[0m[2m:[0m 🔍 ETH swap extracted token pair: 0xC02aaA39b223FE8D0A0e5C4F27eAD9083C756Cc2 -> 0xb80297685Dbf4252915af3044BCAC401974a6745
[2m2025-12-11T04:19:48.051159Z[0m [32m INFO[0m [2methereum_transaction_pool_monitor::mempool_monitor[0m[2m:[0m 🔍 Searching for pool with tokens 0xC02aaA39b223FE8D0A0e5C4F27eAD9083C756Cc2 and 0xb80297685Dbf4252915af3044BCAC401974a6745
[2m2025-12-11T04:19:48.337923Z[0m [32m INFO[0m [2methereum_transaction_pool_monitor::mempool_monitor[0m[2m:[0m 🔍 No pool found for token pair 0xC02aaA39b223FE8D0A0e5C4F27eAD9083C756Cc2 -> 0xb80297685Dbf4252915af3044BCAC401974a6745
[2m2025-12-11T04:19:48.338002Z[0m [32m INFO[0m [2methereum_transaction_pool_monitor::mempool_monitor[0m[2m:[0m ✨ Potential MEV target: 0x4b9cb6590cb12de7be8654b728fdc88d2005d4167755d406c4aae69d84a8718b ($0, 0.0 gwei)
[2m2025-12-11T04:19:56.527433Z[0m [32m INFO[0m [2methereum_transaction_pool_monitor::bot_runner[0m[2m:[0m 🤖 MEV Bot Stats | Uptime: 0.5h | Opportunities: 0 | Bundles: 0/0 (0.0%) | Profit: 0.0000 ETH | Rate: 0.00/h
[2m2025-12-11T04:19:58.029127Z[0m [32m INFO[0m [2methereum_transaction_pool_monitor::mempool_monitor[0m[2m:[0m 🎯 Router transaction detected: 0x770edba63a98a446dadf0db1cb7fb4410e0bb9a36ae6bea9fc5fd9f99d4c2036 -> 0x7a250d5630B4cF539739dF2C5dAcb4c659F2488D
[2m2025-12-11T04:19:58.029227Z[0m [32m INFO[0m [2methereum_transaction_pool_monitor::mempool_monitor[0m[2m:[0m ✨ Potential MEV target: 0x770edba63a98a446dadf0db1cb7fb4410e0bb9a36ae6bea9fc5fd9f99d4c2036 ($0, 0.0 gwei)
[2m2025-12-11T04:20:06.500086Z[0m [32m INFO[0m [2methereum_transaction_pool_monitor::bot_runner[0m[2m:[0m 🤖 MEV Bot Stats | Uptime: 0.5h | Opportunities: 0 | Bundles: 0/0 (0.0%) | Profit: 0.0000 ETH | Rate: 0.00/h
[2m2025-12-11T04:20:16.551936Z[0m [32m INFO[0m [2methereum_transaction_pool_monitor::bot_runner[0m[2m:[0m 🤖 MEV Bot Stats | Uptime: 0.5h | Opportunities: 0 | Bundles: 0/0 (0.0%) | Profit: 0.0000 ETH | Rate: 0.00/h
[2m2025-12-11T04:20:21.985658Z[0m [32m INFO[0m [2methereum_transaction_pool_monitor::mempool_monitor[0m[2m:[0m 🎯 Router transaction detected: 0x95809327a14714c133a600efc3bd38f83c5328614612baad977fdd8e7cc1ddec -> 0x7a250d5630B4cF539739dF2C5dAcb4c659F2488D
[2m2025-12-11T04:20:21.985756Z[0m [32m INFO[0m [2methereum_transaction_pool_monitor::mempool_monitor[0m[2m:[0m 📊 Detected swapExactETHForTokens
[2m2025-12-11T04:20:21.985765Z[0m [32m INFO[0m [2methereum_transaction_pool_monitor::mempool_monitor[0m[2m:[0m 🔍 ETH swap path offset: 128
[2m2025-12-11T04:20:21.985772Z[0m [32m INFO[0m [2methereum_transaction_pool_monitor::mempool_monitor[0m[2m:[0m 🔍 ETH swap path length: 2
[2m2025-12-11T04:20:21.985778Z[0m [32m INFO[0m [2methereum_transaction_pool_monitor::mempool_monitor[0m[2m:[0m 🔍 ETH swap extracted token pair: 0xC02aaA39b223FE8D0A0e5C4F27eAD9083C756Cc2 -> 0xd23f659442d22BECC90707f5A1f99f051E2fc3B9
[2m2025-12-11T04:20:21.985816Z[0m [32m INFO[0m [2methereum_transaction_pool_monitor::mempool_monitor[0m[2m:[0m 🔍 Searching for pool with tokens 0xC02aaA39b223FE8D0A0e5C4F27eAD9083C756Cc2 and 0xd23f659442d22BECC90707f5A1f99f051E2fc3B9
[2m2025-12-11T04:20:22.276319Z[0m [32m INFO[0m [2methereum_transaction_pool_monitor::mempool_monitor[0m[2m:[0m 🔍 No pool found for token pair 0xC02aaA39b223FE8D0A0e5C4F27eAD9083C756Cc2 -> 0xd23f659442d22BECC90707f5A1f99f051E2fc3B9
[2m2025-12-11T04:20:22.276392Z[0m [32m INFO[0m [2methereum_transaction_pool_monitor::mempool_monitor[0m[2m:[0m ✨ Potential MEV target: 0x95809327a14714c133a600efc3bd38f83c5328614612baad977fdd8e7cc1ddec ($0, 0.0 gwei)
[2m2025-12-11T04:20:26.555196Z[0m [32m INFO[0m [2methereum_transaction_pool_monitor::bot_runner[0m[2m:[0m 🤖 MEV Bot Stats | Uptime: 0.5h | Opportunities: 0 | Bundles: 0/0 (0.0%) | Profit: 0.0000 ETH | Rate: 0.00/h
[2m2025-12-11T04:20:31.899086Z[0m [32m INFO[0m [2methereum_transaction_pool_monitor::mempool_monitor[0m[2m:[0m 🎯 Router transaction detected: 0x0c235fbed42b346c3bbd81122ef770bd9217b6e0b55155fe6a703b1839975ee3 -> 0x7a250d5630B4cF539739dF2C5dAcb4c659F2488D
[2m2025-12-11T04:20:31.900055Z[0m [32m INFO[0m [2methereum_transaction_pool_monitor::mempool_monitor[0m[2m:[0m ✨ Potential MEV target: 0x0c235fbed42b346c3bbd81122ef770bd9217b6e0b55155fe6a703b1839975ee3 ($0, 0.0 gwei)
[2m2025-12-11T04:20:36.503284Z[0m [32m INFO[0m [2methereum_transaction_pool_monitor::bot_runner[0m[2m:[0m 🤖 MEV Bot Stats | Uptime: 0.5h | Opportunities: 0 | Bundles: 0/0 (0.0%) | Profit: 0.0000 ETH | Rate: 0.00/h
[2m2025-12-11T04:20:40.176568Z[0m [32m INFO[0m [2methereum_transaction_pool_monitor::mempool_monitor[0m[2m:[0m 🎯 Router transaction detected: 0x513105f6ffd0c4d8cc7a04c1e05db794644ca5707bd47dbe09b9dfadc6691698 -> 0x68b3465833fb72A70ecDF485E0e4C7bD8665Fc45
[2m2025-12-11T04:20:40.176772Z[0m [32m INFO[0m [2methereum_transaction_pool_monitor::mempool_monitor[0m[2m:[0m ✨ Potential MEV target: 0x513105f6ffd0c4d8cc7a04c1e05db794644ca5707bd47dbe09b9dfadc6691698 ($0, 0.0 gwei)
[2m2025-12-11T04:20:42.576444Z[0m [32m INFO[0m [2methereum_transaction_pool_monitor::mempool_monitor[0m[2m:[0m 🎯 Router transaction detected: 0x08d745b781ac08764946b33a6c525c82dc29c3b4440e822a123d43dd9277d4a6 -> 0x7a250d5630B4cF539739dF2C5dAcb4c659F2488D
[2m2025-12-11T04:20:42.576541Z[0m [32m INFO[0m [2methereum_transaction_pool_monitor::mempool_monitor[0m[2m:[0m 📊 Detected swapExactETHForTokens
[2m2025-12-11T04:20:42.576550Z[0m [32m INFO[0m [2methereum_transaction_pool_monitor::mempool_monitor[0m[2m:[0m 🔍 ETH swap path offset: 128
[2m2025-12-11T04:20:42.576556Z[0m [32m INFO[0m [2methereum_transaction_pool_monitor::mempool_monitor[0m[2m:[0m 🔍 ETH swap path length: 2
[2m2025-12-11T04:20:42.576562Z[0m [32m INFO[0m [2methereum_transaction_pool_monitor::mempool_monitor[0m[2m:[0m 🔍 ETH swap extracted token pair: 0xC02aaA39b223FE8D0A0e5C4F27eAD9083C756Cc2 -> 0x546f90a92ff773697AE4ab1Aa69029842671f712
[2m2025-12-11T04:20:42.576598Z[0m [32m INFO[0m [2methereum_transaction_pool_monitor::mempool_monitor[0m[2m:[0m 🔍 Searching for pool with tokens 0xC02aaA39b223FE8D0A0e5C4F27eAD9083C756Cc2 and 0x546f90a92ff773697AE4ab1Aa69029842671f712
[2m2025-12-11T04:20:42.898806Z[0m [32m INFO[0m [2methereum_transaction_pool_monitor::mempool_monitor[0m[2m:[0m 🔍 No pool found for token pair 0xC02aaA39b223FE8D0A0e5C4F27eAD9083C756Cc2 -> 0x546f90a92ff773697AE4ab1Aa69029842671f712
[2m2025-12-11T04:20:42.898891Z[0m [32m INFO[0m [2methereum_transaction_pool_monitor::mempool_monitor[0m[2m:[0m ✨ Potential MEV target: 0x08d745b781ac08764946b33a6c525c82dc29c3b4440e822a123d43dd9277d4a6 ($0, 0.0 gwei)
[2m2025-12-11T04:20:46.645711Z[0m [32m INFO[0m [2methereum_transaction_pool_monitor::bot_runner[0m[2m:[0m 🤖 MEV Bot Stats | Uptime: 0.5h | Opportunities: 0 | Bundles: 0/0 (0.0%) | Profit: 0.0000 ETH | Rate: 0.00/h
[2m2025-12-11T04:20:56.500051Z[0m [32m INFO[0m [2methereum_transaction_pool_monitor::bot_runner[0m[2m:[0m 🤖 MEV Bot Stats | Uptime: 0.5h | Opportunities: 0 | Bundles: 0/0 (0.0%) | Profit: 0.0000 ETH | Rate: 0.00/h
[2m2025-12-11T04:21:00.797047Z[0m [32m INFO[0m [2methereum_transaction_pool_monitor::mempool_monitor[0m[2m:[0m 🎯 Router transaction detected: 0x008ee86450c089418fcc29de6f808168b3c817641495a81202c10c88e14ca542 -> 0x7a250d5630B4cF539739dF2C5dAcb4c659F2488D
[2m2025-12-11T04:21:00.797148Z[0m [32m INFO[0m [2methereum_transaction_pool_monitor::mempool_monitor[0m[2m:[0m 📊 Detected swapExactETHForTokens
[2m2025-12-11T04:21:00.797162Z[0m [32m INFO[0m [2methereum_transaction_pool_monitor::mempool_monitor[0m[2m:[0m 🔍 ETH swap path offset: 128
[2m2025-12-11T04:21:00.797169Z[0m [32m INFO[0m [2methereum_transaction_pool_monitor::mempool_monitor[0m[2m:[0m 🔍 ETH swap path length: 2
[2m2025-12-11T04:21:00.797176Z[0m [32m INFO[0m [2methereum_transaction_pool_monitor::mempool_monitor[0m[2m:[0m 🔍 ETH swap extracted token pair: 0xC02aaA39b223FE8D0A0e5C4F27eAD9083C756Cc2 -> 0xd23f659442d22BECC90707f5A1f99f051E2fc3B9
[2m2025-12-11T04:21:00.797213Z[0m [32m INFO[0m [2methereum_transaction_pool_monitor::mempool_monitor[0m[2m:[0m 🔍 Searching for pool with tokens 0xC02aaA39b223FE8D0A0e5C4F27eAD9083C756Cc2 and 0xd23f659442d22BECC90707f5A1f99f051E2fc3B9
[2m2025-12-11T04:21:01.079581Z[0m [32m INFO[0m [2methereum_transaction_pool_monitor::mempool_monitor[0m[2m:[0m 🔍 No pool found for token pair 0xC02aaA39b223FE8D0A0e5C4F27eAD9083C756Cc2 -> 0xd23f659442d22BECC90707f5A1f99f051E2fc3B9
[2m2025-12-11T04:21:01.079658Z[0m [32m INFO[0m [2methereum_transaction_pool_monitor::mempool_monitor[0m[2m:[0m ✨ Potential MEV target: 0x008ee86450c089418fcc29de6f808168b3c817641495a81202c10c88e14ca542 ($0, 0.0 gwei)
[2m2025-12-11T04:21:06.498334Z[0m [32m INFO[0m [2methereum_transaction_pool_monitor::bot_runner[0m[2m:[0m 🤖 MEV Bot Stats | Uptime: 0.5h | Opportunities: 0 | Bundles: 0/0 (0.0%) | Profit: 0.0000 ETH | Rate: 0.00/h
[2m2025-12-11T04:21:16.521389Z[0m [32m INFO[0m [2methereum_transaction_pool_monitor::bot_runner[0m[2m:[0m 🤖 MEV Bot Stats | Uptime: 0.5h | Opportunities: 0 | Bundles: 0/0 (0.0%) | Profit: 0.0000 ETH | Rate: 0.00/h
[2m2025-12-11T04:21:26.498722Z[0m [32m INFO[0m [2methereum_transaction_pool_monitor::bot_runner[0m[2m:[0m 🤖 MEV Bot Stats | Uptime: 0.5h | Opportunities: 0 | Bundles: 0/0 (0.0%) | Profit: 0.0000 ETH | Rate: 0.00/h
[2m2025-12-11T04:21:32.278670Z[0m [32m INFO[0m [2methereum_transaction_pool_monitor::mempool_monitor[0m[2m:[0m 🎯 Router transaction detected: 0x9b251f1febaf8b08681b99f672911d0111ca9061a44f5409f68a8ed7b287ef30 -> 0x7a250d5630B4cF539739dF2C5dAcb4c659F2488D
[2m2025-12-11T04:21:32.278781Z[0m [32m INFO[0m [2methereum_transaction_pool_monitor::mempool_monitor[0m[2m:[0m 📊 Detected swapExactETHForTokens
[2m2025-12-11T04:21:32.278791Z[0m [32m INFO[0m [2methereum_transaction_pool_monitor::mempool_monitor[0m[2m:[0m 🔍 ETH swap path offset: 128
[2m2025-12-11T04:21:32.278798Z[0m [32m INFO[0m [2methereum_transaction_pool_monitor::mempool_monitor[0m[2m:[0m 🔍 ETH swap path length: 2
[2m2025-12-11T04:21:32.278805Z[0m [32m INFO[0m [2methereum_transaction_pool_monitor::mempool_monitor[0m[2m:[0m 🔍 ETH swap extracted token pair: 0xC02aaA39b223FE8D0A0e5C4F27eAD9083C756Cc2 -> 0x546f90a92ff773697AE4ab1Aa69029842671f712
[2m2025-12-11T04:21:32.278840Z[0m [32m INFO[0m [2methereum_transaction_pool_monitor::mempool_monitor[0m[2m:[0m 🔍 Searching for pool with tokens 0xC02aaA39b223FE8D0A0e5C4F27eAD9083C756Cc2 and 0x546f90a92ff773697AE4ab1Aa69029842671f712
[2m2025-12-11T04:21:32.533739Z[0m [32m INFO[0m [2methereum_transaction_pool_monitor::mempool_monitor[0m[2m:[0m 🔍 No pool found for token pair 0xC02aaA39b223FE8D0A0e5C4F27eAD9083C756Cc2 -> 0x546f90a92ff773697AE4ab1Aa69029842671f712
[2m2025-12-11T04:21:32.533813Z[0m [32m INFO[0m [2methereum_transaction_pool_monitor::mempool_monitor[0m[2m:[0m ✨ Potential MEV target: 0x9b251f1febaf8b08681b99f672911d0111ca9061a44f5409f68a8ed7b287ef30 ($0, 0.0 gwei)
[2m2025-12-11T04:21:36.599549Z[0m [32m INFO[0m [2methereum_transaction_pool_monitor::bot_runner[0m[2m:[0m 🤖 MEV Bot Stats | Uptime: 0.5h | Opportunities: 0 | Bundles: 0/0 (0.0%) | Profit: 0.0000 ETH | Rate: 0.00/h
[2m2025-12-11T04:21:46.583671Z[0m [32m INFO[0m [2methereum_transaction_pool_monitor::bot_runner[0m[2m:[0m 🤖 MEV Bot Stats | Uptime: 0.5h | Opportunities: 0 | Bundles: 0/0 (0.0%) | Profit: 0.0000 ETH | Rate: 0.00/h
[2m2025-12-11T04:21:53.029223Z[0m [32m INFO[0m [2methereum_transaction_pool_monitor::mempool_monitor[0m[2m:[0m 🎯 Router transaction detected: 0xb0a26935f652e77f32e3cd3459b173c197a199d7fa78d97efc870d0c9243e12f -> 0x7a250d5630B4cF539739dF2C5dAcb4c659F2488D
[2m2025-12-11T04:21:53.029482Z[0m [32m INFO[0m [2methereum_transaction_pool_monitor::mempool_monitor[0m[2m:[0m ✨ Potential MEV target: 0xb0a26935f652e77f32e3cd3459b173c197a199d7fa78d97efc870d0c9243e12f ($0, 0.0 gwei)
[2m2025-12-11T04:21:56.499210Z[0m [32m INFO[0m [2methereum_transaction_pool_monitor::bot_runner[0m[2m:[0m 🤖 MEV Bot Stats | Uptime: 0.5h | Opportunities: 0 | Bundles: 0/0 (0.0%) | Profit: 0.0000 ETH | Rate: 0.00/h
[2m2025-12-11T04:22:01.587970Z[0m [32m INFO[0m [2methereum_transaction_pool_monitor::mempool_monitor[0m[2m:[0m 🎯 Router transaction detected: 0x79916d98624a1ed75b14f473683de40eb22490cf8209ee8cd4180d47c06162b4 -> 0x68b3465833fb72A70ecDF485E0e4C7bD8665Fc45
[2m2025-12-11T04:22:01.588098Z[0m [32m INFO[0m [2methereum_transaction_pool_monitor::mempool_monitor[0m[2m:[0m ✨ Potential MEV target: 0x79916d98624a1ed75b14f473683de40eb22490cf8209ee8cd4180d47c06162b4 ($0, 0.0 gwei)
[2m2025-12-11T04:22:06.498655Z[0m [32m INFO[0m [2methereum_transaction_pool_monitor::bot_runner[0m[2m:[0m 🤖 MEV Bot Stats | Uptime: 0.5h | Opportunities: 0 | Bundles: 0/0 (0.0%) | Profit: 0.0000 ETH | Rate: 0.00/h
[2m2025-12-11T04:22:13.501830Z[0m [32m INFO[0m [2methereum_transaction_pool_monitor::mempool_monitor[0m[2m:[0m 🎯 Router transaction detected: 0x28919ba9ea789600419d692c2049d3a8fc9952f94c9734365a384bb2199906b7 -> 0x7a250d5630B4cF539739dF2C5dAcb4c659F2488D
[2m2025-12-11T04:22:13.502666Z[0m [32m INFO[0m [2methereum_transaction_pool_monitor::mempool_monitor[0m[2m:[0m ✨ Potential MEV target: 0x28919ba9ea789600419d692c2049d3a8fc9952f94c9734365a384bb2199906b7 ($0, 0.0 gwei)
[2m2025-12-11T04:22:16.498943Z[0m [32m INFO[0m [2methereum_transaction_pool_monitor::bot_runner[0m[2m:[0m 🤖 MEV Bot Stats | Uptime: 0.5h | Opportunities: 0 | Bundles: 0/0 (0.0%) | Profit: 0.0000 ETH | Rate: 0.00/h
[2m2025-12-11T04:22:23.828657Z[0m [32m INFO[0m [2methereum_transaction_pool_monitor::mempool_monitor[0m[2m:[0m 🎯 Router transaction detected: 0xa39fd9ccd2c9bab48169be95afefc6f8201b056a49d068fdcdffc7309e069848 -> 0x7a250d5630B4cF539739dF2C5dAcb4c659F2488D
[2m2025-12-11T04:22:23.831944Z[0m [32m INFO[0m [2methereum_transaction_pool_monitor::mempool_monitor[0m[2m:[0m 📊 Detected swapExactETHForTokens
[2m2025-12-11T04:22:23.831960Z[0m [32m INFO[0m [2methereum_transaction_pool_monitor::mempool_monitor[0m[2m:[0m 🔍 ETH swap path offset: 128
[2m2025-12-11T04:22:23.831966Z[0m [32m INFO[0m [2methereum_transaction_pool_monitor::mempool_monitor[0m[2m:[0m 🔍 ETH swap path length: 2
[2m2025-12-11T04:22:23.831971Z[0m [32m INFO[0m [2methereum_transaction_pool_monitor::mempool_monitor[0m[2m:[0m 🔍 ETH swap extracted token pair: 0xC02aaA39b223FE8D0A0e5C4F27eAD9083C756Cc2 -> 0x546f90a92ff773697AE4ab1Aa69029842671f712
[2m2025-12-11T04:22:23.832006Z[0m [32m INFO[0m [2methereum_transaction_pool_monitor::mempool_monitor[0m[2m:[0m 🔍 Searching for pool with tokens 0xC02aaA39b223FE8D0A0e5C4F27eAD9083C756Cc2 and 0x546f90a92ff773697AE4ab1Aa69029842671f712
[2m2025-12-11T04:22:24.172444Z[0m [32m INFO[0m [2methereum_transaction_pool_monitor::mempool_monitor[0m[2m:[0m 🔍 No pool found for token pair 0xC02aaA39b223FE8D0A0e5C4F27eAD9083C756Cc2 -> 0x546f90a92ff773697AE4ab1Aa69029842671f712
[2m2025-12-11T04:22:24.172530Z[0m [32m INFO[0m [2methereum_transaction_pool_monitor::mempool_monitor[0m[2m:[0m ✨ Potential MEV target: 0xa39fd9ccd2c9bab48169be95afefc6f8201b056a49d068fdcdffc7309e069848 ($0, 0.0 gwei)
[2m2025-12-11T04:22:26.616485Z[0m [32m INFO[0m [2methereum_transaction_pool_monitor::bot_runner[0m[2m:[0m 🤖 MEV Bot Stats | Uptime: 0.5h | Opportunities: 0 | Bundles: 0/0 (0.0%) | Profit: 0.0000 ETH | Rate: 0.00/h
[2m2025-12-11T04:22:27.628855Z[0m [32m INFO[0m [2methereum_transaction_pool_monitor::mempool_monitor[0m[2m:[0m 🎯 Router transaction detected: 0x95afa85b93e9d17952128b26a547b8db037ace8c8534f1e893b08cb5769ee3b8 -> 0x7a250d5630B4cF539739dF2C5dAcb4c659F2488D
[2m2025-12-11T04:22:27.628950Z[0m [32m INFO[0m [2methereum_transaction_pool_monitor::mempool_monitor[0m[2m:[0m 📊 Detected swapExactETHForTokens
[2m2025-12-11T04:22:27.628958Z[0m [32m INFO[0m [2methereum_transaction_pool_monitor::mempool_monitor[0m[2m:[0m 🔍 ETH swap path offset: 128
[2m2025-12-11T04:22:27.628963Z[0m [32m INFO[0m [2methereum_transaction_pool_monitor::mempool_monitor[0m[2m:[0m 🔍 ETH swap path length: 2
[2m2025-12-11T04:22:27.628968Z[0m [32m INFO[0m [2methereum_transaction_pool_monitor::mempool_monitor[0m[2m:[0m 🔍 ETH swap extracted token pair: 0xC02aaA39b223FE8D0A0e5C4F27eAD9083C756Cc2 -> 0xd23f659442d22BECC90707f5A1f99f051E2fc3B9
[2m2025-12-11T04:22:27.629004Z[0m [32m INFO[0m [2methereum_transaction_pool_monitor::mempool_monitor[0m[2m:[0m 🔍 Searching for pool with tokens 0xC02aaA39b223FE8D0A0e5C4F27eAD9083C756Cc2 and 0xd23f659442d22BECC90707f5A1f99f051E2fc3B9
[2m2025-12-11T04:22:27.912047Z[0m [32m INFO[0m [2methereum_transaction_pool_monitor::mempool_monitor[0m[2m:[0m 🔍 No pool found for token pair 0xC02aaA39b223FE8D0A0e5C4F27eAD9083C756Cc2 -> 0xd23f659442d22BECC90707f5A1f99f051E2fc3B9
[2m2025-12-11T04:22:27.912118Z[0m [32m INFO[0m [2methereum_transaction_pool_monitor::mempool_monitor[0m[2m:[0m ✨ Potential MEV target: 0x95afa85b93e9d17952128b26a547b8db037ace8c8534f1e893b08cb5769ee3b8 ($0, 0.0 gwei)
[2m2025-12-11T04:22:36.530795Z[0m [32m INFO[0m [2methereum_transaction_pool_monitor::bot_runner[0m[2m:[0m 🤖 MEV Bot Stats | Uptime: 0.5h | Opportunities: 0 | Bundles: 0/0 (0.0%) | Profit: 0.0000 ETH | Rate: 0.00/h
[2m2025-12-11T04:22:46.552638Z[0m [32m INFO[0m [2methereum_transaction_pool_monitor::bot_runner[0m[2m:[0m 🤖 MEV Bot Stats | Uptime: 0.5h | Opportunities: 0 | Bundles: 0/0 (0.0%) | Profit: 0.0000 ETH | Rate: 0.00/h
[2m2025-12-11T04:22:56.499355Z[0m [32m INFO[0m [2methereum_transaction_pool_monitor::bot_runner[0m[2m:[0m 🤖 MEV Bot Stats | Uptime: 0.5h | Opportunities: 0 | Bundles: 0/0 (0.0%) | Profit: 0.0000 ETH | Rate: 0.00/h
[2m2025-12-11T04:23:06.501054Z[0m [32m INFO[0m [2methereum_transaction_pool_monitor::bot_runner[0m[2m:[0m 🤖 MEV Bot Stats | Uptime: 0.5h | Opportunities: 0 | Bundles: 0/0 (0.0%) | Profit: 0.0000 ETH | Rate: 0.00/h
[2m2025-12-11T04:23:06.775241Z[0m [32m INFO[0m [2methereum_transaction_pool_monitor::mempool_monitor[0m[2m:[0m 🎯 Router transaction detected: 0xb35b96a7f781fbf841c83782f16385d98df3359b26c1c19081e822a4f7235db5 -> 0x7a250d5630B4cF539739dF2C5dAcb4c659F2488D
[2m2025-12-11T04:23:06.775352Z[0m [32m INFO[0m [2methereum_transaction_pool_monitor::mempool_monitor[0m[2m:[0m ✨ Potential MEV target: 0xb35b96a7f781fbf841c83782f16385d98df3359b26c1c19081e822a4f7235db5 ($0, 0.0 gwei)
[2m2025-12-11T04:23:16.607092Z[0m [32m INFO[0m [2methereum_transaction_pool_monitor::bot_runner[0m[2m:[0m 🤖 MEV Bot Stats | Uptime: 0.5h | Opportunities: 0 | Bundles: 0/0 (0.0%) | Profit: 0.0000 ETH | Rate: 0.00/h
[2m2025-12-11T04:23:16.612226Z[0m [32m INFO[0m [2methereum_transaction_pool_monitor::mempool_monitor[0m[2m:[0m 🎯 Router transaction detected: 0xd6d4399e6e794219829d0af6159f9c6e033b2c6fd24425a92e5c8fe350aa3414 -> 0x7a250d5630B4cF539739dF2C5dAcb4c659F2488D
[2m2025-12-11T04:23:16.612323Z[0m [32m INFO[0m [2methereum_transaction_pool_monitor::mempool_monitor[0m[2m:[0m 📊 Detected swapExactETHForTokens
[2m2025-12-11T04:23:16.612331Z[0m [32m INFO[0m [2methereum_transaction_pool_monitor::mempool_monitor[0m[2m:[0m 🔍 ETH swap path offset: 128
[2m2025-12-11T04:23:16.612337Z[0m [32m INFO[0m [2methereum_transaction_pool_monitor::mempool_monitor[0m[2m:[0m 🔍 ETH swap path length: 2
[2m2025-12-11T04:23:16.612342Z[0m [32m INFO[0m [2methereum_transaction_pool_monitor::mempool_monitor[0m[2m:[0m 🔍 ETH swap extracted token pair: 0xC02aaA39b223FE8D0A0e5C4F27eAD9083C756Cc2 -> 0xd23f659442d22BECC90707f5A1f99f051E2fc3B9
[2m2025-12-11T04:23:16.612380Z[0m [32m INFO[0m [2methereum_transaction_pool_monitor::mempool_monitor[0m[2m:[0m 🔍 Searching for pool with tokens 0xC02aaA39b223FE8D0A0e5C4F27eAD9083C756Cc2 and 0xd23f659442d22BECC90707f5A1f99f051E2fc3B9
[2m2025-12-11T04:23:16.891575Z[0m [32m INFO[0m [2methereum_transaction_pool_monitor::mempool_monitor[0m[2m:[0m 🔍 No pool found for token pair 0xC02aaA39b223FE8D0A0e5C4F27eAD9083C756Cc2 -> 0xd23f659442d22BECC90707f5A1f99f051E2fc3B9
[2m2025-12-11T04:23:16.891666Z[0m [32m INFO[0m [2methereum_transaction_pool_monitor::mempool_monitor[0m[2m:[0m ✨ Potential MEV target: 0xd6d4399e6e794219829d0af6159f9c6e033b2c6fd24425a92e5c8fe350aa3414 ($0, 0.0 gwei)
[2m2025-12-11T04:23:26.702896Z[0m [32m INFO[0m [2methereum_transaction_pool_monitor::bot_runner[0m[2m:[0m 🤖 MEV Bot Stats | Uptime: 0.5h | Opportunities: 0 | Bundles: 0/0 (0.0%) | Profit: 0.0000 ETH | Rate: 0.00/h
[2m2025-12-11T04:23:36.675174Z[0m [32m INFO[0m [2methereum_transaction_pool_monitor::bot_runner[0m[2m:[0m 🤖 MEV Bot Stats | Uptime: 0.5h | Opportunities: 0 | Bundles: 0/0 (0.0%) | Profit: 0.0000 ETH | Rate: 0.00/h
[2m2025-12-11T04:23:37.175925Z[0m [32m INFO[0m [2methereum_transaction_pool_monitor::mempool_monitor[0m[2m:[0m 🎯 Router transaction detected: 0x8b243789c7f35a229292d3ef33e4bbfa2fe1322201bb10a826a6dbe0f5f214e7 -> 0x7a250d5630B4cF539739dF2C5dAcb4c659F2488D
[2m2025-12-11T04:23:37.176043Z[0m [32m INFO[0m [2methereum_transaction_pool_monitor::mempool_monitor[0m[2m:[0m 📊 Detected swapExactETHForTokens
[2m2025-12-11T04:23:37.176053Z[0m [32m INFO[0m [2methereum_transaction_pool_monitor::mempool_monitor[0m[2m:[0m 🔍 ETH swap path offset: 128
[2m2025-12-11T04:23:37.176065Z[0m [32m INFO[0m [2methereum_transaction_pool_monitor::mempool_monitor[0m[2m:[0m 🔍 ETH swap path length: 2
[2m2025-12-11T04:23:37.176070Z[0m [32m INFO[0m [2methereum_transaction_pool_monitor::mempool_monitor[0m[2m:[0m 🔍 ETH swap extracted token pair: 0xC02aaA39b223FE8D0A0e5C4F27eAD9083C756Cc2 -> 0x546f90a92ff773697AE4ab1Aa69029842671f712
[2m2025-12-11T04:23:37.176108Z[0m [32m INFO[0m [2methereum_transaction_pool_monitor::mempool_monitor[0m[2m:[0m 🔍 Searching for pool with tokens 0xC02aaA39b223FE8D0A0e5C4F27eAD9083C756Cc2 and 0x546f90a92ff773697AE4ab1Aa69029842671f712
[2m2025-12-11T04:23:37.459831Z[0m [32m INFO[0m [2methereum_transaction_pool_monitor::mempool_monitor[0m[2m:[0m 🔍 No pool found for token pair 0xC02aaA39b223FE8D0A0e5C4F27eAD9083C756Cc2 -> 0x546f90a92ff773697AE4ab1Aa69029842671f712
[2m2025-12-11T04:23:37.459917Z[0m [32m INFO[0m [2methereum_transaction_pool_monitor::mempool_monitor[0m[2m:[0m ✨ Potential MEV target: 0x8b243789c7f35a229292d3ef33e4bbfa2fe1322201bb10a826a6dbe0f5f214e7 ($0, 0.0 gwei)
[2m2025-12-11T04:23:39.359184Z[0m [32m INFO[0m [2methereum_transaction_pool_monitor::mempool_monitor[0m[2m:[0m 🎯 Router transaction detected: 0x49bc78c7c0d953603d4652b15b02c24c486c79f9e4ec2f0380d27330bc9e7166 -> 0x7a250d5630B4cF539739dF2C5dAcb4c659F2488D
[2m2025-12-11T04:23:39.359280Z[0m [32m INFO[0m [2methereum_transaction_pool_monitor::mempool_monitor[0m[2m:[0m 📊 Detected swapExactTokensForTokens
[2m2025-12-11T04:23:39.359290Z[0m [32m INFO[0m [2methereum_transaction_pool_monitor::mempool_monitor[0m[2m:[0m 🔍 Path offset: 160
[2m2025-12-11T04:23:39.359296Z[0m [32m INFO[0m [2methereum_transaction_pool_monitor::mempool_monitor[0m[2m:[0m 🔍 Path length: 2
[2m2025-12-11T04:23:39.359303Z[0m [32m INFO[0m [2methereum_transaction_pool_monitor::mempool_monitor[0m[2m:[0m 🔍 Extracted token pair: 0x82a605D6D9114F4Ad6D5Ee461027477EeED31E34 -> 0xC02aaA39b223FE8D0A0e5C4F27eAD9083C756Cc2
[2m2025-12-11T04:23:39.359340Z[0m [32m INFO[0m [2methereum_transaction_pool_monitor::mempool_monitor[0m[2m:[0m 🔍 Searching for pool with tokens 0x82a605D6D9114F4Ad6D5Ee461027477EeED31E34 and 0xC02aaA39b223FE8D0A0e5C4F27eAD9083C756Cc2
[2m2025-12-11T04:23:39.716888Z[0m [32m INFO[0m [2methereum_transaction_pool_monitor::mempool_monitor[0m[2m:[0m 🎯 Found target pool: 0x778dcAA27e9c669A71c462b724a4e97Fc4F1Bcc5 (UniswapV2)
[2m2025-12-11T04:23:39.716956Z[0m [32m INFO[0m [2methereum_transaction_pool_monitor::mempool_monitor[0m[2m:[0m ✨ Potential MEV target: 0x49bc78c7c0d953603d4652b15b02c24c486c79f9e4ec2f0380d27330bc9e7166 ($0, 0.0 gwei)
[2m2025-12-11T04:23:39.852866Z[0m [32m INFO[0m [2methereum_transaction_pool_monitor::mempool_monitor[0m[2m:[0m ✅ Successfully created sandwich target for pool: 0x778dcaa27e9c669a71c462b724a4e97fc4f1bcc5
[2m2025-12-11T04:23:39.852902Z[0m [32m INFO[0m [2methereum_transaction_pool_monitor::mempool_monitor[0m[2m:[0m 🧮 Running basic sandwich simulation for victim tx: 0x49bc78c7c0d953603d4652b15b02c24c486c79f9e4ec2f0380d27330bc9e7166
[2m2025-12-11T04:23:39.960842Z[0m [32m INFO[0m [2methereum_transaction_pool_monitor::mempool_monitor[0m[2m:[0m ⚠️ Simulation determined sandwich not profitable
[2m2025-12-11T04:23:46.755949Z[0m [32m INFO[0m [2methereum_transaction_pool_monitor::bot_runner[0m[2m:[0m 🤖 MEV Bot Stats | Uptime: 0.5h | Opportunities: 0 | Bundles: 0/0 (0.0%) | Profit: 0.0000 ETH | Rate: 0.00/h
[2m2025-12-11T04:23:56.499038Z[0m [32m INFO[0m [2methereum_transaction_pool_monitor::bot_runner[0m[2m:[0m 🤖 MEV Bot Stats | Uptime: 0.5h | Opportunities: 0 | Bundles: 0/0 (0.0%) | Profit: 0.0000 ETH | Rate: 0.00/h
[2m2025-12-11T04:24:05.183349Z[0m [32m INFO[0m [2methereum_transaction_pool_monitor::mempool_monitor[0m[2m:[0m 🎯 Router transaction detected: 0x49bc78c7c0d953603d4652b15b02c24c486c79f9e4ec2f0380d27330bc9e7166 -> 0x7a250d5630B4cF539739dF2C5dAcb4c659F2488D
[2m2025-12-11T04:24:05.183466Z[0m [32m INFO[0m [2methereum_transaction_pool_monitor::mempool_monitor[0m[2m:[0m 📊 Detected swapExactTokensForTokens
[2m2025-12-11T04:24:05.183475Z[0m [32m INFO[0m [2methereum_transaction_pool_monitor::mempool_monitor[0m[2m:[0m 🔍 Path offset: 160
[2m2025-12-11T04:24:05.183480Z[0m [32m INFO[0m [2methereum_transaction_pool_monitor::mempool_monitor[0m[2m:[0m 🔍 Path length: 2
[2m2025-12-11T04:24:05.183485Z[0m [32m INFO[0m [2methereum_transaction_pool_monitor::mempool_monitor[0m[2m:[0m 🔍 Extracted token pair: 0x82a605D6D9114F4Ad6D5Ee461027477EeED31E34 -> 0xC02aaA39b223FE8D0A0e5C4F27eAD9083C756Cc2
[2m2025-12-11T04:24:05.183521Z[0m [32m INFO[0m [2methereum_transaction_pool_monitor::mempool_monitor[0m[2m:[0m 🔍 Searching for pool with tokens 0x82a605D6D9114F4Ad6D5Ee461027477EeED31E34 and 0xC02aaA39b223FE8D0A0e5C4F27eAD9083C756Cc2
[2m2025-12-11T04:24:05.472877Z[0m [32m INFO[0m [2methereum_transaction_pool_monitor::mempool_monitor[0m[2m:[0m 🎯 Found target pool: 0x778dcAA27e9c669A71c462b724a4e97Fc4F1Bcc5 (UniswapV2)
[2m2025-12-11T04:24:05.472938Z[0m [32m INFO[0m [2methereum_transaction_pool_monitor::mempool_monitor[0m[2m:[0m ✨ Potential MEV target: 0x49bc78c7c0d953603d4652b15b02c24c486c79f9e4ec2f0380d27330bc9e7166 ($0, 0.0 gwei)
[2m2025-12-11T04:24:05.613076Z[0m [32m INFO[0m [2methereum_transaction_pool_monitor::mempool_monitor[0m[2m:[0m ✅ Successfully created sandwich target for pool: 0x778dcaa27e9c669a71c462b724a4e97fc4f1bcc5
[2m2025-12-11T04:24:05.613119Z[0m [32m INFO[0m [2methereum_transaction_pool_monitor::mempool_monitor[0m[2m:[0m 🧮 Running basic sandwich simulation for victim tx: 0x49bc78c7c0d953603d4652b15b02c24c486c79f9e4ec2f0380d27330bc9e7166
[2m2025-12-11T04:24:05.723972Z[0m [32m INFO[0m [2methereum_transaction_pool_monitor::mempool_monitor[0m[2m:[0m ⚠️ Simulation determined sandwich not profitable
[2m2025-12-11T04:24:06.615596Z[0m [32m INFO[0m [2methereum_transaction_pool_monitor::bot_runner[0m[2m:[0m 🤖 MEV Bot Stats | Uptime: 0.5h | Opportunities: 0 | Bundles: 0/0 (0.0%) | Profit: 0.0000 ETH | Rate: 0.00/h
[2m2025-12-11T04:24:16.499378Z[0m [32m INFO[0m [2methereum_transaction_pool_monitor::bot_runner[0m[2m:[0m 🤖 MEV Bot Stats | Uptime: 0.5h | Opportunities: 0 | Bundles: 0/0 (0.0%) | Profit: 0.0000 ETH | Rate: 0.00/h
[2m2025-12-11T04:24:26.826213Z[0m [32m INFO[0m [2methereum_transaction_pool_monitor::bot_runner[0m[2m:[0m 🤖 MEV Bot Stats | Uptime: 0.5h | Opportunities: 0 | Bundles: 0/0 (0.0%) | Profit: 0.0000 ETH | Rate: 0.00/h
[2m2025-12-11T04:24:36.668613Z[0m [32m INFO[0m [2methereum_transaction_pool_monitor::bot_runner[0m[2m:[0m 🤖 MEV Bot Stats | Uptime: 0.5h | Opportunities: 0 | Bundles: 0/0 (0.0%) | Profit: 0.0000 ETH | Rate: 0.00/h
[2m2025-12-11T04:24:39.558827Z[0m [32m INFO[0m [2methereum_transaction_pool_monitor::mempool_monitor[0m[2m:[0m 🎯 Router transaction detected: 0x414fa2a9c8cf45c0d70cb1485b67ef38c441a5618b0383c2c059da71af40a6d1 -> 0x7a250d5630B4cF539739dF2C5dAcb4c659F2488D
[2m2025-12-11T04:24:39.558928Z[0m [32m INFO[0m [2methereum_transaction_pool_monitor::mempool_monitor[0m[2m:[0m 📊 Detected swapExactETHForTokens
[2m2025-12-11T04:24:39.558938Z[0m [32m INFO[0m [2methereum_transaction_pool_monitor::mempool_monitor[0m[2m:[0m 🔍 ETH swap path offset: 128
[2m2025-12-11T04:24:39.558945Z[0m [32m INFO[0m [2methereum_transaction_pool_monitor::mempool_monitor[0m[2m:[0m 🔍 ETH swap path length: 2
[2m2025-12-11T04:24:39.558950Z[0m [32m INFO[0m [2methereum_transaction_pool_monitor::mempool_monitor[0m[2m:[0m 🔍 ETH swap extracted token pair: 0xC02aaA39b223FE8D0A0e5C4F27eAD9083C756Cc2 -> 0xd23f659442d22BECC90707f5A1f99f051E2fc3B9
[2m2025-12-11T04:24:39.558986Z[0m [32m INFO[0m [2methereum_transaction_pool_monitor::mempool_monitor[0m[2m:[0m 🔍 Searching for pool with tokens 0xC02aaA39b223FE8D0A0e5C4F27eAD9083C756Cc2 and 0xd23f659442d22BECC90707f5A1f99f051E2fc3B9
[2m2025-12-11T04:24:39.841376Z[0m [32m INFO[0m [2methereum_transaction_pool_monitor::mempool_monitor[0m[2m:[0m 🔍 No pool found for token pair 0xC02aaA39b223FE8D0A0e5C4F27eAD9083C756Cc2 -> 0xd23f659442d22BECC90707f5A1f99f051E2fc3B9
[2m2025-12-11T04:24:39.841448Z[0m [32m INFO[0m [2methereum_transaction_pool_monitor::mempool_monitor[0m[2m:[0m ✨ Potential MEV target: 0x414fa2a9c8cf45c0d70cb1485b67ef38c441a5618b0383c2c059da71af40a6d1 ($0, 0.0 gwei)
[2m2025-12-11T04:24:46.499248Z[0m [32m INFO[0m [2methereum_transaction_pool_monitor::bot_runner[0m[2m:[0m 🤖 MEV Bot Stats | Uptime: 0.5h | Opportunities: 0 | Bundles: 0/0 (0.0%) | Profit: 0.0000 ETH | Rate: 0.00/h
[2m2025-12-11T04:24:56.621735Z[0m [32m INFO[0m [2methereum_transaction_pool_monitor::bot_runner[0m[2m:[0m 🤖 MEV Bot Stats | Uptime: 0.5h | Opportunities: 0 | Bundles: 0/0 (0.0%) | Profit: 0.0000 ETH | Rate: 0.00/h
[2m2025-12-11T04:25:06.517886Z[0m [32m INFO[0m [2methereum_transaction_pool_monitor::bot_runner[0m[2m:[0m 🤖 MEV Bot Stats | Uptime: 0.6h | Opportunities: 0 | Bundles: 0/0 (0.0%) | Profit: 0.0000 ETH | Rate: 0.00/h
[2m2025-12-11T04:25:12.394865Z[0m [32m INFO[0m [2methereum_transaction_pool_monitor::mempool_monitor[0m[2m:[0m 🎯 Router transaction detected: 0xb267592415191e357d0d8860e51dc67ee62c4313422ac03781d4c470f1c0f699 -> 0x7a250d5630B4cF539739dF2C5dAcb4c659F2488D
[2m2025-12-11T04:25:12.394983Z[0m [32m INFO[0m [2methereum_transaction_pool_monitor::mempool_monitor[0m[2m:[0m 📊 Detected swapExactETHForTokens
[2m2025-12-11T04:25:12.394997Z[0m [32m INFO[0m [2methereum_transaction_pool_monitor::mempool_monitor[0m[2m:[0m 🔍 ETH swap path offset: 128
[2m2025-12-11T04:25:12.395003Z[0m [32m INFO[0m [2methereum_transaction_pool_monitor::mempool_monitor[0m[2m:[0m 🔍 ETH swap path length: 2
[2m2025-12-11T04:25:12.395009Z[0m [32m INFO[0m [2methereum_transaction_pool_monitor::mempool_monitor[0m[2m:[0m 🔍 ETH swap extracted token pair: 0xC02aaA39b223FE8D0A0e5C4F27eAD9083C756Cc2 -> 0x546f90a92ff773697AE4ab1Aa69029842671f712
[2m2025-12-11T04:25:12.395046Z[0m [32m INFO[0m [2methereum_transaction_pool_monitor::mempool_monitor[0m[2m:[0m 🔍 Searching for pool with tokens 0xC02aaA39b223FE8D0A0e5C4F27eAD9083C756Cc2 and 0x546f90a92ff773697AE4ab1Aa69029842671f712
[2m2025-12-11T04:25:12.689013Z[0m [32m INFO[0m [2methereum_transaction_pool_monitor::mempool_monitor[0m[2m:[0m 🔍 No pool found for token pair 0xC02aaA39b223FE8D0A0e5C4F27eAD9083C756Cc2 -> 0x546f90a92ff773697AE4ab1Aa69029842671f712
[2m2025-12-11T04:25:12.689105Z[0m [32m INFO[0m [2methereum_transaction_pool_monitor::mempool_monitor[0m[2m:[0m ✨ Potential MEV target: 0xb267592415191e357d0d8860e51dc67ee62c4313422ac03781d4c470f1c0f699 ($0, 0.0 gwei)
[2m2025-12-11T04:25:16.506189Z[0m [32m INFO[0m [2methereum_transaction_pool_monitor::bot_runner[0m[2m:[0m 🤖 MEV Bot Stats | Uptime: 0.6h | Opportunities: 0 | Bundles: 0/0 (0.0%) | Profit: 0.0000 ETH | Rate: 0.00/h
[2m2025-12-11T04:25:26.508625Z[0m [32m INFO[0m [2methereum_transaction_pool_monitor::bot_runner[0m[2m:[0m 🤖 MEV Bot Stats | Uptime: 0.6h | Opportunities: 0 | Bundles: 0/0 (0.0%) | Profit: 0.0000 ETH | Rate: 0.00/h
[2m2025-12-11T04:25:36.499001Z[0m [32m INFO[0m [2methereum_transaction_pool_monitor::bot_runner[0m[2m:[0m 🤖 MEV Bot Stats | Uptime: 0.6h | Opportunities: 0 | Bundles: 0/0 (0.0%) | Profit: 0.0000 ETH | Rate: 0.00/h
[2m2025-12-11T04:25:38.996928Z[0m [32m INFO[0m [2methereum_transaction_pool_monitor::mempool_monitor[0m[2m:[0m 🎯 Router transaction detected: 0xb4d82739c8080ade3c00dce2433b48d9561b8b227b8c30c0b3fe75c59b7fa69a -> 0x7a250d5630B4cF539739dF2C5dAcb4c659F2488D
[2m2025-12-11T04:25:38.997022Z[0m [32m INFO[0m [2methereum_transaction_pool_monitor::mempool_monitor[0m[2m:[0m 📊 Detected swapExactTokensForTokens
[2m2025-12-11T04:25:38.997032Z[0m [32m INFO[0m [2methereum_transaction_pool_monitor::mempool_monitor[0m[2m:[0m 🔍 Path offset: 160
[2m2025-12-11T04:25:38.997038Z[0m [32m INFO[0m [2methereum_transaction_pool_monitor::mempool_monitor[0m[2m:[0m 🔍 Path length: 2
[2m2025-12-11T04:25:38.997044Z[0m [32m INFO[0m [2methereum_transaction_pool_monitor::mempool_monitor[0m[2m:[0m 🔍 Extracted token pair: 0x00c83aeCC790e8a4453e5dD3B0B4b3680501a7A7 -> 0xC02aaA39b223FE8D0A0e5C4F27eAD9083C756Cc2
[2m2025-12-11T04:25:38.997082Z[0m [32m INFO[0m [2methereum_transaction_pool_monitor::mempool_monitor[0m[2m:[0m 🔍 Searching for pool with tokens 0x00c83aeCC790e8a4453e5dD3B0B4b3680501a7A7 and 0xC02aaA39b223FE8D0A0e5C4F27eAD9083C756Cc2
[2m2025-12-11T04:25:39.284928Z[0m [32m INFO[0m [2methereum_transaction_pool_monitor::mempool_monitor[0m[2m:[0m 🎯 Found target pool: 0xF232D640A5700724748464ba8bD8BEd21Db609a6 (UniswapV2)
[2m2025-12-11T04:25:39.285003Z[0m [32m INFO[0m [2methereum_transaction_pool_monitor::mempool_monitor[0m[2m:[0m ✨ Potential MEV target: 0xb4d82739c8080ade3c00dce2433b48d9561b8b227b8c30c0b3fe75c59b7fa69a ($0, 0.0 gwei)
[2m2025-12-11T04:25:39.432929Z[0m [32m INFO[0m [2methereum_transaction_pool_monitor::mempool_monitor[0m[2m:[0m ✅ Successfully created sandwich target for pool: 0xf232d640a5700724748464ba8bd8bed21db609a6
[2m2025-12-11T04:25:39.432976Z[0m [32m INFO[0m [2methereum_transaction_pool_monitor::mempool_monitor[0m[2m:[0m 🧮 Running basic sandwich simulation for victim tx: 0xb4d82739c8080ade3c00dce2433b48d9561b8b227b8c30c0b3fe75c59b7fa69a
[2m2025-12-11T04:25:39.593549Z[0m [32m INFO[0m [2methereum_transaction_pool_monitor::mempool_monitor[0m[2m:[0m ⚠️ Simulation determined sandwich not profitable
[2m2025-12-11T04:25:46.693414Z[0m [32m INFO[0m [2methereum_transaction_pool_monitor::bot_runner[0m[2m:[0m 🤖 MEV Bot Stats | Uptime: 0.6h | Opportunities: 0 | Bundles: 0/0 (0.0%) | Profit: 0.0000 ETH | Rate: 0.00/h
[2m2025-12-11T04:25:50.745200Z[0m [32m INFO[0m [2methereum_transaction_pool_monitor::mempool_monitor[0m[2m:[0m 🎯 Router transaction detected: 0x2e9d7e50e59f04e13e417035612a3f8faa4344cd9df77b90fa8a041859436b9d -> 0x7a250d5630B4cF539739dF2C5dAcb4c659F2488D
[2m2025-12-11T04:25:50.745315Z[0m [32m INFO[0m [2methereum_transaction_pool_monitor::mempool_monitor[0m[2m:[0m 📊 Detected swapExactETHForTokens
[2m2025-12-11T04:25:50.745326Z[0m [32m INFO[0m [2methereum_transaction_pool_monitor::mempool_monitor[0m[2m:[0m 🔍 ETH swap path offset: 128
[2m2025-12-11T04:25:50.745332Z[0m [32m INFO[0m [2methereum_transaction_pool_monitor::mempool_monitor[0m[2m:[0m 🔍 ETH swap path length: 2
[2m2025-12-11T04:25:50.745338Z[0m [32m INFO[0m [2methereum_transaction_pool_monitor::mempool_monitor[0m[2m:[0m 🔍 ETH swap extracted token pair: 0xC02aaA39b223FE8D0A0e5C4F27eAD9083C756Cc2 -> 0xd23f659442d22BECC90707f5A1f99f051E2fc3B9
[2m2025-12-11T04:25:50.745374Z[0m [32m INFO[0m [2methereum_transaction_pool_monitor::mempool_monitor[0m[2m:[0m 🔍 Searching for pool with tokens 0xC02aaA39b223FE8D0A0e5C4F27eAD9083C756Cc2 and 0xd23f659442d22BECC90707f5A1f99f051E2fc3B9
[2m2025-12-11T04:25:51.043897Z[0m [32m INFO[0m [2methereum_transaction_pool_monitor::mempool_monitor[0m[2m:[0m 🔍 No pool found for token pair 0xC02aaA39b223FE8D0A0e5C4F27eAD9083C756Cc2 -> 0xd23f659442d22BECC90707f5A1f99f051E2fc3B9
[2m2025-12-11T04:25:51.044001Z[0m [32m INFO[0m [2methereum_transaction_pool_monitor::mempool_monitor[0m[2m:[0m ✨ Potential MEV target: 0x2e9d7e50e59f04e13e417035612a3f8faa4344cd9df77b90fa8a041859436b9d ($0, 0.0 gwei)
[2m2025-12-11T04:25:53.919085Z[0m [32m INFO[0m [2methereum_transaction_pool_monitor::mempool_monitor[0m[2m:[0m 🎯 Router transaction detected: 0xe4030c65912646bd141a63053acab5539c4ea564e9e83813533001ae172449ce -> 0x7a250d5630B4cF539739dF2C5dAcb4c659F2488D
[2m2025-12-11T04:25:53.919207Z[0m [32m INFO[0m [2methereum_transaction_pool_monitor::mempool_monitor[0m[2m:[0m ✨ Potential MEV target: 0xe4030c65912646bd141a63053acab5539c4ea564e9e83813533001ae172449ce ($0, 0.0 gwei)
[2m2025-12-11T04:25:54.016285Z[0m [32m INFO[0m [2methereum_transaction_pool_monitor::mempool_monitor[0m[2m:[0m 🎯 Router transaction detected: 0x5bd3c1f450eee490927aeae4224a0f2cb9d0d6a01e8497439ccacf5f504ee834 -> 0x7a250d5630B4cF539739dF2C5dAcb4c659F2488D
[2m2025-12-11T04:25:54.016494Z[0m [32m INFO[0m [2methereum_transaction_pool_monitor::mempool_monitor[0m[2m:[0m ✨ Potential MEV target: 0x5bd3c1f450eee490927aeae4224a0f2cb9d0d6a01e8497439ccacf5f504ee834 ($0, 0.0 gwei)
[2m2025-12-11T04:25:56.657116Z[0m [32m INFO[0m [2methereum_transaction_pool_monitor::bot_runner[0m[2m:[0m 🤖 MEV Bot Stats | Uptime: 0.6h | Opportunities: 0 | Bundles: 0/0 (0.0%) | Profit: 0.0000 ETH | Rate: 0.00/h
[2m2025-12-11T04:26:06.644374Z[0m [32m INFO[0m [2methereum_transaction_pool_monitor::bot_runner[0m[2m:[0m 🤖 MEV Bot Stats | Uptime: 0.6h | Opportunities: 0 | Bundles: 0/0 (0.0%) | Profit: 0.0000 ETH | Rate: 0.00/h
[2m2025-12-11T04:26:08.807639Z[0m [32m INFO[0m [2methereum_transaction_pool_monitor::mempool_monitor[0m[2m:[0m 🎯 Router transaction detected: 0x7ad726b3148734249f0921207c1322bc1eb5c7bfff886cc27e45f28c5cefb9b2 -> 0x1111111254EEB25477B68fb85Ed929f73A960582
[2m2025-12-11T04:26:08.807751Z[0m [32m INFO[0m [2methereum_transaction_pool_monitor::mempool_monitor[0m[2m:[0m ✨ Potential MEV target: 0x7ad726b3148734249f0921207c1322bc1eb5c7bfff886cc27e45f28c5cefb9b2 ($0, 0.0 gwei)
[2m2025-12-11T04:26:14.022872Z[0m [32m INFO[0m [2methereum_transaction_pool_monitor::mempool_monitor[0m[2m:[0m 🎯 Router transaction detected: 0x5dacbe4ebfec8a35f027d8c4e6f0e73c01c26c5cd414e3e3c193682c4a126520 -> 0x7a250d5630B4cF539739dF2C5dAcb4c659F2488D
[2m2025-12-11T04:26:14.022973Z[0m [32m INFO[0m [2methereum_transaction_pool_monitor::mempool_monitor[0m[2m:[0m 📊 Detected swapExactETHForTokens
[2m2025-12-11T04:26:14.022983Z[0m [32m INFO[0m [2methereum_transaction_pool_monitor::mempool_monitor[0m[2m:[0m 🔍 ETH swap path offset: 128
[2m2025-12-11T04:26:14.022990Z[0m [32m INFO[0m [2methereum_transaction_pool_monitor::mempool_monitor[0m[2m:[0m 🔍 ETH swap path length: 2
[2m2025-12-11T04:26:14.022996Z[0m [32m INFO[0m [2methereum_transaction_pool_monitor::mempool_monitor[0m[2m:[0m 🔍 ETH swap extracted token pair: 0xC02aaA39b223FE8D0A0e5C4F27eAD9083C756Cc2 -> 0x546f90a92ff773697AE4ab1Aa69029842671f712
[2m2025-12-11T04:26:14.023033Z[0m [32m INFO[0m [2methereum_transaction_pool_monitor::mempool_monitor[0m[2m:[0m 🔍 Searching for pool with tokens 0xC02aaA39b223FE8D0A0e5C4F27eAD9083C756Cc2 and 0x546f90a92ff773697AE4ab1Aa69029842671f712
[2m2025-12-11T04:26:14.286859Z[0m [32m INFO[0m [2methereum_transaction_pool_monitor::mempool_monitor[0m[2m:[0m 🔍 No pool found for token pair 0xC02aaA39b223FE8D0A0e5C4F27eAD9083C756Cc2 -> 0x546f90a92ff773697AE4ab1Aa69029842671f712
[2m2025-12-11T04:26:14.286922Z[0m [32m INFO[0m [2methereum_transaction_pool_monitor::mempool_monitor[0m[2m:[0m ✨ Potential MEV target: 0x5dacbe4ebfec8a35f027d8c4e6f0e73c01c26c5cd414e3e3c193682c4a126520 ($0, 0.0 gwei)
[2m2025-12-11T04:26:16.657521Z[0m [32m INFO[0m [2methereum_transaction_pool_monitor::bot_runner[0m[2m:[0m 🤖 MEV Bot Stats | Uptime: 0.6h | Opportunities: 0 | Bundles: 0/0 (0.0%) | Profit: 0.0000 ETH | Rate: 0.00/h
[2m2025-12-11T04:26:26.507547Z[0m [32m INFO[0m [2methereum_transaction_pool_monitor::bot_runner[0m[2m:[0m 🤖 MEV Bot Stats | Uptime: 0.6h | Opportunities: 0 | Bundles: 0/0 (0.0%) | Profit: 0.0000 ETH | Rate: 0.00/h
[2m2025-12-11T04:26:36.558503Z[0m [32m INFO[0m [2methereum_transaction_pool_monitor::bot_runner[0m[2m:[0m 🤖 MEV Bot Stats | Uptime: 0.6h | Opportunities: 0 | Bundles: 0/0 (0.0%) | Profit: 0.0000 ETH | Rate: 0.00/h
[2m2025-12-11T04:26:46.686861Z[0m [32m INFO[0m [2methereum_transaction_pool_monitor::bot_runner[0m[2m:[0m 🤖 MEV Bot Stats | Uptime: 0.6h | Opportunities: 0 | Bundles: 0/0 (0.0%) | Profit: 0.0000 ETH | Rate: 0.00/h
[2m2025-12-11T04:26:51.596633Z[0m [32m INFO[0m [2methereum_transaction_pool_monitor::mempool_monitor[0m[2m:[0m 🎯 Router transaction detected: 0x5264c57cad086ee913f25b1357b16101bff9db7d38c9184d7c93509ee823cdf0 -> 0x7a250d5630B4cF539739dF2C5dAcb4c659F2488D
[2m2025-12-11T04:26:51.596855Z[0m [32m INFO[0m [2methereum_transaction_pool_monitor::mempool_monitor[0m[2m:[0m ✨ Potential MEV target: 0x5264c57cad086ee913f25b1357b16101bff9db7d38c9184d7c93509ee823cdf0 ($0, 0.0 gwei)
[2m2025-12-11T04:26:56.510194Z[0m [32m INFO[0m [2methereum_transaction_pool_monitor::bot_runner[0m[2m:[0m 🤖 MEV Bot Stats | Uptime: 0.6h | Opportunities: 0 | Bundles: 0/0 (0.0%) | Profit: 0.0000 ETH | Rate: 0.00/h
[2m2025-12-11T04:27:06.551516Z[0m [32m INFO[0m [2methereum_transaction_pool_monitor::bot_runner[0m[2m:[0m 🤖 MEV Bot Stats | Uptime: 0.6h | Opportunities: 0 | Bundles: 0/0 (0.0%) | Profit: 0.0000 ETH | Rate: 0.00/h
[2m2025-12-11T04:27:08.662160Z[0m [32m INFO[0m [2methereum_transaction_pool_monitor::mempool_monitor[0m[2m:[0m 🎯 Router transaction detected: 0xb53287e8fcebb6e4c1b1fd32356a54fa4793372bef47f18a1094d9be99f7591a -> 0x7a250d5630B4cF539739dF2C5dAcb4c659F2488D
[2m2025-12-11T04:27:08.662261Z[0m [32m INFO[0m [2methereum_transaction_pool_monitor::mempool_monitor[0m[2m:[0m 📊 Detected swapExactETHForTokens
[2m2025-12-11T04:27:08.662269Z[0m [32m INFO[0m [2methereum_transaction_pool_monitor::mempool_monitor[0m[2m:[0m 🔍 ETH swap path offset: 128
[2m2025-12-11T04:27:08.662275Z[0m [32m INFO[0m [2methereum_transaction_pool_monitor::mempool_monitor[0m[2m:[0m 🔍 ETH swap path length: 2
[2m2025-12-11T04:27:08.662280Z[0m [32m INFO[0m [2methereum_transaction_pool_monitor::mempool_monitor[0m[2m:[0m 🔍 ETH swap extracted token pair: 0xC02aaA39b223FE8D0A0e5C4F27eAD9083C756Cc2 -> 0xd23f659442d22BECC90707f5A1f99f051E2fc3B9
[2m2025-12-11T04:27:08.662315Z[0m [32m INFO[0m [2methereum_transaction_pool_monitor::mempool_monitor[0m[2m:[0m 🔍 Searching for pool with tokens 0xC02aaA39b223FE8D0A0e5C4F27eAD9083C756Cc2 and 0xd23f659442d22BECC90707f5A1f99f051E2fc3B9
[2m2025-12-11T04:27:08.944953Z[0m [32m INFO[0m [2methereum_transaction_pool_monitor::mempool_monitor[0m[2m:[0m 🔍 No pool found for token pair 0xC02aaA39b223FE8D0A0e5C4F27eAD9083C756Cc2 -> 0xd23f659442d22BECC90707f5A1f99f051E2fc3B9
[2m2025-12-11T04:27:08.945036Z[0m [32m INFO[0m [2methereum_transaction_pool_monitor::mempool_monitor[0m[2m:[0m ✨ Potential MEV target: 0xb53287e8fcebb6e4c1b1fd32356a54fa4793372bef47f18a1094d9be99f7591a ($0, 0.0 gwei)
[2m2025-12-11T04:27:16.511046Z[0m [32m INFO[0m [2methereum_transaction_pool_monitor::bot_runner[0m[2m:[0m 🤖 MEV Bot Stats | Uptime: 0.6h | Opportunities: 0 | Bundles: 0/0 (0.0%) | Profit: 0.0000 ETH | Rate: 0.00/h
[2m2025-12-11T04:27:26.516353Z[0m [32m INFO[0m [2methereum_transaction_pool_monitor::bot_runner[0m[2m:[0m 🤖 MEV Bot Stats | Uptime: 0.6h | Opportunities: 0 | Bundles: 0/0 (0.0%) | Profit: 0.0000 ETH | Rate: 0.00/h
[2m2025-12-11T04:27:36.511577Z[0m [32m INFO[0m [2methereum_transaction_pool_monitor::bot_runner[0m[2m:[0m 🤖 MEV Bot Stats | Uptime: 0.6h | Opportunities: 0 | Bundles: 0/0 (0.0%) | Profit: 0.0000 ETH | Rate: 0.00/h
[2m2025-12-11T04:27:41.738220Z[0m [32m INFO[0m [2methereum_transaction_pool_monitor::mempool_monitor[0m[2m:[0m 🎯 Router transaction detected: 0x3c5d6e28b9b0c77cdb05972ab694054dbf0f793ba7357ee3d17d061591cdc992 -> 0x7a250d5630B4cF539739dF2C5dAcb4c659F2488D
[2m2025-12-11T04:27:41.738318Z[0m [32m INFO[0m [2methereum_transaction_pool_monitor::mempool_monitor[0m[2m:[0m 📊 Detected swapExactETHForTokens
[2m2025-12-11T04:27:41.738327Z[0m [32m INFO[0m [2methereum_transaction_pool_monitor::mempool_monitor[0m[2m:[0m 🔍 ETH swap path offset: 128
[2m2025-12-11T04:27:41.738333Z[0m [32m INFO[0m [2methereum_transaction_pool_monitor::mempool_monitor[0m[2m:[0m 🔍 ETH swap path length: 2
[2m2025-12-11T04:27:41.738338Z[0m [32m INFO[0m [2methereum_transaction_pool_monitor::mempool_monitor[0m[2m:[0m 🔍 ETH swap extracted token pair: 0xC02aaA39b223FE8D0A0e5C4F27eAD9083C756Cc2 -> 0x546f90a92ff773697AE4ab1Aa69029842671f712
[2m2025-12-11T04:27:41.738373Z[0m [32m INFO[0m [2methereum_transaction_pool_monitor::mempool_monitor[0m[2m:[0m 🔍 Searching for pool with tokens 0xC02aaA39b223FE8D0A0e5C4F27eAD9083C756Cc2 and 0x546f90a92ff773697AE4ab1Aa69029842671f712
[2m2025-12-11T04:27:42.016901Z[0m [32m INFO[0m [2methereum_transaction_pool_monitor::mempool_monitor[0m[2m:[0m 🔍 No pool found for token pair 0xC02aaA39b223FE8D0A0e5C4F27eAD9083C756Cc2 -> 0x546f90a92ff773697AE4ab1Aa69029842671f712
[2m2025-12-11T04:27:42.016982Z[0m [32m INFO[0m [2methereum_transaction_pool_monitor::mempool_monitor[0m[2m:[0m ✨ Potential MEV target: 0x3c5d6e28b9b0c77cdb05972ab694054dbf0f793ba7357ee3d17d061591cdc992 ($0, 0.0 gwei)
[2m2025-12-11T04:27:46.608134Z[0m [32m INFO[0m [2methereum_transaction_pool_monitor::bot_runner[0m[2m:[0m 🤖 MEV Bot Stats | Uptime: 0.6h | Opportunities: 0 | Bundles: 0/0 (0.0%) | Profit: 0.0000 ETH | Rate: 0.00/h
[2m2025-12-11T04:27:56.511156Z[0m [32m INFO[0m [2methereum_transaction_pool_monitor::bot_runner[0m[2m:[0m 🤖 MEV Bot Stats | Uptime: 0.6h | Opportunities: 0 | Bundles: 0/0 (0.0%) | Profit: 0.0000 ETH | Rate: 0.00/h
[2m2025-12-11T04:28:05.135187Z[0m [32m INFO[0m [2methereum_transaction_pool_monitor::mempool_monitor[0m[2m:[0m 🎯 Router transaction detected: 0x5b5ff195a87a5c7b975a35426eaa9c5ed76311a5967fc4ff2212a97400a69d15 -> 0x1111111254EEB25477B68fb85Ed929f73A960582
[2m2025-12-11T04:28:05.135420Z[0m [32m INFO[0m [2methereum_transaction_pool_monitor::mempool_monitor[0m[2m:[0m ✨ Potential MEV target: 0x5b5ff195a87a5c7b975a35426eaa9c5ed76311a5967fc4ff2212a97400a69d15 ($0, 0.0 gwei)
[2m2025-12-11T04:28:06.674257Z[0m [32m INFO[0m [2methereum_transaction_pool_monitor::bot_runner[0m[2m:[0m 🤖 MEV Bot Stats | Uptime: 0.6h | Opportunities: 0 | Bundles: 0/0 (0.0%) | Profit: 0.0000 ETH | Rate: 0.00/h
[2m2025-12-11T04:28:09.647239Z[0m [32m INFO[0m [2methereum_transaction_pool_monitor::mempool_monitor[0m[2m:[0m 🎯 Router transaction detected: 0xae20ff72186b44922e3d88a38cc704b38505da300c6161be0d2757497fd51324 -> 0x7a250d5630B4cF539739dF2C5dAcb4c659F2488D
[2m2025-12-11T04:28:09.647577Z[0m [32m INFO[0m [2methereum_transaction_pool_monitor::mempool_monitor[0m[2m:[0m ✨ Potential MEV target: 0xae20ff72186b44922e3d88a38cc704b38505da300c6161be0d2757497fd51324 ($0, 0.0 gwei)
[2m2025-12-11T04:28:16.619371Z[0m [32m INFO[0m [2methereum_transaction_pool_monitor::bot_runner[0m[2m:[0m 🤖 MEV Bot Stats | Uptime: 0.6h | Opportunities: 0 | Bundles: 0/0 (0.0%) | Profit: 0.0000 ETH | Rate: 0.00/h
[2m2025-12-11T04:28:26.621292Z[0m [32m INFO[0m [2methereum_transaction_pool_monitor::bot_runner[0m[2m:[0m 🤖 MEV Bot Stats | Uptime: 0.6h | Opportunities: 0 | Bundles: 0/0 (0.0%) | Profit: 0.0000 ETH | Rate: 0.00/h
[2m2025-12-11T04:28:27.121650Z[0m [32m INFO[0m [2methereum_transaction_pool_monitor::mempool_monitor[0m[2m:[0m 🎯 Router transaction detected: 0x08bb36e33263a098677624fca9c76bcfbcd02cb8b1aef1c36c6ff418c3b5a787 -> 0x7a250d5630B4cF539739dF2C5dAcb4c659F2488D
[2m2025-12-11T04:28:27.121745Z[0m [32m INFO[0m [2methereum_transaction_pool_monitor::mempool_monitor[0m[2m:[0m 📊 Detected swapExactETHForTokens
[2m2025-12-11T04:28:27.121753Z[0m [32m INFO[0m [2methereum_transaction_pool_monitor::mempool_monitor[0m[2m:[0m 🔍 ETH swap path offset: 128
[2m2025-12-11T04:28:27.121759Z[0m [32m INFO[0m [2methereum_transaction_pool_monitor::mempool_monitor[0m[2m:[0m 🔍 ETH swap path length: 2
[2m2025-12-11T04:28:27.121764Z[0m [32m INFO[0m [2methereum_transaction_pool_monitor::mempool_monitor[0m[2m:[0m 🔍 ETH swap extracted token pair: 0xC02aaA39b223FE8D0A0e5C4F27eAD9083C756Cc2 -> 0xd23f659442d22BECC90707f5A1f99f051E2fc3B9
[2m2025-12-11T04:28:27.121799Z[0m [32m INFO[0m [2methereum_transaction_pool_monitor::mempool_monitor[0m[2m:[0m 🔍 Searching for pool with tokens 0xC02aaA39b223FE8D0A0e5C4F27eAD9083C756Cc2 and 0xd23f659442d22BECC90707f5A1f99f051E2fc3B9
[2m2025-12-11T04:28:27.422105Z[0m [32m INFO[0m [2methereum_transaction_pool_monitor::mempool_monitor[0m[2m:[0m 🔍 No pool found for token pair 0xC02aaA39b223FE8D0A0e5C4F27eAD9083C756Cc2 -> 0xd23f659442d22BECC90707f5A1f99f051E2fc3B9
[2m2025-12-11T04:28:27.422178Z[0m [32m INFO[0m [2methereum_transaction_pool_monitor::mempool_monitor[0m[2m:[0m ✨ Potential MEV target: 0x08bb36e33263a098677624fca9c76bcfbcd02cb8b1aef1c36c6ff418c3b5a787 ($0, 0.0 gwei)
[2m2025-12-11T04:28:35.394030Z[0m [32m INFO[0m [2methereum_transaction_pool_monitor::mempool_monitor[0m[2m:[0m 🎯 Router transaction detected: 0xcc6f7a707410ad58bad6062f01c0744285aaf99fc36573048325c8d3985dc2a0 -> 0x7a250d5630B4cF539739dF2C5dAcb4c659F2488D
[2m2025-12-11T04:28:35.394133Z[0m [32m INFO[0m [2methereum_transaction_pool_monitor::mempool_monitor[0m[2m:[0m 📊 Detected swapExactETHForTokens
[2m2025-12-11T04:28:35.394143Z[0m [32m INFO[0m [2methereum_transaction_pool_monitor::mempool_monitor[0m[2m:[0m 🔍 ETH swap path offset: 128
[2m2025-12-11T04:28:35.394149Z[0m [32m INFO[0m [2methereum_transaction_pool_monitor::mempool_monitor[0m[2m:[0m 🔍 ETH swap path length: 2
[2m2025-12-11T04:28:35.394156Z[0m [32m INFO[0m [2methereum_transaction_pool_monitor::mempool_monitor[0m[2m:[0m 🔍 ETH swap extracted token pair: 0xC02aaA39b223FE8D0A0e5C4F27eAD9083C756Cc2 -> 0x546f90a92ff773697AE4ab1Aa69029842671f712
[2m2025-12-11T04:28:35.394192Z[0m [32m INFO[0m [2methereum_transaction_pool_monitor::mempool_monitor[0m[2m:[0m 🔍 Searching for pool with tokens 0xC02aaA39b223FE8D0A0e5C4F27eAD9083C756Cc2 and 0x546f90a92ff773697AE4ab1Aa69029842671f712
[2m2025-12-11T04:28:35.716033Z[0m [32m INFO[0m [2methereum_transaction_pool_monitor::mempool_monitor[0m[2m:[0m 🔍 No pool found for token pair 0xC02aaA39b223FE8D0A0e5C4F27eAD9083C756Cc2 -> 0x546f90a92ff773697AE4ab1Aa69029842671f712
[2m2025-12-11T04:28:35.716114Z[0m [32m INFO[0m [2methereum_transaction_pool_monitor::mempool_monitor[0m[2m:[0m ✨ Potential MEV target: 0xcc6f7a707410ad58bad6062f01c0744285aaf99fc36573048325c8d3985dc2a0 ($0, 0.0 gwei)
[2m2025-12-11T04:28:36.544862Z[0m [32m INFO[0m [2methereum_transaction_pool_monitor::bot_runner[0m[2m:[0m 🤖 MEV Bot Stats | Uptime: 0.6h | Opportunities: 0 | Bundles: 0/0 (0.0%) | Profit: 0.0000 ETH | Rate: 0.00/h
[2m2025-12-11T04:28:46.512417Z[0m [32m INFO[0m [2methereum_transaction_pool_monitor::bot_runner[0m[2m:[0m 🤖 MEV Bot Stats | Uptime: 0.6h | Opportunities: 0 | Bundles: 0/0 (0.0%) | Profit: 0.0000 ETH | Rate: 0.00/h
[2m2025-12-11T04:28:56.510418Z[0m [32m INFO[0m [2methereum_transaction_pool_monitor::bot_runner[0m[2m:[0m 🤖 MEV Bot Stats | Uptime: 0.6h | Opportunities: 0 | Bundles: 0/0 (0.0%) | Profit: 0.0000 ETH | Rate: 0.00/h
[2m2025-12-11T04:29:06.662018Z[0m [32m INFO[0m [2methereum_transaction_pool_monitor::bot_runner[0m[2m:[0m 🤖 MEV Bot Stats | Uptime: 0.6h | Opportunities: 0 | Bundles: 0/0 (0.0%) | Profit: 0.0000 ETH | Rate: 0.00/h
[2m2025-12-11T04:29:16.512332Z[0m [32m INFO[0m [2methereum_transaction_pool_monitor::bot_runner[0m[2m:[0m 🤖 MEV Bot Stats | Uptime: 0.6h | Opportunities: 0 | Bundles: 0/0 (0.0%) | Profit: 0.0000 ETH | Rate: 0.00/h
[2m2025-12-11T04:29:26.670448Z[0m [32m INFO[0m [2methereum_transaction_pool_monitor::bot_runner[0m[2m:[0m 🤖 MEV Bot Stats | Uptime: 0.6h | Opportunities: 0 | Bundles: 0/0 (0.0%) | Profit: 0.0000 ETH | Rate: 0.00/h
[2m2025-12-11T04:29:30.357081Z[0m [32m INFO[0m [2methereum_transaction_pool_monitor::mempool_monitor[0m[2m:[0m 🎯 Router transaction detected: 0xeb7e6e5447de3730d463724e2f931374e6985df3069facbdf72abb7575e29452 -> 0x7a250d5630B4cF539739dF2C5dAcb4c659F2488D
[2m2025-12-11T04:29:30.357170Z[0m [32m INFO[0m [2methereum_transaction_pool_monitor::mempool_monitor[0m[2m:[0m 📊 Detected swapExactETHForTokens
[2m2025-12-11T04:29:30.357180Z[0m [32m INFO[0m [2methereum_transaction_pool_monitor::mempool_monitor[0m[2m:[0m 🔍 ETH swap path offset: 128
[2m2025-12-11T04:29:30.357186Z[0m [32m INFO[0m [2methereum_transaction_pool_monitor::mempool_monitor[0m[2m:[0m 🔍 ETH swap path length: 2
[2m2025-12-11T04:29:30.357191Z[0m [32m INFO[0m [2methereum_transaction_pool_monitor::mempool_monitor[0m[2m:[0m 🔍 ETH swap extracted token pair: 0xC02aaA39b223FE8D0A0e5C4F27eAD9083C756Cc2 -> 0x546f90a92ff773697AE4ab1Aa69029842671f712
[2m2025-12-11T04:29:30.357229Z[0m [32m INFO[0m [2methereum_transaction_pool_monitor::mempool_monitor[0m[2m:[0m 🔍 Searching for pool with tokens 0xC02aaA39b223FE8D0A0e5C4F27eAD9083C756Cc2 and 0x546f90a92ff773697AE4ab1Aa69029842671f712
[2m2025-12-11T04:29:30.630538Z[0m [32m INFO[0m [2methereum_transaction_pool_monitor::mempool_monitor[0m[2m:[0m 🔍 No pool found for token pair 0xC02aaA39b223FE8D0A0e5C4F27eAD9083C756Cc2 -> 0x546f90a92ff773697AE4ab1Aa69029842671f712
[2m2025-12-11T04:29:30.630608Z[0m [32m INFO[0m [2methereum_transaction_pool_monitor::mempool_monitor[0m[2m:[0m ✨ Potential MEV target: 0xeb7e6e5447de3730d463724e2f931374e6985df3069facbdf72abb7575e29452 ($0, 0.0 gwei)
[2m2025-12-11T04:29:31.459912Z[0m [32m INFO[0m [2methereum_transaction_pool_monitor::mempool_monitor[0m[2m:[0m 🎯 Router transaction detected: 0xa2d2e616a083b774ffd06c16aeebc078fcb27adbc527fcb9094204b346431ceb -> 0x7a250d5630B4cF539739dF2C5dAcb4c659F2488D
[2m2025-12-11T04:29:31.460011Z[0m [32m INFO[0m [2methereum_transaction_pool_monitor::mempool_monitor[0m[2m:[0m 📊 Detected swapExactETHForTokens
[2m2025-12-11T04:29:31.460022Z[0m [32m INFO[0m [2methereum_transaction_pool_monitor::mempool_monitor[0m[2m:[0m 🔍 ETH swap path offset: 128
[2m2025-12-11T04:29:31.460028Z[0m [32m INFO[0m [2methereum_transaction_pool_monitor::mempool_monitor[0m[2m:[0m 🔍 ETH swap path length: 2
[2m2025-12-11T04:29:31.460034Z[0m [32m INFO[0m [2methereum_transaction_pool_monitor::mempool_monitor[0m[2m:[0m 🔍 ETH swap extracted token pair: 0xC02aaA39b223FE8D0A0e5C4F27eAD9083C756Cc2 -> 0xd23f659442d22BECC90707f5A1f99f051E2fc3B9
[2m2025-12-11T04:29:31.460071Z[0m [32m INFO[0m [2methereum_transaction_pool_monitor::mempool_monitor[0m[2m:[0m 🔍 Searching for pool with tokens 0xC02aaA39b223FE8D0A0e5C4F27eAD9083C756Cc2 and 0xd23f659442d22BECC90707f5A1f99f051E2fc3B9
[2m2025-12-11T04:29:31.735921Z[0m [32m INFO[0m [2methereum_transaction_pool_monitor::mempool_monitor[0m[2m:[0m 🔍 No pool found for token pair 0xC02aaA39b223FE8D0A0e5C4F27eAD9083C756Cc2 -> 0xd23f659442d22BECC90707f5A1f99f051E2fc3B9
[2m2025-12-11T04:29:31.735998Z[0m [32m INFO[0m [2methereum_transaction_pool_monitor::mempool_monitor[0m[2m:[0m ✨ Potential MEV target: 0xa2d2e616a083b774ffd06c16aeebc078fcb27adbc527fcb9094204b346431ceb ($0, 0.0 gwei)
[2m2025-12-11T04:29:36.511906Z[0m [32m INFO[0m [2methereum_transaction_pool_monitor::bot_runner[0m[2m:[0m 🤖 MEV Bot Stats | Uptime: 0.6h | Opportunities: 0 | Bundles: 0/0 (0.0%) | Profit: 0.0000 ETH | Rate: 0.00/h
[2m2025-12-11T04:29:46.510547Z[0m [32m INFO[0m [2methereum_transaction_pool_monitor::bot_runner[0m[2m:[0m 🤖 MEV Bot Stats | Uptime: 0.6h | Opportunities: 0 | Bundles: 0/0 (0.0%) | Profit: 0.0000 ETH | Rate: 0.00/h
[2m2025-12-11T04:29:56.512338Z[0m [32m INFO[0m [2methereum_transaction_pool_monitor::bot_runner[0m[2m:[0m 🤖 MEV Bot Stats | Uptime: 0.6h | Opportunities: 0 | Bundles: 0/0 (0.0%) | Profit: 0.0000 ETH | Rate: 0.00/h
[2m2025-12-11T04:30:06.543085Z[0m [32m INFO[0m [2methereum_transaction_pool_monitor::bot_runner[0m[2m:[0m 🤖 MEV Bot Stats | Uptime: 0.6h | Opportunities: 0 | Bundles: 0/0 (0.0%) | Profit: 0.0000 ETH | Rate: 0.00/h
[2m2025-12-11T04:30:16.512439Z[0m [32m INFO[0m [2methereum_transaction_pool_monitor::bot_runner[0m[2m:[0m 🤖 MEV Bot Stats | Uptime: 0.6h | Opportunities: 0 | Bundles: 0/0 (0.0%) | Profit: 0.0000 ETH | Rate: 0.00/h
[2m2025-12-11T04:30:26.521096Z[0m [32m INFO[0m [2methereum_transaction_pool_monitor::bot_runner[0m[2m:[0m 🤖 MEV Bot Stats | Uptime: 0.6h | Opportunities: 0 | Bundles: 0/0 (0.0%) | Profit: 0.0000 ETH | Rate: 0.00/h
[2m2025-12-11T04:30:36.511969Z[0m [32m INFO[0m [2methereum_transaction_pool_monitor::bot_runner[0m[2m:[0m 🤖 MEV Bot Stats | Uptime: 0.6h | Opportunities: 0 | Bundles: 0/0 (0.0%) | Profit: 0.0000 ETH | Rate: 0.00/h
[2m2025-12-11T04:30:43.238292Z[0m [32m INFO[0m [2methereum_transaction_pool_monitor::mempool_monitor[0m[2m:[0m 🎯 Router transaction detected: 0xaf990e2e7dfbcefb5908ef4ac96686a3230806242e0bf1668a860cbc8c395d99 -> 0x7a250d5630B4cF539739dF2C5dAcb4c659F2488D
[2m2025-12-11T04:30:43.238397Z[0m [32m INFO[0m [2methereum_transaction_pool_monitor::mempool_monitor[0m[2m:[0m 📊 Detected swapExactETHForTokens
[2m2025-12-11T04:30:43.238407Z[0m [32m INFO[0m [2methereum_transaction_pool_monitor::mempool_monitor[0m[2m:[0m 🔍 ETH swap path offset: 128
[2m2025-12-11T04:30:43.238412Z[0m [32m INFO[0m [2methereum_transaction_pool_monitor::mempool_monitor[0m[2m:[0m 🔍 ETH swap path length: 2
[2m2025-12-11T04:30:43.238417Z[0m [32m INFO[0m [2methereum_transaction_pool_monitor::mempool_monitor[0m[2m:[0m 🔍 ETH swap extracted token pair: 0xC02aaA39b223FE8D0A0e5C4F27eAD9083C756Cc2 -> 0x546f90a92ff773697AE4ab1Aa69029842671f712
[2m2025-12-11T04:30:43.238453Z[0m [32m INFO[0m [2methereum_transaction_pool_monitor::mempool_monitor[0m[2m:[0m 🔍 Searching for pool with tokens 0xC02aaA39b223FE8D0A0e5C4F27eAD9083C756Cc2 and 0x546f90a92ff773697AE4ab1Aa69029842671f712
[2m2025-12-11T04:30:43.543932Z[0m [32m INFO[0m [2methereum_transaction_pool_monitor::mempool_monitor[0m[2m:[0m 🔍 No pool found for token pair 0xC02aaA39b223FE8D0A0e5C4F27eAD9083C756Cc2 -> 0x546f90a92ff773697AE4ab1Aa69029842671f712
[2m2025-12-11T04:30:43.544012Z[0m [32m INFO[0m [2methereum_transaction_pool_monitor::mempool_monitor[0m[2m:[0m ✨ Potential MEV target: 0xaf990e2e7dfbcefb5908ef4ac96686a3230806242e0bf1668a860cbc8c395d99 ($0, 0.0 gwei)
[2m2025-12-11T04:30:46.511713Z[0m [32m INFO[0m [2methereum_transaction_pool_monitor::bot_runner[0m[2m:[0m 🤖 MEV Bot Stats | Uptime: 0.6h | Opportunities: 0 | Bundles: 0/0 (0.0%) | Profit: 0.0000 ETH | Rate: 0.00/h
[2m2025-12-11T04:30:55.699431Z[0m [32m INFO[0m [2methereum_transaction_pool_monitor::mempool_monitor[0m[2m:[0m 🎯 Router transaction detected: 0x4049d1586d4d665a5b8b8b13cfeec854c80f4b7f6f85d8602948835c5eace592 -> 0x7a250d5630B4cF539739dF2C5dAcb4c659F2488D
[2m2025-12-11T04:30:55.699536Z[0m [32m INFO[0m [2methereum_transaction_pool_monitor::mempool_monitor[0m[2m:[0m ✨ Potential MEV target: 0x4049d1586d4d665a5b8b8b13cfeec854c80f4b7f6f85d8602948835c5eace592 ($0, 0.0 gwei)
[2m2025-12-11T04:30:56.585259Z[0m [32m INFO[0m [2methereum_transaction_pool_monitor::bot_runner[0m[2m:[0m 🤖 MEV Bot Stats | Uptime: 0.6h | Opportunities: 0 | Bundles: 0/0 (0.0%) | Profit: 0.0000 ETH | Rate: 0.00/h
[2m2025-12-11T04:31:06.707574Z[0m [32m INFO[0m [2methereum_transaction_pool_monitor::bot_runner[0m[2m:[0m 🤖 MEV Bot Stats | Uptime: 0.7h | Opportunities: 0 | Bundles: 0/0 (0.0%) | Profit: 0.0000 ETH | Rate: 0.00/h
[2m2025-12-11T04:31:12.075724Z[0m [32m INFO[0m [2methereum_transaction_pool_monitor::mempool_monitor[0m[2m:[0m 🎯 Router transaction detected: 0x6a748d5fe5e1025c09545c9d1439d7a17a5c85671ca6125dc29afe4774d1c6bb -> 0x7a250d5630B4cF539739dF2C5dAcb4c659F2488D
[2m2025-12-11T04:31:12.075829Z[0m [32m INFO[0m [2methereum_transaction_pool_monitor::mempool_monitor[0m[2m:[0m 📊 Detected swapExactETHForTokens
[2m2025-12-11T04:31:12.075838Z[0m [32m INFO[0m [2methereum_transaction_pool_monitor::mempool_monitor[0m[2m:[0m 🔍 ETH swap path offset: 128
[2m2025-12-11T04:31:12.075844Z[0m [32m INFO[0m [2methereum_transaction_pool_monitor::mempool_monitor[0m[2m:[0m 🔍 ETH swap path length: 2
[2m2025-12-11T04:31:12.075850Z[0m [32m INFO[0m [2methereum_transaction_pool_monitor::mempool_monitor[0m[2m:[0m 🔍 ETH swap extracted token pair: 0xC02aaA39b223FE8D0A0e5C4F27eAD9083C756Cc2 -> 0xd23f659442d22BECC90707f5A1f99f051E2fc3B9
[2m2025-12-11T04:31:12.075885Z[0m [32m INFO[0m [2methereum_transaction_pool_monitor::mempool_monitor[0m[2m:[0m 🔍 Searching for pool with tokens 0xC02aaA39b223FE8D0A0e5C4F27eAD9083C756Cc2 and 0xd23f659442d22BECC90707f5A1f99f051E2fc3B9
[2m2025-12-11T04:31:12.372916Z[0m [32m INFO[0m [2methereum_transaction_pool_monitor::mempool_monitor[0m[2m:[0m 🔍 No pool found for token pair 0xC02aaA39b223FE8D0A0e5C4F27eAD9083C756Cc2 -> 0xd23f659442d22BECC90707f5A1f99f051E2fc3B9
[2m2025-12-11T04:31:12.372998Z[0m [32m INFO[0m [2methereum_transaction_pool_monitor::mempool_monitor[0m[2m:[0m ✨ Potential MEV target: 0x6a748d5fe5e1025c09545c9d1439d7a17a5c85671ca6125dc29afe4774d1c6bb ($0, 0.0 gwei)
[2m2025-12-11T04:31:16.511275Z[0m [32m INFO[0m [2methereum_transaction_pool_monitor::bot_runner[0m[2m:[0m 🤖 MEV Bot Stats | Uptime: 0.7h | Opportunities: 0 | Bundles: 0/0 (0.0%) | Profit: 0.0000 ETH | Rate: 0.00/h
[2m2025-12-11T04:31:26.845058Z[0m [32m INFO[0m [2methereum_transaction_pool_monitor::bot_runner[0m[2m:[0m 🤖 MEV Bot Stats | Uptime: 0.7h | Opportunities: 0 | Bundles: 0/0 (0.0%) | Profit: 0.0000 ETH | Rate: 0.00/h
[2m2025-12-11T04:31:36.663609Z[0m [32m INFO[0m [2methereum_transaction_pool_monitor::bot_runner[0m[2m:[0m 🤖 MEV Bot Stats | Uptime: 0.7h | Opportunities: 0 | Bundles: 0/0 (0.0%) | Profit: 0.0000 ETH | Rate: 0.00/h
[2m2025-12-11T04:31:46.525373Z[0m [32m INFO[0m [2methereum_transaction_pool_monitor::bot_runner[0m[2m:[0m 🤖 MEV Bot Stats | Uptime: 0.7h | Opportunities: 0 | Bundles: 0/0 (0.0%) | Profit: 0.0000 ETH | Rate: 0.00/h
[2m2025-12-11T04:31:53.211641Z[0m [32m INFO[0m [2methereum_transaction_pool_monitor::mempool_monitor[0m[2m:[0m 🎯 Router transaction detected: 0xc6c1150d061a8c5e5489340f23779be846f73ff9a49e462d1ea5a2cd834ea6cb -> 0x7a250d5630B4cF539739dF2C5dAcb4c659F2488D
[2m2025-12-11T04:31:53.211879Z[0m [32m INFO[0m [2methereum_transaction_pool_monitor::mempool_monitor[0m[2m:[0m 📊 Detected swapExactETHForTokens
[2m2025-12-11T04:31:53.211897Z[0m [32m INFO[0m [2methereum_transaction_pool_monitor::mempool_monitor[0m[2m:[0m 🔍 ETH swap path offset: 128
[2m2025-12-11T04:31:53.211910Z[0m [32m INFO[0m [2methereum_transaction_pool_monitor::mempool_monitor[0m[2m:[0m 🔍 ETH swap path length: 2
[2m2025-12-11T04:31:53.211922Z[0m [32m INFO[0m [2methereum_transaction_pool_monitor::mempool_monitor[0m[2m:[0m 🔍 ETH swap extracted token pair: 0xC02aaA39b223FE8D0A0e5C4F27eAD9083C756Cc2 -> 0x546f90a92ff773697AE4ab1Aa69029842671f712
[2m2025-12-11T04:31:53.212015Z[0m [32m INFO[0m [2methereum_transaction_pool_monitor::mempool_monitor[0m[2m:[0m 🔍 Searching for pool with tokens 0xC02aaA39b223FE8D0A0e5C4F27eAD9083C756Cc2 and 0x546f90a92ff773697AE4ab1Aa69029842671f712
[2m2025-12-11T04:31:53.508973Z[0m [32m INFO[0m [2methereum_transaction_pool_monitor::mempool_monitor[0m[2m:[0m 🔍 No pool found for token pair 0xC02aaA39b223FE8D0A0e5C4F27eAD9083C756Cc2 -> 0x546f90a92ff773697AE4ab1Aa69029842671f712
[2m2025-12-11T04:31:53.509074Z[0m [32m INFO[0m [2methereum_transaction_pool_monitor::mempool_monitor[0m[2m:[0m ✨ Potential MEV target: 0xc6c1150d061a8c5e5489340f23779be846f73ff9a49e462d1ea5a2cd834ea6cb ($0, 0.0 gwei)
[2m2025-12-11T04:31:57.212225Z[0m [32m INFO[0m [2methereum_transaction_pool_monitor::bot_runner[0m[2m:[0m 🤖 MEV Bot Stats | Uptime: 0.7h | Opportunities: 0 | Bundles: 0/0 (0.0%) | Profit: 0.0000 ETH | Rate: 0.00/h
[2m2025-12-11T04:32:06.550829Z[0m [32m INFO[0m [2methereum_transaction_pool_monitor::bot_runner[0m[2m:[0m 🤖 MEV Bot Stats | Uptime: 0.7h | Opportunities: 0 | Bundles: 0/0 (0.0%) | Profit: 0.0000 ETH | Rate: 0.00/h
[2m2025-12-11T04:32:16.552978Z[0m [32m INFO[0m [2methereum_transaction_pool_monitor::bot_runner[0m[2m:[0m 🤖 MEV Bot Stats | Uptime: 0.7h | Opportunities: 0 | Bundles: 0/0 (0.0%) | Profit: 0.0000 ETH | Rate: 0.00/h
[2m2025-12-11T04:32:26.511766Z[0m [32m INFO[0m [2methereum_transaction_pool_monitor::bot_runner[0m[2m:[0m 🤖 MEV Bot Stats | Uptime: 0.7h | Opportunities: 0 | Bundles: 0/0 (0.0%) | Profit: 0.0000 ETH | Rate: 0.00/h
[2m2025-12-11T04:32:36.512169Z[0m [32m INFO[0m [2methereum_transaction_pool_monitor::bot_runner[0m[2m:[0m 🤖 MEV Bot Stats | Uptime: 0.7h | Opportunities: 0 | Bundles: 0/0 (0.0%) | Profit: 0.0000 ETH | Rate: 0.00/h
[2m2025-12-11T04:32:46.512141Z[0m [32m INFO[0m [2methereum_transaction_pool_monitor::bot_runner[0m[2m:[0m 🤖 MEV Bot Stats | Uptime: 0.7h | Opportunities: 0 | Bundles: 0/0 (0.0%) | Profit: 0.0000 ETH | Rate: 0.00/h
[2m2025-12-11T04:32:55.418154Z[0m [32m INFO[0m [2methereum_transaction_pool_monitor::mempool_monitor[0m[2m:[0m 🎯 Router transaction detected: 0x76664153ecb7ed354e86d672dce8305b9f64af0d124647524cba3117a599db80 -> 0x7a250d5630B4cF539739dF2C5dAcb4c659F2488D
[2m2025-12-11T04:32:55.418491Z[0m [32m INFO[0m [2methereum_transaction_pool_monitor::mempool_monitor[0m[2m:[0m 📊 Detected swapExactETHForTokens
[2m2025-12-11T04:32:55.418503Z[0m [32m INFO[0m [2methereum_transaction_pool_monitor::mempool_monitor[0m[2m:[0m 🔍 ETH swap path offset: 128
[2m2025-12-11T04:32:55.418510Z[0m [32m INFO[0m [2methereum_transaction_pool_monitor::mempool_monitor[0m[2m:[0m 🔍 ETH swap path length: 2
[2m2025-12-11T04:32:55.418516Z[0m [32m INFO[0m [2methereum_transaction_pool_monitor::mempool_monitor[0m[2m:[0m 🔍 ETH swap extracted token pair: 0xC02aaA39b223FE8D0A0e5C4F27eAD9083C756Cc2 -> 0xd23f659442d22BECC90707f5A1f99f051E2fc3B9
[2m2025-12-11T04:32:55.418552Z[0m [32m INFO[0m [2methereum_transaction_pool_monitor::mempool_monitor[0m[2m:[0m 🔍 Searching for pool with tokens 0xC02aaA39b223FE8D0A0e5C4F27eAD9083C756Cc2 and 0xd23f659442d22BECC90707f5A1f99f051E2fc3B9
[2m2025-12-11T04:32:55.725536Z[0m [32m INFO[0m [2methereum_transaction_pool_monitor::mempool_monitor[0m[2m:[0m 🔍 No pool found for token pair 0xC02aaA39b223FE8D0A0e5C4F27eAD9083C756Cc2 -> 0xd23f659442d22BECC90707f5A1f99f051E2fc3B9
[2m2025-12-11T04:32:55.725606Z[0m [32m INFO[0m [2methereum_transaction_pool_monitor::mempool_monitor[0m[2m:[0m ✨ Potential MEV target: 0x76664153ecb7ed354e86d672dce8305b9f64af0d124647524cba3117a599db80 ($0, 0.0 gwei)
[2m2025-12-11T04:32:56.512220Z[0m [32m INFO[0m [2methereum_transaction_pool_monitor::bot_runner[0m[2m:[0m 🤖 MEV Bot Stats | Uptime: 0.7h | Opportunities: 0 | Bundles: 0/0 (0.0%) | Profit: 0.0000 ETH | Rate: 0.00/h
[2m2025-12-11T04:33:06.511564Z[0m [32m INFO[0m [2methereum_transaction_pool_monitor::bot_runner[0m[2m:[0m 🤖 MEV Bot Stats | Uptime: 0.7h | Opportunities: 0 | Bundles: 0/0 (0.0%) | Profit: 0.0000 ETH | Rate: 0.00/h
[2m2025-12-11T04:33:16.602174Z[0m [32m INFO[0m [2methereum_transaction_pool_monitor::bot_runner[0m[2m:[0m 🤖 MEV Bot Stats | Uptime: 0.7h | Opportunities: 0 | Bundles: 0/0 (0.0%) | Profit: 0.0000 ETH | Rate: 0.00/h
[2m2025-12-11T04:33:26.680107Z[0m [32m INFO[0m [2methereum_transaction_pool_monitor::bot_runner[0m[2m:[0m 🤖 MEV Bot Stats | Uptime: 0.7h | Opportunities: 0 | Bundles: 0/0 (0.0%) | Profit: 0.0000 ETH | Rate: 0.00/h
[2m2025-12-11T04:33:27.642501Z[0m [32m INFO[0m [2methereum_transaction_pool_monitor::mempool_monitor[0m[2m:[0m 🎯 Router transaction detected: 0x4486ab3b9fa9a899905bfa87d8b75cd7948447785b0e807b8b4de2aea5cb240e -> 0x7a250d5630B4cF539739dF2C5dAcb4c659F2488D
[2m2025-12-11T04:33:27.642621Z[0m [32m INFO[0m [2methereum_transaction_pool_monitor::mempool_monitor[0m[2m:[0m 📊 Detected swapExactTokensForETH
[2m2025-12-11T04:33:27.642636Z[0m [32m INFO[0m [2methereum_transaction_pool_monitor::mempool_monitor[0m[2m:[0m 🔍 Path offset: 160
[2m2025-12-11T04:33:27.642643Z[0m [32m INFO[0m [2methereum_transaction_pool_monitor::mempool_monitor[0m[2m:[0m 🔍 Path length: 2
[2m2025-12-11T04:33:27.642649Z[0m [32m INFO[0m [2methereum_transaction_pool_monitor::mempool_monitor[0m[2m:[0m 🔍 Extracted token pair: 0x546f90a92ff773697AE4ab1Aa69029842671f712 -> 0xC02aaA39b223FE8D0A0e5C4F27eAD9083C756Cc2
[2m2025-12-11T04:33:27.642686Z[0m [32m INFO[0m [2methereum_transaction_pool_monitor::mempool_monitor[0m[2m:[0m 🔍 Searching for pool with tokens 0x546f90a92ff773697AE4ab1Aa69029842671f712 and 0xC02aaA39b223FE8D0A0e5C4F27eAD9083C756Cc2
[2m2025-12-11T04:33:27.943640Z[0m [32m INFO[0m [2methereum_transaction_pool_monitor::mempool_monitor[0m[2m:[0m 🔍 No pool found for token pair 0x546f90a92ff773697AE4ab1Aa69029842671f712 -> 0xC02aaA39b223FE8D0A0e5C4F27eAD9083C756Cc2
[2m2025-12-11T04:33:27.943722Z[0m [32m INFO[0m [2methereum_transaction_pool_monitor::mempool_monitor[0m[2m:[0m ✨ Potential MEV target: 0x4486ab3b9fa9a899905bfa87d8b75cd7948447785b0e807b8b4de2aea5cb240e ($0, 0.0 gwei)
[2m2025-12-11T04:33:36.523274Z[0m [32m INFO[0m [2methereum_transaction_pool_monitor::bot_runner[0m[2m:[0m 🤖 MEV Bot Stats | Uptime: 0.7h | Opportunities: 0 | Bundles: 0/0 (0.0%) | Profit: 0.0000 ETH | Rate: 0.00/h
[2m2025-12-11T04:33:46.677035Z[0m [32m INFO[0m [2methereum_transaction_pool_monitor::bot_runner[0m[2m:[0m 🤖 MEV Bot Stats | Uptime: 0.7h | Opportunities: 0 | Bundles: 0/0 (0.0%) | Profit: 0.0000 ETH | Rate: 0.00/h
[2m2025-12-11T04:33:56.579652Z[0m [32m INFO[0m [2methereum_transaction_pool_monitor::bot_runner[0m[2m:[0m 🤖 MEV Bot Stats | Uptime: 0.7h | Opportunities: 0 | Bundles: 0/0 (0.0%) | Profit: 0.0000 ETH | Rate: 0.00/h
[2m2025-12-11T04:33:56.590907Z[0m [32m INFO[0m [2methereum_transaction_pool_monitor::mempool_monitor[0m[2m:[0m 🎯 Router transaction detected: 0xde51d4e947c2944d24dde61b09e7737e2826f57fe5f4287c26de763e67be2ba7 -> 0x1111111254EEB25477B68fb85Ed929f73A960582
[2m2025-12-11T04:33:56.591158Z[0m [32m INFO[0m [2methereum_transaction_pool_monitor::mempool_monitor[0m[2m:[0m ✨ Potential MEV target: 0xde51d4e947c2944d24dde61b09e7737e2826f57fe5f4287c26de763e67be2ba7 ($0, 0.0 gwei)
[2m2025-12-11T04:34:06.512516Z[0m [32m INFO[0m [2methereum_transaction_pool_monitor::bot_runner[0m[2m:[0m 🤖 MEV Bot Stats | Uptime: 0.7h | Opportunities: 0 | Bundles: 0/0 (0.0%) | Profit: 0.0000 ETH | Rate: 0.00/h
[2m2025-12-11T04:34:08.231282Z[0m [32m INFO[0m [2methereum_transaction_pool_monitor::mempool_monitor[0m[2m:[0m 🎯 Router transaction detected: 0xe6c59469d275b61ad5a404bf98f198ca1d031614f7305084edec2e3ef2fd4902 -> 0x7a250d5630B4cF539739dF2C5dAcb4c659F2488D
[2m2025-12-11T04:34:08.231395Z[0m [32m INFO[0m [2methereum_transaction_pool_monitor::mempool_monitor[0m[2m:[0m 📊 Detected swapExactETHForTokens
[2m2025-12-11T04:34:08.231407Z[0m [32m INFO[0m [2methereum_transaction_pool_monitor::mempool_monitor[0m[2m:[0m 🔍 ETH swap path offset: 128
[2m2025-12-11T04:34:08.231414Z[0m [32m INFO[0m [2methereum_transaction_pool_monitor::mempool_monitor[0m[2m:[0m 🔍 ETH swap path length: 2
[2m2025-12-11T04:34:08.231422Z[0m [32m INFO[0m [2methereum_transaction_pool_monitor::mempool_monitor[0m[2m:[0m 🔍 ETH swap extracted token pair: 0xC02aaA39b223FE8D0A0e5C4F27eAD9083C756Cc2 -> 0xd23f659442d22BECC90707f5A1f99f051E2fc3B9
[2m2025-12-11T04:34:08.231460Z[0m [32m INFO[0m [2methereum_transaction_pool_monitor::mempool_monitor[0m[2m:[0m 🔍 Searching for pool with tokens 0xC02aaA39b223FE8D0A0e5C4F27eAD9083C756Cc2 and 0xd23f659442d22BECC90707f5A1f99f051E2fc3B9
[2m2025-12-11T04:34:08.545925Z[0m [32m INFO[0m [2methereum_transaction_pool_monitor::mempool_monitor[0m[2m:[0m 🔍 No pool found for token pair 0xC02aaA39b223FE8D0A0e5C4F27eAD9083C756Cc2 -> 0xd23f659442d22BECC90707f5A1f99f051E2fc3B9
[2m2025-12-11T04:34:08.546015Z[0m [32m INFO[0m [2methereum_transaction_pool_monitor::mempool_monitor[0m[2m:[0m ✨ Potential MEV target: 0xe6c59469d275b61ad5a404bf98f198ca1d031614f7305084edec2e3ef2fd4902 ($0, 0.0 gwei)
[2m2025-12-11T04:34:16.511738Z[0m [32m INFO[0m [2methereum_transaction_pool_monitor::bot_runner[0m[2m:[0m 🤖 MEV Bot Stats | Uptime: 0.7h | Opportunities: 0 | Bundles: 0/0 (0.0%) | Profit: 0.0000 ETH | Rate: 0.00/h
[2m2025-12-11T04:34:18.079800Z[0m [32m INFO[0m [2methereum_transaction_pool_monitor::mempool_monitor[0m[2m:[0m 🎯 Router transaction detected: 0xf91d576092dce4ca29bdfc100546285b7a82dcc1d23f3f38f006cd2adf76fea1 -> 0x7a250d5630B4cF539739dF2C5dAcb4c659F2488D
[2m2025-12-11T04:34:18.079894Z[0m [32m INFO[0m [2methereum_transaction_pool_monitor::mempool_monitor[0m[2m:[0m 📊 Detected swapExactETHForTokens
[2m2025-12-11T04:34:18.079905Z[0m [32m INFO[0m [2methereum_transaction_pool_monitor::mempool_monitor[0m[2m:[0m 🔍 ETH swap path offset: 128
[2m2025-12-11T04:34:18.079912Z[0m [32m INFO[0m [2methereum_transaction_pool_monitor::mempool_monitor[0m[2m:[0m 🔍 ETH swap path length: 2
[2m2025-12-11T04:34:18.079917Z[0m [32m INFO[0m [2methereum_transaction_pool_monitor::mempool_monitor[0m[2m:[0m 🔍 ETH swap extracted token pair: 0xC02aaA39b223FE8D0A0e5C4F27eAD9083C756Cc2 -> 0x546f90a92ff773697AE4ab1Aa69029842671f712
[2m2025-12-11T04:34:18.079954Z[0m [32m INFO[0m [2methereum_transaction_pool_monitor::mempool_monitor[0m[2m:[0m 🔍 Searching for pool with tokens 0xC02aaA39b223FE8D0A0e5C4F27eAD9083C756Cc2 and 0x546f90a92ff773697AE4ab1Aa69029842671f712
[2m2025-12-11T04:34:18.367331Z[0m [32m INFO[0m [2methereum_transaction_pool_monitor::mempool_monitor[0m[2m:[0m 🔍 No pool found for token pair 0xC02aaA39b223FE8D0A0e5C4F27eAD9083C756Cc2 -> 0x546f90a92ff773697AE4ab1Aa69029842671f712
[2m2025-12-11T04:34:18.367414Z[0m [32m INFO[0m [2methereum_transaction_pool_monitor::mempool_monitor[0m[2m:[0m ✨ Potential MEV target: 0xf91d576092dce4ca29bdfc100546285b7a82dcc1d23f3f38f006cd2adf76fea1 ($0, 0.0 gwei)
[2m2025-12-11T04:34:25.256137Z[0m [32m INFO[0m [2methereum_transaction_pool_monitor::mempool_monitor[0m[2m:[0m 🎯 Router transaction detected: 0xba82c9b6cd1beb7d919538e458f032604bbde071657b55784cef49d7b127e85e -> 0x7a250d5630B4cF539739dF2C5dAcb4c659F2488D
[2m2025-12-11T04:34:25.256244Z[0m [32m INFO[0m [2methereum_transaction_pool_monitor::mempool_monitor[0m[2m:[0m ✨ Potential MEV target: 0xba82c9b6cd1beb7d919538e458f032604bbde071657b55784cef49d7b127e85e ($0, 0.0 gwei)
[2m2025-12-11T04:34:26.511431Z[0m [32m INFO[0m [2methereum_transaction_pool_monitor::bot_runner[0m[2m:[0m 🤖 MEV Bot Stats | Uptime: 0.7h | Opportunities: 0 | Bundles: 0/0 (0.0%) | Profit: 0.0000 ETH | Rate: 0.00/h
[2m2025-12-11T04:34:36.511900Z[0m [32m INFO[0m [2methereum_transaction_pool_monitor::bot_runner[0m[2m:[0m 🤖 MEV Bot Stats | Uptime: 0.7h | Opportunities: 0 | Bundles: 0/0 (0.0%) | Profit: 0.0000 ETH | Rate: 0.00/h
[2m2025-12-11T04:34:46.978589Z[0m [32m INFO[0m [2methereum_transaction_pool_monitor::bot_runner[0m[2m:[0m 🤖 MEV Bot Stats | Uptime: 0.7h | Opportunities: 0 | Bundles: 0/0 (0.0%) | Profit: 0.0000 ETH | Rate: 0.00/h
[2m2025-12-11T04:34:56.512403Z[0m [32m INFO[0m [2methereum_transaction_pool_monitor::bot_runner[0m[2m:[0m 🤖 MEV Bot Stats | Uptime: 0.7h | Opportunities: 0 | Bundles: 0/0 (0.0%) | Profit: 0.0000 ETH | Rate: 0.00/h
[2m2025-12-11T04:35:03.674792Z[0m [32m INFO[0m [2methereum_transaction_pool_monitor::mempool_monitor[0m[2m:[0m 🎯 Router transaction detected: 0x261c796bb57ba25bae2dd6c870effab1c7ca790dfdec29accd332a06f5c35845 -> 0x7a250d5630B4cF539739dF2C5dAcb4c659F2488D
[2m2025-12-11T04:35:03.674921Z[0m [32m INFO[0m [2methereum_transaction_pool_monitor::mempool_monitor[0m[2m:[0m 📊 Detected swapExactETHForTokens
[2m2025-12-11T04:35:03.674933Z[0m [32m INFO[0m [2methereum_transaction_pool_monitor::mempool_monitor[0m[2m:[0m 🔍 ETH swap path offset: 128
[2m2025-12-11T04:35:03.674939Z[0m [32m INFO[0m [2methereum_transaction_pool_monitor::mempool_monitor[0m[2m:[0m 🔍 ETH swap path length: 2
[2m2025-12-11T04:35:03.674945Z[0m [32m INFO[0m [2methereum_transaction_pool_monitor::mempool_monitor[0m[2m:[0m 🔍 ETH swap extracted token pair: 0xC02aaA39b223FE8D0A0e5C4F27eAD9083C756Cc2 -> 0x546f90a92ff773697AE4ab1Aa69029842671f712
[2m2025-12-11T04:35:03.674982Z[0m [32m INFO[0m [2methereum_transaction_pool_monitor::mempool_monitor[0m[2m:[0m 🔍 Searching for pool with tokens 0xC02aaA39b223FE8D0A0e5C4F27eAD9083C756Cc2 and 0x546f90a92ff773697AE4ab1Aa69029842671f712
[2m2025-12-11T04:35:03.983311Z[0m [32m INFO[0m [2methereum_transaction_pool_monitor::mempool_monitor[0m[2m:[0m 🔍 No pool found for token pair 0xC02aaA39b223FE8D0A0e5C4F27eAD9083C756Cc2 -> 0x546f90a92ff773697AE4ab1Aa69029842671f712
[2m2025-12-11T04:35:03.983402Z[0m [32m INFO[0m [2methereum_transaction_pool_monitor::mempool_monitor[0m[2m:[0m ✨ Potential MEV target: 0x261c796bb57ba25bae2dd6c870effab1c7ca790dfdec29accd332a06f5c35845 ($0, 0.0 gwei)
[2m2025-12-11T04:35:06.721399Z[0m [32m INFO[0m [2methereum_transaction_pool_monitor::bot_runner[0m[2m:[0m 🤖 MEV Bot Stats | Uptime: 0.7h | Opportunities: 0 | Bundles: 0/0 (0.0%) | Profit: 0.0000 ETH | Rate: 0.00/h
[2m2025-12-11T04:35:14.550244Z[0m [32m INFO[0m [2methereum_transaction_pool_monitor::mempool_monitor[0m[2m:[0m 🎯 Router transaction detected: 0x2bd0aba9bb25993bd9a6af1df73820d882498b1d6524f86b71ba3e192cf3277e -> 0x7a250d5630B4cF539739dF2C5dAcb4c659F2488D
[2m2025-12-11T04:35:14.550356Z[0m [32m INFO[0m [2methereum_transaction_pool_monitor::mempool_monitor[0m[2m:[0m ✨ Potential MEV target: 0x2bd0aba9bb25993bd9a6af1df73820d882498b1d6524f86b71ba3e192cf3277e ($0, 0.0 gwei)
[2m2025-12-11T04:35:16.664222Z[0m [32m INFO[0m [2methereum_transaction_pool_monitor::bot_runner[0m[2m:[0m 🤖 MEV Bot Stats | Uptime: 0.7h | Opportunities: 0 | Bundles: 0/0 (0.0%) | Profit: 0.0000 ETH | Rate: 0.00/h
[2m2025-12-11T04:35:26.598803Z[0m [32m INFO[0m [2methereum_transaction_pool_monitor::bot_runner[0m[2m:[0m 🤖 MEV Bot Stats | Uptime: 0.7h | Opportunities: 0 | Bundles: 0/0 (0.0%) | Profit: 0.0000 ETH | Rate: 0.00/h
[2m2025-12-11T04:35:36.512968Z[0m [32m INFO[0m [2methereum_transaction_pool_monitor::bot_runner[0m[2m:[0m 🤖 MEV Bot Stats | Uptime: 0.7h | Opportunities: 0 | Bundles: 0/0 (0.0%) | Profit: 0.0000 ETH | Rate: 0.00/h
[2m2025-12-11T04:35:38.515803Z[0m [32m INFO[0m [2methereum_transaction_pool_monitor::mempool_monitor[0m[2m:[0m 🎯 Router transaction detected: 0xd103f8fce2539e891176e6ffd51f0698bbbb115f62a762c4a7cd0f1c522889bc -> 0x7a250d5630B4cF539739dF2C5dAcb4c659F2488D
[2m2025-12-11T04:35:38.516082Z[0m [32m INFO[0m [2methereum_transaction_pool_monitor::mempool_monitor[0m[2m:[0m ✨ Potential MEV target: 0xd103f8fce2539e891176e6ffd51f0698bbbb115f62a762c4a7cd0f1c522889bc ($0, 0.0 gwei)
[2m2025-12-11T04:35:46.690079Z[0m [32m INFO[0m [2methereum_transaction_pool_monitor::bot_runner[0m[2m:[0m 🤖 MEV Bot Stats | Uptime: 0.7h | Opportunities: 0 | Bundles: 0/0 (0.0%) | Profit: 0.0000 ETH | Rate: 0.00/h
[2m2025-12-11T04:35:56.513447Z[0m [32m INFO[0m [2methereum_transaction_pool_monitor::bot_runner[0m[2m:[0m 🤖 MEV Bot Stats | Uptime: 0.7h | Opportunities: 0 | Bundles: 0/0 (0.0%) | Profit: 0.0000 ETH | Rate: 0.00/h
[2m2025-12-11T04:36:06.683930Z[0m [32m INFO[0m [2methereum_transaction_pool_monitor::bot_runner[0m[2m:[0m 🤖 MEV Bot Stats | Uptime: 0.7h | Opportunities: 0 | Bundles: 0/0 (0.0%) | Profit: 0.0000 ETH | Rate: 0.00/h
[2m2025-12-11T04:36:07.125613Z[0m [32m INFO[0m [2methereum_transaction_pool_monitor::mempool_monitor[0m[2m:[0m 🎯 Router transaction detected: 0x2aebebcdbde0790c48c30349a894a129865f992d574f7fbe657c87fa62be948f -> 0x7a250d5630B4cF539739dF2C5dAcb4c659F2488D
[2m2025-12-11T04:36:07.125708Z[0m [32m INFO[0m [2methereum_transaction_pool_monitor::mempool_monitor[0m[2m:[0m 📊 Detected swapExactETHForTokens
[2m2025-12-11T04:36:07.125717Z[0m [32m INFO[0m [2methereum_transaction_pool_monitor::mempool_monitor[0m[2m:[0m 🔍 ETH swap path offset: 128
[2m2025-12-11T04:36:07.125722Z[0m [32m INFO[0m [2methereum_transaction_pool_monitor::mempool_monitor[0m[2m:[0m 🔍 ETH swap path length: 2
[2m2025-12-11T04:36:07.125728Z[0m [32m INFO[0m [2methereum_transaction_pool_monitor::mempool_monitor[0m[2m:[0m 🔍 ETH swap extracted token pair: 0xC02aaA39b223FE8D0A0e5C4F27eAD9083C756Cc2 -> 0xd23f659442d22BECC90707f5A1f99f051E2fc3B9
[2m2025-12-11T04:36:07.125764Z[0m [32m INFO[0m [2methereum_transaction_pool_monitor::mempool_monitor[0m[2m:[0m 🔍 Searching for pool with tokens 0xC02aaA39b223FE8D0A0e5C4F27eAD9083C756Cc2 and 0xd23f659442d22BECC90707f5A1f99f051E2fc3B9
[2m2025-12-11T04:36:07.514690Z[0m [32m INFO[0m [2methereum_transaction_pool_monitor::mempool_monitor[0m[2m:[0m 🔍 No pool found for token pair 0xC02aaA39b223FE8D0A0e5C4F27eAD9083C756Cc2 -> 0xd23f659442d22BECC90707f5A1f99f051E2fc3B9
[2m2025-12-11T04:36:07.514771Z[0m [32m INFO[0m [2methereum_transaction_pool_monitor::mempool_monitor[0m[2m:[0m ✨ Potential MEV target: 0x2aebebcdbde0790c48c30349a894a129865f992d574f7fbe657c87fa62be948f ($0, 0.0 gwei)
[2m2025-12-11T04:36:11.986886Z[0m [32m INFO[0m [2methereum_transaction_pool_monitor::mempool_monitor[0m[2m:[0m 🎯 Router transaction detected: 0x0a728ac86ae23eee8d8f2c3f59fd36350b071297008a93fd62f393efdb4e7565 -> 0x7a250d5630B4cF539739dF2C5dAcb4c659F2488D
[2m2025-12-11T04:36:11.987093Z[0m [32m INFO[0m [2methereum_transaction_pool_monitor::mempool_monitor[0m[2m:[0m 📊 Detected swapExactETHForTokens
[2m2025-12-11T04:36:11.987112Z[0m [32m INFO[0m [2methereum_transaction_pool_monitor::mempool_monitor[0m[2m:[0m 🔍 ETH swap path offset: 128
[2m2025-12-11T04:36:11.987124Z[0m [32m INFO[0m [2methereum_transaction_pool_monitor::mempool_monitor[0m[2m:[0m 🔍 ETH swap path length: 2
[2m2025-12-11T04:36:11.987135Z[0m [32m INFO[0m [2methereum_transaction_pool_monitor::mempool_monitor[0m[2m:[0m 🔍 ETH swap extracted token pair: 0xC02aaA39b223FE8D0A0e5C4F27eAD9083C756Cc2 -> 0x546f90a92ff773697AE4ab1Aa69029842671f712
[2m2025-12-11T04:36:11.987234Z[0m [32m INFO[0m [2methereum_transaction_pool_monitor::mempool_monitor[0m[2m:[0m 🔍 Searching for pool with tokens 0xC02aaA39b223FE8D0A0e5C4F27eAD9083C756Cc2 and 0x546f90a92ff773697AE4ab1Aa69029842671f712
[2m2025-12-11T04:36:12.291957Z[0m [32m INFO[0m [2methereum_transaction_pool_monitor::mempool_monitor[0m[2m:[0m 🔍 No pool found for token pair 0xC02aaA39b223FE8D0A0e5C4F27eAD9083C756Cc2 -> 0x546f90a92ff773697AE4ab1Aa69029842671f712
[2m2025-12-11T04:36:12.292034Z[0m [32m INFO[0m [2methereum_transaction_pool_monitor::mempool_monitor[0m[2m:[0m ✨ Potential MEV target: 0x0a728ac86ae23eee8d8f2c3f59fd36350b071297008a93fd62f393efdb4e7565 ($0, 0.0 gwei)
[2m2025-12-11T04:36:16.583970Z[0m [32m INFO[0m [2methereum_transaction_pool_monitor::bot_runner[0m[2m:[0m 🤖 MEV Bot Stats | Uptime: 0.7h | Opportunities: 0 | Bundles: 0/0 (0.0%) | Profit: 0.0000 ETH | Rate: 0.00/h
[2m2025-12-11T04:36:26.520600Z[0m [32m INFO[0m [2methereum_transaction_pool_monitor::bot_runner[0m[2m:[0m 🤖 MEV Bot Stats | Uptime: 0.7h | Opportunities: 0 | Bundles: 0/0 (0.0%) | Profit: 0.0000 ETH | Rate: 0.00/h
[2m2025-12-11T04:36:33.028100Z[0m [32m INFO[0m [2methereum_transaction_pool_monitor::mempool_monitor[0m[2m:[0m 🎯 Router transaction detected: 0xa53aab70f56baed63e7a2fd777e8ea6ce38570e28f99d5a55bab4f31ee4da429 -> 0x7a250d5630B4cF539739dF2C5dAcb4c659F2488D
[2m2025-12-11T04:36:33.028204Z[0m [32m INFO[0m [2methereum_transaction_pool_monitor::mempool_monitor[0m[2m:[0m ✨ Potential MEV target: 0xa53aab70f56baed63e7a2fd777e8ea6ce38570e28f99d5a55bab4f31ee4da429 ($0, 0.0 gwei)
[2m2025-12-11T04:36:36.649986Z[0m [32m INFO[0m [2methereum_transaction_pool_monitor::bot_runner[0m[2m:[0m 🤖 MEV Bot Stats | Uptime: 0.7h | Opportunities: 0 | Bundles: 0/0 (0.0%) | Profit: 0.0000 ETH | Rate: 0.00/h
[2m2025-12-11T04:36:46.514174Z[0m [32m INFO[0m [2methereum_transaction_pool_monitor::bot_runner[0m[2m:[0m 🤖 MEV Bot Stats | Uptime: 0.7h | Opportunities: 0 | Bundles: 0/0 (0.0%) | Profit: 0.0000 ETH | Rate: 0.00/h
[2m2025-12-11T04:36:49.914453Z[0m [32m INFO[0m [2methereum_transaction_pool_monitor::mempool_monitor[0m[2m:[0m 🎯 Router transaction detected: 0xdafc069bbdb09e4ba989fa29ff0a1f7a5385079582f3b7240d7d53e8d7f57d67 -> 0x7a250d5630B4cF539739dF2C5dAcb4c659F2488D
[2m2025-12-11T04:36:49.914568Z[0m [32m INFO[0m [2methereum_transaction_pool_monitor::mempool_monitor[0m[2m:[0m ✨ Potential MEV target: 0xdafc069bbdb09e4ba989fa29ff0a1f7a5385079582f3b7240d7d53e8d7f57d67 ($0, 0.0 gwei)
[2m2025-12-11T04:36:56.588695Z[0m [32m INFO[0m [2methereum_transaction_pool_monitor::bot_runner[0m[2m:[0m 🤖 MEV Bot Stats | Uptime: 0.7h | Opportunities: 0 | Bundles: 0/0 (0.0%) | Profit: 0.0000 ETH | Rate: 0.00/h
[2m2025-12-11T04:37:06.557511Z[0m [32m INFO[0m [2methereum_transaction_pool_monitor::bot_runner[0m[2m:[0m 🤖 MEV Bot Stats | Uptime: 0.8h | Opportunities: 0 | Bundles: 0/0 (0.0%) | Profit: 0.0000 ETH | Rate: 0.00/h
[2m2025-12-11T04:37:16.787166Z[0m [32m INFO[0m [2methereum_transaction_pool_monitor::bot_runner[0m[2m:[0m 🤖 MEV Bot Stats | Uptime: 0.8h | Opportunities: 0 | Bundles: 0/0 (0.0%) | Profit: 0.0000 ETH | Rate: 0.00/h
[2m2025-12-11T04:37:26.514209Z[0m [32m INFO[0m [2methereum_transaction_pool_monitor::bot_runner[0m[2m:[0m 🤖 MEV Bot Stats | Uptime: 0.8h | Opportunities: 0 | Bundles: 0/0 (0.0%) | Profit: 0.0000 ETH | Rate: 0.00/h
[2m2025-12-11T04:37:29.227722Z[0m [32m INFO[0m [2methereum_transaction_pool_monitor::mempool_monitor[0m[2m:[0m 🎯 Router transaction detected: 0xd73a9b69be3ac1fb637e9453c8173e95030dd4e815fca73e7866e2d68b7ee290 -> 0x7a250d5630B4cF539739dF2C5dAcb4c659F2488D
[2m2025-12-11T04:37:29.227899Z[0m [32m INFO[0m [2methereum_transaction_pool_monitor::mempool_monitor[0m[2m:[0m 📊 Detected swapExactETHForTokens
[2m2025-12-11T04:37:29.227919Z[0m [32m INFO[0m [2methereum_transaction_pool_monitor::mempool_monitor[0m[2m:[0m 🔍 ETH swap path offset: 128
[2m2025-12-11T04:37:29.227930Z[0m [32m INFO[0m [2methereum_transaction_pool_monitor::mempool_monitor[0m[2m:[0m 🔍 ETH swap path length: 2
[2m2025-12-11T04:37:29.227939Z[0m [32m INFO[0m [2methereum_transaction_pool_monitor::mempool_monitor[0m[2m:[0m 🔍 ETH swap extracted token pair: 0xC02aaA39b223FE8D0A0e5C4F27eAD9083C756Cc2 -> 0x546f90a92ff773697AE4ab1Aa69029842671f712
[2m2025-12-11T04:37:29.228007Z[0m [32m INFO[0m [2methereum_transaction_pool_monitor::mempool_monitor[0m[2m:[0m 🔍 Searching for pool with tokens 0xC02aaA39b223FE8D0A0e5C4F27eAD9083C756Cc2 and 0x546f90a92ff773697AE4ab1Aa69029842671f712
[2m2025-12-11T04:37:29.778736Z[0m [32m INFO[0m [2methereum_transaction_pool_monitor::mempool_monitor[0m[2m:[0m 🔍 No pool found for token pair 0xC02aaA39b223FE8D0A0e5C4F27eAD9083C756Cc2 -> 0x546f90a92ff773697AE4ab1Aa69029842671f712
[2m2025-12-11T04:37:29.778892Z[0m [32m INFO[0m [2methereum_transaction_pool_monitor::mempool_monitor[0m[2m:[0m ✨ Potential MEV target: 0xd73a9b69be3ac1fb637e9453c8173e95030dd4e815fca73e7866e2d68b7ee290 ($0, 0.0 gwei)
[2m2025-12-11T04:37:36.596094Z[0m [32m INFO[0m [2methereum_transaction_pool_monitor::bot_runner[0m[2m:[0m 🤖 MEV Bot Stats | Uptime: 0.8h | Opportunities: 0 | Bundles: 0/0 (0.0%) | Profit: 0.0000 ETH | Rate: 0.00/h
[2m2025-12-11T04:37:43.720578Z[0m [32m INFO[0m [2methereum_transaction_pool_monitor::mempool_monitor[0m[2m:[0m 🎯 Router transaction detected: 0x332a6df279b105414ea69f458949f5ba98c959dc6eae3a7259560ba7ab000808 -> 0x7a250d5630B4cF539739dF2C5dAcb4c659F2488D
[2m2025-12-11T04:37:43.720822Z[0m [32m INFO[0m [2methereum_transaction_pool_monitor::mempool_monitor[0m[2m:[0m 📊 Detected swapExactETHForTokens
[2m2025-12-11T04:37:43.720845Z[0m [32m INFO[0m [2methereum_transaction_pool_monitor::mempool_monitor[0m[2m:[0m 🔍 ETH swap path offset: 128
[2m2025-12-11T04:37:43.720859Z[0m [32m INFO[0m [2methereum_transaction_pool_monitor::mempool_monitor[0m[2m:[0m 🔍 ETH swap path length: 2
[2m2025-12-11T04:37:43.720872Z[0m [32m INFO[0m [2methereum_transaction_pool_monitor::mempool_monitor[0m[2m:[0m 🔍 ETH swap extracted token pair: 0xC02aaA39b223FE8D0A0e5C4F27eAD9083C756Cc2 -> 0xd23f659442d22BECC90707f5A1f99f051E2fc3B9
[2m2025-12-11T04:37:43.720974Z[0m [32m INFO[0m [2methereum_transaction_pool_monitor::mempool_monitor[0m[2m:[0m 🔍 Searching for pool with tokens 0xC02aaA39b223FE8D0A0e5C4F27eAD9083C756Cc2 and 0xd23f659442d22BECC90707f5A1f99f051E2fc3B9
[2m2025-12-11T04:37:44.259368Z[0m [32m INFO[0m [2methereum_transaction_pool_monitor::mempool_monitor[0m[2m:[0m 🔍 No pool found for token pair 0xC02aaA39b223FE8D0A0e5C4F27eAD9083C756Cc2 -> 0xd23f659442d22BECC90707f5A1f99f051E2fc3B9
[2m2025-12-11T04:37:44.259496Z[0m [32m INFO[0m [2methereum_transaction_pool_monitor::mempool_monitor[0m[2m:[0m ✨ Potential MEV target: 0x332a6df279b105414ea69f458949f5ba98c959dc6eae3a7259560ba7ab000808 ($0, 0.0 gwei)
[2m2025-12-11T04:37:46.513094Z[0m [32m INFO[0m [2methereum_transaction_pool_monitor::bot_runner[0m[2m:[0m 🤖 MEV Bot Stats | Uptime: 0.8h | Opportunities: 0 | Bundles: 0/0 (0.0%) | Profit: 0.0000 ETH | Rate: 0.00/h
[2m2025-12-11T04:37:56.545796Z[0m [32m INFO[0m [2methereum_transaction_pool_monitor::bot_runner[0m[2m:[0m 🤖 MEV Bot Stats | Uptime: 0.8h | Opportunities: 0 | Bundles: 0/0 (0.0%) | Profit: 0.0000 ETH | Rate: 0.00/h
[2m2025-12-11T04:37:59.517360Z[0m [32m INFO[0m [2methereum_transaction_pool_monitor::mempool_monitor[0m[2m:[0m 🎯 Router transaction detected: 0x6450f8383a3461338d7cc7e30550127885a18f0026965aefa4dbd0ad674cdd6d -> 0x7a250d5630B4cF539739dF2C5dAcb4c659F2488D
[2m2025-12-11T04:37:59.517492Z[0m [32m INFO[0m [2methereum_transaction_pool_monitor::mempool_monitor[0m[2m:[0m ✨ Potential MEV target: 0x6450f8383a3461338d7cc7e30550127885a18f0026965aefa4dbd0ad674cdd6d ($0, 0.0 gwei)
[2m2025-12-11T04:38:06.513876Z[0m [32m INFO[0m [2methereum_transaction_pool_monitor::bot_runner[0m[2m:[0m 🤖 MEV Bot Stats | Uptime: 0.8h | Opportunities: 0 | Bundles: 0/0 (0.0%) | Profit: 0.0000 ETH | Rate: 0.00/h
[2m2025-12-11T04:38:16.514466Z[0m [32m INFO[0m [2methereum_transaction_pool_monitor::bot_runner[0m[2m:[0m 🤖 MEV Bot Stats | Uptime: 0.8h | Opportunities: 0 | Bundles: 0/0 (0.0%) | Profit: 0.0000 ETH | Rate: 0.00/h
[2m2025-12-11T04:38:26.787916Z[0m [32m INFO[0m [2methereum_transaction_pool_monitor::bot_runner[0m[2m:[0m 🤖 MEV Bot Stats | Uptime: 0.8h | Opportunities: 0 | Bundles: 0/0 (0.0%) | Profit: 0.0000 ETH | Rate: 0.00/h
[2m2025-12-11T04:38:36.635554Z[0m [32m INFO[0m [2methereum_transaction_pool_monitor::bot_runner[0m[2m:[0m 🤖 MEV Bot Stats | Uptime: 0.8h | Opportunities: 0 | Bundles: 0/0 (0.0%) | Profit: 0.0000 ETH | Rate: 0.00/h
[2m2025-12-11T04:38:46.513826Z[0m [32m INFO[0m [2methereum_transaction_pool_monitor::bot_runner[0m[2m:[0m 🤖 MEV Bot Stats | Uptime: 0.8h | Opportunities: 0 | Bundles: 0/0 (0.0%) | Profit: 0.0000 ETH | Rate: 0.00/h
[2m2025-12-11T04:38:56.514132Z[0m [32m INFO[0m [2methereum_transaction_pool_monitor::bot_runner[0m[2m:[0m 🤖 MEV Bot Stats | Uptime: 0.8h | Opportunities: 0 | Bundles: 0/0 (0.0%) | Profit: 0.0000 ETH | Rate: 0.00/h
[2m2025-12-11T04:39:00.648053Z[0m [32m INFO[0m [2methereum_transaction_pool_monitor::mempool_monitor[0m[2m:[0m 🎯 Router transaction detected: 0x0d2ed71f2830443ca9f2ef047b386c5634c4ee41fff4db4eae1a167cb6cfb30c -> 0x7a250d5630B4cF539739dF2C5dAcb4c659F2488D
[2m2025-12-11T04:39:00.648321Z[0m [32m INFO[0m [2methereum_transaction_pool_monitor::mempool_monitor[0m[2m:[0m ✨ Potential MEV target: 0x0d2ed71f2830443ca9f2ef047b386c5634c4ee41fff4db4eae1a167cb6cfb30c ($0, 0.0 gwei)
[2m2025-12-11T04:39:06.513406Z[0m [32m INFO[0m [2methereum_transaction_pool_monitor::bot_runner[0m[2m:[0m 🤖 MEV Bot Stats | Uptime: 0.8h | Opportunities: 0 | Bundles: 0/0 (0.0%) | Profit: 0.0000 ETH | Rate: 0.00/h
[2m2025-12-11T04:39:08.862554Z[0m [32m INFO[0m [2methereum_transaction_pool_monitor::mempool_monitor[0m[2m:[0m 🎯 Router transaction detected: 0xc33459b11649f0898d7bad55b830ad555273cbd114c4f3cf192bc41f8274af97 -> 0x7a250d5630B4cF539739dF2C5dAcb4c659F2488D
[2m2025-12-11T04:39:08.862710Z[0m [32m INFO[0m [2methereum_transaction_pool_monitor::mempool_monitor[0m[2m:[0m 📊 Detected swapExactETHForTokens
[2m2025-12-11T04:39:08.862724Z[0m [32m INFO[0m [2methereum_transaction_pool_monitor::mempool_monitor[0m[2m:[0m 🔍 ETH swap path offset: 128
[2m2025-12-11T04:39:08.862733Z[0m [32m INFO[0m [2methereum_transaction_pool_monitor::mempool_monitor[0m[2m:[0m 🔍 ETH swap path length: 2
[2m2025-12-11T04:39:08.862741Z[0m [32m INFO[0m [2methereum_transaction_pool_monitor::mempool_monitor[0m[2m:[0m 🔍 ETH swap extracted token pair: 0xC02aaA39b223FE8D0A0e5C4F27eAD9083C756Cc2 -> 0x546f90a92ff773697AE4ab1Aa69029842671f712
[2m2025-12-11T04:39:08.862801Z[0m [32m INFO[0m [2methereum_transaction_pool_monitor::mempool_monitor[0m[2m:[0m 🔍 Searching for pool with tokens 0xC02aaA39b223FE8D0A0e5C4F27eAD9083C756Cc2 and 0x546f90a92ff773697AE4ab1Aa69029842671f712
[2m2025-12-11T04:39:09.410552Z[0m [32m INFO[0m [2methereum_transaction_pool_monitor::mempool_monitor[0m[2m:[0m 🔍 No pool found for token pair 0xC02aaA39b223FE8D0A0e5C4F27eAD9083C756Cc2 -> 0x546f90a92ff773697AE4ab1Aa69029842671f712
[2m2025-12-11T04:39:09.410675Z[0m [32m INFO[0m [2methereum_transaction_pool_monitor::mempool_monitor[0m[2m:[0m ✨ Potential MEV target: 0xc33459b11649f0898d7bad55b830ad555273cbd114c4f3cf192bc41f8274af97 ($0, 0.0 gwei)
[2m2025-12-11T04:39:16.514061Z[0m [32m INFO[0m [2methereum_transaction_pool_monitor::bot_runner[0m[2m:[0m 🤖 MEV Bot Stats | Uptime: 0.8h | Opportunities: 0 | Bundles: 0/0 (0.0%) | Profit: 0.0000 ETH | Rate: 0.00/h
[2m2025-12-11T04:39:24.603371Z[0m [32m INFO[0m [2methereum_transaction_pool_monitor::mempool_monitor[0m[2m:[0m 🎯 Router transaction detected: 0x4ca9fe1b7a6d485f7e969936bef9339c0cb85ed38bf27ab1fb3dbfb1d7827c67 -> 0x7a250d5630B4cF539739dF2C5dAcb4c659F2488D
[2m2025-12-11T04:39:24.603541Z[0m [32m INFO[0m [2methereum_transaction_pool_monitor::mempool_monitor[0m[2m:[0m 📊 Detected swapExactETHForTokens
[2m2025-12-11T04:39:24.603558Z[0m [32m INFO[0m [2methereum_transaction_pool_monitor::mempool_monitor[0m[2m:[0m 🔍 ETH swap path offset: 128
[2m2025-12-11T04:39:24.603566Z[0m [32m INFO[0m [2methereum_transaction_pool_monitor::mempool_monitor[0m[2m:[0m 🔍 ETH swap path length: 2
[2m2025-12-11T04:39:24.603574Z[0m [32m INFO[0m [2methereum_transaction_pool_monitor::mempool_monitor[0m[2m:[0m 🔍 ETH swap extracted token pair: 0xC02aaA39b223FE8D0A0e5C4F27eAD9083C756Cc2 -> 0xd23f659442d22BECC90707f5A1f99f051E2fc3B9
[2m2025-12-11T04:39:24.603629Z[0m [32m INFO[0m [2methereum_transaction_pool_monitor::mempool_monitor[0m[2m:[0m 🔍 Searching for pool with tokens 0xC02aaA39b223FE8D0A0e5C4F27eAD9083C756Cc2 and 0xd23f659442d22BECC90707f5A1f99f051E2fc3B9
[2m2025-12-11T04:39:25.299952Z[0m [32m INFO[0m [2methereum_transaction_pool_monitor::mempool_monitor[0m[2m:[0m 🔍 No pool found for token pair 0xC02aaA39b223FE8D0A0e5C4F27eAD9083C756Cc2 -> 0xd23f659442d22BECC90707f5A1f99f051E2fc3B9
[2m2025-12-11T04:39:25.300164Z[0m [32m INFO[0m [2methereum_transaction_pool_monitor::mempool_monitor[0m[2m:[0m ✨ Potential MEV target: 0x4ca9fe1b7a6d485f7e969936bef9339c0cb85ed38bf27ab1fb3dbfb1d7827c67 ($0, 0.0 gwei)
[2m2025-12-11T04:39:26.592164Z[0m [32m INFO[0m [2methereum_transaction_pool_monitor::bot_runner[0m[2m:[0m 🤖 MEV Bot Stats | Uptime: 0.8h | Opportunities: 0 | Bundles: 0/0 (0.0%) | Profit: 0.0000 ETH | Rate: 0.00/h
[2m2025-12-11T04:39:36.961195Z[0m [32m INFO[0m [2methereum_transaction_pool_monitor::bot_runner[0m[2m:[0m 🤖 MEV Bot Stats | Uptime: 0.8h | Opportunities: 0 | Bundles: 0/0 (0.0%) | Profit: 0.0000 ETH | Rate: 0.00/h
[2m2025-12-11T04:39:43.803227Z[0m [32m INFO[0m [2methereum_transaction_pool_monitor::mempool_monitor[0m[2m:[0m 🎯 Router transaction detected: 0xf27cdf72467eb5fd23acb87c9415a426fb6bfacfdcf2a8d60b4a9052c689d07f -> 0x68b3465833fb72A70ecDF485E0e4C7bD8665Fc45
[2m2025-12-11T04:39:43.803430Z[0m [32m INFO[0m [2methereum_transaction_pool_monitor::mempool_monitor[0m[2m:[0m ✨ Potential MEV target: 0xf27cdf72467eb5fd23acb87c9415a426fb6bfacfdcf2a8d60b4a9052c689d07f ($0, 0.0 gwei)
[2m2025-12-11T04:39:46.512883Z[0m [32m INFO[0m [2methereum_transaction_pool_monitor::bot_runner[0m[2m:[0m 🤖 MEV Bot Stats | Uptime: 0.8h | Opportunities: 0 | Bundles: 0/0 (0.0%) | Profit: 0.0000 ETH | Rate: 0.00/h
[2m2025-12-11T04:39:56.697448Z[0m [32m INFO[0m [2methereum_transaction_pool_monitor::bot_runner[0m[2m:[0m 🤖 MEV Bot Stats | Uptime: 0.8h | Opportunities: 0 | Bundles: 0/0 (0.0%) | Profit: 0.0000 ETH | Rate: 0.00/h
[2m2025-12-11T04:40:06.557807Z[0m [32m INFO[0m [2methereum_transaction_pool_monitor::bot_runner[0m[2m:[0m 🤖 MEV Bot Stats | Uptime: 0.8h | Opportunities: 0 | Bundles: 0/0 (0.0%) | Profit: 0.0000 ETH | Rate: 0.00/h
[2m2025-12-11T04:40:16.697667Z[0m [32m INFO[0m [2methereum_transaction_pool_monitor::bot_runner[0m[2m:[0m 🤖 MEV Bot Stats | Uptime: 0.8h | Opportunities: 0 | Bundles: 0/0 (0.0%) | Profit: 0.0000 ETH | Rate: 0.00/h
[2m2025-12-11T04:40:26.513810Z[0m [32m INFO[0m [2methereum_transaction_pool_monitor::bot_runner[0m[2m:[0m 🤖 MEV Bot Stats | Uptime: 0.8h | Opportunities: 0 | Bundles: 0/0 (0.0%) | Profit: 0.0000 ETH | Rate: 0.00/h
[2m2025-12-11T04:40:36.512744Z[0m [32m INFO[0m [2methereum_transaction_pool_monitor::bot_runner[0m[2m:[0m 🤖 MEV Bot Stats | Uptime: 0.8h | Opportunities: 0 | Bundles: 0/0 (0.0%) | Profit: 0.0000 ETH | Rate: 0.00/h
[2m2025-12-11T04:40:46.564003Z[0m [32m INFO[0m [2methereum_transaction_pool_monitor::bot_runner[0m[2m:[0m 🤖 MEV Bot Stats | Uptime: 0.8h | Opportunities: 0 | Bundles: 0/0 (0.0%) | Profit: 0.0000 ETH | Rate: 0.00/h
[2m2025-12-11T04:40:56.577624Z[0m [32m INFO[0m [2methereum_transaction_pool_monitor::bot_runner[0m[2m:[0m 🤖 MEV Bot Stats | Uptime: 0.8h | Opportunities: 0 | Bundles: 0/0 (0.0%) | Profit: 0.0000 ETH | Rate: 0.00/h
[2m2025-12-11T04:41:04.765281Z[0m [32m INFO[0m [2methereum_transaction_pool_monitor::mempool_monitor[0m[2m:[0m 🎯 Router transaction detected: 0xc18bd56250429824b45dfb52dcbfe11ebb147dc843e22aa083708c097b70e6f7 -> 0x68b3465833fb72A70ecDF485E0e4C7bD8665Fc45
[2m2025-12-11T04:41:04.765441Z[0m [32m INFO[0m [2methereum_transaction_pool_monitor::mempool_monitor[0m[2m:[0m ✨ Potential MEV target: 0xc18bd56250429824b45dfb52dcbfe11ebb147dc843e22aa083708c097b70e6f7 ($0, 0.0 gwei)
[2m2025-12-11T04:41:06.513255Z[0m [32m INFO[0m [2methereum_transaction_pool_monitor::bot_runner[0m[2m:[0m 🤖 MEV Bot Stats | Uptime: 0.8h | Opportunities: 0 | Bundles: 0/0 (0.0%) | Profit: 0.0000 ETH | Rate: 0.00/h
[2m2025-12-11T04:41:16.674305Z[0m [32m INFO[0m [2methereum_transaction_pool_monitor::bot_runner[0m[2m:[0m 🤖 MEV Bot Stats | Uptime: 0.8h | Opportunities: 0 | Bundles: 0/0 (0.0%) | Profit: 0.0000 ETH | Rate: 0.00/h
[2m2025-12-11T04:41:26.514660Z[0m [32m INFO[0m [2methereum_transaction_pool_monitor::bot_runner[0m[2m:[0m 🤖 MEV Bot Stats | Uptime: 0.8h | Opportunities: 0 | Bundles: 0/0 (0.0%) | Profit: 0.0000 ETH | Rate: 0.00/h
[2m2025-12-11T04:41:36.669798Z[0m [32m INFO[0m [2methereum_transaction_pool_monitor::bot_runner[0m[2m:[0m 🤖 MEV Bot Stats | Uptime: 0.8h | Opportunities: 0 | Bundles: 0/0 (0.0%) | Profit: 0.0000 ETH | Rate: 0.00/h
[2m2025-12-11T04:41:46.746133Z[0m [32m INFO[0m [2methereum_transaction_pool_monitor::bot_runner[0m[2m:[0m 🤖 MEV Bot Stats | Uptime: 0.8h | Opportunities: 0 | Bundles: 0/0 (0.0%) | Profit: 0.0000 ETH | Rate: 0.00/h
[2m2025-12-11T04:41:48.772808Z[0m [32m INFO[0m [2methereum_transaction_pool_monitor::mempool_monitor[0m[2m:[0m 🎯 Router transaction detected: 0xf496534c05f5b982f6e958c86c5070979e95a7c5c19b400c7f55b5cb67d1589f -> 0x7a250d5630B4cF539739dF2C5dAcb4c659F2488D
[2m2025-12-11T04:41:48.772914Z[0m [32m INFO[0m [2methereum_transaction_pool_monitor::mempool_monitor[0m[2m:[0m ✨ Potential MEV target: 0xf496534c05f5b982f6e958c86c5070979e95a7c5c19b400c7f55b5cb67d1589f ($0, 0.0 gwei)
[2m2025-12-11T04:41:56.514696Z[0m [32m INFO[0m [2methereum_transaction_pool_monitor::bot_runner[0m[2m:[0m 🤖 MEV Bot Stats | Uptime: 0.8h | Opportunities: 0 | Bundles: 0/0 (0.0%) | Profit: 0.0000 ETH | Rate: 0.00/h
[2m2025-12-11T04:42:03.777522Z[0m [32m INFO[0m [2methereum_transaction_pool_monitor::mempool_monitor[0m[2m:[0m 🎯 Router transaction detected: 0x40f6919738902d996f1f11ebb589f81b8813970a0fc69541fb3771f31e935514 -> 0x7a250d5630B4cF539739dF2C5dAcb4c659F2488D
[2m2025-12-11T04:42:03.777613Z[0m [32m INFO[0m [2methereum_transaction_pool_monitor::mempool_monitor[0m[2m:[0m ✨ Potential MEV target: 0x40f6919738902d996f1f11ebb589f81b8813970a0fc69541fb3771f31e935514 ($0, 0.0 gwei)
[2m2025-12-11T04:42:05.938996Z[0m [32m INFO[0m [2methereum_transaction_pool_monitor::mempool_monitor[0m[2m:[0m 🎯 Router transaction detected: 0x4b9624cd88148c08b4dc584bc550e8cf08b81af8842765827eeb52b86a18b4e6 -> 0x881D40237659C251811CEC9c364ef91dC08D300C
[2m2025-12-11T04:42:05.939296Z[0m [32m INFO[0m [2methereum_transaction_pool_monitor::mempool_monitor[0m[2m:[0m ✨ Potential MEV target: 0x4b9624cd88148c08b4dc584bc550e8cf08b81af8842765827eeb52b86a18b4e6 ($0, 0.0 gwei)
[2m2025-12-11T04:42:06.573098Z[0m [32m INFO[0m [2methereum_transaction_pool_monitor::bot_runner[0m[2m:[0m 🤖 MEV Bot Stats | Uptime: 0.8h | Opportunities: 0 | Bundles: 0/0 (0.0%) | Profit: 0.0000 ETH | Rate: 0.00/h
[2m2025-12-11T04:42:16.585362Z[0m [32m INFO[0m [2methereum_transaction_pool_monitor::bot_runner[0m[2m:[0m 🤖 MEV Bot Stats | Uptime: 0.8h | Opportunities: 0 | Bundles: 0/0 (0.0%) | Profit: 0.0000 ETH | Rate: 0.00/h
[2m2025-12-11T04:42:16.592624Z[0m [32m INFO[0m [2methereum_transaction_pool_monitor::mempool_monitor[0m[2m:[0m 🎯 Router transaction detected: 0x604df15de8d16cf7dfc29235d5d93ee8fcee3fb807aff8c8ea12b54008b3437d -> 0x7a250d5630B4cF539739dF2C5dAcb4c659F2488D
[2m2025-12-11T04:42:16.592741Z[0m [32m INFO[0m [2methereum_transaction_pool_monitor::mempool_monitor[0m[2m:[0m 📊 Detected swapExactETHForTokens
[2m2025-12-11T04:42:16.592752Z[0m [32m INFO[0m [2methereum_transaction_pool_monitor::mempool_monitor[0m[2m:[0m 🔍 ETH swap path offset: 128
[2m2025-12-11T04:42:16.592758Z[0m [32m INFO[0m [2methereum_transaction_pool_monitor::mempool_monitor[0m[2m:[0m 🔍 ETH swap path length: 2
[2m2025-12-11T04:42:16.592764Z[0m [32m INFO[0m [2methereum_transaction_pool_monitor::mempool_monitor[0m[2m:[0m 🔍 ETH swap extracted token pair: 0xC02aaA39b223FE8D0A0e5C4F27eAD9083C756Cc2 -> 0x546f90a92ff773697AE4ab1Aa69029842671f712
[2m2025-12-11T04:42:16.592805Z[0m [32m INFO[0m [2methereum_transaction_pool_monitor::mempool_monitor[0m[2m:[0m 🔍 Searching for pool with tokens 0xC02aaA39b223FE8D0A0e5C4F27eAD9083C756Cc2 and 0x546f90a92ff773697AE4ab1Aa69029842671f712
[2m2025-12-11T04:42:17.001955Z[0m [32m INFO[0m [2methereum_transaction_pool_monitor::mempool_monitor[0m[2m:[0m 🔍 No pool found for token pair 0xC02aaA39b223FE8D0A0e5C4F27eAD9083C756Cc2 -> 0x546f90a92ff773697AE4ab1Aa69029842671f712
[2m2025-12-11T04:42:17.002052Z[0m [32m INFO[0m [2methereum_transaction_pool_monitor::mempool_monitor[0m[2m:[0m ✨ Potential MEV target: 0x604df15de8d16cf7dfc29235d5d93ee8fcee3fb807aff8c8ea12b54008b3437d ($0, 0.0 gwei)
[2m2025-12-11T04:42:26.513914Z[0m [32m INFO[0m [2methereum_transaction_pool_monitor::bot_runner[0m[2m:[0m 🤖 MEV Bot Stats | Uptime: 0.8h | Opportunities: 0 | Bundles: 0/0 (0.0%) | Profit: 0.0000 ETH | Rate: 0.00/h
[2m2025-12-11T04:42:36.514259Z[0m [32m INFO[0m [2methereum_transaction_pool_monitor::bot_runner[0m[2m:[0m 🤖 MEV Bot Stats | Uptime: 0.8h | Opportunities: 0 | Bundles: 0/0 (0.0%) | Profit: 0.0000 ETH | Rate: 0.00/h
[2m2025-12-11T04:42:46.866481Z[0m [32m INFO[0m [2methereum_transaction_pool_monitor::bot_runner[0m[2m:[0m 🤖 MEV Bot Stats | Uptime: 0.8h | Opportunities: 0 | Bundles: 0/0 (0.0%) | Profit: 0.0000 ETH | Rate: 0.00/h
[2m2025-12-11T04:42:55.169808Z[0m [32m INFO[0m [2methereum_transaction_pool_monitor::mempool_monitor[0m[2m:[0m 🎯 Router transaction detected: 0x71876e9a66c0f745ecce3ef2e69823111bead43420a97a3200023f68e9700500 -> 0x7a250d5630B4cF539739dF2C5dAcb4c659F2488D
[2m2025-12-11T04:42:55.170194Z[0m [32m INFO[0m [2methereum_transaction_pool_monitor::mempool_monitor[0m[2m:[0m 📊 Detected swapExactETHForTokens
[2m2025-12-11T04:42:55.170219Z[0m [32m INFO[0m [2methereum_transaction_pool_monitor::mempool_monitor[0m[2m:[0m 🔍 ETH swap path offset: 128
[2m2025-12-11T04:42:55.170227Z[0m [32m INFO[0m [2methereum_transaction_pool_monitor::mempool_monitor[0m[2m:[0m 🔍 ETH swap path length: 2
[2m2025-12-11T04:42:55.170235Z[0m [32m INFO[0m [2methereum_transaction_pool_monitor::mempool_monitor[0m[2m:[0m 🔍 ETH swap extracted token pair: 0xC02aaA39b223FE8D0A0e5C4F27eAD9083C756Cc2 -> 0x8CddEd061B6862F4483aF5c9f7DF4a6c833eDbd9
[2m2025-12-11T04:42:55.170290Z[0m [32m INFO[0m [2methereum_transaction_pool_monitor::mempool_monitor[0m[2m:[0m 🔍 Searching for pool with tokens 0xC02aaA39b223FE8D0A0e5C4F27eAD9083C756Cc2 and 0x8CddEd061B6862F4483aF5c9f7DF4a6c833eDbd9
[2m2025-12-11T04:42:55.673041Z[0m [32m INFO[0m [2methereum_transaction_pool_monitor::mempool_monitor[0m[2m:[0m 🔍 No pool found for token pair 0xC02aaA39b223FE8D0A0e5C4F27eAD9083C756Cc2 -> 0x8CddEd061B6862F4483aF5c9f7DF4a6c833eDbd9
[2m2025-12-11T04:42:55.673154Z[0m [32m INFO[0m [2methereum_transaction_pool_monitor::mempool_monitor[0m[2m:[0m ✨ Potential MEV target: 0x71876e9a66c0f745ecce3ef2e69823111bead43420a97a3200023f68e9700500 ($0, 0.0 gwei)
[2m2025-12-11T04:42:56.554700Z[0m [32m INFO[0m [2methereum_transaction_pool_monitor::bot_runner[0m[2m:[0m 🤖 MEV Bot Stats | Uptime: 0.8h | Opportunities: 0 | Bundles: 0/0 (0.0%) | Profit: 0.0000 ETH | Rate: 0.00/h
[2m2025-12-11T04:43:06.989449Z[0m [32m INFO[0m [2methereum_transaction_pool_monitor::bot_runner[0m[2m:[0m 🤖 MEV Bot Stats | Uptime: 0.9h | Opportunities: 0 | Bundles: 0/0 (0.0%) | Profit: 0.0000 ETH | Rate: 0.00/h
[2m2025-12-11T04:43:16.515446Z[0m [32m INFO[0m [2methereum_transaction_pool_monitor::bot_runner[0m[2m:[0m 🤖 MEV Bot Stats | Uptime: 0.9h | Opportunities: 0 | Bundles: 0/0 (0.0%) | Profit: 0.0000 ETH | Rate: 0.00/h
[2m2025-12-11T04:43:27.047220Z[0m [32m INFO[0m [2methereum_transaction_pool_monitor::bot_runner[0m[2m:[0m 🤖 MEV Bot Stats | Uptime: 0.9h | Opportunities: 0 | Bundles: 0/0 (0.0%) | Profit: 0.0000 ETH | Rate: 0.00/h
[2m2025-12-11T04:43:36.515368Z[0m [32m INFO[0m [2methereum_transaction_pool_monitor::bot_runner[0m[2m:[0m 🤖 MEV Bot Stats | Uptime: 0.9h | Opportunities: 0 | Bundles: 0/0 (0.0%) | Profit: 0.0000 ETH | Rate: 0.00/h
[2m2025-12-11T04:43:46.513983Z[0m [32m INFO[0m [2methereum_transaction_pool_monitor::bot_runner[0m[2m:[0m 🤖 MEV Bot Stats | Uptime: 0.9h | Opportunities: 0 | Bundles: 0/0 (0.0%) | Profit: 0.0000 ETH | Rate: 0.00/h
[2m2025-12-11T04:43:56.513656Z[0m [32m INFO[0m [2methereum_transaction_pool_monitor::bot_runner[0m[2m:[0m 🤖 MEV Bot Stats | Uptime: 0.9h | Opportunities: 0 | Bundles: 0/0 (0.0%) | Profit: 0.0000 ETH | Rate: 0.00/h
[2m2025-12-11T04:44:06.513549Z[0m [32m INFO[0m [2methereum_transaction_pool_monitor::bot_runner[0m[2m:[0m 🤖 MEV Bot Stats | Uptime: 0.9h | Opportunities: 0 | Bundles: 0/0 (0.0%) | Profit: 0.0000 ETH | Rate: 0.00/h
[2m2025-12-11T04:44:16.515472Z[0m [32m INFO[0m [2methereum_transaction_pool_monitor::bot_runner[0m[2m:[0m 🤖 MEV Bot Stats | Uptime: 0.9h | Opportunities: 0 | Bundles: 0/0 (0.0%) | Profit: 0.0000 ETH | Rate: 0.00/h
[2m2025-12-11T04:44:26.514703Z[0m [32m INFO[0m [2methereum_transaction_pool_monitor::bot_runner[0m[2m:[0m 🤖 MEV Bot Stats | Uptime: 0.9h | Opportunities: 0 | Bundles: 0/0 (0.0%) | Profit: 0.0000 ETH | Rate: 0.00/h
[2m2025-12-11T04:44:36.514817Z[0m [32m INFO[0m [2methereum_transaction_pool_monitor::bot_runner[0m[2m:[0m 🤖 MEV Bot Stats | Uptime: 0.9h | Opportunities: 0 | Bundles: 0/0 (0.0%) | Profit: 0.0000 ETH | Rate: 0.00/h
[2m2025-12-11T04:44:46.673431Z[0m [32m INFO[0m [2methereum_transaction_pool_monitor::bot_runner[0m[2m:[0m 🤖 MEV Bot Stats | Uptime: 0.9h | Opportunities: 0 | Bundles: 0/0 (0.0%) | Profit: 0.0000 ETH | Rate: 0.00/h
[2m2025-12-11T04:44:53.852359Z[0m [32m INFO[0m [2methereum_transaction_pool_monitor::mempool_monitor[0m[2m:[0m 🎯 Router transaction detected: 0xf0550e7f2c5be00a5c5333cf7661d0592ef9f154366071efcd8b900740c6267f -> 0x7a250d5630B4cF539739dF2C5dAcb4c659F2488D
[2m2025-12-11T04:44:53.852472Z[0m [32m INFO[0m [2methereum_transaction_pool_monitor::mempool_monitor[0m[2m:[0m ✨ Potential MEV target: 0xf0550e7f2c5be00a5c5333cf7661d0592ef9f154366071efcd8b900740c6267f ($0, 0.0 gwei)
[2m2025-12-11T04:44:56.685631Z[0m [32m INFO[0m [2methereum_transaction_pool_monitor::bot_runner[0m[2m:[0m 🤖 MEV Bot Stats | Uptime: 0.9h | Opportunities: 0 | Bundles: 0/0 (0.0%) | Profit: 0.0000 ETH | Rate: 0.00/h
[2m2025-12-11T04:45:00.306814Z[0m [32m INFO[0m [2methereum_transaction_pool_monitor::mempool_monitor[0m[2m:[0m 🎯 Router transaction detected: 0x19b36f8a0ca540812ebf66c8a0a57ed6d5a561048090690a3b9ba1746faaea5d -> 0x7a250d5630B4cF539739dF2C5dAcb4c659F2488D
[2m2025-12-11T04:45:00.307726Z[0m [32m INFO[0m [2methereum_transaction_pool_monitor::mempool_monitor[0m[2m:[0m 📊 Detected swapExactETHForTokens
[2m2025-12-11T04:45:00.307736Z[0m [32m INFO[0m [2methereum_transaction_pool_monitor::mempool_monitor[0m[2m:[0m 🔍 ETH swap path offset: 128
[2m2025-12-11T04:45:00.307741Z[0m [32m INFO[0m [2methereum_transaction_pool_monitor::mempool_monitor[0m[2m:[0m 🔍 ETH swap path length: 2
[2m2025-12-11T04:45:00.307746Z[0m [32m INFO[0m [2methereum_transaction_pool_monitor::mempool_monitor[0m[2m:[0m 🔍 ETH swap extracted token pair: 0xC02aaA39b223FE8D0A0e5C4F27eAD9083C756Cc2 -> 0x8CddEd061B6862F4483aF5c9f7DF4a6c833eDbd9
[2m2025-12-11T04:45:00.307779Z[0m [32m INFO[0m [2methereum_transaction_pool_monitor::mempool_monitor[0m[2m:[0m 🔍 Searching for pool with tokens 0xC02aaA39b223FE8D0A0e5C4F27eAD9083C756Cc2 and 0x8CddEd061B6862F4483aF5c9f7DF4a6c833eDbd9
[2m2025-12-11T04:45:00.598227Z[0m [32m INFO[0m [2methereum_transaction_pool_monitor::mempool_monitor[0m[2m:[0m 🔍 No pool found for token pair 0xC02aaA39b223FE8D0A0e5C4F27eAD9083C756Cc2 -> 0x8CddEd061B6862F4483aF5c9f7DF4a6c833eDbd9
[2m2025-12-11T04:45:00.598304Z[0m [32m INFO[0m [2methereum_transaction_pool_monitor::mempool_monitor[0m[2m:[0m ✨ Potential MEV target: 0x19b36f8a0ca540812ebf66c8a0a57ed6d5a561048090690a3b9ba1746faaea5d ($0, 0.0 gwei)
[2m2025-12-11T04:45:06.515100Z[0m [32m INFO[0m [2methereum_transaction_pool_monitor::bot_runner[0m[2m:[0m 🤖 MEV Bot Stats | Uptime: 0.9h | Opportunities: 0 | Bundles: 0/0 (0.0%) | Profit: 0.0000 ETH | Rate: 0.00/h
[2m2025-12-11T04:45:08.022735Z[0m [32m INFO[0m [2methereum_transaction_pool_monitor::mempool_monitor[0m[2m:[0m 🎯 Router transaction detected: 0x6ef40db4bbab43a7619dd2ec309c5d10fb1086818bf9ef7621e018a6577451d3 -> 0x7a250d5630B4cF539739dF2C5dAcb4c659F2488D
[2m2025-12-11T04:45:08.022842Z[0m [32m INFO[0m [2methereum_transaction_pool_monitor::mempool_monitor[0m[2m:[0m ✨ Potential MEV target: 0x6ef40db4bbab43a7619dd2ec309c5d10fb1086818bf9ef7621e018a6577451d3 ($0, 0.0 gwei)
[2m2025-12-11T04:45:16.647745Z[0m [32m INFO[0m [2methereum_transaction_pool_monitor::bot_runner[0m[2m:[0m 🤖 MEV Bot Stats | Uptime: 0.9h | Opportunities: 0 | Bundles: 0/0 (0.0%) | Profit: 0.0000 ETH | Rate: 0.00/h
[2m2025-12-11T04:45:26.557506Z[0m [32m INFO[0m [2methereum_transaction_pool_monitor::bot_runner[0m[2m:[0m 🤖 MEV Bot Stats | Uptime: 0.9h | Opportunities: 0 | Bundles: 0/0 (0.0%) | Profit: 0.0000 ETH | Rate: 0.00/h
[2m2025-12-11T04:45:36.513987Z[0m [32m INFO[0m [2methereum_transaction_pool_monitor::bot_runner[0m[2m:[0m 🤖 MEV Bot Stats | Uptime: 0.9h | Opportunities: 0 | Bundles: 0/0 (0.0%) | Profit: 0.0000 ETH | Rate: 0.00/h
[2m2025-12-11T04:45:46.634229Z[0m [32m INFO[0m [2methereum_transaction_pool_monitor::bot_runner[0m[2m:[0m 🤖 MEV Bot Stats | Uptime: 0.9h | Opportunities: 0 | Bundles: 0/0 (0.0%) | Profit: 0.0000 ETH | Rate: 0.00/h
[2m2025-12-11T04:45:56.516071Z[0m [32m INFO[0m [2methereum_transaction_pool_monitor::bot_runner[0m[2m:[0m 🤖 MEV Bot Stats | Uptime: 0.9h | Opportunities: 0 | Bundles: 0/0 (0.0%) | Profit: 0.0000 ETH | Rate: 0.00/h
[2m2025-12-11T04:45:57.597159Z[0m [32m INFO[0m [2methereum_transaction_pool_monitor::mempool_monitor[0m[2m:[0m 🎯 Router transaction detected: 0x6b436122fd3b2f480603c186d1f01cf0baadaa712165507bb036833816bfacd5 -> 0x1111111254EEB25477B68fb85Ed929f73A960582
[2m2025-12-11T04:45:57.597336Z[0m [32m INFO[0m [2methereum_transaction_pool_monitor::mempool_monitor[0m[2m:[0m ✨ Potential MEV target: 0x6b436122fd3b2f480603c186d1f01cf0baadaa712165507bb036833816bfacd5 ($0, 0.0 gwei)
[2m2025-12-11T04:45:58.690851Z[0m [32m INFO[0m [2methereum_transaction_pool_monitor::mempool_monitor[0m[2m:[0m 🎯 Router transaction detected: 0x95401c6038e081ee0f6abeb369899e698488293eeb7ba1bf9210d1d14f4fefaa -> 0x7a250d5630B4cF539739dF2C5dAcb4c659F2488D
[2m2025-12-11T04:45:58.690950Z[0m [32m INFO[0m [2methereum_transaction_pool_monitor::mempool_monitor[0m[2m:[0m 📊 Detected swapExactETHForTokens
[2m2025-12-11T04:45:58.690960Z[0m [32m INFO[0m [2methereum_transaction_pool_monitor::mempool_monitor[0m[2m:[0m 🔍 ETH swap path offset: 128
[2m2025-12-11T04:45:58.690965Z[0m [32m INFO[0m [2methereum_transaction_pool_monitor::mempool_monitor[0m[2m:[0m 🔍 ETH swap path length: 2
[2m2025-12-11T04:45:58.690972Z[0m [32m INFO[0m [2methereum_transaction_pool_monitor::mempool_monitor[0m[2m:[0m 🔍 ETH swap extracted token pair: 0xC02aaA39b223FE8D0A0e5C4F27eAD9083C756Cc2 -> 0x8CddEd061B6862F4483aF5c9f7DF4a6c833eDbd9
[2m2025-12-11T04:45:58.691005Z[0m [32m INFO[0m [2methereum_transaction_pool_monitor::mempool_monitor[0m[2m:[0m 🔍 Searching for pool with tokens 0xC02aaA39b223FE8D0A0e5C4F27eAD9083C756Cc2 and 0x8CddEd061B6862F4483aF5c9f7DF4a6c833eDbd9
[2m2025-12-11T04:45:58.975238Z[0m [32m INFO[0m [2methereum_transaction_pool_monitor::mempool_monitor[0m[2m:[0m 🔍 No pool found for token pair 0xC02aaA39b223FE8D0A0e5C4F27eAD9083C756Cc2 -> 0x8CddEd061B6862F4483aF5c9f7DF4a6c833eDbd9
[2m2025-12-11T04:45:58.975315Z[0m [32m INFO[0m [2methereum_transaction_pool_monitor::mempool_monitor[0m[2m:[0m ✨ Potential MEV target: 0x95401c6038e081ee0f6abeb369899e698488293eeb7ba1bf9210d1d14f4fefaa ($0, 0.0 gwei)
[2m2025-12-11T04:46:06.515742Z[0m [32m INFO[0m [2methereum_transaction_pool_monitor::bot_runner[0m[2m:[0m 🤖 MEV Bot Stats | Uptime: 0.9h | Opportunities: 0 | Bundles: 0/0 (0.0%) | Profit: 0.0000 ETH | Rate: 0.00/h
[2m2025-12-11T04:46:16.525834Z[0m [32m INFO[0m [2methereum_transaction_pool_monitor::bot_runner[0m[2m:[0m 🤖 MEV Bot Stats | Uptime: 0.9h | Opportunities: 0 | Bundles: 0/0 (0.0%) | Profit: 0.0000 ETH | Rate: 0.00/h
[2m2025-12-11T04:46:26.514398Z[0m [32m INFO[0m [2methereum_transaction_pool_monitor::bot_runner[0m[2m:[0m 🤖 MEV Bot Stats | Uptime: 0.9h | Opportunities: 0 | Bundles: 0/0 (0.0%) | Profit: 0.0000 ETH | Rate: 0.00/h
[2m2025-12-11T04:46:32.198299Z[0m [32m INFO[0m [2methereum_transaction_pool_monitor::mempool_monitor[0m[2m:[0m 🎯 Router transaction detected: 0x772e607975315f762d0437cf1b5a3a1954f64ccb09398c22e5fea00aab6e1f79 -> 0x7a250d5630B4cF539739dF2C5dAcb4c659F2488D
[2m2025-12-11T04:46:32.199229Z[0m [32m INFO[0m [2methereum_transaction_pool_monitor::mempool_monitor[0m[2m:[0m ✨ Potential MEV target: 0x772e607975315f762d0437cf1b5a3a1954f64ccb09398c22e5fea00aab6e1f79 ($0, 0.0 gwei)
[2m2025-12-11T04:46:36.669879Z[0m [32m INFO[0m [2methereum_transaction_pool_monitor::bot_runner[0m[2m:[0m 🤖 MEV Bot Stats | Uptime: 0.9h | Opportunities: 0 | Bundles: 0/0 (0.0%) | Profit: 0.0000 ETH | Rate: 0.00/h
[2m2025-12-11T04:46:39.780644Z[0m [32m INFO[0m [2methereum_transaction_pool_monitor::mempool_monitor[0m[2m:[0m 🎯 Router transaction detected: 0x68affc0376dfd06406556391480ccda3811ef1e50dee28f67bc00d3b20309955 -> 0x1111111254EEB25477B68fb85Ed929f73A960582
[2m2025-12-11T04:46:39.781538Z[0m [32m INFO[0m [2methereum_transaction_pool_monitor::mempool_monitor[0m[2m:[0m ✨ Potential MEV target: 0x68affc0376dfd06406556391480ccda3811ef1e50dee28f67bc00d3b20309955 ($0, 0.0 gwei)
[2m2025-12-11T04:46:46.515836Z[0m [32m INFO[0m [2methereum_transaction_pool_monitor::bot_runner[0m[2m:[0m 🤖 MEV Bot Stats | Uptime: 0.9h | Opportunities: 0 | Bundles: 0/0 (0.0%) | Profit: 0.0000 ETH | Rate: 0.00/h
[2m2025-12-11T04:46:56.515770Z[0m [32m INFO[0m [2methereum_transaction_pool_monitor::bot_runner[0m[2m:[0m 🤖 MEV Bot Stats | Uptime: 0.9h | Opportunities: 0 | Bundles: 0/0 (0.0%) | Profit: 0.0000 ETH | Rate: 0.00/h
[2m2025-12-11T04:47:06.514681Z[0m [32m INFO[0m [2methereum_transaction_pool_monitor::bot_runner[0m[2m:[0m 🤖 MEV Bot Stats | Uptime: 0.9h | Opportunities: 0 | Bundles: 0/0 (0.0%) | Profit: 0.0000 ETH | Rate: 0.00/h
[2m2025-12-11T04:47:10.469955Z[0m [32m INFO[0m [2methereum_transaction_pool_monitor::mempool_monitor[0m[2m:[0m 🎯 Router transaction detected: 0x08332df5718dc7e0efb8861333ea7533223af158c0fea9d8a2b8aa468a6b4b9b -> 0x7a250d5630B4cF539739dF2C5dAcb4c659F2488D
[2m2025-12-11T04:47:10.470131Z[0m [32m INFO[0m [2methereum_transaction_pool_monitor::mempool_monitor[0m[2m:[0m 📊 Detected swapExactETHForTokens
[2m2025-12-11T04:47:10.470147Z[0m [32m INFO[0m [2methereum_transaction_pool_monitor::mempool_monitor[0m[2m:[0m 🔍 ETH swap path offset: 128
[2m2025-12-11T04:47:10.470157Z[0m [32m INFO[0m [2methereum_transaction_pool_monitor::mempool_monitor[0m[2m:[0m 🔍 ETH swap path length: 2
[2m2025-12-11T04:47:10.470166Z[0m [32m INFO[0m [2methereum_transaction_pool_monitor::mempool_monitor[0m[2m:[0m 🔍 ETH swap extracted token pair: 0xC02aaA39b223FE8D0A0e5C4F27eAD9083C756Cc2 -> 0x8CddEd061B6862F4483aF5c9f7DF4a6c833eDbd9
[2m2025-12-11T04:47:10.470223Z[0m [32m INFO[0m [2methereum_transaction_pool_monitor::mempool_monitor[0m[2m:[0m 🔍 Searching for pool with tokens 0xC02aaA39b223FE8D0A0e5C4F27eAD9083C756Cc2 and 0x8CddEd061B6862F4483aF5c9f7DF4a6c833eDbd9
[2m2025-12-11T04:47:10.768025Z[0m [32m INFO[0m [2methereum_transaction_pool_monitor::mempool_monitor[0m[2m:[0m 🔍 No pool found for token pair 0xC02aaA39b223FE8D0A0e5C4F27eAD9083C756Cc2 -> 0x8CddEd061B6862F4483aF5c9f7DF4a6c833eDbd9
[2m2025-12-11T04:47:10.768098Z[0m [32m INFO[0m [2methereum_transaction_pool_monitor::mempool_monitor[0m[2m:[0m ✨ Potential MEV target: 0x08332df5718dc7e0efb8861333ea7533223af158c0fea9d8a2b8aa468a6b4b9b ($0, 0.0 gwei)
[2m2025-12-11T04:47:16.519509Z[0m [32m INFO[0m [2methereum_transaction_pool_monitor::bot_runner[0m[2m:[0m 🤖 MEV Bot Stats | Uptime: 0.9h | Opportunities: 0 | Bundles: 0/0 (0.0%) | Profit: 0.0000 ETH | Rate: 0.00/h
[2m2025-12-11T04:47:19.062632Z[0m [32m INFO[0m [2methereum_transaction_pool_monitor::mempool_monitor[0m[2m:[0m 🎯 Router transaction detected: 0x16c39bda7ed4c6af35b0e53b93850acc93b7ebfbc67546b21056628f036a221c -> 0x1111111254EEB25477B68fb85Ed929f73A960582
[2m2025-12-11T04:47:19.062767Z[0m [32m INFO[0m [2methereum_transaction_pool_monitor::mempool_monitor[0m[2m:[0m ✨ Potential MEV target: 0x16c39bda7ed4c6af35b0e53b93850acc93b7ebfbc67546b21056628f036a221c ($0, 0.0 gwei)
[2m2025-12-11T04:47:26.515766Z[0m [32m INFO[0m [2methereum_transaction_pool_monitor::bot_runner[0m[2m:[0m 🤖 MEV Bot Stats | Uptime: 0.9h | Opportunities: 0 | Bundles: 0/0 (0.0%) | Profit: 0.0000 ETH | Rate: 0.00/h
[2m2025-12-11T04:47:36.623120Z[0m [32m INFO[0m [2methereum_transaction_pool_monitor::bot_runner[0m[2m:[0m 🤖 MEV Bot Stats | Uptime: 0.9h | Opportunities: 0 | Bundles: 0/0 (0.0%) | Profit: 0.0000 ETH | Rate: 0.00/h
[2m2025-12-11T04:47:46.592467Z[0m [32m INFO[0m [2methereum_transaction_pool_monitor::bot_runner[0m[2m:[0m 🤖 MEV Bot Stats | Uptime: 0.9h | Opportunities: 0 | Bundles: 0/0 (0.0%) | Profit: 0.0000 ETH | Rate: 0.00/h
[2m2025-12-11T04:47:56.651749Z[0m [32m INFO[0m [2methereum_transaction_pool_monitor::bot_runner[0m[2m:[0m 🤖 MEV Bot Stats | Uptime: 0.9h | Opportunities: 0 | Bundles: 0/0 (0.0%) | Profit: 0.0000 ETH | Rate: 0.00/h
[2m2025-12-11T04:48:06.617275Z[0m [32m INFO[0m [2methereum_transaction_pool_monitor::bot_runner[0m[2m:[0m 🤖 MEV Bot Stats | Uptime: 0.9h | Opportunities: 0 | Bundles: 0/0 (0.0%) | Profit: 0.0000 ETH | Rate: 0.00/h
[2m2025-12-11T04:48:14.300319Z[0m [32m INFO[0m [2methereum_transaction_pool_monitor::mempool_monitor[0m[2m:[0m 🎯 Router transaction detected: 0x2e823fb27c63852113af16992cf6a59a1dedc3200cddcaaf09699c745baf8cdd -> 0x7a250d5630B4cF539739dF2C5dAcb4c659F2488D
[2m2025-12-11T04:48:14.300423Z[0m [32m INFO[0m [2methereum_transaction_pool_monitor::mempool_monitor[0m[2m:[0m ✨ Potential MEV target: 0x2e823fb27c63852113af16992cf6a59a1dedc3200cddcaaf09699c745baf8cdd ($0, 0.0 gwei)
[2m2025-12-11T04:48:16.580752Z[0m [32m INFO[0m [2methereum_transaction_pool_monitor::bot_runner[0m[2m:[0m 🤖 MEV Bot Stats | Uptime: 0.9h | Opportunities: 0 | Bundles: 0/0 (0.0%) | Profit: 0.0000 ETH | Rate: 0.00/h
[2m2025-12-11T04:48:19.155679Z[0m [32m INFO[0m [2methereum_transaction_pool_monitor::mempool_monitor[0m[2m:[0m 🎯 Router transaction detected: 0x11b76b04372ab2cebfd66b6c3713d5c79438bed25d229f30b7034452122081a0 -> 0x7a250d5630B4cF539739dF2C5dAcb4c659F2488D
[2m2025-12-11T04:48:19.155813Z[0m [32m INFO[0m [2methereum_transaction_pool_monitor::mempool_monitor[0m[2m:[0m 📊 Detected swapExactETHForTokens
[2m2025-12-11T04:48:19.155828Z[0m [32m INFO[0m [2methereum_transaction_pool_monitor::mempool_monitor[0m[2m:[0m 🔍 ETH swap path offset: 128
[2m2025-12-11T04:48:19.155838Z[0m [32m INFO[0m [2methereum_transaction_pool_monitor::mempool_monitor[0m[2m:[0m 🔍 ETH swap path length: 2
[2m2025-12-11T04:48:19.155849Z[0m [32m INFO[0m [2methereum_transaction_pool_monitor::mempool_monitor[0m[2m:[0m 🔍 ETH swap extracted token pair: 0xC02aaA39b223FE8D0A0e5C4F27eAD9083C756Cc2 -> 0x8CddEd061B6862F4483aF5c9f7DF4a6c833eDbd9
[2m2025-12-11T04:48:19.155899Z[0m [32m INFO[0m [2methereum_transaction_pool_monitor::mempool_monitor[0m[2m:[0m 🔍 Searching for pool with tokens 0xC02aaA39b223FE8D0A0e5C4F27eAD9083C756Cc2 and 0x8CddEd061B6862F4483aF5c9f7DF4a6c833eDbd9
[2m2025-12-11T04:48:19.452043Z[0m [32m INFO[0m [2methereum_transaction_pool_monitor::mempool_monitor[0m[2m:[0m 🔍 No pool found for token pair 0xC02aaA39b223FE8D0A0e5C4F27eAD9083C756Cc2 -> 0x8CddEd061B6862F4483aF5c9f7DF4a6c833eDbd9
[2m2025-12-11T04:48:19.452124Z[0m [32m INFO[0m [2methereum_transaction_pool_monitor::mempool_monitor[0m[2m:[0m ✨ Potential MEV target: 0x11b76b04372ab2cebfd66b6c3713d5c79438bed25d229f30b7034452122081a0 ($0, 0.0 gwei)
[2m2025-12-11T04:48:26.689565Z[0m [32m INFO[0m [2methereum_transaction_pool_monitor::bot_runner[0m[2m:[0m 🤖 MEV Bot Stats | Uptime: 0.9h | Opportunities: 0 | Bundles: 0/0 (0.0%) | Profit: 0.0000 ETH | Rate: 0.00/h
[2m2025-12-11T04:48:29.760780Z[0m [32m INFO[0m [2methereum_transaction_pool_monitor::mempool_monitor[0m[2m:[0m 🎯 Router transaction detected: 0x1fb79eb3b387d126d04e0f57aa3fa468115fad44b7f9bc543628c522b7464d35 -> 0xE592427A0AEce92De3Edee1F18E0157C05861564
[2m2025-12-11T04:48:29.760882Z[0m [32m INFO[0m [2methereum_transaction_pool_monitor::mempool_monitor[0m[2m:[0m ✨ Potential MEV target: 0x1fb79eb3b387d126d04e0f57aa3fa468115fad44b7f9bc543628c522b7464d35 ($0, 0.0 gwei)
[2m2025-12-11T04:48:36.521400Z[0m [32m INFO[0m [2methereum_transaction_pool_monitor::bot_runner[0m[2m:[0m 🤖 MEV Bot Stats | Uptime: 0.9h | Opportunities: 0 | Bundles: 0/0 (0.0%) | Profit: 0.0000 ETH | Rate: 0.00/h
[2m2025-12-11T04:48:46.516058Z[0m [32m INFO[0m [2methereum_transaction_pool_monitor::bot_runner[0m[2m:[0m 🤖 MEV Bot Stats | Uptime: 0.9h | Opportunities: 0 | Bundles: 0/0 (0.0%) | Profit: 0.0000 ETH | Rate: 0.00/h
[2m2025-12-11T04:48:54.855499Z[0m [32m INFO[0m [2methereum_transaction_pool_monitor::mempool_monitor[0m[2m:[0m 🎯 Router transaction detected: 0xd18939431616491857e48432138f8d084d1a3183acd5f0095200c76c69311f5f -> 0x7a250d5630B4cF539739dF2C5dAcb4c659F2488D
[2m2025-12-11T04:48:54.855590Z[0m [32m INFO[0m [2methereum_transaction_pool_monitor::mempool_monitor[0m[2m:[0m 📊 Detected swapExactETHForTokens
[2m2025-12-11T04:48:54.855598Z[0m [32m INFO[0m [2methereum_transaction_pool_monitor::mempool_monitor[0m[2m:[0m 🔍 ETH swap path offset: 128
[2m2025-12-11T04:48:54.855603Z[0m [32m INFO[0m [2methereum_transaction_pool_monitor::mempool_monitor[0m[2m:[0m 🔍 ETH swap path length: 2
[2m2025-12-11T04:48:54.855607Z[0m [32m INFO[0m [2methereum_transaction_pool_monitor::mempool_monitor[0m[2m:[0m 🔍 ETH swap extracted token pair: 0xC02aaA39b223FE8D0A0e5C4F27eAD9083C756Cc2 -> 0xd23f659442d22BECC90707f5A1f99f051E2fc3B9
[2m2025-12-11T04:48:54.855639Z[0m [32m INFO[0m [2methereum_transaction_pool_monitor::mempool_monitor[0m[2m:[0m 🔍 Searching for pool with tokens 0xC02aaA39b223FE8D0A0e5C4F27eAD9083C756Cc2 and 0xd23f659442d22BECC90707f5A1f99f051E2fc3B9
[2m2025-12-11T04:48:55.127116Z[0m [32m INFO[0m [2methereum_transaction_pool_monitor::mempool_monitor[0m[2m:[0m 🔍 No pool found for token pair 0xC02aaA39b223FE8D0A0e5C4F27eAD9083C756Cc2 -> 0xd23f659442d22BECC90707f5A1f99f051E2fc3B9
[2m2025-12-11T04:48:55.127186Z[0m [32m INFO[0m [2methereum_transaction_pool_monitor::mempool_monitor[0m[2m:[0m ✨ Potential MEV target: 0xd18939431616491857e48432138f8d084d1a3183acd5f0095200c76c69311f5f ($0, 0.0 gwei)
[2m2025-12-11T04:48:56.650336Z[0m [32m INFO[0m [2methereum_transaction_pool_monitor::bot_runner[0m[2m:[0m 🤖 MEV Bot Stats | Uptime: 0.9h | Opportunities: 0 | Bundles: 0/0 (0.0%) | Profit: 0.0000 ETH | Rate: 0.00/h
[2m2025-12-11T04:49:06.515062Z[0m [32m INFO[0m [2methereum_transaction_pool_monitor::bot_runner[0m[2m:[0m 🤖 MEV Bot Stats | Uptime: 1.0h | Opportunities: 0 | Bundles: 0/0 (0.0%) | Profit: 0.0000 ETH | Rate: 0.00/h
[2m2025-12-11T04:49:16.515527Z[0m [32m INFO[0m [2methereum_transaction_pool_monitor::bot_runner[0m[2m:[0m 🤖 MEV Bot Stats | Uptime: 1.0h | Opportunities: 0 | Bundles: 0/0 (0.0%) | Profit: 0.0000 ETH | Rate: 0.00/h
[2m2025-12-11T04:49:19.113005Z[0m [32m INFO[0m [2methereum_transaction_pool_monitor::mempool_monitor[0m[2m:[0m 🎯 Router transaction detected: 0xb4fefaf16921a346fcd2b4357295278aecbf121cac03bb39128314e99e564f31 -> 0x7a250d5630B4cF539739dF2C5dAcb4c659F2488D
[2m2025-12-11T04:49:19.113104Z[0m [32m INFO[0m [2methereum_transaction_pool_monitor::mempool_monitor[0m[2m:[0m 📊 Detected swapExactETHForTokens
[2m2025-12-11T04:49:19.113114Z[0m [32m INFO[0m [2methereum_transaction_pool_monitor::mempool_monitor[0m[2m:[0m 🔍 ETH swap path offset: 128
[2m2025-12-11T04:49:19.113120Z[0m [32m INFO[0m [2methereum_transaction_pool_monitor::mempool_monitor[0m[2m:[0m 🔍 ETH swap path length: 2
[2m2025-12-11T04:49:19.113126Z[0m [32m INFO[0m [2methereum_transaction_pool_monitor::mempool_monitor[0m[2m:[0m 🔍 ETH swap extracted token pair: 0xC02aaA39b223FE8D0A0e5C4F27eAD9083C756Cc2 -> 0x8CddEd061B6862F4483aF5c9f7DF4a6c833eDbd9
[2m2025-12-11T04:49:19.113159Z[0m [32m INFO[0m [2methereum_transaction_pool_monitor::mempool_monitor[0m[2m:[0m 🔍 Searching for pool with tokens 0xC02aaA39b223FE8D0A0e5C4F27eAD9083C756Cc2 and 0x8CddEd061B6862F4483aF5c9f7DF4a6c833eDbd9
[2m2025-12-11T04:49:19.402929Z[0m [32m INFO[0m [2methereum_transaction_pool_monitor::mempool_monitor[0m[2m:[0m 🔍 No pool found for token pair 0xC02aaA39b223FE8D0A0e5C4F27eAD9083C756Cc2 -> 0x8CddEd061B6862F4483aF5c9f7DF4a6c833eDbd9
[2m2025-12-11T04:49:19.403001Z[0m [32m INFO[0m [2methereum_transaction_pool_monitor::mempool_monitor[0m[2m:[0m ✨ Potential MEV target: 0xb4fefaf16921a346fcd2b4357295278aecbf121cac03bb39128314e99e564f31 ($0, 0.0 gwei)
[2m2025-12-11T04:49:26.515303Z[0m [32m INFO[0m [2methereum_transaction_pool_monitor::bot_runner[0m[2m:[0m 🤖 MEV Bot Stats | Uptime: 1.0h | Opportunities: 0 | Bundles: 0/0 (0.0%) | Profit: 0.0000 ETH | Rate: 0.00/h
[2m2025-12-11T04:49:33.980432Z[0m [32m INFO[0m [2methereum_transaction_pool_monitor::mempool_monitor[0m[2m:[0m 🎯 Router transaction detected: 0x1ac53e3ec78663004c098caa26739ef2639f8c83b0e4593341f156122efe3384 -> 0xE592427A0AEce92De3Edee1F18E0157C05861564
[2m2025-12-11T04:49:33.980533Z[0m [32m INFO[0m [2methereum_transaction_pool_monitor::mempool_monitor[0m[2m:[0m ✨ Potential MEV target: 0x1ac53e3ec78663004c098caa26739ef2639f8c83b0e4593341f156122efe3384 ($0, 0.0 gwei)
[2m2025-12-11T04:49:36.515940Z[0m [32m INFO[0m [2methereum_transaction_pool_monitor::bot_runner[0m[2m:[0m 🤖 MEV Bot Stats | Uptime: 1.0h | Opportunities: 0 | Bundles: 0/0 (0.0%) | Profit: 0.0000 ETH | Rate: 0.00/h
[2m2025-12-11T04:49:41.330626Z[0m [32m INFO[0m [2methereum_transaction_pool_monitor::mempool_monitor[0m[2m:[0m 🎯 Router transaction detected: 0x6dc3d50dad0f486cc464204f4a9332b362a7b7f0f23d2d59a4e686e8ad9b0d45 -> 0x1111111254EEB25477B68fb85Ed929f73A960582
[2m2025-12-11T04:49:41.330775Z[0m [32m INFO[0m [2methereum_transaction_pool_monitor::mempool_monitor[0m[2m:[0m ✨ Potential MEV target: 0x6dc3d50dad0f486cc464204f4a9332b362a7b7f0f23d2d59a4e686e8ad9b0d45 ($0, 0.0 gwei)
[2m2025-12-11T04:49:46.606920Z[0m [32m INFO[0m [2methereum_transaction_pool_monitor::bot_runner[0m[2m:[0m 🤖 MEV Bot Stats | Uptime: 1.0h | Opportunities: 0 | Bundles: 0/0 (0.0%) | Profit: 0.0000 ETH | Rate: 0.00/h
[2m2025-12-11T04:49:49.236923Z[0m [32m INFO[0m [2methereum_transaction_pool_monitor::mempool_monitor[0m[2m:[0m 🎯 Router transaction detected: 0x6f94571224302c9a3a5f9de4386cfb67216ec692cd6a857c5b22d075d0c16d5b -> 0x7a250d5630B4cF539739dF2C5dAcb4c659F2488D
[2m2025-12-11T04:49:49.237038Z[0m [32m INFO[0m [2methereum_transaction_pool_monitor::mempool_monitor[0m[2m:[0m 📊 Detected swapExactTokensForTokens
[2m2025-12-11T04:49:49.237047Z[0m [32m INFO[0m [2methereum_transaction_pool_monitor::mempool_monitor[0m[2m:[0m 🔍 Path offset: 160
[2m2025-12-11T04:49:49.237051Z[0m [32m INFO[0m [2methereum_transaction_pool_monitor::mempool_monitor[0m[2m:[0m 🔍 Path length: 2
[2m2025-12-11T04:49:49.237056Z[0m [32m INFO[0m [2methereum_transaction_pool_monitor::mempool_monitor[0m[2m:[0m 🔍 Extracted token pair: 0x3fFEea07a27Fab7ad1df5297fa75e77a43CB5790 -> 0xC02aaA39b223FE8D0A0e5C4F27eAD9083C756Cc2
[2m2025-12-11T04:49:49.237089Z[0m [32m INFO[0m [2methereum_transaction_pool_monitor::mempool_monitor[0m[2m:[0m 🔍 Searching for pool with tokens 0x3fFEea07a27Fab7ad1df5297fa75e77a43CB5790 and 0xC02aaA39b223FE8D0A0e5C4F27eAD9083C756Cc2
[2m2025-12-11T04:49:49.527393Z[0m [32m INFO[0m [2methereum_transaction_pool_monitor::mempool_monitor[0m[2m:[0m 🎯 Found target pool: 0xbF16540c857B4e32cE6C37d2F7725C8eEC869B8b (UniswapV2)
[2m2025-12-11T04:49:49.528182Z[0m [32m INFO[0m [2methereum_transaction_pool_monitor::mempool_monitor[0m[2m:[0m ✨ Potential MEV target: 0x6f94571224302c9a3a5f9de4386cfb67216ec692cd6a857c5b22d075d0c16d5b ($0, 0.0 gwei)
[2m2025-12-11T04:49:49.648820Z[0m [32m INFO[0m [2methereum_transaction_pool_monitor::mempool_monitor[0m[2m:[0m ✅ Successfully created sandwich target for pool: 0xbf16540c857b4e32ce6c37d2f7725c8eec869b8b
[2m2025-12-11T04:49:49.648851Z[0m [32m INFO[0m [2methereum_transaction_pool_monitor::mempool_monitor[0m[2m:[0m 🧮 Running basic sandwich simulation for victim tx: 0x6f94571224302c9a3a5f9de4386cfb67216ec692cd6a857c5b22d075d0c16d5b
[2m2025-12-11T04:49:49.789710Z[0m [32m INFO[0m [2methereum_transaction_pool_monitor::mempool_monitor[0m[2m:[0m ⚠️ Simulation determined sandwich not profitable
[2m2025-12-11T04:49:56.526259Z[0m [32m INFO[0m [2methereum_transaction_pool_monitor::bot_runner[0m[2m:[0m 🤖 MEV Bot Stats | Uptime: 1.0h | Opportunities: 0 | Bundles: 0/0 (0.0%) | Profit: 0.0000 ETH | Rate: 0.00/h
[2m2025-12-11T04:50:03.680811Z[0m [32m INFO[0m [2methereum_transaction_pool_monitor::mempool_monitor[0m[2m:[0m 🎯 Router transaction detected: 0xb0e756d5f751ade50a18a1dc9bcef0e2365c41adb8c930b0a34c122df7d86acd -> 0x7a250d5630B4cF539739dF2C5dAcb4c659F2488D
[2m2025-12-11T04:50:03.680903Z[0m [32m INFO[0m [2methereum_transaction_pool_monitor::mempool_monitor[0m[2m:[0m ✨ Potential MEV target: 0xb0e756d5f751ade50a18a1dc9bcef0e2365c41adb8c930b0a34c122df7d86acd ($0, 0.0 gwei)
[2m2025-12-11T04:50:06.516891Z[0m [32m INFO[0m [2methereum_transaction_pool_monitor::bot_runner[0m[2m:[0m 🤖 MEV Bot Stats | Uptime: 1.0h | Opportunities: 0 | Bundles: 0/0 (0.0%) | Profit: 0.0000 ETH | Rate: 0.00/h
[2m2025-12-11T04:50:12.799712Z[0m [32m INFO[0m [2methereum_transaction_pool_monitor::mempool_monitor[0m[2m:[0m 🎯 Router transaction detected: 0x1cff034125abb6d4616cbdfb8ae43e26063aa6b662826cba541aba4afc924394 -> 0x7a250d5630B4cF539739dF2C5dAcb4c659F2488D
[2m2025-12-11T04:50:12.799806Z[0m [32m INFO[0m [2methereum_transaction_pool_monitor::mempool_monitor[0m[2m:[0m ✨ Potential MEV target: 0x1cff034125abb6d4616cbdfb8ae43e26063aa6b662826cba541aba4afc924394 ($0, 0.0 gwei)
[2m2025-12-11T04:50:16.516892Z[0m [32m INFO[0m [2methereum_transaction_pool_monitor::bot_runner[0m[2m:[0m 🤖 MEV Bot Stats | Uptime: 1.0h | Opportunities: 0 | Bundles: 0/0 (0.0%) | Profit: 0.0000 ETH | Rate: 0.00/h
[2m2025-12-11T04:50:16.867686Z[0m [32m INFO[0m [2methereum_transaction_pool_monitor::mempool_monitor[0m[2m:[0m 🎯 Router transaction detected: 0xaeda1aa51cb0e69e1a8d53c3b5d3c50f75300f9b5cf558b03a32e63b2bc91394 -> 0x1111111254EEB25477B68fb85Ed929f73A960582
[2m2025-12-11T04:50:16.867794Z[0m [32m INFO[0m [2methereum_transaction_pool_monitor::mempool_monitor[0m[2m:[0m ✨ Potential MEV target: 0xaeda1aa51cb0e69e1a8d53c3b5d3c50f75300f9b5cf558b03a32e63b2bc91394 ($0, 0.0 gwei)
[2m2025-12-11T04:50:17.324928Z[0m [32m INFO[0m [2methereum_transaction_pool_monitor::mempool_monitor[0m[2m:[0m 🎯 Router transaction detected: 0x3317d93ed052720d59d9265563f0d50a475ccc850eca0de13fb42846294c3ecf -> 0x7a250d5630B4cF539739dF2C5dAcb4c659F2488D
[2m2025-12-11T04:50:17.325038Z[0m [32m INFO[0m [2methereum_transaction_pool_monitor::mempool_monitor[0m[2m:[0m 📊 Detected swapExactTokensForTokens
[2m2025-12-11T04:50:17.325048Z[0m [32m INFO[0m [2methereum_transaction_pool_monitor::mempool_monitor[0m[2m:[0m 🔍 Path offset: 160
[2m2025-12-11T04:50:17.325055Z[0m [32m INFO[0m [2methereum_transaction_pool_monitor::mempool_monitor[0m[2m:[0m 🔍 Path length: 2
[2m2025-12-11T04:50:17.325060Z[0m [32m INFO[0m [2methereum_transaction_pool_monitor::mempool_monitor[0m[2m:[0m 🔍 Extracted token pair: 0x3fFEea07a27Fab7ad1df5297fa75e77a43CB5790 -> 0xC02aaA39b223FE8D0A0e5C4F27eAD9083C756Cc2
[2m2025-12-11T04:50:17.325095Z[0m [32m INFO[0m [2methereum_transaction_pool_monitor::mempool_monitor[0m[2m:[0m 🔍 Searching for pool with tokens 0x3fFEea07a27Fab7ad1df5297fa75e77a43CB5790 and 0xC02aaA39b223FE8D0A0e5C4F27eAD9083C756Cc2
[2m2025-12-11T04:50:17.610870Z[0m [32m INFO[0m [2methereum_transaction_pool_monitor::mempool_monitor[0m[2m:[0m 🎯 Found target pool: 0xbF16540c857B4e32cE6C37d2F7725C8eEC869B8b (UniswapV2)
[2m2025-12-11T04:50:17.610933Z[0m [32m INFO[0m [2methereum_transaction_pool_monitor::mempool_monitor[0m[2m:[0m ✨ Potential MEV target: 0x3317d93ed052720d59d9265563f0d50a475ccc850eca0de13fb42846294c3ecf ($0, 0.0 gwei)
[2m2025-12-11T04:50:17.724051Z[0m [32m INFO[0m [2methereum_transaction_pool_monitor::mempool_monitor[0m[2m:[0m ✅ Successfully created sandwich target for pool: 0xbf16540c857b4e32ce6c37d2f7725c8eec869b8b
[2m2025-12-11T04:50:17.724094Z[0m [32m INFO[0m [2methereum_transaction_pool_monitor::mempool_monitor[0m[2m:[0m 🧮 Running basic sandwich simulation for victim tx: 0x3317d93ed052720d59d9265563f0d50a475ccc850eca0de13fb42846294c3ecf
[2m2025-12-11T04:50:17.865358Z[0m [32m INFO[0m [2methereum_transaction_pool_monitor::mempool_monitor[0m[2m:[0m ⚠️ Simulation determined sandwich not profitable
[2m2025-12-11T04:50:26.515504Z[0m [32m INFO[0m [2methereum_transaction_pool_monitor::bot_runner[0m[2m:[0m 🤖 MEV Bot Stats | Uptime: 1.0h | Opportunities: 0 | Bundles: 0/0 (0.0%) | Profit: 0.0000 ETH | Rate: 0.00/h
[2m2025-12-11T04:50:36.607781Z[0m [32m INFO[0m [2methereum_transaction_pool_monitor::bot_runner[0m[2m:[0m 🤖 MEV Bot Stats | Uptime: 1.0h | Opportunities: 0 | Bundles: 0/0 (0.0%) | Profit: 0.0000 ETH | Rate: 0.00/h
[2m2025-12-11T04:50:46.144721Z[0m [32m INFO[0m [2methereum_transaction_pool_monitor::mempool_monitor[0m[2m:[0m 🎯 Router transaction detected: 0xd84cf0c61dfa690be3350d241d9de404ccce245c7ebfd0cca4dafea3967429ee -> 0x1111111254EEB25477B68fb85Ed929f73A960582
[2m2025-12-11T04:50:46.144830Z[0m [32m INFO[0m [2methereum_transaction_pool_monitor::mempool_monitor[0m[2m:[0m ✨ Potential MEV target: 0xd84cf0c61dfa690be3350d241d9de404ccce245c7ebfd0cca4dafea3967429ee ($0, 0.0 gwei)
[2m2025-12-11T04:50:46.518516Z[0m [32m INFO[0m [2methereum_transaction_pool_monitor::bot_runner[0m[2m:[0m 🤖 MEV Bot Stats | Uptime: 1.0h | Opportunities: 0 | Bundles: 0/0 (0.0%) | Profit: 0.0000 ETH | Rate: 0.00/h
[2m2025-12-11T04:50:54.343423Z[0m [32m INFO[0m [2methereum_transaction_pool_monitor::mempool_monitor[0m[2m:[0m 🎯 Router transaction detected: 0xe5084ec2ba66e7cb13b66f24117bc76879107d8b4c6a60d3289ce6129f8c70ed -> 0x7a250d5630B4cF539739dF2C5dAcb4c659F2488D
[2m2025-12-11T04:50:54.343587Z[0m [32m INFO[0m [2methereum_transaction_pool_monitor::mempool_monitor[0m[2m:[0m 📊 Detected swapExactETHForTokens
[2m2025-12-11T04:50:54.343603Z[0m [32m INFO[0m [2methereum_transaction_pool_monitor::mempool_monitor[0m[2m:[0m 🔍 ETH swap path offset: 128
[2m2025-12-11T04:50:54.343614Z[0m [32m INFO[0m [2methereum_transaction_pool_monitor::mempool_monitor[0m[2m:[0m 🔍 ETH swap path length: 2
[2m2025-12-11T04:50:54.343622Z[0m [32m INFO[0m [2methereum_transaction_pool_monitor::mempool_monitor[0m[2m:[0m 🔍 ETH swap extracted token pair: 0xC02aaA39b223FE8D0A0e5C4F27eAD9083C756Cc2 -> 0x8CddEd061B6862F4483aF5c9f7DF4a6c833eDbd9
[2m2025-12-11T04:50:54.343676Z[0m [32m INFO[0m [2methereum_transaction_pool_monitor::mempool_monitor[0m[2m:[0m 🔍 Searching for pool with tokens 0xC02aaA39b223FE8D0A0e5C4F27eAD9083C756Cc2 and 0x8CddEd061B6862F4483aF5c9f7DF4a6c833eDbd9
[2m2025-12-11T04:50:54.641692Z[0m [32m INFO[0m [2methereum_transaction_pool_monitor::mempool_monitor[0m[2m:[0m 🔍 No pool found for token pair 0xC02aaA39b223FE8D0A0e5C4F27eAD9083C756Cc2 -> 0x8CddEd061B6862F4483aF5c9f7DF4a6c833eDbd9
[2m2025-12-11T04:50:54.641759Z[0m [32m INFO[0m [2methereum_transaction_pool_monitor::mempool_monitor[0m[2m:[0m ✨ Potential MEV target: 0xe5084ec2ba66e7cb13b66f24117bc76879107d8b4c6a60d3289ce6129f8c70ed ($0, 0.0 gwei)
[2m2025-12-11T04:50:56.514763Z[0m [32m INFO[0m [2methereum_transaction_pool_monitor::bot_runner[0m[2m:[0m 🤖 MEV Bot Stats | Uptime: 1.0h | Opportunities: 0 | Bundles: 0/0 (0.0%) | Profit: 0.0000 ETH | Rate: 0.00/h
[2m2025-12-11T04:51:06.692045Z[0m [32m INFO[0m [2methereum_transaction_pool_monitor::bot_runner[0m[2m:[0m 🤖 MEV Bot Stats | Uptime: 1.0h | Opportunities: 0 | Bundles: 0/0 (0.0%) | Profit: 0.0000 ETH | Rate: 0.00/h
[2m2025-12-11T04:51:16.531362Z[0m [32m INFO[0m [2methereum_transaction_pool_monitor::bot_runner[0m[2m:[0m 🤖 MEV Bot Stats | Uptime: 1.0h | Opportunities: 0 | Bundles: 0/0 (0.0%) | Profit: 0.0000 ETH | Rate: 0.00/h
[2m2025-12-11T04:51:26.536405Z[0m [32m INFO[0m [2methereum_transaction_pool_monitor::bot_runner[0m[2m:[0m 🤖 MEV Bot Stats | Uptime: 1.0h | Opportunities: 0 | Bundles: 0/0 (0.0%) | Profit: 0.0000 ETH | Rate: 0.00/h
[2m2025-12-11T04:51:36.698728Z[0m [32m INFO[0m [2methereum_transaction_pool_monitor::bot_runner[0m[2m:[0m 🤖 MEV Bot Stats | Uptime: 1.0h | Opportunities: 0 | Bundles: 0/0 (0.0%) | Profit: 0.0000 ETH | Rate: 0.00/h
[2m2025-12-11T04:51:46.708317Z[0m [32m INFO[0m [2methereum_transaction_pool_monitor::bot_runner[0m[2m:[0m 🤖 MEV Bot Stats | Uptime: 1.0h | Opportunities: 0 | Bundles: 0/0 (0.0%) | Profit: 0.0000 ETH | Rate: 0.00/h
[2m2025-12-11T04:51:56.238745Z[0m [32m INFO[0m [2methereum_transaction_pool_monitor::mempool_monitor[0m[2m:[0m 🎯 Router transaction detected: 0x9a75e0e0d86a02e78769494ad4f40e8040096922a21b20f74571d1a37452c54b -> 0x7a250d5630B4cF539739dF2C5dAcb4c659F2488D
[2m2025-12-11T04:51:56.238890Z[0m [32m INFO[0m [2methereum_transaction_pool_monitor::mempool_monitor[0m[2m:[0m ✨ Potential MEV target: 0x9a75e0e0d86a02e78769494ad4f40e8040096922a21b20f74571d1a37452c54b ($0, 0.0 gwei)
[2m2025-12-11T04:51:56.540834Z[0m [32m INFO[0m [2methereum_transaction_pool_monitor::bot_runner[0m[2m:[0m 🤖 MEV Bot Stats | Uptime: 1.0h | Opportunities: 0 | Bundles: 0/0 (0.0%) | Profit: 0.0000 ETH | Rate: 0.00/h
[2m2025-12-11T04:52:01.710022Z[0m [32m INFO[0m [2methereum_transaction_pool_monitor::mempool_monitor[0m[2m:[0m 🎯 Router transaction detected: 0x391369233bab0b3e37d986d284cf6f2ff356438d2db614587451e3d599036ab4 -> 0x7a250d5630B4cF539739dF2C5dAcb4c659F2488D
[2m2025-12-11T04:52:01.710899Z[0m [32m INFO[0m [2methereum_transaction_pool_monitor::mempool_monitor[0m[2m:[0m 📊 Detected swapExactETHForTokens
[2m2025-12-11T04:52:01.710909Z[0m [32m INFO[0m [2methereum_transaction_pool_monitor::mempool_monitor[0m[2m:[0m 🔍 ETH swap path offset: 128
[2m2025-12-11T04:52:01.710915Z[0m [32m INFO[0m [2methereum_transaction_pool_monitor::mempool_monitor[0m[2m:[0m 🔍 ETH swap path length: 2
[2m2025-12-11T04:52:01.710920Z[0m [32m INFO[0m [2methereum_transaction_pool_monitor::mempool_monitor[0m[2m:[0m 🔍 ETH swap extracted token pair: 0xC02aaA39b223FE8D0A0e5C4F27eAD9083C756Cc2 -> 0x8CddEd061B6862F4483aF5c9f7DF4a6c833eDbd9
[2m2025-12-11T04:52:01.710952Z[0m [32m INFO[0m [2methereum_transaction_pool_monitor::mempool_monitor[0m[2m:[0m 🔍 Searching for pool with tokens 0xC02aaA39b223FE8D0A0e5C4F27eAD9083C756Cc2 and 0x8CddEd061B6862F4483aF5c9f7DF4a6c833eDbd9
[2m2025-12-11T04:52:01.998115Z[0m [32m INFO[0m [2methereum_transaction_pool_monitor::mempool_monitor[0m[2m:[0m 🔍 No pool found for token pair 0xC02aaA39b223FE8D0A0e5C4F27eAD9083C756Cc2 -> 0x8CddEd061B6862F4483aF5c9f7DF4a6c833eDbd9
[2m2025-12-11T04:52:01.998192Z[0m [32m INFO[0m [2methereum_transaction_pool_monitor::mempool_monitor[0m[2m:[0m ✨ Potential MEV target: 0x391369233bab0b3e37d986d284cf6f2ff356438d2db614587451e3d599036ab4 ($0, 0.0 gwei)
[2m2025-12-11T04:52:06.571091Z[0m [32m INFO[0m [2methereum_transaction_pool_monitor::bot_runner[0m[2m:[0m 🤖 MEV Bot Stats | Uptime: 1.0h | Opportunities: 0 | Bundles: 0/0 (0.0%) | Profit: 0.0000 ETH | Rate: 0.00/h
[2m2025-12-11T04:52:16.540032Z[0m [32m INFO[0m [2methereum_transaction_pool_monitor::bot_runner[0m[2m:[0m 🤖 MEV Bot Stats | Uptime: 1.0h | Opportunities: 0 | Bundles: 0/0 (0.0%) | Profit: 0.0000 ETH | Rate: 0.00/h
[2m2025-12-11T06:30:26.033148Z[0m [32m INFO[0m [2methereum_transaction_pool_monitor::bot_runner[0m[2m:[0m 🤖 MEV Bot Stats | Uptime: 2.6h | Opportunities: 0 | Bundles: 0/0 (0.0%) | Profit: 0.0000 ETH | Rate: 0.00/h
[2m2025-12-11T06:30:26.048378Z[0m [33m WARN[0m [2methereum_transaction_pool_monitor::bot_runner[0m[2m:[0m Failed to get block number: error sending request for url (http://192.168.0.14:8545/): connection error: Operation timed out (os error 60)
[2m2025-12-11T06:30:26.048364Z[0m [32m INFO[0m [2methereum_transaction_pool_monitor::mempool_monitor[0m[2m:[0m ⚠️  Failed to process transaction 0x1e402b895135b86b91c80bc55c2ce9dff0cb9bcaa103c9b115bce9cc8ad4bcfa: error sending request for url (http://192.168.0.14:8545/): connection error: Operation timed out (os error 60)
[2m2025-12-11T06:30:26.133703Z[0m [32m INFO[0m [2methereum_transaction_pool_monitor::bot_runner[0m[2m:[0m 🤖 MEV Bot Stats | Uptime: 2.6h | Opportunities: 0 | Bundles: 0/0 (0.0%) | Profit: 0.0000 ETH | Rate: 0.00/h
[2m2025-12-11T06:30:26.535491Z[0m [32m INFO[0m [2methereum_transaction_pool_monitor::bot_runner[0m[2m:[0m 🤖 MEV Bot Stats | Uptime: 2.6h | Opportunities: 0 | Bundles: 0/0 (0.0%) | Profit: 0.0000 ETH | Rate: 0.00/h
[2m2025-12-11T06:30:36.344382Z[0m [32m INFO[0m [2methereum_transaction_pool_monitor::bot_runner[0m[2m:[0m 🤖 MEV Bot Stats | Uptime: 2.6h | Opportunities: 0 | Bundles: 0/0 (0.0%) | Profit: 0.0000 ETH | Rate: 0.00/h
[2m2025-12-11T06:30:46.343230Z[0m [32m INFO[0m [2methereum_transaction_pool_monitor::bot_runner[0m[2m:[0m 🤖 MEV Bot Stats | Uptime: 2.6h | Opportunities: 0 | Bundles: 0/0 (0.0%) | Profit: 0.0000 ETH | Rate: 0.00/h
[2m2025-12-11T06:30:56.342964Z[0m [32m INFO[0m [2methereum_transaction_pool_monitor::bot_runner[0m[2m:[0m 🤖 MEV Bot Stats | Uptime: 2.6h | Opportunities: 0 | Bundles: 0/0 (0.0%) | Profit: 0.0000 ETH | Rate: 0.00/h
[2m2025-12-11T06:31:06.343865Z[0m [32m INFO[0m [2methereum_transaction_pool_monitor::bot_runner[0m[2m:[0m 🤖 MEV Bot Stats | Uptime: 2.7h | Opportunities: 0 | Bundles: 0/0 (0.0%) | Profit: 0.0000 ETH | Rate: 0.00/h
[2m2025-12-11T06:31:16.342849Z[0m [32m INFO[0m [2methereum_transaction_pool_monitor::bot_runner[0m[2m:[0m 🤖 MEV Bot Stats | Uptime: 2.7h | Opportunities: 0 | Bundles: 0/0 (0.0%) | Profit: 0.0000 ETH | Rate: 0.00/h
[2m2025-12-11T06:31:26.342725Z[0m [32m INFO[0m [2methereum_transaction_pool_monitor::bot_runner[0m[2m:[0m 🤖 MEV Bot Stats | Uptime: 2.7h | Opportunities: 0 | Bundles: 0/0 (0.0%) | Profit: 0.0000 ETH | Rate: 0.00/h
[2m2025-12-11T06:31:36.342600Z[0m [32m INFO[0m [2methereum_transaction_pool_monitor::bot_runner[0m[2m:[0m 🤖 MEV Bot Stats | Uptime: 2.7h | Opportunities: 0 | Bundles: 0/0 (0.0%) | Profit: 0.0000 ETH | Rate: 0.00/h
[2m2025-12-11T06:31:41.055767Z[0m [33m WARN[0m [2methereum_transaction_pool_monitor::bot_runner[0m[2m:[0m Failed to get block number: error sending request for url (http://192.168.0.14:8545/): error trying to connect: tcp connect error: Operation timed out (os error 60)
[2m2025-12-11T06:31:41.249080Z[0m [32m INFO[0m [2methereum_transaction_pool_monitor::mempool_monitor[0m[2m:[0m ⚠️  Failed to process transaction 0x0d0842273890e5ea94affa558406be75b643eebac66b328637e9c1e653bbd3a8: error sending request for url (http://192.168.0.14:8545/): error trying to connect: tcp connect error: Operation timed out (os error 60)
[2m2025-12-11T06:31:46.359023Z[0m [32m INFO[0m [2methereum_transaction_pool_monitor::bot_runner[0m[2m:[0m 🤖 MEV Bot Stats | Uptime: 2.7h | Opportunities: 0 | Bundles: 0/0 (0.0%) | Profit: 0.0000 ETH | Rate: 0.00/h
[2m2025-12-11T06:31:56.505737Z[0m [32m INFO[0m [2methereum_transaction_pool_monitor::bot_runner[0m[2m:[0m 🤖 MEV Bot Stats | Uptime: 2.7h | Opportunities: 0 | Bundles: 0/0 (0.0%) | Profit: 0.0000 ETH | Rate: 0.00/h
[2m2025-12-11T06:31:59.666488Z[0m [32m INFO[0m [2methereum_transaction_pool_monitor::mempool_monitor[0m[2m:[0m 🎯 Router transaction detected: 0x5b477264e2a43fb70e51cbe9f0aa4e3e7731646a55135ec44562f1153bbc0328 -> 0x7a250d5630B4cF539739dF2C5dAcb4c659F2488D
[2m2025-12-11T06:31:59.667260Z[0m [32m INFO[0m [2methereum_transaction_pool_monitor::mempool_monitor[0m[2m:[0m ✨ Potential MEV target: 0x5b477264e2a43fb70e51cbe9f0aa4e3e7731646a55135ec44562f1153bbc0328 ($0, 0.0 gwei)
[2m2025-12-11T06:32:06.345144Z[0m [32m INFO[0m [2methereum_transaction_pool_monitor::bot_runner[0m[2m:[0m 🤖 MEV Bot Stats | Uptime: 2.7h | Opportunities: 0 | Bundles: 0/0 (0.0%) | Profit: 0.0000 ETH | Rate: 0.00/h
[2m2025-12-11T06:32:16.407499Z[0m [32m INFO[0m [2methereum_transaction_pool_monitor::bot_runner[0m[2m:[0m 🤖 MEV Bot Stats | Uptime: 2.7h | Opportunities: 0 | Bundles: 0/0 (0.0%) | Profit: 0.0000 ETH | Rate: 0.00/h
[2m2025-12-11T06:32:17.329039Z[0m [32m INFO[0m [2methereum_transaction_pool_monitor::mempool_monitor[0m[2m:[0m 🎯 Router transaction detected: 0x109ed04ab9317ec0a0692d823346718bbbdf3c4854789712ab96e6c875519e1f -> 0x7a250d5630B4cF539739dF2C5dAcb4c659F2488D
[2m2025-12-11T06:32:17.329151Z[0m [32m INFO[0m [2methereum_transaction_pool_monitor::mempool_monitor[0m[2m:[0m 📊 Detected swapExactETHForTokens
[2m2025-12-11T06:32:17.329182Z[0m [32m INFO[0m [2methereum_transaction_pool_monitor::mempool_monitor[0m[2m:[0m 🔍 ETH swap path offset: 128
[2m2025-12-11T06:32:17.329189Z[0m [32m INFO[0m [2methereum_transaction_pool_monitor::mempool_monitor[0m[2m:[0m 🔍 ETH swap path length: 2
[2m2025-12-11T06:32:17.329195Z[0m [32m INFO[0m [2methereum_transaction_pool_monitor::mempool_monitor[0m[2m:[0m 🔍 ETH swap extracted token pair: 0xC02aaA39b223FE8D0A0e5C4F27eAD9083C756Cc2 -> 0x8CddEd061B6862F4483aF5c9f7DF4a6c833eDbd9
[2m2025-12-11T06:32:17.329237Z[0m [32m INFO[0m [2methereum_transaction_pool_monitor::mempool_monitor[0m[2m:[0m 🔍 Searching for pool with tokens 0xC02aaA39b223FE8D0A0e5C4F27eAD9083C756Cc2 and 0x8CddEd061B6862F4483aF5c9f7DF4a6c833eDbd9
[2m2025-12-11T06:32:17.669665Z[0m [32m INFO[0m [2methereum_transaction_pool_monitor::mempool_monitor[0m[2m:[0m 🔍 No pool found for token pair 0xC02aaA39b223FE8D0A0e5C4F27eAD9083C756Cc2 -> 0x8CddEd061B6862F4483aF5c9f7DF4a6c833eDbd9
[2m2025-12-11T06:32:17.669739Z[0m [32m INFO[0m [2methereum_transaction_pool_monitor::mempool_monitor[0m[2m:[0m ✨ Potential MEV target: 0x109ed04ab9317ec0a0692d823346718bbbdf3c4854789712ab96e6c875519e1f ($0, 0.0 gwei)
[2m2025-12-11T06:32:26.516883Z[0m [32m INFO[0m [2methereum_transaction_pool_monitor::bot_runner[0m[2m:[0m 🤖 MEV Bot Stats | Uptime: 2.7h | Opportunities: 0 | Bundles: 0/0 (0.0%) | Profit: 0.0000 ETH | Rate: 0.00/h
[2m2025-12-11T06:32:36.490317Z[0m [32m INFO[0m [2methereum_transaction_pool_monitor::bot_runner[0m[2m:[0m 🤖 MEV Bot Stats | Uptime: 2.7h | Opportunities: 0 | Bundles: 0/0 (0.0%) | Profit: 0.0000 ETH | Rate: 0.00/h
[2m2025-12-11T06:32:46.448877Z[0m [32m INFO[0m [2methereum_transaction_pool_monitor::bot_runner[0m[2m:[0m 🤖 MEV Bot Stats | Uptime: 2.7h | Opportunities: 0 | Bundles: 0/0 (0.0%) | Profit: 0.0000 ETH | Rate: 0.00/h
[2m2025-12-11T06:32:56.446433Z[0m [32m INFO[0m [2methereum_transaction_pool_monitor::bot_runner[0m[2m:[0m 🤖 MEV Bot Stats | Uptime: 2.7h | Opportunities: 0 | Bundles: 0/0 (0.0%) | Profit: 0.0000 ETH | Rate: 0.00/h
[2m2025-12-11T06:33:06.502448Z[0m [32m INFO[0m [2methereum_transaction_pool_monitor::bot_runner[0m[2m:[0m 🤖 MEV Bot Stats | Uptime: 2.7h | Opportunities: 0 | Bundles: 0/0 (0.0%) | Profit: 0.0000 ETH | Rate: 0.00/h
[2m2025-12-11T06:33:15.142940Z[0m [32m INFO[0m [2methereum_transaction_pool_monitor::mempool_monitor[0m[2m:[0m 🎯 Router transaction detected: 0xbcadf5d57ed16d5277bce06df6b97f3fe489b5b941bc6914ca97a30bcfc44caf -> 0x7a250d5630B4cF539739dF2C5dAcb4c659F2488D
[2m2025-12-11T06:33:15.143063Z[0m [32m INFO[0m [2methereum_transaction_pool_monitor::mempool_monitor[0m[2m:[0m 📊 Detected swapExactTokensForTokens
[2m2025-12-11T06:33:15.143078Z[0m [32m INFO[0m [2methereum_transaction_pool_monitor::mempool_monitor[0m[2m:[0m 🔍 Path offset: 160
[2m2025-12-11T06:33:15.143087Z[0m [32m INFO[0m [2methereum_transaction_pool_monitor::mempool_monitor[0m[2m:[0m 🔍 Path length: 3
[2m2025-12-11T06:33:15.143096Z[0m [32m INFO[0m [2methereum_transaction_pool_monitor::mempool_monitor[0m[2m:[0m 🔍 Extracted token pair: 0xdAC17F958D2ee523a2206206994597C13D831ec7 -> 0xC02aaA39b223FE8D0A0e5C4F27eAD9083C756Cc2
[2m2025-12-11T06:33:15.143147Z[0m [32m INFO[0m [2methereum_transaction_pool_monitor::mempool_monitor[0m[2m:[0m 🔍 Searching for pool with tokens 0xdAC17F958D2ee523a2206206994597C13D831ec7 and 0xC02aaA39b223FE8D0A0e5C4F27eAD9083C756Cc2
[2m2025-12-11T06:33:15.497156Z[0m [32m INFO[0m [2methereum_transaction_pool_monitor::mempool_monitor[0m[2m:[0m 🎯 Found target pool: 0x6a11ED98B1a3ac36A768ebbbbA36DED101Da5a3f (SushiSwap)
[2m2025-12-11T06:33:15.497248Z[0m [32m INFO[0m [2methereum_transaction_pool_monitor::mempool_monitor[0m[2m:[0m ✨ Potential MEV target: 0xbcadf5d57ed16d5277bce06df6b97f3fe489b5b941bc6914ca97a30bcfc44caf ($0, 0.0 gwei)
[2m2025-12-11T06:33:15.691185Z[0m [32m INFO[0m [2methereum_transaction_pool_monitor::mempool_monitor[0m[2m:[0m ✅ Successfully created sandwich target for pool: 0x6a11ed98b1a3ac36a768ebbbba36ded101da5a3f
[2m2025-12-11T06:33:15.691234Z[0m [32m INFO[0m [2methereum_transaction_pool_monitor::mempool_monitor[0m[2m:[0m 🧮 Running basic sandwich simulation for victim tx: 0xbcadf5d57ed16d5277bce06df6b97f3fe489b5b941bc6914ca97a30bcfc44caf
[2m2025-12-11T06:33:15.945053Z[0m [32m INFO[0m [2methereum_transaction_pool_monitor::mempool_monitor[0m[2m:[0m ⚠️ Simulation determined sandwich not profitable
[2m2025-12-11T06:33:16.464084Z[0m [32m INFO[0m [2methereum_transaction_pool_monitor::bot_runner[0m[2m:[0m 🤖 MEV Bot Stats | Uptime: 2.7h | Opportunities: 0 | Bundles: 0/0 (0.0%) | Profit: 0.0000 ETH | Rate: 0.00/h
[2m2025-12-11T06:33:20.686370Z[0m [32m INFO[0m [2methereum_transaction_pool_monitor::mempool_monitor[0m[2m:[0m 🎯 Router transaction detected: 0xa02097e4ab80ce5425c60a74b9fd5ca994f371487e8f7a111e82b3b11faefe2d -> 0x7a250d5630B4cF539739dF2C5dAcb4c659F2488D
[2m2025-12-11T06:33:20.686484Z[0m [32m INFO[0m [2methereum_transaction_pool_monitor::mempool_monitor[0m[2m:[0m 📊 Detected swapExactETHForTokens
[2m2025-12-11T06:33:20.686495Z[0m [32m INFO[0m [2methereum_transaction_pool_monitor::mempool_monitor[0m[2m:[0m 🔍 ETH swap path offset: 128
[2m2025-12-11T06:33:20.686501Z[0m [32m INFO[0m [2methereum_transaction_pool_monitor::mempool_monitor[0m[2m:[0m 🔍 ETH swap path length: 2
[2m2025-12-11T06:33:20.686507Z[0m [32m INFO[0m [2methereum_transaction_pool_monitor::mempool_monitor[0m[2m:[0m 🔍 ETH swap extracted token pair: 0xC02aaA39b223FE8D0A0e5C4F27eAD9083C756Cc2 -> 0x8CddEd061B6862F4483aF5c9f7DF4a6c833eDbd9
[2m2025-12-11T06:33:20.686550Z[0m [32m INFO[0m [2methereum_transaction_pool_monitor::mempool_monitor[0m[2m:[0m 🔍 Searching for pool with tokens 0xC02aaA39b223FE8D0A0e5C4F27eAD9083C756Cc2 and 0x8CddEd061B6862F4483aF5c9f7DF4a6c833eDbd9
[2m2025-12-11T06:33:21.027577Z[0m [32m INFO[0m [2methereum_transaction_pool_monitor::mempool_monitor[0m[2m:[0m 🔍 No pool found for token pair 0xC02aaA39b223FE8D0A0e5C4F27eAD9083C756Cc2 -> 0x8CddEd061B6862F4483aF5c9f7DF4a6c833eDbd9
[2m2025-12-11T06:33:21.027677Z[0m [32m INFO[0m [2methereum_transaction_pool_monitor::mempool_monitor[0m[2m:[0m ✨ Potential MEV target: 0xa02097e4ab80ce5425c60a74b9fd5ca994f371487e8f7a111e82b3b11faefe2d ($0, 0.0 gwei)
[2m2025-12-11T06:33:23.892165Z[0m [32m INFO[0m [2methereum_transaction_pool_monitor::mempool_monitor[0m[2m:[0m 🎯 Router transaction detected: 0x361e5f2b91c32fe4f3577dc4efeb0fd261005ef873856b57733b54d97c1ea777 -> 0x7a250d5630B4cF539739dF2C5dAcb4c659F2488D
[2m2025-12-11T06:33:23.892277Z[0m [32m INFO[0m [2methereum_transaction_pool_monitor::mempool_monitor[0m[2m:[0m ✨ Potential MEV target: 0x361e5f2b91c32fe4f3577dc4efeb0fd261005ef873856b57733b54d97c1ea777 ($0, 0.0 gwei)
[2m2025-12-11T06:33:26.481517Z[0m [32m INFO[0m [2methereum_transaction_pool_monitor::bot_runner[0m[2m:[0m 🤖 MEV Bot Stats | Uptime: 2.7h | Opportunities: 0 | Bundles: 0/0 (0.0%) | Profit: 0.0000 ETH | Rate: 0.00/h
[2m2025-12-11T06:33:36.481208Z[0m [32m INFO[0m [2methereum_transaction_pool_monitor::bot_runner[0m[2m:[0m 🤖 MEV Bot Stats | Uptime: 2.7h | Opportunities: 0 | Bundles: 0/0 (0.0%) | Profit: 0.0000 ETH | Rate: 0.00/h
[2m2025-12-11T06:33:38.034215Z[0m [32m INFO[0m [2methereum_transaction_pool_monitor::mempool_monitor[0m[2m:[0m 🎯 Router transaction detected: 0xe2bc6423cc0a132a6aa63d8d83875cc595adebf6af2a1058a2892b0f7efc7d84 -> 0x1111111254EEB25477B68fb85Ed929f73A960582
[2m2025-12-11T06:33:38.034333Z[0m [32m INFO[0m [2methereum_transaction_pool_monitor::mempool_monitor[0m[2m:[0m ✨ Potential MEV target: 0xe2bc6423cc0a132a6aa63d8d83875cc595adebf6af2a1058a2892b0f7efc7d84 ($0, 0.0 gwei)
[2m2025-12-11T06:33:46.425018Z[0m [32m INFO[0m [2methereum_transaction_pool_monitor::bot_runner[0m[2m:[0m 🤖 MEV Bot Stats | Uptime: 2.7h | Opportunities: 0 | Bundles: 0/0 (0.0%) | Profit: 0.0000 ETH | Rate: 0.00/h
[2m2025-12-11T06:33:53.836314Z[0m [32m INFO[0m [2methereum_transaction_pool_monitor::mempool_monitor[0m[2m:[0m 🎯 Router transaction detected: 0xe8a226243738569310e31333b99340240ef83f9af92b9625320ae840b4c86a9e -> 0x7a250d5630B4cF539739dF2C5dAcb4c659F2488D
[2m2025-12-11T06:33:53.836417Z[0m [32m INFO[0m [2methereum_transaction_pool_monitor::mempool_monitor[0m[2m:[0m ✨ Potential MEV target: 0xe8a226243738569310e31333b99340240ef83f9af92b9625320ae840b4c86a9e ($0, 0.0 gwei)
[2m2025-12-11T06:33:56.340975Z[0m [32m INFO[0m [2methereum_transaction_pool_monitor::bot_runner[0m[2m:[0m 🤖 MEV Bot Stats | Uptime: 2.7h | Opportunities: 0 | Bundles: 0/0 (0.0%) | Profit: 0.0000 ETH | Rate: 0.00/h
[2m2025-12-11T06:34:06.506980Z[0m [32m INFO[0m [2methereum_transaction_pool_monitor::bot_runner[0m[2m:[0m 🤖 MEV Bot Stats | Uptime: 2.7h | Opportunities: 0 | Bundles: 0/0 (0.0%) | Profit: 0.0000 ETH | Rate: 0.00/h
[2m2025-12-11T06:34:16.483182Z[0m [32m INFO[0m [2methereum_transaction_pool_monitor::bot_runner[0m[2m:[0m 🤖 MEV Bot Stats | Uptime: 2.7h | Opportunities: 0 | Bundles: 0/0 (0.0%) | Profit: 0.0000 ETH | Rate: 0.00/h
[2m2025-12-11T06:34:26.418616Z[0m [32m INFO[0m [2methereum_transaction_pool_monitor::bot_runner[0m[2m:[0m 🤖 MEV Bot Stats | Uptime: 2.7h | Opportunities: 0 | Bundles: 0/0 (0.0%) | Profit: 0.0000 ETH | Rate: 0.00/h
[2m2025-12-11T06:34:33.952329Z[0m [32m INFO[0m [2methereum_transaction_pool_monitor::mempool_monitor[0m[2m:[0m 🎯 Router transaction detected: 0xbdb55c9a64fae38743802fa8b84d1d86839ecd8917a6d129243d9a4ed532d27b -> 0x7a250d5630B4cF539739dF2C5dAcb4c659F2488D
[2m2025-12-11T06:34:33.952429Z[0m [32m INFO[0m [2methereum_transaction_pool_monitor::mempool_monitor[0m[2m:[0m 📊 Detected swapExactETHForTokens
[2m2025-12-11T06:34:33.952438Z[0m [32m INFO[0m [2methereum_transaction_pool_monitor::mempool_monitor[0m[2m:[0m 🔍 ETH swap path offset: 128
[2m2025-12-11T06:34:33.952443Z[0m [32m INFO[0m [2methereum_transaction_pool_monitor::mempool_monitor[0m[2m:[0m 🔍 ETH swap path length: 2
[2m2025-12-11T06:34:33.952449Z[0m [32m INFO[0m [2methereum_transaction_pool_monitor::mempool_monitor[0m[2m:[0m 🔍 ETH swap extracted token pair: 0xC02aaA39b223FE8D0A0e5C4F27eAD9083C756Cc2 -> 0x8CddEd061B6862F4483aF5c9f7DF4a6c833eDbd9
[2m2025-12-11T06:34:33.952484Z[0m [32m INFO[0m [2methereum_transaction_pool_monitor::mempool_monitor[0m[2m:[0m 🔍 Searching for pool with tokens 0xC02aaA39b223FE8D0A0e5C4F27eAD9083C756Cc2 and 0x8CddEd061B6862F4483aF5c9f7DF4a6c833eDbd9
[2m2025-12-11T06:34:34.220647Z[0m [32m INFO[0m [2methereum_transaction_pool_monitor::mempool_monitor[0m[2m:[0m 🔍 No pool found for token pair 0xC02aaA39b223FE8D0A0e5C4F27eAD9083C756Cc2 -> 0x8CddEd061B6862F4483aF5c9f7DF4a6c833eDbd9
[2m2025-12-11T06:34:34.220739Z[0m [32m INFO[0m [2methereum_transaction_pool_monitor::mempool_monitor[0m[2m:[0m ✨ Potential MEV target: 0xbdb55c9a64fae38743802fa8b84d1d86839ecd8917a6d129243d9a4ed532d27b ($0, 0.0 gwei)
[2m2025-12-11T06:34:36.496223Z[0m [32m INFO[0m [2methereum_transaction_pool_monitor::bot_runner[0m[2m:[0m 🤖 MEV Bot Stats | Uptime: 2.7h | Opportunities: 0 | Bundles: 0/0 (0.0%) | Profit: 0.0000 ETH | Rate: 0.00/h
[2m2025-12-11T06:34:37.277913Z[0m [32m INFO[0m [2methereum_transaction_pool_monitor::mempool_monitor[0m[2m:[0m 🎯 Router transaction detected: 0x1976f55cf53b1e259efafebc8ed2188274680dd2a1a82e507f21af0f3850afd6 -> 0x7a250d5630B4cF539739dF2C5dAcb4c659F2488D
[2m2025-12-11T06:34:37.278008Z[0m [32m INFO[0m [2methereum_transaction_pool_monitor::mempool_monitor[0m[2m:[0m 📊 Detected swapExactETHForTokens
[2m2025-12-11T06:34:37.278018Z[0m [32m INFO[0m [2methereum_transaction_pool_monitor::mempool_monitor[0m[2m:[0m 🔍 ETH swap path offset: 128
[2m2025-12-11T06:34:37.278025Z[0m [32m INFO[0m [2methereum_transaction_pool_monitor::mempool_monitor[0m[2m:[0m 🔍 ETH swap path length: 2
[2m2025-12-11T06:34:37.278030Z[0m [32m INFO[0m [2methereum_transaction_pool_monitor::mempool_monitor[0m[2m:[0m 🔍 ETH swap extracted token pair: 0xC02aaA39b223FE8D0A0e5C4F27eAD9083C756Cc2 -> 0xd23f659442d22BECC90707f5A1f99f051E2fc3B9
[2m2025-12-11T06:34:37.278067Z[0m [32m INFO[0m [2methereum_transaction_pool_monitor::mempool_monitor[0m[2m:[0m 🔍 Searching for pool with tokens 0xC02aaA39b223FE8D0A0e5C4F27eAD9083C756Cc2 and 0xd23f659442d22BECC90707f5A1f99f051E2fc3B9
[2m2025-12-11T06:34:37.556888Z[0m [32m INFO[0m [2methereum_transaction_pool_monitor::mempool_monitor[0m[2m:[0m 🔍 No pool found for token pair 0xC02aaA39b223FE8D0A0e5C4F27eAD9083C756Cc2 -> 0xd23f659442d22BECC90707f5A1f99f051E2fc3B9
[2m2025-12-11T06:34:37.556975Z[0m [32m INFO[0m [2methereum_transaction_pool_monitor::mempool_monitor[0m[2m:[0m ✨ Potential MEV target: 0x1976f55cf53b1e259efafebc8ed2188274680dd2a1a82e507f21af0f3850afd6 ($0, 0.0 gwei)
[2m2025-12-11T06:34:46.363680Z[0m [32m INFO[0m [2methereum_transaction_pool_monitor::bot_runner[0m[2m:[0m 🤖 MEV Bot Stats | Uptime: 2.7h | Opportunities: 0 | Bundles: 0/0 (0.0%) | Profit: 0.0000 ETH | Rate: 0.00/h
[2m2025-12-11T06:34:56.341444Z[0m [32m INFO[0m [2methereum_transaction_pool_monitor::bot_runner[0m[2m:[0m 🤖 MEV Bot Stats | Uptime: 2.7h | Opportunities: 0 | Bundles: 0/0 (0.0%) | Profit: 0.0000 ETH | Rate: 0.00/h
[2m2025-12-11T06:35:06.345029Z[0m [32m INFO[0m [2methereum_transaction_pool_monitor::bot_runner[0m[2m:[0m 🤖 MEV Bot Stats | Uptime: 2.7h | Opportunities: 0 | Bundles: 0/0 (0.0%) | Profit: 0.0000 ETH | Rate: 0.00/h
[2m2025-12-11T06:35:13.392694Z[0m [32m INFO[0m [2methereum_transaction_pool_monitor::mempool_monitor[0m[2m:[0m 🎯 Router transaction detected: 0x2bc360d12c2f7e107cf3a2c4ff6bb4820c7f06b786ee788e5a993954c42e9f0b -> 0x1111111254EEB25477B68fb85Ed929f73A960582
[2m2025-12-11T06:35:13.392812Z[0m [32m INFO[0m [2methereum_transaction_pool_monitor::mempool_monitor[0m[2m:[0m ✨ Potential MEV target: 0x2bc360d12c2f7e107cf3a2c4ff6bb4820c7f06b786ee788e5a993954c42e9f0b ($0, 0.0 gwei)
[2m2025-12-11T06:35:16.389693Z[0m [32m INFO[0m [2methereum_transaction_pool_monitor::bot_runner[0m[2m:[0m 🤖 MEV Bot Stats | Uptime: 2.7h | Opportunities: 0 | Bundles: 0/0 (0.0%) | Profit: 0.0000 ETH | Rate: 0.00/h
[2m2025-12-11T06:35:26.457027Z[0m [32m INFO[0m [2methereum_transaction_pool_monitor::bot_runner[0m[2m:[0m 🤖 MEV Bot Stats | Uptime: 2.7h | Opportunities: 0 | Bundles: 0/0 (0.0%) | Profit: 0.0000 ETH | Rate: 0.00/h
[2m2025-12-11T06:35:36.433531Z[0m [32m INFO[0m [2methereum_transaction_pool_monitor::bot_runner[0m[2m:[0m 🤖 MEV Bot Stats | Uptime: 2.7h | Opportunities: 0 | Bundles: 0/0 (0.0%) | Profit: 0.0000 ETH | Rate: 0.00/h
[2m2025-12-11T06:35:46.408952Z[0m [32m INFO[0m [2methereum_transaction_pool_monitor::bot_runner[0m[2m:[0m 🤖 MEV Bot Stats | Uptime: 2.7h | Opportunities: 0 | Bundles: 0/0 (0.0%) | Profit: 0.0000 ETH | Rate: 0.00/h
[2m2025-12-11T06:35:56.436668Z[0m [32m INFO[0m [2methereum_transaction_pool_monitor::bot_runner[0m[2m:[0m 🤖 MEV Bot Stats | Uptime: 2.7h | Opportunities: 0 | Bundles: 0/0 (0.0%) | Profit: 0.0000 ETH | Rate: 0.00/h
[2m2025-12-11T06:36:06.369244Z[0m [32m INFO[0m [2methereum_transaction_pool_monitor::bot_runner[0m[2m:[0m 🤖 MEV Bot Stats | Uptime: 2.7h | Opportunities: 0 | Bundles: 0/0 (0.0%) | Profit: 0.0000 ETH | Rate: 0.00/h
[2m2025-12-11T06:36:06.779251Z[0m [32m INFO[0m [2methereum_transaction_pool_monitor::mempool_monitor[0m[2m:[0m 🎯 Router transaction detected: 0xfe5c203cae00e046af230742cf1e6c939cecf2ff18d4fa5d8f523e4a552d81f4 -> 0x1111111254EEB25477B68fb85Ed929f73A960582
[2m2025-12-11T06:36:06.779433Z[0m [32m INFO[0m [2methereum_transaction_pool_monitor::mempool_monitor[0m[2m:[0m ✨ Potential MEV target: 0xfe5c203cae00e046af230742cf1e6c939cecf2ff18d4fa5d8f523e4a552d81f4 ($0, 0.0 gwei)
[2m2025-12-11T06:36:09.943578Z[0m [32m INFO[0m [2methereum_transaction_pool_monitor::mempool_monitor[0m[2m:[0m 🎯 Router transaction detected: 0x7d672cffb82f60e1f019e156ab374a332b9ec59cab7500c507b95eb58afac730 -> 0x7a250d5630B4cF539739dF2C5dAcb4c659F2488D
[2m2025-12-11T06:36:09.943677Z[0m [32m INFO[0m [2methereum_transaction_pool_monitor::mempool_monitor[0m[2m:[0m 📊 Detected swapExactTokensForETH
[2m2025-12-11T06:36:09.943688Z[0m [32m INFO[0m [2methereum_transaction_pool_monitor::mempool_monitor[0m[2m:[0m 🔍 Path offset: 160
[2m2025-12-11T06:36:09.943696Z[0m [32m INFO[0m [2methereum_transaction_pool_monitor::mempool_monitor[0m[2m:[0m 🔍 Path length: 2
[2m2025-12-11T06:36:09.943702Z[0m [32m INFO[0m [2methereum_transaction_pool_monitor::mempool_monitor[0m[2m:[0m 🔍 Extracted token pair: 0x8CddEd061B6862F4483aF5c9f7DF4a6c833eDbd9 -> 0xC02aaA39b223FE8D0A0e5C4F27eAD9083C756Cc2
[2m2025-12-11T06:36:09.943740Z[0m [32m INFO[0m [2methereum_transaction_pool_monitor::mempool_monitor[0m[2m:[0m 🔍 Searching for pool with tokens 0x8CddEd061B6862F4483aF5c9f7DF4a6c833eDbd9 and 0xC02aaA39b223FE8D0A0e5C4F27eAD9083C756Cc2
[2m2025-12-11T06:36:10.209416Z[0m [32m INFO[0m [2methereum_transaction_pool_monitor::mempool_monitor[0m[2m:[0m 🔍 No pool found for token pair 0x8CddEd061B6862F4483aF5c9f7DF4a6c833eDbd9 -> 0xC02aaA39b223FE8D0A0e5C4F27eAD9083C756Cc2
[2m2025-12-11T06:36:10.209496Z[0m [32m INFO[0m [2methereum_transaction_pool_monitor::mempool_monitor[0m[2m:[0m ✨ Potential MEV target: 0x7d672cffb82f60e1f019e156ab374a332b9ec59cab7500c507b95eb58afac730 ($0, 0.0 gwei)
[2m2025-12-11T06:36:16.498397Z[0m [32m INFO[0m [2methereum_transaction_pool_monitor::bot_runner[0m[2m:[0m 🤖 MEV Bot Stats | Uptime: 2.7h | Opportunities: 0 | Bundles: 0/0 (0.0%) | Profit: 0.0000 ETH | Rate: 0.00/h
[2m2025-12-11T06:36:26.336797Z[0m [32m INFO[0m [2methereum_transaction_pool_monitor::bot_runner[0m[2m:[0m 🤖 MEV Bot Stats | Uptime: 2.7h | Opportunities: 0 | Bundles: 0/0 (0.0%) | Profit: 0.0000 ETH | Rate: 0.00/h
[2m2025-12-11T06:36:35.929419Z[0m [32m INFO[0m [2methereum_transaction_pool_monitor::mempool_monitor[0m[2m:[0m 🎯 Router transaction detected: 0x8666060d5ccfebf631fe1fac74689b3857371eabc8c73ff0be38023679f9c409 -> 0x7a250d5630B4cF539739dF2C5dAcb4c659F2488D
[2m2025-12-11T06:36:35.929518Z[0m [32m INFO[0m [2methereum_transaction_pool_monitor::mempool_monitor[0m[2m:[0m ✨ Potential MEV target: 0x8666060d5ccfebf631fe1fac74689b3857371eabc8c73ff0be38023679f9c409 ($0, 0.0 gwei)
[2m2025-12-11T06:36:36.506059Z[0m [32m INFO[0m [2methereum_transaction_pool_monitor::bot_runner[0m[2m:[0m 🤖 MEV Bot Stats | Uptime: 2.7h | Opportunities: 0 | Bundles: 0/0 (0.0%) | Profit: 0.0000 ETH | Rate: 0.00/h
[2m2025-12-11T06:36:46.392001Z[0m [32m INFO[0m [2methereum_transaction_pool_monitor::bot_runner[0m[2m:[0m 🤖 MEV Bot Stats | Uptime: 2.7h | Opportunities: 0 | Bundles: 0/0 (0.0%) | Profit: 0.0000 ETH | Rate: 0.00/h
[2m2025-12-11T06:36:55.783666Z[0m [32m INFO[0m [2methereum_transaction_pool_monitor::mempool_monitor[0m[2m:[0m 🎯 Router transaction detected: 0x0cf651a5ee849f3c947dde8688131babb713417b73b83bbace29d6c6af1293bf -> 0x7a250d5630B4cF539739dF2C5dAcb4c659F2488D
[2m2025-12-11T06:36:55.783771Z[0m [32m INFO[0m [2methereum_transaction_pool_monitor::mempool_monitor[0m[2m:[0m 📊 Detected swapExactETHForTokens
[2m2025-12-11T06:36:55.783780Z[0m [32m INFO[0m [2methereum_transaction_pool_monitor::mempool_monitor[0m[2m:[0m 🔍 ETH swap path offset: 128
[2m2025-12-11T06:36:55.783787Z[0m [32m INFO[0m [2methereum_transaction_pool_monitor::mempool_monitor[0m[2m:[0m 🔍 ETH swap path length: 2
[2m2025-12-11T06:36:55.783793Z[0m [32m INFO[0m [2methereum_transaction_pool_monitor::mempool_monitor[0m[2m:[0m 🔍 ETH swap extracted token pair: 0xC02aaA39b223FE8D0A0e5C4F27eAD9083C756Cc2 -> 0x8CddEd061B6862F4483aF5c9f7DF4a6c833eDbd9
[2m2025-12-11T06:36:55.783829Z[0m [32m INFO[0m [2methereum_transaction_pool_monitor::mempool_monitor[0m[2m:[0m 🔍 Searching for pool with tokens 0xC02aaA39b223FE8D0A0e5C4F27eAD9083C756Cc2 and 0x8CddEd061B6862F4483aF5c9f7DF4a6c833eDbd9
[2m2025-12-11T06:36:56.076373Z[0m [32m INFO[0m [2methereum_transaction_pool_monitor::mempool_monitor[0m[2m:[0m 🔍 No pool found for token pair 0xC02aaA39b223FE8D0A0e5C4F27eAD9083C756Cc2 -> 0x8CddEd061B6862F4483aF5c9f7DF4a6c833eDbd9
[2m2025-12-11T06:36:56.076458Z[0m [32m INFO[0m [2methereum_transaction_pool_monitor::mempool_monitor[0m[2m:[0m ✨ Potential MEV target: 0x0cf651a5ee849f3c947dde8688131babb713417b73b83bbace29d6c6af1293bf ($0, 0.0 gwei)
[2m2025-12-11T06:36:56.483770Z[0m [32m INFO[0m [2methereum_transaction_pool_monitor::bot_runner[0m[2m:[0m 🤖 MEV Bot Stats | Uptime: 2.7h | Opportunities: 0 | Bundles: 0/0 (0.0%) | Profit: 0.0000 ETH | Rate: 0.00/h
[2m2025-12-11T06:37:06.392346Z[0m [32m INFO[0m [2methereum_transaction_pool_monitor::bot_runner[0m[2m:[0m 🤖 MEV Bot Stats | Uptime: 2.8h | Opportunities: 0 | Bundles: 0/0 (0.0%) | Profit: 0.0000 ETH | Rate: 0.00/h
[2m2025-12-11T06:37:16.413897Z[0m [32m INFO[0m [2methereum_transaction_pool_monitor::bot_runner[0m[2m:[0m 🤖 MEV Bot Stats | Uptime: 2.8h | Opportunities: 0 | Bundles: 0/0 (0.0%) | Profit: 0.0000 ETH | Rate: 0.00/h
[2m2025-12-11T06:37:26.412304Z[0m [32m INFO[0m [2methereum_transaction_pool_monitor::bot_runner[0m[2m:[0m 🤖 MEV Bot Stats | Uptime: 2.8h | Opportunities: 0 | Bundles: 0/0 (0.0%) | Profit: 0.0000 ETH | Rate: 0.00/h
[2m2025-12-11T06:37:28.006336Z[0m [32m INFO[0m [2methereum_transaction_pool_monitor::mempool_monitor[0m[2m:[0m 🎯 Router transaction detected: 0x5cd47c420598b58e8f544122eeb55d871749778739b87e49d19cb8f8f1861beb -> 0x7a250d5630B4cF539739dF2C5dAcb4c659F2488D
[2m2025-12-11T06:37:28.006434Z[0m [32m INFO[0m [2methereum_transaction_pool_monitor::mempool_monitor[0m[2m:[0m 📊 Detected swapExactETHForTokens
[2m2025-12-11T06:37:28.006442Z[0m [32m INFO[0m [2methereum_transaction_pool_monitor::mempool_monitor[0m[2m:[0m 🔍 ETH swap path offset: 128
[2m2025-12-11T06:37:28.006448Z[0m [32m INFO[0m [2methereum_transaction_pool_monitor::mempool_monitor[0m[2m:[0m 🔍 ETH swap path length: 2
[2m2025-12-11T06:37:28.006453Z[0m [32m INFO[0m [2methereum_transaction_pool_monitor::mempool_monitor[0m[2m:[0m 🔍 ETH swap extracted token pair: 0xC02aaA39b223FE8D0A0e5C4F27eAD9083C756Cc2 -> 0x8CddEd061B6862F4483aF5c9f7DF4a6c833eDbd9
[2m2025-12-11T06:37:28.006490Z[0m [32m INFO[0m [2methereum_transaction_pool_monitor::mempool_monitor[0m[2m:[0m 🔍 Searching for pool with tokens 0xC02aaA39b223FE8D0A0e5C4F27eAD9083C756Cc2 and 0x8CddEd061B6862F4483aF5c9f7DF4a6c833eDbd9
[2m2025-12-11T06:37:28.272320Z[0m [32m INFO[0m [2methereum_transaction_pool_monitor::mempool_monitor[0m[2m:[0m 🔍 No pool found for token pair 0xC02aaA39b223FE8D0A0e5C4F27eAD9083C756Cc2 -> 0x8CddEd061B6862F4483aF5c9f7DF4a6c833eDbd9
[2m2025-12-11T06:37:28.272409Z[0m [32m INFO[0m [2methereum_transaction_pool_monitor::mempool_monitor[0m[2m:[0m ✨ Potential MEV target: 0x5cd47c420598b58e8f544122eeb55d871749778739b87e49d19cb8f8f1861beb ($0, 0.0 gwei)
[2m2025-12-11T06:37:36.518429Z[0m [32m INFO[0m [2methereum_transaction_pool_monitor::bot_runner[0m[2m:[0m 🤖 MEV Bot Stats | Uptime: 2.8h | Opportunities: 0 | Bundles: 0/0 (0.0%) | Profit: 0.0000 ETH | Rate: 0.00/h
[2m2025-12-11T06:37:46.392732Z[0m [32m INFO[0m [2methereum_transaction_pool_monitor::bot_runner[0m[2m:[0m 🤖 MEV Bot Stats | Uptime: 2.8h | Opportunities: 0 | Bundles: 0/0 (0.0%) | Profit: 0.0000 ETH | Rate: 0.00/h
[2m2025-12-11T06:37:56.333531Z[0m [32m INFO[0m [2methereum_transaction_pool_monitor::bot_runner[0m[2m:[0m 🤖 MEV Bot Stats | Uptime: 2.8h | Opportunities: 0 | Bundles: 0/0 (0.0%) | Profit: 0.0000 ETH | Rate: 0.00/h
[2m2025-12-11T06:38:06.409081Z[0m [32m INFO[0m [2methereum_transaction_pool_monitor::bot_runner[0m[2m:[0m 🤖 MEV Bot Stats | Uptime: 2.8h | Opportunities: 0 | Bundles: 0/0 (0.0%) | Profit: 0.0000 ETH | Rate: 0.00/h
[2m2025-12-11T06:38:16.332968Z[0m [32m INFO[0m [2methereum_transaction_pool_monitor::bot_runner[0m[2m:[0m 🤖 MEV Bot Stats | Uptime: 2.8h | Opportunities: 0 | Bundles: 0/0 (0.0%) | Profit: 0.0000 ETH | Rate: 0.00/h
[2m2025-12-11T06:38:26.331423Z[0m [32m INFO[0m [2methereum_transaction_pool_monitor::bot_runner[0m[2m:[0m 🤖 MEV Bot Stats | Uptime: 2.8h | Opportunities: 0 | Bundles: 0/0 (0.0%) | Profit: 0.0000 ETH | Rate: 0.00/h
[2m2025-12-11T06:38:35.268765Z[0m [32m INFO[0m [2methereum_transaction_pool_monitor::mempool_monitor[0m[2m:[0m 🎯 Router transaction detected: 0xf712ff2f82bb34b29fadb1d5605bf03fd1a81ebfa30142358b42d509c073e3e9 -> 0x7a250d5630B4cF539739dF2C5dAcb4c659F2488D
[2m2025-12-11T06:38:35.268871Z[0m [32m INFO[0m [2methereum_transaction_pool_monitor::mempool_monitor[0m[2m:[0m ✨ Potential MEV target: 0xf712ff2f82bb34b29fadb1d5605bf03fd1a81ebfa30142358b42d509c073e3e9 ($0, 0.0 gwei)
[2m2025-12-11T06:38:36.332388Z[0m [32m INFO[0m [2methereum_transaction_pool_monitor::bot_runner[0m[2m:[0m 🤖 MEV Bot Stats | Uptime: 2.8h | Opportunities: 0 | Bundles: 0/0 (0.0%) | Profit: 0.0000 ETH | Rate: 0.00/h
[2m2025-12-11T06:38:46.452630Z[0m [32m INFO[0m [2methereum_transaction_pool_monitor::bot_runner[0m[2m:[0m 🤖 MEV Bot Stats | Uptime: 2.8h | Opportunities: 0 | Bundles: 0/0 (0.0%) | Profit: 0.0000 ETH | Rate: 0.00/h
[2m2025-12-11T06:38:54.302454Z[0m [32m INFO[0m [2methereum_transaction_pool_monitor::mempool_monitor[0m[2m:[0m 🎯 Router transaction detected: 0xfecbaf07cb19968a4d392b60d7c8a056b367ba50c2a6a00b4086f93f2ad6c3ac -> 0x7a250d5630B4cF539739dF2C5dAcb4c659F2488D
[2m2025-12-11T06:38:54.302553Z[0m [32m INFO[0m [2methereum_transaction_pool_monitor::mempool_monitor[0m[2m:[0m 📊 Detected swapExactETHForTokens
[2m2025-12-11T06:38:54.302562Z[0m [32m INFO[0m [2methereum_transaction_pool_monitor::mempool_monitor[0m[2m:[0m 🔍 ETH swap path offset: 128
[2m2025-12-11T06:38:54.302568Z[0m [32m INFO[0m [2methereum_transaction_pool_monitor::mempool_monitor[0m[2m:[0m 🔍 ETH swap path length: 2
[2m2025-12-11T06:38:54.302576Z[0m [32m INFO[0m [2methereum_transaction_pool_monitor::mempool_monitor[0m[2m:[0m 🔍 ETH swap extracted token pair: 0xC02aaA39b223FE8D0A0e5C4F27eAD9083C756Cc2 -> 0xd23f659442d22BECC90707f5A1f99f051E2fc3B9
[2m2025-12-11T06:38:54.302612Z[0m [32m INFO[0m [2methereum_transaction_pool_monitor::mempool_monitor[0m[2m:[0m 🔍 Searching for pool with tokens 0xC02aaA39b223FE8D0A0e5C4F27eAD9083C756Cc2 and 0xd23f659442d22BECC90707f5A1f99f051E2fc3B9
[2m2025-12-11T06:38:54.572988Z[0m [32m INFO[0m [2methereum_transaction_pool_monitor::mempool_monitor[0m[2m:[0m 🔍 No pool found for token pair 0xC02aaA39b223FE8D0A0e5C4F27eAD9083C756Cc2 -> 0xd23f659442d22BECC90707f5A1f99f051E2fc3B9
[2m2025-12-11T06:38:54.573064Z[0m [32m INFO[0m [2methereum_transaction_pool_monitor::mempool_monitor[0m[2m:[0m ✨ Potential MEV target: 0xfecbaf07cb19968a4d392b60d7c8a056b367ba50c2a6a00b4086f93f2ad6c3ac ($0, 0.0 gwei)
[2m2025-12-11T06:38:56.431894Z[0m [32m INFO[0m [2methereum_transaction_pool_monitor::bot_runner[0m[2m:[0m 🤖 MEV Bot Stats | Uptime: 2.8h | Opportunities: 0 | Bundles: 0/0 (0.0%) | Profit: 0.0000 ETH | Rate: 0.00/h
[2m2025-12-11T06:38:56.997010Z[0m [32m INFO[0m [2methereum_transaction_pool_monitor::mempool_monitor[0m[2m:[0m 🎯 Router transaction detected: 0x549e09ebde54beec3836d070ad00edd68d13d3892f9a1cd9f6a0b486d481c8c6 -> 0x7a250d5630B4cF539739dF2C5dAcb4c659F2488D
[2m2025-12-11T06:38:56.997110Z[0m [32m INFO[0m [2methereum_transaction_pool_monitor::mempool_monitor[0m[2m:[0m ✨ Potential MEV target: 0x549e09ebde54beec3836d070ad00edd68d13d3892f9a1cd9f6a0b486d481c8c6 ($0, 0.0 gwei)
[2m2025-12-11T06:38:57.585367Z[0m [32m INFO[0m [2methereum_transaction_pool_monitor::mempool_monitor[0m[2m:[0m 🎯 Router transaction detected: 0x1453a650fdda9752283c2187f14575c7795349966cc54d71e0b7118c395e9244 -> 0x7a250d5630B4cF539739dF2C5dAcb4c659F2488D
[2m2025-12-11T06:38:57.585472Z[0m [32m INFO[0m [2methereum_transaction_pool_monitor::mempool_monitor[0m[2m:[0m ✨ Potential MEV target: 0x1453a650fdda9752283c2187f14575c7795349966cc54d71e0b7118c395e9244 ($0, 0.0 gwei)
[2m2025-12-11T06:39:06.477216Z[0m [32m INFO[0m [2methereum_transaction_pool_monitor::bot_runner[0m[2m:[0m 🤖 MEV Bot Stats | Uptime: 2.8h | Opportunities: 0 | Bundles: 0/0 (0.0%) | Profit: 0.0000 ETH | Rate: 0.00/h
[2m2025-12-11T06:39:16.346636Z[0m [32m INFO[0m [2methereum_transaction_pool_monitor::bot_runner[0m[2m:[0m 🤖 MEV Bot Stats | Uptime: 2.8h | Opportunities: 0 | Bundles: 0/0 (0.0%) | Profit: 0.0000 ETH | Rate: 0.00/h
[2m2025-12-11T06:39:26.370715Z[0m [32m INFO[0m [2methereum_transaction_pool_monitor::bot_runner[0m[2m:[0m 🤖 MEV Bot Stats | Uptime: 2.8h | Opportunities: 0 | Bundles: 0/0 (0.0%) | Profit: 0.0000 ETH | Rate: 0.00/h
[2m2025-12-11T06:39:36.490203Z[0m [32m INFO[0m [2methereum_transaction_pool_monitor::bot_runner[0m[2m:[0m 🤖 MEV Bot Stats | Uptime: 2.8h | Opportunities: 0 | Bundles: 0/0 (0.0%) | Profit: 0.0000 ETH | Rate: 0.00/h
[2m2025-12-11T06:39:46.336834Z[0m [32m INFO[0m [2methereum_transaction_pool_monitor::bot_runner[0m[2m:[0m 🤖 MEV Bot Stats | Uptime: 2.8h | Opportunities: 0 | Bundles: 0/0 (0.0%) | Profit: 0.0000 ETH | Rate: 0.00/h
[2m2025-12-11T06:39:56.360037Z[0m [32m INFO[0m [2methereum_transaction_pool_monitor::bot_runner[0m[2m:[0m 🤖 MEV Bot Stats | Uptime: 2.8h | Opportunities: 0 | Bundles: 0/0 (0.0%) | Profit: 0.0000 ETH | Rate: 0.00/h
[2m2025-12-11T06:39:59.612241Z[0m [32m INFO[0m [2methereum_transaction_pool_monitor::mempool_monitor[0m[2m:[0m 🎯 Router transaction detected: 0x7675e0af166c863c0251d34ed157c8f312cf0320d6c751a5c9695c4cfd6a8e7a -> 0x7a250d5630B4cF539739dF2C5dAcb4c659F2488D
[2m2025-12-11T06:39:59.612344Z[0m [32m INFO[0m [2methereum_transaction_pool_monitor::mempool_monitor[0m[2m:[0m 📊 Detected swapExactETHForTokens
[2m2025-12-11T06:39:59.612353Z[0m [32m INFO[0m [2methereum_transaction_pool_monitor::mempool_monitor[0m[2m:[0m 🔍 ETH swap path offset: 128
[2m2025-12-11T06:39:59.612360Z[0m [32m INFO[0m [2methereum_transaction_pool_monitor::mempool_monitor[0m[2m:[0m 🔍 ETH swap path length: 2
[2m2025-12-11T06:39:59.612366Z[0m [32m INFO[0m [2methereum_transaction_pool_monitor::mempool_monitor[0m[2m:[0m 🔍 ETH swap extracted token pair: 0xC02aaA39b223FE8D0A0e5C4F27eAD9083C756Cc2 -> 0x8CddEd061B6862F4483aF5c9f7DF4a6c833eDbd9
[2m2025-12-11T06:39:59.612403Z[0m [32m INFO[0m [2methereum_transaction_pool_monitor::mempool_monitor[0m[2m:[0m 🔍 Searching for pool with tokens 0xC02aaA39b223FE8D0A0e5C4F27eAD9083C756Cc2 and 0x8CddEd061B6862F4483aF5c9f7DF4a6c833eDbd9
[2m2025-12-11T06:39:59.875846Z[0m [32m INFO[0m [2methereum_transaction_pool_monitor::mempool_monitor[0m[2m:[0m 🔍 No pool found for token pair 0xC02aaA39b223FE8D0A0e5C4F27eAD9083C756Cc2 -> 0x8CddEd061B6862F4483aF5c9f7DF4a6c833eDbd9
[2m2025-12-11T06:39:59.875923Z[0m [32m INFO[0m [2methereum_transaction_pool_monitor::mempool_monitor[0m[2m:[0m ✨ Potential MEV target: 0x7675e0af166c863c0251d34ed157c8f312cf0320d6c751a5c9695c4cfd6a8e7a ($0, 0.0 gwei)
[2m2025-12-11T06:40:06.499074Z[0m [32m INFO[0m [2methereum_transaction_pool_monitor::bot_runner[0m[2m:[0m 🤖 MEV Bot Stats | Uptime: 2.8h | Opportunities: 0 | Bundles: 0/0 (0.0%) | Profit: 0.0000 ETH | Rate: 0.00/h
[2m2025-12-11T06:40:14.800911Z[0m [32m INFO[0m [2methereum_transaction_pool_monitor::mempool_monitor[0m[2m:[0m 🎯 Router transaction detected: 0xa5fa2b91ae7cca11ef0b8c2d83dffbb498996526e9e77c9badddd19a0b619ca7 -> 0x7a250d5630B4cF539739dF2C5dAcb4c659F2488D
[2m2025-12-11T06:40:14.801015Z[0m [32m INFO[0m [2methereum_transaction_pool_monitor::mempool_monitor[0m[2m:[0m ✨ Potential MEV target: 0xa5fa2b91ae7cca11ef0b8c2d83dffbb498996526e9e77c9badddd19a0b619ca7 ($0, 0.0 gwei)
[2m2025-12-11T06:40:16.328876Z[0m [32m INFO[0m [2methereum_transaction_pool_monitor::bot_runner[0m[2m:[0m 🤖 MEV Bot Stats | Uptime: 2.8h | Opportunities: 0 | Bundles: 0/0 (0.0%) | Profit: 0.0000 ETH | Rate: 0.00/h
[2m2025-12-11T06:40:23.093103Z[0m [32m INFO[0m [2methereum_transaction_pool_monitor::mempool_monitor[0m[2m:[0m 🎯 Router transaction detected: 0x59f9e64307bfffbc1bf4fdfef008eee6098c0b02ea4de9cf2cd54d61c096e952 -> 0x7a250d5630B4cF539739dF2C5dAcb4c659F2488D
[2m2025-12-11T06:40:23.093209Z[0m [32m INFO[0m [2methereum_transaction_pool_monitor::mempool_monitor[0m[2m:[0m ✨ Potential MEV target: 0x59f9e64307bfffbc1bf4fdfef008eee6098c0b02ea4de9cf2cd54d61c096e952 ($0, 0.0 gwei)
[2m2025-12-11T06:40:23.909230Z[0m [32m INFO[0m [2methereum_transaction_pool_monitor::mempool_monitor[0m[2m:[0m 🎯 Router transaction detected: 0xc7d48c52fb279723b8ed5123131115f9b2760b7f1d50a022306294c346a2c672 -> 0x7a250d5630B4cF539739dF2C5dAcb4c659F2488D
[2m2025-12-11T06:40:23.909333Z[0m [32m INFO[0m [2methereum_transaction_pool_monitor::mempool_monitor[0m[2m:[0m ✨ Potential MEV target: 0xc7d48c52fb279723b8ed5123131115f9b2760b7f1d50a022306294c346a2c672 ($0, 0.0 gwei)
[2m2025-12-11T06:40:26.365470Z[0m [32m INFO[0m [2methereum_transaction_pool_monitor::bot_runner[0m[2m:[0m 🤖 MEV Bot Stats | Uptime: 2.8h | Opportunities: 0 | Bundles: 0/0 (0.0%) | Profit: 0.0000 ETH | Rate: 0.00/h
[2m2025-12-11T06:40:36.517144Z[0m [32m INFO[0m [2methereum_transaction_pool_monitor::bot_runner[0m[2m:[0m 🤖 MEV Bot Stats | Uptime: 2.8h | Opportunities: 0 | Bundles: 0/0 (0.0%) | Profit: 0.0000 ETH | Rate: 0.00/h
[2m2025-12-11T06:40:37.782370Z[0m [32m INFO[0m [2methereum_transaction_pool_monitor::mempool_monitor[0m[2m:[0m 🎯 Router transaction detected: 0xbde2adef7c9fbab0f014845ca437e763a69c5e88ea951de97b2a04d29631f6bd -> 0x1111111254EEB25477B68fb85Ed929f73A960582
[2m2025-12-11T06:40:37.782491Z[0m [32m INFO[0m [2methereum_transaction_pool_monitor::mempool_monitor[0m[2m:[0m ✨ Potential MEV target: 0xbde2adef7c9fbab0f014845ca437e763a69c5e88ea951de97b2a04d29631f6bd ($0, 0.0 gwei)
[2m2025-12-11T06:40:46.337982Z[0m [32m INFO[0m [2methereum_transaction_pool_monitor::bot_runner[0m[2m:[0m 🤖 MEV Bot Stats | Uptime: 2.8h | Opportunities: 0 | Bundles: 0/0 (0.0%) | Profit: 0.0000 ETH | Rate: 0.00/h
[2m2025-12-11T06:40:56.415178Z[0m [32m INFO[0m [2methereum_transaction_pool_monitor::bot_runner[0m[2m:[0m 🤖 MEV Bot Stats | Uptime: 2.8h | Opportunities: 0 | Bundles: 0/0 (0.0%) | Profit: 0.0000 ETH | Rate: 0.00/h
[2m2025-12-11T06:41:06.329004Z[0m [32m INFO[0m [2methereum_transaction_pool_monitor::bot_runner[0m[2m:[0m 🤖 MEV Bot Stats | Uptime: 2.8h | Opportunities: 0 | Bundles: 0/0 (0.0%) | Profit: 0.0000 ETH | Rate: 0.00/h
[2m2025-12-11T06:41:16.331174Z[0m [32m INFO[0m [2methereum_transaction_pool_monitor::bot_runner[0m[2m:[0m 🤖 MEV Bot Stats | Uptime: 2.8h | Opportunities: 0 | Bundles: 0/0 (0.0%) | Profit: 0.0000 ETH | Rate: 0.00/h
[2m2025-12-11T06:41:26.355228Z[0m [32m INFO[0m [2methereum_transaction_pool_monitor::bot_runner[0m[2m:[0m 🤖 MEV Bot Stats | Uptime: 2.8h | Opportunities: 0 | Bundles: 0/0 (0.0%) | Profit: 0.0000 ETH | Rate: 0.00/h
[2m2025-12-11T06:41:27.153120Z[0m [32m INFO[0m [2methereum_transaction_pool_monitor::mempool_monitor[0m[2m:[0m 🎯 Router transaction detected: 0xcdf0d1afb86fc4cb5a236701c8b7448864e322c958c92a301e1c1094804a1518 -> 0x7a250d5630B4cF539739dF2C5dAcb4c659F2488D
[2m2025-12-11T06:41:27.153204Z[0m [32m INFO[0m [2methereum_transaction_pool_monitor::mempool_monitor[0m[2m:[0m 📊 Detected swapExactTokensForTokens
[2m2025-12-11T06:41:27.153212Z[0m [32m INFO[0m [2methereum_transaction_pool_monitor::mempool_monitor[0m[2m:[0m 🔍 Path offset: 160
[2m2025-12-11T06:41:27.153217Z[0m [32m INFO[0m [2methereum_transaction_pool_monitor::mempool_monitor[0m[2m:[0m 🔍 Path length: 2
[2m2025-12-11T06:41:27.153222Z[0m [32m INFO[0m [2methereum_transaction_pool_monitor::mempool_monitor[0m[2m:[0m 🔍 Extracted token pair: 0xF411903cbC70a74d22900a5DE66A2dda66507255 -> 0xC02aaA39b223FE8D0A0e5C4F27eAD9083C756Cc2
[2m2025-12-11T06:41:27.153257Z[0m [32m INFO[0m [2methereum_transaction_pool_monitor::mempool_monitor[0m[2m:[0m 🔍 Searching for pool with tokens 0xF411903cbC70a74d22900a5DE66A2dda66507255 and 0xC02aaA39b223FE8D0A0e5C4F27eAD9083C756Cc2
[2m2025-12-11T06:41:27.445481Z[0m [32m INFO[0m [2methereum_transaction_pool_monitor::mempool_monitor[0m[2m:[0m 🎯 Found target pool: 0x60031819a16266d896268cfEa5d5be0b6c2B5D75 (UniswapV2)
[2m2025-12-11T06:41:27.445554Z[0m [32m INFO[0m [2methereum_transaction_pool_monitor::mempool_monitor[0m[2m:[0m ✨ Potential MEV target: 0xcdf0d1afb86fc4cb5a236701c8b7448864e322c958c92a301e1c1094804a1518 ($0, 0.0 gwei)
[2m2025-12-11T06:41:27.559228Z[0m [32m INFO[0m [2methereum_transaction_pool_monitor::mempool_monitor[0m[2m:[0m ✅ Successfully created sandwich target for pool: 0x60031819a16266d896268cfea5d5be0b6c2b5d75
[2m2025-12-11T06:41:27.559271Z[0m [32m INFO[0m [2methereum_transaction_pool_monitor::mempool_monitor[0m[2m:[0m 🧮 Running basic sandwich simulation for victim tx: 0xcdf0d1afb86fc4cb5a236701c8b7448864e322c958c92a301e1c1094804a1518
[2m2025-12-11T06:41:27.658549Z[0m [32m INFO[0m [2methereum_transaction_pool_monitor::mempool_monitor[0m[2m:[0m ⚠️ Simulation determined sandwich not profitable
[2m2025-12-11T06:41:36.328159Z[0m [32m INFO[0m [2methereum_transaction_pool_monitor::bot_runner[0m[2m:[0m 🤖 MEV Bot Stats | Uptime: 2.8h | Opportunities: 0 | Bundles: 0/0 (0.0%) | Profit: 0.0000 ETH | Rate: 0.00/h
[2m2025-12-11T06:41:46.387611Z[0m [32m INFO[0m [2methereum_transaction_pool_monitor::bot_runner[0m[2m:[0m 🤖 MEV Bot Stats | Uptime: 2.8h | Opportunities: 0 | Bundles: 0/0 (0.0%) | Profit: 0.0000 ETH | Rate: 0.00/h
[2m2025-12-11T06:41:48.328574Z[0m [32m INFO[0m [2methereum_transaction_pool_monitor::mempool_monitor[0m[2m:[0m 🎯 Router transaction detected: 0xbf56fd2ba70fcd92a1c939673edfbd4e7a7830d0398476afdd9c7d37c0ba14b5 -> 0x1111111254EEB25477B68fb85Ed929f73A960582
[2m2025-12-11T06:41:48.328688Z[0m [32m INFO[0m [2methereum_transaction_pool_monitor::mempool_monitor[0m[2m:[0m ✨ Potential MEV target: 0xbf56fd2ba70fcd92a1c939673edfbd4e7a7830d0398476afdd9c7d37c0ba14b5 ($0, 0.0 gwei)
[2m2025-12-11T06:41:54.470462Z[0m [32m INFO[0m [2methereum_transaction_pool_monitor::mempool_monitor[0m[2m:[0m 🎯 Router transaction detected: 0x92100a787fafae7cafc44612759243c49b5a688d130716fe7ec58c32e62f733f -> 0x7a250d5630B4cF539739dF2C5dAcb4c659F2488D
[2m2025-12-11T06:41:54.470559Z[0m [32m INFO[0m [2methereum_transaction_pool_monitor::mempool_monitor[0m[2m:[0m 📊 Detected swapExactETHForTokens
[2m2025-12-11T06:41:54.470569Z[0m [32m INFO[0m [2methereum_transaction_pool_monitor::mempool_monitor[0m[2m:[0m 🔍 ETH swap path offset: 128
[2m2025-12-11T06:41:54.470577Z[0m [32m INFO[0m [2methereum_transaction_pool_monitor::mempool_monitor[0m[2m:[0m 🔍 ETH swap path length: 2
[2m2025-12-11T06:41:54.470583Z[0m [32m INFO[0m [2methereum_transaction_pool_monitor::mempool_monitor[0m[2m:[0m 🔍 ETH swap extracted token pair: 0xC02aaA39b223FE8D0A0e5C4F27eAD9083C756Cc2 -> 0x8CddEd061B6862F4483aF5c9f7DF4a6c833eDbd9
[2m2025-12-11T06:41:54.470621Z[0m [32m INFO[0m [2methereum_transaction_pool_monitor::mempool_monitor[0m[2m:[0m 🔍 Searching for pool with tokens 0xC02aaA39b223FE8D0A0e5C4F27eAD9083C756Cc2 and 0x8CddEd061B6862F4483aF5c9f7DF4a6c833eDbd9
[2m2025-12-11T06:41:54.735875Z[0m [32m INFO[0m [2methereum_transaction_pool_monitor::mempool_monitor[0m[2m:[0m 🔍 No pool found for token pair 0xC02aaA39b223FE8D0A0e5C4F27eAD9083C756Cc2 -> 0x8CddEd061B6862F4483aF5c9f7DF4a6c833eDbd9
[2m2025-12-11T06:41:54.735962Z[0m [32m INFO[0m [2methereum_transaction_pool_monitor::mempool_monitor[0m[2m:[0m ✨ Potential MEV target: 0x92100a787fafae7cafc44612759243c49b5a688d130716fe7ec58c32e62f733f ($0, 0.0 gwei)
[2m2025-12-11T06:41:56.479218Z[0m [32m INFO[0m [2methereum_transaction_pool_monitor::bot_runner[0m[2m:[0m 🤖 MEV Bot Stats | Uptime: 2.8h | Opportunities: 0 | Bundles: 0/0 (0.0%) | Profit: 0.0000 ETH | Rate: 0.00/h
[2m2025-12-11T06:42:06.327757Z[0m [32m INFO[0m [2methereum_transaction_pool_monitor::bot_runner[0m[2m:[0m 🤖 MEV Bot Stats | Uptime: 2.8h | Opportunities: 0 | Bundles: 0/0 (0.0%) | Profit: 0.0000 ETH | Rate: 0.00/h
[2m2025-12-11T06:42:16.326920Z[0m [32m INFO[0m [2methereum_transaction_pool_monitor::bot_runner[0m[2m:[0m 🤖 MEV Bot Stats | Uptime: 2.8h | Opportunities: 0 | Bundles: 0/0 (0.0%) | Profit: 0.0000 ETH | Rate: 0.00/h
[2m2025-12-11T06:42:26.420922Z[0m [32m INFO[0m [2methereum_transaction_pool_monitor::bot_runner[0m[2m:[0m 🤖 MEV Bot Stats | Uptime: 2.8h | Opportunities: 0 | Bundles: 0/0 (0.0%) | Profit: 0.0000 ETH | Rate: 0.00/h
[2m2025-12-11T06:42:36.325647Z[0m [32m INFO[0m [2methereum_transaction_pool_monitor::bot_runner[0m[2m:[0m 🤖 MEV Bot Stats | Uptime: 2.8h | Opportunities: 0 | Bundles: 0/0 (0.0%) | Profit: 0.0000 ETH | Rate: 0.00/h
[2m2025-12-11T06:42:46.507042Z[0m [32m INFO[0m [2methereum_transaction_pool_monitor::bot_runner[0m[2m:[0m 🤖 MEV Bot Stats | Uptime: 2.8h | Opportunities: 0 | Bundles: 0/0 (0.0%) | Profit: 0.0000 ETH | Rate: 0.00/h
[2m2025-12-11T06:42:56.458996Z[0m [32m INFO[0m [2methereum_transaction_pool_monitor::bot_runner[0m[2m:[0m 🤖 MEV Bot Stats | Uptime: 2.8h | Opportunities: 0 | Bundles: 0/0 (0.0%) | Profit: 0.0000 ETH | Rate: 0.00/h
[2m2025-12-11T06:42:56.464348Z[0m [32m INFO[0m [2methereum_transaction_pool_monitor::mempool_monitor[0m[2m:[0m 🎯 Router transaction detected: 0x2315dc9e0c07b3b69c72044fffbb3c5f1371eea1e10e2239cbe133b1cbf3b17c -> 0x7a250d5630B4cF539739dF2C5dAcb4c659F2488D
[2m2025-12-11T06:42:56.464423Z[0m [32m INFO[0m [2methereum_transaction_pool_monitor::mempool_monitor[0m[2m:[0m 📊 Detected swapExactETHForTokens
[2m2025-12-11T06:42:56.464430Z[0m [32m INFO[0m [2methereum_transaction_pool_monitor::mempool_monitor[0m[2m:[0m 🔍 ETH swap path offset: 128
[2m2025-12-11T06:42:56.464436Z[0m [32m INFO[0m [2methereum_transaction_pool_monitor::mempool_monitor[0m[2m:[0m 🔍 ETH swap path length: 2
[2m2025-12-11T06:42:56.464441Z[0m [32m INFO[0m [2methereum_transaction_pool_monitor::mempool_monitor[0m[2m:[0m 🔍 ETH swap extracted token pair: 0xC02aaA39b223FE8D0A0e5C4F27eAD9083C756Cc2 -> 0x8CddEd061B6862F4483aF5c9f7DF4a6c833eDbd9
[2m2025-12-11T06:42:56.464476Z[0m [32m INFO[0m [2methereum_transaction_pool_monitor::mempool_monitor[0m[2m:[0m 🔍 Searching for pool with tokens 0xC02aaA39b223FE8D0A0e5C4F27eAD9083C756Cc2 and 0x8CddEd061B6862F4483aF5c9f7DF4a6c833eDbd9
[2m2025-12-11T06:42:56.729992Z[0m [32m INFO[0m [2methereum_transaction_pool_monitor::mempool_monitor[0m[2m:[0m 🔍 No pool found for token pair 0xC02aaA39b223FE8D0A0e5C4F27eAD9083C756Cc2 -> 0x8CddEd061B6862F4483aF5c9f7DF4a6c833eDbd9
[2m2025-12-11T06:42:56.730081Z[0m [32m INFO[0m [2methereum_transaction_pool_monitor::mempool_monitor[0m[2m:[0m ✨ Potential MEV target: 0x2315dc9e0c07b3b69c72044fffbb3c5f1371eea1e10e2239cbe133b1cbf3b17c ($0, 0.0 gwei)
[2m2025-12-11T06:43:06.381816Z[0m [32m INFO[0m [2methereum_transaction_pool_monitor::bot_runner[0m[2m:[0m 🤖 MEV Bot Stats | Uptime: 2.9h | Opportunities: 0 | Bundles: 0/0 (0.0%) | Profit: 0.0000 ETH | Rate: 0.00/h
[2m2025-12-11T06:43:16.430236Z[0m [32m INFO[0m [2methereum_transaction_pool_monitor::bot_runner[0m[2m:[0m 🤖 MEV Bot Stats | Uptime: 2.9h | Opportunities: 0 | Bundles: 0/0 (0.0%) | Profit: 0.0000 ETH | Rate: 0.00/h
[2m2025-12-11T06:43:24.656650Z[0m [32m INFO[0m [2methereum_transaction_pool_monitor::mempool_monitor[0m[2m:[0m 🎯 Router transaction detected: 0xff1b6f20fb382023dd9732e8759107e977fa310f885ec1acf17a0c887eb2fded -> 0x7a250d5630B4cF539739dF2C5dAcb4c659F2488D
[2m2025-12-11T06:43:24.656751Z[0m [32m INFO[0m [2methereum_transaction_pool_monitor::mempool_monitor[0m[2m:[0m ✨ Potential MEV target: 0xff1b6f20fb382023dd9732e8759107e977fa310f885ec1acf17a0c887eb2fded ($0, 0.0 gwei)
[2m2025-12-11T06:43:26.392484Z[0m [32m INFO[0m [2methereum_transaction_pool_monitor::bot_runner[0m[2m:[0m 🤖 MEV Bot Stats | Uptime: 2.9h | Opportunities: 0 | Bundles: 0/0 (0.0%) | Profit: 0.0000 ETH | Rate: 0.00/h
[2m2025-12-11T06:43:27.382460Z[0m [32m INFO[0m [2methereum_transaction_pool_monitor::mempool_monitor[0m[2m:[0m 🎯 Router transaction detected: 0x5aadf38a014b747fbed5acff538a261f275134ea2f8c1e086b5c88e48e933cc6 -> 0x1111111254EEB25477B68fb85Ed929f73A960582
[2m2025-12-11T06:43:27.382581Z[0m [32m INFO[0m [2methereum_transaction_pool_monitor::mempool_monitor[0m[2m:[0m ✨ Potential MEV target: 0x5aadf38a014b747fbed5acff538a261f275134ea2f8c1e086b5c88e48e933cc6 ($0, 0.0 gwei)
[2m2025-12-11T06:43:36.330940Z[0m [32m INFO[0m [2methereum_transaction_pool_monitor::bot_runner[0m[2m:[0m 🤖 MEV Bot Stats | Uptime: 2.9h | Opportunities: 0 | Bundles: 0/0 (0.0%) | Profit: 0.0000 ETH | Rate: 0.00/h
[2m2025-12-11T06:43:46.390160Z[0m [32m INFO[0m [2methereum_transaction_pool_monitor::bot_runner[0m[2m:[0m 🤖 MEV Bot Stats | Uptime: 2.9h | Opportunities: 0 | Bundles: 0/0 (0.0%) | Profit: 0.0000 ETH | Rate: 0.00/h
[2m2025-12-11T06:43:56.443660Z[0m [32m INFO[0m [2methereum_transaction_pool_monitor::bot_runner[0m[2m:[0m 🤖 MEV Bot Stats | Uptime: 2.9h | Opportunities: 0 | Bundles: 0/0 (0.0%) | Profit: 0.0000 ETH | Rate: 0.00/h
[2m2025-12-11T06:44:02.160305Z[0m [32m INFO[0m [2methereum_transaction_pool_monitor::mempool_monitor[0m[2m:[0m 🎯 Router transaction detected: 0xb69aa248b7dab05d1e124b222a4afcd5121ea506985d708f43633d639a48ad32 -> 0x7a250d5630B4cF539739dF2C5dAcb4c659F2488D
[2m2025-12-11T06:44:02.160407Z[0m [32m INFO[0m [2methereum_transaction_pool_monitor::mempool_monitor[0m[2m:[0m 📊 Detected swapExactETHForTokens
[2m2025-12-11T06:44:02.160417Z[0m [32m INFO[0m [2methereum_transaction_pool_monitor::mempool_monitor[0m[2m:[0m 🔍 ETH swap path offset: 128
[2m2025-12-11T06:44:02.160425Z[0m [32m INFO[0m [2methereum_transaction_pool_monitor::mempool_monitor[0m[2m:[0m 🔍 ETH swap path length: 2
[2m2025-12-11T06:44:02.160431Z[0m [32m INFO[0m [2methereum_transaction_pool_monitor::mempool_monitor[0m[2m:[0m 🔍 ETH swap extracted token pair: 0xC02aaA39b223FE8D0A0e5C4F27eAD9083C756Cc2 -> 0x8CddEd061B6862F4483aF5c9f7DF4a6c833eDbd9
[2m2025-12-11T06:44:02.160467Z[0m [32m INFO[0m [2methereum_transaction_pool_monitor::mempool_monitor[0m[2m:[0m 🔍 Searching for pool with tokens 0xC02aaA39b223FE8D0A0e5C4F27eAD9083C756Cc2 and 0x8CddEd061B6862F4483aF5c9f7DF4a6c833eDbd9
[2m2025-12-11T06:44:02.430050Z[0m [32m INFO[0m [2methereum_transaction_pool_monitor::mempool_monitor[0m[2m:[0m 🔍 No pool found for token pair 0xC02aaA39b223FE8D0A0e5C4F27eAD9083C756Cc2 -> 0x8CddEd061B6862F4483aF5c9f7DF4a6c833eDbd9
[2m2025-12-11T06:44:02.430141Z[0m [32m INFO[0m [2methereum_transaction_pool_monitor::mempool_monitor[0m[2m:[0m ✨ Potential MEV target: 0xb69aa248b7dab05d1e124b222a4afcd5121ea506985d708f43633d639a48ad32 ($0, 0.0 gwei)
[2m2025-12-11T06:44:06.436234Z[0m [32m INFO[0m [2methereum_transaction_pool_monitor::bot_runner[0m[2m:[0m 🤖 MEV Bot Stats | Uptime: 2.9h | Opportunities: 0 | Bundles: 0/0 (0.0%) | Profit: 0.0000 ETH | Rate: 0.00/h
[2m2025-12-11T06:44:15.969657Z[0m [32m INFO[0m [2methereum_transaction_pool_monitor::mempool_monitor[0m[2m:[0m 🎯 Router transaction detected: 0x4c5e264afa73ca741504bf8e13dcc487f196e6a67b1214c76bed70d02e5f22c2 -> 0x7a250d5630B4cF539739dF2C5dAcb4c659F2488D
[2m2025-12-11T06:44:15.969754Z[0m [32m INFO[0m [2methereum_transaction_pool_monitor::mempool_monitor[0m[2m:[0m 📊 Detected swapExactETHForTokens
[2m2025-12-11T06:44:15.969762Z[0m [32m INFO[0m [2methereum_transaction_pool_monitor::mempool_monitor[0m[2m:[0m 🔍 ETH swap path offset: 128
[2m2025-12-11T06:44:15.969767Z[0m [32m INFO[0m [2methereum_transaction_pool_monitor::mempool_monitor[0m[2m:[0m 🔍 ETH swap path length: 2
[2m2025-12-11T06:44:15.969772Z[0m [32m INFO[0m [2methereum_transaction_pool_monitor::mempool_monitor[0m[2m:[0m 🔍 ETH swap extracted token pair: 0xC02aaA39b223FE8D0A0e5C4F27eAD9083C756Cc2 -> 0xabAa830985718cc29e7a13E0351bA811905ffFdE
[2m2025-12-11T06:44:15.969812Z[0m [32m INFO[0m [2methereum_transaction_pool_monitor::mempool_monitor[0m[2m:[0m 🔍 Searching for pool with tokens 0xC02aaA39b223FE8D0A0e5C4F27eAD9083C756Cc2 and 0xabAa830985718cc29e7a13E0351bA811905ffFdE
[2m2025-12-11T06:44:16.232558Z[0m [32m INFO[0m [2methereum_transaction_pool_monitor::mempool_monitor[0m[2m:[0m 🔍 No pool found for token pair 0xC02aaA39b223FE8D0A0e5C4F27eAD9083C756Cc2 -> 0xabAa830985718cc29e7a13E0351bA811905ffFdE
[2m2025-12-11T06:44:16.232642Z[0m [32m INFO[0m [2methereum_transaction_pool_monitor::mempool_monitor[0m[2m:[0m ✨ Potential MEV target: 0x4c5e264afa73ca741504bf8e13dcc487f196e6a67b1214c76bed70d02e5f22c2 ($0, 0.0 gwei)
[2m2025-12-11T06:44:16.424494Z[0m [32m INFO[0m [2methereum_transaction_pool_monitor::bot_runner[0m[2m:[0m 🤖 MEV Bot Stats | Uptime: 2.9h | Opportunities: 0 | Bundles: 0/0 (0.0%) | Profit: 0.0000 ETH | Rate: 0.00/h
[2m2025-12-11T06:44:26.354864Z[0m [32m INFO[0m [2methereum_transaction_pool_monitor::bot_runner[0m[2m:[0m 🤖 MEV Bot Stats | Uptime: 2.9h | Opportunities: 0 | Bundles: 0/0 (0.0%) | Profit: 0.0000 ETH | Rate: 0.00/h
[2m2025-12-11T06:44:36.378356Z[0m [32m INFO[0m [2methereum_transaction_pool_monitor::bot_runner[0m[2m:[0m 🤖 MEV Bot Stats | Uptime: 2.9h | Opportunities: 0 | Bundles: 0/0 (0.0%) | Profit: 0.0000 ETH | Rate: 0.00/h
[2m2025-12-11T06:44:46.416540Z[0m [32m INFO[0m [2methereum_transaction_pool_monitor::bot_runner[0m[2m:[0m 🤖 MEV Bot Stats | Uptime: 2.9h | Opportunities: 0 | Bundles: 0/0 (0.0%) | Profit: 0.0000 ETH | Rate: 0.00/h
[2m2025-12-11T06:44:56.427649Z[0m [32m INFO[0m [2methereum_transaction_pool_monitor::bot_runner[0m[2m:[0m 🤖 MEV Bot Stats | Uptime: 2.9h | Opportunities: 0 | Bundles: 0/0 (0.0%) | Profit: 0.0000 ETH | Rate: 0.00/h
[2m2025-12-11T06:45:06.500053Z[0m [32m INFO[0m [2methereum_transaction_pool_monitor::bot_runner[0m[2m:[0m 🤖 MEV Bot Stats | Uptime: 2.9h | Opportunities: 0 | Bundles: 0/0 (0.0%) | Profit: 0.0000 ETH | Rate: 0.00/h
[2m2025-12-11T06:45:09.515816Z[0m [32m INFO[0m [2methereum_transaction_pool_monitor::mempool_monitor[0m[2m:[0m 🎯 Router transaction detected: 0xd9336a7d5248c5d5edf6f62bb656ea0fef35d6479ec9ba86cf8c99753c8625c9 -> 0x7a250d5630B4cF539739dF2C5dAcb4c659F2488D
[2m2025-12-11T06:45:09.515916Z[0m [32m INFO[0m [2methereum_transaction_pool_monitor::mempool_monitor[0m[2m:[0m 📊 Detected swapExactETHForTokens
[2m2025-12-11T06:45:09.515925Z[0m [32m INFO[0m [2methereum_transaction_pool_monitor::mempool_monitor[0m[2m:[0m 🔍 ETH swap path offset: 128
[2m2025-12-11T06:45:09.515932Z[0m [32m INFO[0m [2methereum_transaction_pool_monitor::mempool_monitor[0m[2m:[0m 🔍 ETH swap path length: 2
[2m2025-12-11T06:45:09.515938Z[0m [32m INFO[0m [2methereum_transaction_pool_monitor::mempool_monitor[0m[2m:[0m 🔍 ETH swap extracted token pair: 0xC02aaA39b223FE8D0A0e5C4F27eAD9083C756Cc2 -> 0xabAa830985718cc29e7a13E0351bA811905ffFdE
[2m2025-12-11T06:45:09.515974Z[0m [32m INFO[0m [2methereum_transaction_pool_monitor::mempool_monitor[0m[2m:[0m 🔍 Searching for pool with tokens 0xC02aaA39b223FE8D0A0e5C4F27eAD9083C756Cc2 and 0xabAa830985718cc29e7a13E0351bA811905ffFdE
[2m2025-12-11T06:45:09.793418Z[0m [32m INFO[0m [2methereum_transaction_pool_monitor::mempool_monitor[0m[2m:[0m 🔍 No pool found for token pair 0xC02aaA39b223FE8D0A0e5C4F27eAD9083C756Cc2 -> 0xabAa830985718cc29e7a13E0351bA811905ffFdE
[2m2025-12-11T06:45:09.793511Z[0m [32m INFO[0m [2methereum_transaction_pool_monitor::mempool_monitor[0m[2m:[0m ✨ Potential MEV target: 0xd9336a7d5248c5d5edf6f62bb656ea0fef35d6479ec9ba86cf8c99753c8625c9 ($0, 0.0 gwei)
[2m2025-12-11T06:45:11.191285Z[0m [32m INFO[0m [2methereum_transaction_pool_monitor::mempool_monitor[0m[2m:[0m 🎯 Router transaction detected: 0xeade465eb0d2f5d28b05bee9eb24fb3e04dfeefa43533c2f01178be73fb0b7ba -> 0x7a250d5630B4cF539739dF2C5dAcb4c659F2488D
[2m2025-12-11T06:45:11.191398Z[0m [32m INFO[0m [2methereum_transaction_pool_monitor::mempool_monitor[0m[2m:[0m ✨ Potential MEV target: 0xeade465eb0d2f5d28b05bee9eb24fb3e04dfeefa43533c2f01178be73fb0b7ba ($0, 0.0 gwei)
[2m2025-12-11T06:45:16.506810Z[0m [32m INFO[0m [2methereum_transaction_pool_monitor::bot_runner[0m[2m:[0m 🤖 MEV Bot Stats | Uptime: 2.9h | Opportunities: 0 | Bundles: 0/0 (0.0%) | Profit: 0.0000 ETH | Rate: 0.00/h
[2m2025-12-11T06:45:20.466105Z[0m [32m INFO[0m [2methereum_transaction_pool_monitor::mempool_monitor[0m[2m:[0m 🎯 Router transaction detected: 0xec4504a8cbfdc59a9bbbaa9c11d624778594903cc958706c0aad017318f19c0f -> 0x7a250d5630B4cF539739dF2C5dAcb4c659F2488D
[2m2025-12-11T06:45:20.466224Z[0m [32m INFO[0m [2methereum_transaction_pool_monitor::mempool_monitor[0m[2m:[0m 📊 Detected swapExactETHForTokens
[2m2025-12-11T06:45:20.466234Z[0m [32m INFO[0m [2methereum_transaction_pool_monitor::mempool_monitor[0m[2m:[0m 🔍 ETH swap path offset: 128
[2m2025-12-11T06:45:20.466244Z[0m [32m INFO[0m [2methereum_transaction_pool_monitor::mempool_monitor[0m[2m:[0m 🔍 ETH swap path length: 2
[2m2025-12-11T06:45:20.466249Z[0m [32m INFO[0m [2methereum_transaction_pool_monitor::mempool_monitor[0m[2m:[0m 🔍 ETH swap extracted token pair: 0xC02aaA39b223FE8D0A0e5C4F27eAD9083C756Cc2 -> 0x8CddEd061B6862F4483aF5c9f7DF4a6c833eDbd9
[2m2025-12-11T06:45:20.466286Z[0m [32m INFO[0m [2methereum_transaction_pool_monitor::mempool_monitor[0m[2m:[0m 🔍 Searching for pool with tokens 0xC02aaA39b223FE8D0A0e5C4F27eAD9083C756Cc2 and 0x8CddEd061B6862F4483aF5c9f7DF4a6c833eDbd9
[2m2025-12-11T06:45:20.753357Z[0m [32m INFO[0m [2methereum_transaction_pool_monitor::mempool_monitor[0m[2m:[0m 🔍 No pool found for token pair 0xC02aaA39b223FE8D0A0e5C4F27eAD9083C756Cc2 -> 0x8CddEd061B6862F4483aF5c9f7DF4a6c833eDbd9
[2m2025-12-11T06:45:20.753434Z[0m [32m INFO[0m [2methereum_transaction_pool_monitor::mempool_monitor[0m[2m:[0m ✨ Potential MEV target: 0xec4504a8cbfdc59a9bbbaa9c11d624778594903cc958706c0aad017318f19c0f ($0, 0.0 gwei)
[2m2025-12-11T06:45:26.423014Z[0m [32m INFO[0m [2methereum_transaction_pool_monitor::bot_runner[0m[2m:[0m 🤖 MEV Bot Stats | Uptime: 2.9h | Opportunities: 0 | Bundles: 0/0 (0.0%) | Profit: 0.0000 ETH | Rate: 0.00/h
[2m2025-12-11T06:45:36.070137Z[0m [32m INFO[0m [2methereum_transaction_pool_monitor::mempool_monitor[0m[2m:[0m 🎯 Router transaction detected: 0xc2518351a7499d1910d8dd559ce0e254027d5c941647a5da0404e020da8b4307 -> 0x7a250d5630B4cF539739dF2C5dAcb4c659F2488D
[2m2025-12-11T06:45:36.070240Z[0m [32m INFO[0m [2methereum_transaction_pool_monitor::mempool_monitor[0m[2m:[0m 📊 Detected swapExactETHForTokens
[2m2025-12-11T06:45:36.070250Z[0m [32m INFO[0m [2methereum_transaction_pool_monitor::mempool_monitor[0m[2m:[0m 🔍 ETH swap path offset: 128
[2m2025-12-11T06:45:36.070256Z[0m [32m INFO[0m [2methereum_transaction_pool_monitor::mempool_monitor[0m[2m:[0m 🔍 ETH swap path length: 2
[2m2025-12-11T06:45:36.070263Z[0m [32m INFO[0m [2methereum_transaction_pool_monitor::mempool_monitor[0m[2m:[0m 🔍 ETH swap extracted token pair: 0xC02aaA39b223FE8D0A0e5C4F27eAD9083C756Cc2 -> 0xd23f659442d22BECC90707f5A1f99f051E2fc3B9
[2m2025-12-11T06:45:36.070300Z[0m [32m INFO[0m [2methereum_transaction_pool_monitor::mempool_monitor[0m[2m:[0m 🔍 Searching for pool with tokens 0xC02aaA39b223FE8D0A0e5C4F27eAD9083C756Cc2 and 0xd23f659442d22BECC90707f5A1f99f051E2fc3B9
[2m2025-12-11T06:45:36.360469Z[0m [32m INFO[0m [2methereum_transaction_pool_monitor::mempool_monitor[0m[2m:[0m 🔍 No pool found for token pair 0xC02aaA39b223FE8D0A0e5C4F27eAD9083C756Cc2 -> 0xd23f659442d22BECC90707f5A1f99f051E2fc3B9
[2m2025-12-11T06:45:36.360555Z[0m [32m INFO[0m [2methereum_transaction_pool_monitor::mempool_monitor[0m[2m:[0m ✨ Potential MEV target: 0xc2518351a7499d1910d8dd559ce0e254027d5c941647a5da0404e020da8b4307 ($0, 0.0 gwei)
[2m2025-12-11T06:45:36.360754Z[0m [32m INFO[0m [2methereum_transaction_pool_monitor::bot_runner[0m[2m:[0m 🤖 MEV Bot Stats | Uptime: 2.9h | Opportunities: 0 | Bundles: 0/0 (0.0%) | Profit: 0.0000 ETH | Rate: 0.00/h
[2m2025-12-11T06:45:46.321645Z[0m [32m INFO[0m [2methereum_transaction_pool_monitor::bot_runner[0m[2m:[0m 🤖 MEV Bot Stats | Uptime: 2.9h | Opportunities: 0 | Bundles: 0/0 (0.0%) | Profit: 0.0000 ETH | Rate: 0.00/h
[2m2025-12-11T06:45:56.499237Z[0m [32m INFO[0m [2methereum_transaction_pool_monitor::bot_runner[0m[2m:[0m 🤖 MEV Bot Stats | Uptime: 2.9h | Opportunities: 0 | Bundles: 0/0 (0.0%) | Profit: 0.0000 ETH | Rate: 0.00/h
[2m2025-12-11T06:45:59.438858Z[0m [32m INFO[0m [2methereum_transaction_pool_monitor::mempool_monitor[0m[2m:[0m 🎯 Router transaction detected: 0x1738e3711ec4bc4700b51945f018ff9407983dbc31c07b6a9035751bb52151af -> 0x68b3465833fb72A70ecDF485E0e4C7bD8665Fc45
[2m2025-12-11T06:45:59.440475Z[0m [32m INFO[0m [2methereum_transaction_pool_monitor::mempool_monitor[0m[2m:[0m ✨ Potential MEV target: 0x1738e3711ec4bc4700b51945f018ff9407983dbc31c07b6a9035751bb52151af ($0, 0.0 gwei)
[2m2025-12-11T06:46:06.440747Z[0m [32m INFO[0m [2methereum_transaction_pool_monitor::bot_runner[0m[2m:[0m 🤖 MEV Bot Stats | Uptime: 2.9h | Opportunities: 0 | Bundles: 0/0 (0.0%) | Profit: 0.0000 ETH | Rate: 0.00/h
[2m2025-12-11T06:46:16.322899Z[0m [32m INFO[0m [2methereum_transaction_pool_monitor::bot_runner[0m[2m:[0m 🤖 MEV Bot Stats | Uptime: 2.9h | Opportunities: 0 | Bundles: 0/0 (0.0%) | Profit: 0.0000 ETH | Rate: 0.00/h
[2m2025-12-11T06:46:18.681228Z[0m [32m INFO[0m [2methereum_transaction_pool_monitor::mempool_monitor[0m[2m:[0m 🎯 Router transaction detected: 0xaa704909dbfa6a91856d0550466384868f922a69a88234f0b391deb1c3188c27 -> 0x7a250d5630B4cF539739dF2C5dAcb4c659F2488D
[2m2025-12-11T06:46:18.681325Z[0m [32m INFO[0m [2methereum_transaction_pool_monitor::mempool_monitor[0m[2m:[0m 📊 Detected swapExactETHForTokens
[2m2025-12-11T06:46:18.681333Z[0m [32m INFO[0m [2methereum_transaction_pool_monitor::mempool_monitor[0m[2m:[0m 🔍 ETH swap path offset: 128
[2m2025-12-11T06:46:18.681338Z[0m [32m INFO[0m [2methereum_transaction_pool_monitor::mempool_monitor[0m[2m:[0m 🔍 ETH swap path length: 2
[2m2025-12-11T06:46:18.681343Z[0m [32m INFO[0m [2methereum_transaction_pool_monitor::mempool_monitor[0m[2m:[0m 🔍 ETH swap extracted token pair: 0xC02aaA39b223FE8D0A0e5C4F27eAD9083C756Cc2 -> 0xabAa830985718cc29e7a13E0351bA811905ffFdE
[2m2025-12-11T06:46:18.681378Z[0m [32m INFO[0m [2methereum_transaction_pool_monitor::mempool_monitor[0m[2m:[0m 🔍 Searching for pool with tokens 0xC02aaA39b223FE8D0A0e5C4F27eAD9083C756Cc2 and 0xabAa830985718cc29e7a13E0351bA811905ffFdE
[2m2025-12-11T06:46:18.949719Z[0m [32m INFO[0m [2methereum_transaction_pool_monitor::mempool_monitor[0m[2m:[0m 🔍 No pool found for token pair 0xC02aaA39b223FE8D0A0e5C4F27eAD9083C756Cc2 -> 0xabAa830985718cc29e7a13E0351bA811905ffFdE
[2m2025-12-11T06:46:18.949799Z[0m [32m INFO[0m [2methereum_transaction_pool_monitor::mempool_monitor[0m[2m:[0m ✨ Potential MEV target: 0xaa704909dbfa6a91856d0550466384868f922a69a88234f0b391deb1c3188c27 ($0, 0.0 gwei)
[2m2025-12-11T06:46:25.009050Z[0m [32m INFO[0m [2methereum_transaction_pool_monitor::mempool_monitor[0m[2m:[0m 🎯 Router transaction detected: 0x4951909cab21ac5d18ef738cb0e1054f94c6fe21c72f598f4ba65bd2f86cb5f4 -> 0x7a250d5630B4cF539739dF2C5dAcb4c659F2488D
[2m2025-12-11T06:46:25.009515Z[0m [32m INFO[0m [2methereum_transaction_pool_monitor::mempool_monitor[0m[2m:[0m 📊 Detected swapExactTokensForTokens
[2m2025-12-11T06:46:25.009527Z[0m [32m INFO[0m [2methereum_transaction_pool_monitor::mempool_monitor[0m[2m:[0m 🔍 Path offset: 160
[2m2025-12-11T06:46:25.009534Z[0m [32m INFO[0m [2methereum_transaction_pool_monitor::mempool_monitor[0m[2m:[0m 🔍 Path length: 2
[2m2025-12-11T06:46:25.009542Z[0m [32m INFO[0m [2methereum_transaction_pool_monitor::mempool_monitor[0m[2m:[0m 🔍 Extracted token pair: 0x00c83aeCC790e8a4453e5dD3B0B4b3680501a7A7 -> 0xC02aaA39b223FE8D0A0e5C4F27eAD9083C756Cc2
[2m2025-12-11T06:46:25.009579Z[0m [32m INFO[0m [2methereum_transaction_pool_monitor::mempool_monitor[0m[2m:[0m 🔍 Searching for pool with tokens 0x00c83aeCC790e8a4453e5dD3B0B4b3680501a7A7 and 0xC02aaA39b223FE8D0A0e5C4F27eAD9083C756Cc2
[2m2025-12-11T06:46:25.281335Z[0m [32m INFO[0m [2methereum_transaction_pool_monitor::mempool_monitor[0m[2m:[0m 🎯 Found target pool: 0xF232D640A5700724748464ba8bD8BEd21Db609a6 (UniswapV2)
[2m2025-12-11T06:46:25.281395Z[0m [32m INFO[0m [2methereum_transaction_pool_monitor::mempool_monitor[0m[2m:[0m ✨ Potential MEV target: 0x4951909cab21ac5d18ef738cb0e1054f94c6fe21c72f598f4ba65bd2f86cb5f4 ($0, 0.0 gwei)
[2m2025-12-11T06:46:25.394535Z[0m [32m INFO[0m [2methereum_transaction_pool_monitor::mempool_monitor[0m[2m:[0m ✅ Successfully created sandwich target for pool: 0xf232d640a5700724748464ba8bd8bed21db609a6
[2m2025-12-11T06:46:25.394565Z[0m [32m INFO[0m [2methereum_transaction_pool_monitor::mempool_monitor[0m[2m:[0m 🧮 Running basic sandwich simulation for victim tx: 0x4951909cab21ac5d18ef738cb0e1054f94c6fe21c72f598f4ba65bd2f86cb5f4
[2m2025-12-11T06:46:25.539339Z[0m [32m INFO[0m [2methereum_transaction_pool_monitor::mempool_monitor[0m[2m:[0m ⚠️ Simulation determined sandwich not profitable
[2m2025-12-11T06:46:26.337970Z[0m [32m INFO[0m [2methereum_transaction_pool_monitor::bot_runner[0m[2m:[0m 🤖 MEV Bot Stats | Uptime: 2.9h | Opportunities: 0 | Bundles: 0/0 (0.0%) | Profit: 0.0000 ETH | Rate: 0.00/h
[2m2025-12-11T06:46:36.336339Z[0m [32m INFO[0m [2methereum_transaction_pool_monitor::bot_runner[0m[2m:[0m 🤖 MEV Bot Stats | Uptime: 2.9h | Opportunities: 0 | Bundles: 0/0 (0.0%) | Profit: 0.0000 ETH | Rate: 0.00/h
[2m2025-12-11T06:46:37.516444Z[0m [32m INFO[0m [2methereum_transaction_pool_monitor::mempool_monitor[0m[2m:[0m 🎯 Router transaction detected: 0xe2a4907846b9a708b6696de783983d595d591d0030156a2d6530f3ac05777751 -> 0x7a250d5630B4cF539739dF2C5dAcb4c659F2488D
[2m2025-12-11T06:46:37.516541Z[0m [32m INFO[0m [2methereum_transaction_pool_monitor::mempool_monitor[0m[2m:[0m 📊 Detected swapExactETHForTokens
[2m2025-12-11T06:46:37.516550Z[0m [32m INFO[0m [2methereum_transaction_pool_monitor::mempool_monitor[0m[2m:[0m 🔍 ETH swap path offset: 128
[2m2025-12-11T06:46:37.516556Z[0m [32m INFO[0m [2methereum_transaction_pool_monitor::mempool_monitor[0m[2m:[0m 🔍 ETH swap path length: 2
[2m2025-12-11T06:46:37.516561Z[0m [32m INFO[0m [2methereum_transaction_pool_monitor::mempool_monitor[0m[2m:[0m 🔍 ETH swap extracted token pair: 0xC02aaA39b223FE8D0A0e5C4F27eAD9083C756Cc2 -> 0x8CddEd061B6862F4483aF5c9f7DF4a6c833eDbd9
[2m2025-12-11T06:46:37.516598Z[0m [32m INFO[0m [2methereum_transaction_pool_monitor::mempool_monitor[0m[2m:[0m 🔍 Searching for pool with tokens 0xC02aaA39b223FE8D0A0e5C4F27eAD9083C756Cc2 and 0x8CddEd061B6862F4483aF5c9f7DF4a6c833eDbd9
[2m2025-12-11T06:46:37.780380Z[0m [32m INFO[0m [2methereum_transaction_pool_monitor::mempool_monitor[0m[2m:[0m 🔍 No pool found for token pair 0xC02aaA39b223FE8D0A0e5C4F27eAD9083C756Cc2 -> 0x8CddEd061B6862F4483aF5c9f7DF4a6c833eDbd9
[2m2025-12-11T06:46:37.780447Z[0m [32m INFO[0m [2methereum_transaction_pool_monitor::mempool_monitor[0m[2m:[0m ✨ Potential MEV target: 0xe2a4907846b9a708b6696de783983d595d591d0030156a2d6530f3ac05777751 ($0, 0.0 gwei)
[2m2025-12-11T06:46:46.478732Z[0m [32m INFO[0m [2methereum_transaction_pool_monitor::bot_runner[0m[2m:[0m 🤖 MEV Bot Stats | Uptime: 2.9h | Opportunities: 0 | Bundles: 0/0 (0.0%) | Profit: 0.0000 ETH | Rate: 0.00/h
[2m2025-12-11T06:46:56.351941Z[0m [32m INFO[0m [2methereum_transaction_pool_monitor::bot_runner[0m[2m:[0m 🤖 MEV Bot Stats | Uptime: 2.9h | Opportunities: 0 | Bundles: 0/0 (0.0%) | Profit: 0.0000 ETH | Rate: 0.00/h
[2m2025-12-11T06:47:04.971329Z[0m [32m INFO[0m [2methereum_transaction_pool_monitor::mempool_monitor[0m[2m:[0m 🎯 Router transaction detected: 0x315d9a62f43a8ab926721b20624dd8a33651bf0d490a9267495c87349938bcd0 -> 0x68b3465833fb72A70ecDF485E0e4C7bD8665Fc45
[2m2025-12-11T06:47:04.971451Z[0m [32m INFO[0m [2methereum_transaction_pool_monitor::mempool_monitor[0m[2m:[0m ✨ Potential MEV target: 0x315d9a62f43a8ab926721b20624dd8a33651bf0d490a9267495c87349938bcd0 ($0, 0.0 gwei)
[2m2025-12-11T06:47:06.486769Z[0m [32m INFO[0m [2methereum_transaction_pool_monitor::bot_runner[0m[2m:[0m 🤖 MEV Bot Stats | Uptime: 2.9h | Opportunities: 0 | Bundles: 0/0 (0.0%) | Profit: 0.0000 ETH | Rate: 0.00/h
[2m2025-12-11T06:47:16.394973Z[0m [32m INFO[0m [2methereum_transaction_pool_monitor::bot_runner[0m[2m:[0m 🤖 MEV Bot Stats | Uptime: 2.9h | Opportunities: 0 | Bundles: 0/0 (0.0%) | Profit: 0.0000 ETH | Rate: 0.00/h
[2m2025-12-11T06:47:26.459705Z[0m [32m INFO[0m [2methereum_transaction_pool_monitor::bot_runner[0m[2m:[0m 🤖 MEV Bot Stats | Uptime: 2.9h | Opportunities: 0 | Bundles: 0/0 (0.0%) | Profit: 0.0000 ETH | Rate: 0.00/h
[2m2025-12-11T06:47:36.406074Z[0m [32m INFO[0m [2methereum_transaction_pool_monitor::bot_runner[0m[2m:[0m 🤖 MEV Bot Stats | Uptime: 2.9h | Opportunities: 0 | Bundles: 0/0 (0.0%) | Profit: 0.0000 ETH | Rate: 0.00/h
[2m2025-12-11T06:47:44.795310Z[0m [32m INFO[0m [2methereum_transaction_pool_monitor::mempool_monitor[0m[2m:[0m 🎯 Router transaction detected: 0xc439f0629b8b246f2e139689823d6d22eafd61c9c44e9e0559d85e2ac95a2209 -> 0x7a250d5630B4cF539739dF2C5dAcb4c659F2488D
[2m2025-12-11T06:47:44.795408Z[0m [32m INFO[0m [2methereum_transaction_pool_monitor::mempool_monitor[0m[2m:[0m 📊 Detected swapExactETHForTokens
[2m2025-12-11T06:47:44.795418Z[0m [32m INFO[0m [2methereum_transaction_pool_monitor::mempool_monitor[0m[2m:[0m 🔍 ETH swap path offset: 128
[2m2025-12-11T06:47:44.795425Z[0m [32m INFO[0m [2methereum_transaction_pool_monitor::mempool_monitor[0m[2m:[0m 🔍 ETH swap path length: 2
[2m2025-12-11T06:47:44.795431Z[0m [32m INFO[0m [2methereum_transaction_pool_monitor::mempool_monitor[0m[2m:[0m 🔍 ETH swap extracted token pair: 0xC02aaA39b223FE8D0A0e5C4F27eAD9083C756Cc2 -> 0xabAa830985718cc29e7a13E0351bA811905ffFdE
[2m2025-12-11T06:47:44.795468Z[0m [32m INFO[0m [2methereum_transaction_pool_monitor::mempool_monitor[0m[2m:[0m 🔍 Searching for pool with tokens 0xC02aaA39b223FE8D0A0e5C4F27eAD9083C756Cc2 and 0xabAa830985718cc29e7a13E0351bA811905ffFdE
[2m2025-12-11T06:47:45.062434Z[0m [32m INFO[0m [2methereum_transaction_pool_monitor::mempool_monitor[0m[2m:[0m 🔍 No pool found for token pair 0xC02aaA39b223FE8D0A0e5C4F27eAD9083C756Cc2 -> 0xabAa830985718cc29e7a13E0351bA811905ffFdE
[2m2025-12-11T06:47:45.062523Z[0m [32m INFO[0m [2methereum_transaction_pool_monitor::mempool_monitor[0m[2m:[0m ✨ Potential MEV target: 0xc439f0629b8b246f2e139689823d6d22eafd61c9c44e9e0559d85e2ac95a2209 ($0, 0.0 gwei)
[2m2025-12-11T06:47:46.320551Z[0m [32m INFO[0m [2methereum_transaction_pool_monitor::bot_runner[0m[2m:[0m 🤖 MEV Bot Stats | Uptime: 2.9h | Opportunities: 0 | Bundles: 0/0 (0.0%) | Profit: 0.0000 ETH | Rate: 0.00/h
[2m2025-12-11T06:47:53.042670Z[0m [32m INFO[0m [2methereum_transaction_pool_monitor::mempool_monitor[0m[2m:[0m 🎯 Router transaction detected: 0x55a29199388f8ef0d4f0a500210b73968dceb67171871c1ec5e233a4f7a44ccf -> 0x7a250d5630B4cF539739dF2C5dAcb4c659F2488D
[2m2025-12-11T06:47:53.042775Z[0m [32m INFO[0m [2methereum_transaction_pool_monitor::mempool_monitor[0m[2m:[0m ✨ Potential MEV target: 0x55a29199388f8ef0d4f0a500210b73968dceb67171871c1ec5e233a4f7a44ccf ($0, 0.0 gwei)
[2m2025-12-11T06:47:56.415793Z[0m [32m INFO[0m [2methereum_transaction_pool_monitor::bot_runner[0m[2m:[0m 🤖 MEV Bot Stats | Uptime: 2.9h | Opportunities: 0 | Bundles: 0/0 (0.0%) | Profit: 0.0000 ETH | Rate: 0.00/h
[2m2025-12-11T06:48:00.065035Z[0m [32m INFO[0m [2methereum_transaction_pool_monitor::mempool_monitor[0m[2m:[0m 🎯 Router transaction detected: 0x168ae8ebc510878f1d793ead58a797890319d8d1d7eac78444cd0671aab40d89 -> 0x7a250d5630B4cF539739dF2C5dAcb4c659F2488D
[2m2025-12-11T06:48:00.065141Z[0m [32m INFO[0m [2methereum_transaction_pool_monitor::mempool_monitor[0m[2m:[0m ✨ Potential MEV target: 0x168ae8ebc510878f1d793ead58a797890319d8d1d7eac78444cd0671aab40d89 ($0, 0.0 gwei)
[2m2025-12-11T06:48:06.368996Z[0m [32m INFO[0m [2methereum_transaction_pool_monitor::bot_runner[0m[2m:[0m 🤖 MEV Bot Stats | Uptime: 2.9h | Opportunities: 0 | Bundles: 0/0 (0.0%) | Profit: 0.0000 ETH | Rate: 0.00/h
[2m2025-12-11T06:48:16.421932Z[0m [32m INFO[0m [2methereum_transaction_pool_monitor::bot_runner[0m[2m:[0m 🤖 MEV Bot Stats | Uptime: 2.9h | Opportunities: 0 | Bundles: 0/0 (0.0%) | Profit: 0.0000 ETH | Rate: 0.00/h
[2m2025-12-11T06:48:26.476088Z[0m [32m INFO[0m [2methereum_transaction_pool_monitor::bot_runner[0m[2m:[0m 🤖 MEV Bot Stats | Uptime: 2.9h | Opportunities: 0 | Bundles: 0/0 (0.0%) | Profit: 0.0000 ETH | Rate: 0.00/h
[2m2025-12-11T06:48:36.428764Z[0m [32m INFO[0m [2methereum_transaction_pool_monitor::bot_runner[0m[2m:[0m 🤖 MEV Bot Stats | Uptime: 2.9h | Opportunities: 0 | Bundles: 0/0 (0.0%) | Profit: 0.0000 ETH | Rate: 0.00/h
[2m2025-12-11T06:48:46.380934Z[0m [32m INFO[0m [2methereum_transaction_pool_monitor::bot_runner[0m[2m:[0m 🤖 MEV Bot Stats | Uptime: 2.9h | Opportunities: 0 | Bundles: 0/0 (0.0%) | Profit: 0.0000 ETH | Rate: 0.00/h
[2m2025-12-11T06:48:56.490026Z[0m [32m INFO[0m [2methereum_transaction_pool_monitor::bot_runner[0m[2m:[0m 🤖 MEV Bot Stats | Uptime: 2.9h | Opportunities: 0 | Bundles: 0/0 (0.0%) | Profit: 0.0000 ETH | Rate: 0.00/h
[2m2025-12-11T06:48:56.686350Z[0m [32m INFO[0m [2methereum_transaction_pool_monitor::mempool_monitor[0m[2m:[0m 🎯 Router transaction detected: 0xed23e342435ce7f03d81a1f94e5d317f13cb050527aee3bf380705b17b5ad0c7 -> 0x7a250d5630B4cF539739dF2C5dAcb4c659F2488D
[2m2025-12-11T06:48:56.686446Z[0m [32m INFO[0m [2methereum_transaction_pool_monitor::mempool_monitor[0m[2m:[0m 📊 Detected swapExactTokensForETH
[2m2025-12-11T06:48:56.686454Z[0m [32m INFO[0m [2methereum_transaction_pool_monitor::mempool_monitor[0m[2m:[0m 🔍 Path offset: 160
[2m2025-12-11T06:48:56.686459Z[0m [32m INFO[0m [2methereum_transaction_pool_monitor::mempool_monitor[0m[2m:[0m 🔍 Path length: 2
[2m2025-12-11T06:48:56.686464Z[0m [32m INFO[0m [2methereum_transaction_pool_monitor::mempool_monitor[0m[2m:[0m 🔍 Extracted token pair: 0x8CddEd061B6862F4483aF5c9f7DF4a6c833eDbd9 -> 0xC02aaA39b223FE8D0A0e5C4F27eAD9083C756Cc2
[2m2025-12-11T06:48:56.686499Z[0m [32m INFO[0m [2methereum_transaction_pool_monitor::mempool_monitor[0m[2m:[0m 🔍 Searching for pool with tokens 0x8CddEd061B6862F4483aF5c9f7DF4a6c833eDbd9 and 0xC02aaA39b223FE8D0A0e5C4F27eAD9083C756Cc2
[2m2025-12-11T06:48:56.971340Z[0m [32m INFO[0m [2methereum_transaction_pool_monitor::mempool_monitor[0m[2m:[0m 🔍 No pool found for token pair 0x8CddEd061B6862F4483aF5c9f7DF4a6c833eDbd9 -> 0xC02aaA39b223FE8D0A0e5C4F27eAD9083C756Cc2
[2m2025-12-11T06:48:56.971421Z[0m [32m INFO[0m [2methereum_transaction_pool_monitor::mempool_monitor[0m[2m:[0m ✨ Potential MEV target: 0xed23e342435ce7f03d81a1f94e5d317f13cb050527aee3bf380705b17b5ad0c7 ($0, 0.0 gwei)
[2m2025-12-11T06:49:02.439592Z[0m [32m INFO[0m [2methereum_transaction_pool_monitor::mempool_monitor[0m[2m:[0m 🎯 Router transaction detected: 0x00ba7cf8015c6162497f0497d15ca34cb1acc4f9294761aa51857528327c86be -> 0x7a250d5630B4cF539739dF2C5dAcb4c659F2488D
[2m2025-12-11T06:49:02.439698Z[0m [32m INFO[0m [2methereum_transaction_pool_monitor::mempool_monitor[0m[2m:[0m 📊 Detected swapExactETHForTokens
[2m2025-12-11T06:49:02.439708Z[0m [32m INFO[0m [2methereum_transaction_pool_monitor::mempool_monitor[0m[2m:[0m 🔍 ETH swap path offset: 128
[2m2025-12-11T06:49:02.439715Z[0m [32m INFO[0m [2methereum_transaction_pool_monitor::mempool_monitor[0m[2m:[0m 🔍 ETH swap path length: 2
[2m2025-12-11T06:49:02.439720Z[0m [32m INFO[0m [2methereum_transaction_pool_monitor::mempool_monitor[0m[2m:[0m 🔍 ETH swap extracted token pair: 0xC02aaA39b223FE8D0A0e5C4F27eAD9083C756Cc2 -> 0xabAa830985718cc29e7a13E0351bA811905ffFdE
[2m2025-12-11T06:49:02.439757Z[0m [32m INFO[0m [2methereum_transaction_pool_monitor::mempool_monitor[0m[2m:[0m 🔍 Searching for pool with tokens 0xC02aaA39b223FE8D0A0e5C4F27eAD9083C756Cc2 and 0xabAa830985718cc29e7a13E0351bA811905ffFdE
[2m2025-12-11T06:49:02.708951Z[0m [32m INFO[0m [2methereum_transaction_pool_monitor::mempool_monitor[0m[2m:[0m 🔍 No pool found for token pair 0xC02aaA39b223FE8D0A0e5C4F27eAD9083C756Cc2 -> 0xabAa830985718cc29e7a13E0351bA811905ffFdE
[2m2025-12-11T06:49:02.709034Z[0m [32m INFO[0m [2methereum_transaction_pool_monitor::mempool_monitor[0m[2m:[0m ✨ Potential MEV target: 0x00ba7cf8015c6162497f0497d15ca34cb1acc4f9294761aa51857528327c86be ($0, 0.0 gwei)
[2m2025-12-11T06:49:06.335760Z[0m [32m INFO[0m [2methereum_transaction_pool_monitor::bot_runner[0m[2m:[0m 🤖 MEV Bot Stats | Uptime: 3.0h | Opportunities: 0 | Bundles: 0/0 (0.0%) | Profit: 0.0000 ETH | Rate: 0.00/h
[2m2025-12-11T06:49:16.460202Z[0m [32m INFO[0m [2methereum_transaction_pool_monitor::bot_runner[0m[2m:[0m 🤖 MEV Bot Stats | Uptime: 3.0h | Opportunities: 0 | Bundles: 0/0 (0.0%) | Profit: 0.0000 ETH | Rate: 0.00/h
[2m2025-12-11T06:49:26.489898Z[0m [32m INFO[0m [2methereum_transaction_pool_monitor::bot_runner[0m[2m:[0m 🤖 MEV Bot Stats | Uptime: 3.0h | Opportunities: 0 | Bundles: 0/0 (0.0%) | Profit: 0.0000 ETH | Rate: 0.00/h
[2m2025-12-11T06:49:33.689397Z[0m [32m INFO[0m [2methereum_transaction_pool_monitor::mempool_monitor[0m[2m:[0m 🎯 Router transaction detected: 0xc0e617b9d6263491243436a62137adc5f8e6539fffaa4c727fcc1d11bde92912 -> 0x7a250d5630B4cF539739dF2C5dAcb4c659F2488D
[2m2025-12-11T06:49:33.689500Z[0m [32m INFO[0m [2methereum_transaction_pool_monitor::mempool_monitor[0m[2m:[0m ✨ Potential MEV target: 0xc0e617b9d6263491243436a62137adc5f8e6539fffaa4c727fcc1d11bde92912 ($0, 0.0 gwei)
[2m2025-12-11T06:49:36.447547Z[0m [32m INFO[0m [2methereum_transaction_pool_monitor::bot_runner[0m[2m:[0m 🤖 MEV Bot Stats | Uptime: 3.0h | Opportunities: 0 | Bundles: 0/0 (0.0%) | Profit: 0.0000 ETH | Rate: 0.00/h
[2m2025-12-11T06:49:46.491357Z[0m [32m INFO[0m [2methereum_transaction_pool_monitor::bot_runner[0m[2m:[0m 🤖 MEV Bot Stats | Uptime: 3.0h | Opportunities: 0 | Bundles: 0/0 (0.0%) | Profit: 0.0000 ETH | Rate: 0.00/h
[2m2025-12-11T06:49:56.412797Z[0m [32m INFO[0m [2methereum_transaction_pool_monitor::bot_runner[0m[2m:[0m 🤖 MEV Bot Stats | Uptime: 3.0h | Opportunities: 0 | Bundles: 0/0 (0.0%) | Profit: 0.0000 ETH | Rate: 0.00/h
[2m2025-12-11T06:50:03.528770Z[0m [32m INFO[0m [2methereum_transaction_pool_monitor::mempool_monitor[0m[2m:[0m 🎯 Router transaction detected: 0x8d5c555d93343d7099c9ef21ef28eef0d44a8fd570f068ea16d3b3b95d930b5e -> 0x7a250d5630B4cF539739dF2C5dAcb4c659F2488D
[2m2025-12-11T06:50:03.528875Z[0m [32m INFO[0m [2methereum_transaction_pool_monitor::mempool_monitor[0m[2m:[0m 📊 Detected swapExactETHForTokens
[2m2025-12-11T06:50:03.528884Z[0m [32m INFO[0m [2methereum_transaction_pool_monitor::mempool_monitor[0m[2m:[0m 🔍 ETH swap path offset: 128
[2m2025-12-11T06:50:03.528890Z[0m [32m INFO[0m [2methereum_transaction_pool_monitor::mempool_monitor[0m[2m:[0m 🔍 ETH swap path length: 2
[2m2025-12-11T06:50:03.528899Z[0m [32m INFO[0m [2methereum_transaction_pool_monitor::mempool_monitor[0m[2m:[0m 🔍 ETH swap extracted token pair: 0xC02aaA39b223FE8D0A0e5C4F27eAD9083C756Cc2 -> 0xabAa830985718cc29e7a13E0351bA811905ffFdE
[2m2025-12-11T06:50:03.528936Z[0m [32m INFO[0m [2methereum_transaction_pool_monitor::mempool_monitor[0m[2m:[0m 🔍 Searching for pool with tokens 0xC02aaA39b223FE8D0A0e5C4F27eAD9083C756Cc2 and 0xabAa830985718cc29e7a13E0351bA811905ffFdE
[2m2025-12-11T06:50:03.801339Z[0m [32m INFO[0m [2methereum_transaction_pool_monitor::mempool_monitor[0m[2m:[0m 🔍 No pool found for token pair 0xC02aaA39b223FE8D0A0e5C4F27eAD9083C756Cc2 -> 0xabAa830985718cc29e7a13E0351bA811905ffFdE
[2m2025-12-11T06:50:03.801406Z[0m [32m INFO[0m [2methereum_transaction_pool_monitor::mempool_monitor[0m[2m:[0m ✨ Potential MEV target: 0x8d5c555d93343d7099c9ef21ef28eef0d44a8fd570f068ea16d3b3b95d930b5e ($0, 0.0 gwei)
[2m2025-12-11T06:50:04.629984Z[0m [32m INFO[0m [2methereum_transaction_pool_monitor::mempool_monitor[0m[2m:[0m 🎯 Router transaction detected: 0x64e08a68806288cf0cc0147982274dc016cc3a6cd53fed4a96a455e99b27a2c8 -> 0xd9e1cE17f2641f24aE83637ab66a2cca9C378B9F
[2m2025-12-11T06:50:04.630070Z[0m [32m INFO[0m [2methereum_transaction_pool_monitor::mempool_monitor[0m[2m:[0m 📊 Detected swapExactTokensForTokens
[2m2025-12-11T06:50:04.630079Z[0m [32m INFO[0m [2methereum_transaction_pool_monitor::mempool_monitor[0m[2m:[0m 🔍 Path offset: 160
[2m2025-12-11T06:50:04.630085Z[0m [32m INFO[0m [2methereum_transaction_pool_monitor::mempool_monitor[0m[2m:[0m 🔍 Path length: 2
[2m2025-12-11T06:50:04.630090Z[0m [32m INFO[0m [2methereum_transaction_pool_monitor::mempool_monitor[0m[2m:[0m 🔍 Extracted token pair: 0xC02aaA39b223FE8D0A0e5C4F27eAD9083C756Cc2 -> 0xdAC17F958D2ee523a2206206994597C13D831ec7
[2m2025-12-11T06:50:04.630129Z[0m [32m INFO[0m [2methereum_transaction_pool_monitor::mempool_monitor[0m[2m:[0m 🔍 Searching for pool with tokens 0xC02aaA39b223FE8D0A0e5C4F27eAD9083C756Cc2 and 0xdAC17F958D2ee523a2206206994597C13D831ec7
[2m2025-12-11T06:50:04.884557Z[0m [32m INFO[0m [2methereum_transaction_pool_monitor::mempool_monitor[0m[2m:[0m 🎯 Found target pool: 0x6a11ED98B1a3ac36A768ebbbbA36DED101Da5a3f (SushiSwap)
[2m2025-12-11T06:50:04.885596Z[0m [32m INFO[0m [2methereum_transaction_pool_monitor::mempool_monitor[0m[2m:[0m ✨ Potential MEV target: 0x64e08a68806288cf0cc0147982274dc016cc3a6cd53fed4a96a455e99b27a2c8 ($0, 0.0 gwei)
[2m2025-12-11T06:50:04.998331Z[0m [32m INFO[0m [2methereum_transaction_pool_monitor::mempool_monitor[0m[2m:[0m ✅ Successfully created sandwich target for pool: 0x6a11ed98b1a3ac36a768ebbbba36ded101da5a3f
[2m2025-12-11T06:50:04.998359Z[0m [32m INFO[0m [2methereum_transaction_pool_monitor::mempool_monitor[0m[2m:[0m 🧮 Running basic sandwich simulation for victim tx: 0x64e08a68806288cf0cc0147982274dc016cc3a6cd53fed4a96a455e99b27a2c8
[2m2025-12-11T06:50:05.159984Z[0m [32m INFO[0m [2methereum_transaction_pool_monitor::mempool_monitor[0m[2m:[0m ⚠️ Simulation determined sandwich not profitable
[2m2025-12-11T06:50:06.366073Z[0m [32m INFO[0m [2methereum_transaction_pool_monitor::bot_runner[0m[2m:[0m 🤖 MEV Bot Stats | Uptime: 3.0h | Opportunities: 0 | Bundles: 0/0 (0.0%) | Profit: 0.0000 ETH | Rate: 0.00/h
[2m2025-12-11T06:50:14.475469Z[0m [32m INFO[0m [2methereum_transaction_pool_monitor::mempool_monitor[0m[2m:[0m 🎯 Router transaction detected: 0x38e9de50e12b76917b73bfee8efed15c75706c10d179c3c4fe3da5d34145e816 -> 0x1111111254EEB25477B68fb85Ed929f73A960582
[2m2025-12-11T06:50:14.475607Z[0m [32m INFO[0m [2methereum_transaction_pool_monitor::mempool_monitor[0m[2m:[0m ✨ Potential MEV target: 0x38e9de50e12b76917b73bfee8efed15c75706c10d179c3c4fe3da5d34145e816 ($0, 0.0 gwei)
[2m2025-12-11T06:50:16.374591Z[0m [32m INFO[0m [2methereum_transaction_pool_monitor::bot_runner[0m[2m:[0m 🤖 MEV Bot Stats | Uptime: 3.0h | Opportunities: 0 | Bundles: 0/0 (0.0%) | Profit: 0.0000 ETH | Rate: 0.00/h
[2m2025-12-11T06:50:26.339498Z[0m [32m INFO[0m [2methereum_transaction_pool_monitor::bot_runner[0m[2m:[0m 🤖 MEV Bot Stats | Uptime: 3.0h | Opportunities: 0 | Bundles: 0/0 (0.0%) | Profit: 0.0000 ETH | Rate: 0.00/h
[2m2025-12-11T06:50:36.330441Z[0m [32m INFO[0m [2methereum_transaction_pool_monitor::bot_runner[0m[2m:[0m 🤖 MEV Bot Stats | Uptime: 3.0h | Opportunities: 0 | Bundles: 0/0 (0.0%) | Profit: 0.0000 ETH | Rate: 0.00/h
[2m2025-12-11T06:50:46.438019Z[0m [32m INFO[0m [2methereum_transaction_pool_monitor::bot_runner[0m[2m:[0m 🤖 MEV Bot Stats | Uptime: 3.0h | Opportunities: 0 | Bundles: 0/0 (0.0%) | Profit: 0.0000 ETH | Rate: 0.00/h
[2m2025-12-11T06:50:56.396679Z[0m [32m INFO[0m [2methereum_transaction_pool_monitor::bot_runner[0m[2m:[0m 🤖 MEV Bot Stats | Uptime: 3.0h | Opportunities: 0 | Bundles: 0/0 (0.0%) | Profit: 0.0000 ETH | Rate: 0.00/h
[2m2025-12-11T06:51:05.906189Z[0m [32m INFO[0m [2methereum_transaction_pool_monitor::mempool_monitor[0m[2m:[0m 🎯 Router transaction detected: 0x97bdc6700157c6c569cdaa408d3557a98d4b52ba91e2e397a9e8d4fb4735cc27 -> 0x7a250d5630B4cF539739dF2C5dAcb4c659F2488D
[2m2025-12-11T06:51:05.906287Z[0m [32m INFO[0m [2methereum_transaction_pool_monitor::mempool_monitor[0m[2m:[0m ✨ Potential MEV target: 0x97bdc6700157c6c569cdaa408d3557a98d4b52ba91e2e397a9e8d4fb4735cc27 ($0, 0.0 gwei)
[2m2025-12-11T06:51:06.503033Z[0m [32m INFO[0m [2methereum_transaction_pool_monitor::bot_runner[0m[2m:[0m 🤖 MEV Bot Stats | Uptime: 3.0h | Opportunities: 0 | Bundles: 0/0 (0.0%) | Profit: 0.0000 ETH | Rate: 0.00/h
[2m2025-12-11T06:51:16.424541Z[0m [32m INFO[0m [2methereum_transaction_pool_monitor::bot_runner[0m[2m:[0m 🤖 MEV Bot Stats | Uptime: 3.0h | Opportunities: 0 | Bundles: 0/0 (0.0%) | Profit: 0.0000 ETH | Rate: 0.00/h
[2m2025-12-11T06:51:22.547683Z[0m [32m INFO[0m [2methereum_transaction_pool_monitor::mempool_monitor[0m[2m:[0m 🎯 Router transaction detected: 0x7940a07fa110fe82a32899052556463bb6028bfabc8fddb07fb8750e42e4b953 -> 0x1111111254EEB25477B68fb85Ed929f73A960582
[2m2025-12-11T06:51:22.547801Z[0m [32m INFO[0m [2methereum_transaction_pool_monitor::mempool_monitor[0m[2m:[0m ✨ Potential MEV target: 0x7940a07fa110fe82a32899052556463bb6028bfabc8fddb07fb8750e42e4b953 ($0, 0.0 gwei)
[2m2025-12-11T06:51:26.411751Z[0m [32m INFO[0m [2methereum_transaction_pool_monitor::bot_runner[0m[2m:[0m 🤖 MEV Bot Stats | Uptime: 3.0h | Opportunities: 0 | Bundles: 0/0 (0.0%) | Profit: 0.0000 ETH | Rate: 0.00/h
[2m2025-12-11T06:51:26.417416Z[0m [32m INFO[0m [2methereum_transaction_pool_monitor::mempool_monitor[0m[2m:[0m 🎯 Router transaction detected: 0xec1079939662e45c9e203c800a2d88fe7f7306dcc34c9d68f589bc6c6a73a9b5 -> 0x7a250d5630B4cF539739dF2C5dAcb4c659F2488D
[2m2025-12-11T06:51:26.417493Z[0m [32m INFO[0m [2methereum_transaction_pool_monitor::mempool_monitor[0m[2m:[0m 📊 Detected swapExactTokensForETH
[2m2025-12-11T06:51:26.417500Z[0m [32m INFO[0m [2methereum_transaction_pool_monitor::mempool_monitor[0m[2m:[0m 🔍 Path offset: 160
[2m2025-12-11T06:51:26.417505Z[0m [32m INFO[0m [2methereum_transaction_pool_monitor::mempool_monitor[0m[2m:[0m 🔍 Path length: 2
[2m2025-12-11T06:51:26.417510Z[0m [32m INFO[0m [2methereum_transaction_pool_monitor::mempool_monitor[0m[2m:[0m 🔍 Extracted token pair: 0xabAa830985718cc29e7a13E0351bA811905ffFdE -> 0xC02aaA39b223FE8D0A0e5C4F27eAD9083C756Cc2
[2m2025-12-11T06:51:26.417545Z[0m [32m INFO[0m [2methereum_transaction_pool_monitor::mempool_monitor[0m[2m:[0m 🔍 Searching for pool with tokens 0xabAa830985718cc29e7a13E0351bA811905ffFdE and 0xC02aaA39b223FE8D0A0e5C4F27eAD9083C756Cc2
[2m2025-12-11T06:51:26.699143Z[0m [32m INFO[0m [2methereum_transaction_pool_monitor::mempool_monitor[0m[2m:[0m 🔍 No pool found for token pair 0xabAa830985718cc29e7a13E0351bA811905ffFdE -> 0xC02aaA39b223FE8D0A0e5C4F27eAD9083C756Cc2
[2m2025-12-11T06:51:26.699235Z[0m [32m INFO[0m [2methereum_transaction_pool_monitor::mempool_monitor[0m[2m:[0m ✨ Potential MEV target: 0xec1079939662e45c9e203c800a2d88fe7f7306dcc34c9d68f589bc6c6a73a9b5 ($0, 0.0 gwei)
[2m2025-12-11T06:51:36.336081Z[0m [32m INFO[0m [2methereum_transaction_pool_monitor::bot_runner[0m[2m:[0m 🤖 MEV Bot Stats | Uptime: 3.0h | Opportunities: 0 | Bundles: 0/0 (0.0%) | Profit: 0.0000 ETH | Rate: 0.00/h
[2m2025-12-11T06:51:46.314732Z[0m [32m INFO[0m [2methereum_transaction_pool_monitor::bot_runner[0m[2m:[0m 🤖 MEV Bot Stats | Uptime: 3.0h | Opportunities: 0 | Bundles: 0/0 (0.0%) | Profit: 0.0000 ETH | Rate: 0.00/h
[2m2025-12-11T06:51:56.409616Z[0m [32m INFO[0m [2methereum_transaction_pool_monitor::bot_runner[0m[2m:[0m 🤖 MEV Bot Stats | Uptime: 3.0h | Opportunities: 0 | Bundles: 0/0 (0.0%) | Profit: 0.0000 ETH | Rate: 0.00/h
[2m2025-12-11T06:52:06.357134Z[0m [32m INFO[0m [2methereum_transaction_pool_monitor::bot_runner[0m[2m:[0m 🤖 MEV Bot Stats | Uptime: 3.0h | Opportunities: 0 | Bundles: 0/0 (0.0%) | Profit: 0.0000 ETH | Rate: 0.00/h
[2m2025-12-11T06:52:16.065853Z[0m [32m INFO[0m [2methereum_transaction_pool_monitor::mempool_monitor[0m[2m:[0m 🎯 Router transaction detected: 0x01ad7c590136eaa6f523ee52aaed6c67ff05c5e91752ebdbb238d710592cb6ac -> 0x7a250d5630B4cF539739dF2C5dAcb4c659F2488D
[2m2025-12-11T06:52:16.065959Z[0m [32m INFO[0m [2methereum_transaction_pool_monitor::mempool_monitor[0m[2m:[0m 📊 Detected swapExactETHForTokens
[2m2025-12-11T06:52:16.065967Z[0m [32m INFO[0m [2methereum_transaction_pool_monitor::mempool_monitor[0m[2m:[0m 🔍 ETH swap path offset: 128
[2m2025-12-11T06:52:16.065973Z[0m [32m INFO[0m [2methereum_transaction_pool_monitor::mempool_monitor[0m[2m:[0m 🔍 ETH swap path length: 2
[2m2025-12-11T06:52:16.065978Z[0m [32m INFO[0m [2methereum_transaction_pool_monitor::mempool_monitor[0m[2m:[0m 🔍 ETH swap extracted token pair: 0xC02aaA39b223FE8D0A0e5C4F27eAD9083C756Cc2 -> 0xabAa830985718cc29e7a13E0351bA811905ffFdE
[2m2025-12-11T06:52:16.066012Z[0m [32m INFO[0m [2methereum_transaction_pool_monitor::mempool_monitor[0m[2m:[0m 🔍 Searching for pool with tokens 0xC02aaA39b223FE8D0A0e5C4F27eAD9083C756Cc2 and 0xabAa830985718cc29e7a13E0351bA811905ffFdE
[2m2025-12-11T06:52:16.342116Z[0m [32m INFO[0m [2methereum_transaction_pool_monitor::mempool_monitor[0m[2m:[0m 🔍 No pool found for token pair 0xC02aaA39b223FE8D0A0e5C4F27eAD9083C756Cc2 -> 0xabAa830985718cc29e7a13E0351bA811905ffFdE
[2m2025-12-11T06:52:16.342188Z[0m [32m INFO[0m [2methereum_transaction_pool_monitor::mempool_monitor[0m[2m:[0m ✨ Potential MEV target: 0x01ad7c590136eaa6f523ee52aaed6c67ff05c5e91752ebdbb238d710592cb6ac ($0, 0.0 gwei)
[2m2025-12-11T06:52:16.342396Z[0m [32m INFO[0m [2methereum_transaction_pool_monitor::bot_runner[0m[2m:[0m 🤖 MEV Bot Stats | Uptime: 3.0h | Opportunities: 0 | Bundles: 0/0 (0.0%) | Profit: 0.0000 ETH | Rate: 0.00/h
[2m2025-12-11T06:52:26.392152Z[0m [32m INFO[0m [2methereum_transaction_pool_monitor::bot_runner[0m[2m:[0m 🤖 MEV Bot Stats | Uptime: 3.0h | Opportunities: 0 | Bundles: 0/0 (0.0%) | Profit: 0.0000 ETH | Rate: 0.00/h
[2m2025-12-11T06:52:26.784936Z[0m [32m INFO[0m [2methereum_transaction_pool_monitor::mempool_monitor[0m[2m:[0m 🎯 Router transaction detected: 0xbe6933b98ecbea14249e6ebb36098c6ca7570f2002fce13ed8b36e4b000da3f7 -> 0x7a250d5630B4cF539739dF2C5dAcb4c659F2488D
[2m2025-12-11T06:52:26.785035Z[0m [32m INFO[0m [2methereum_transaction_pool_monitor::mempool_monitor[0m[2m:[0m ✨ Potential MEV target: 0xbe6933b98ecbea14249e6ebb36098c6ca7570f2002fce13ed8b36e4b000da3f7 ($0, 0.0 gwei)
[2m2025-12-11T06:52:36.421348Z[0m [32m INFO[0m [2methereum_transaction_pool_monitor::bot_runner[0m[2m:[0m 🤖 MEV Bot Stats | Uptime: 3.0h | Opportunities: 0 | Bundles: 0/0 (0.0%) | Profit: 0.0000 ETH | Rate: 0.00/h
[2m2025-12-11T06:52:46.416454Z[0m [32m INFO[0m [2methereum_transaction_pool_monitor::bot_runner[0m[2m:[0m 🤖 MEV Bot Stats | Uptime: 3.0h | Opportunities: 0 | Bundles: 0/0 (0.0%) | Profit: 0.0000 ETH | Rate: 0.00/h
[2m2025-12-11T06:52:47.584563Z[0m [32m INFO[0m [2methereum_transaction_pool_monitor::mempool_monitor[0m[2m:[0m 🎯 Router transaction detected: 0xf6f64763f6a91ae4f5c7995479c9b49caac43b097ff75a6292e402547e754f27 -> 0x7a250d5630B4cF539739dF2C5dAcb4c659F2488D
[2m2025-12-11T06:52:47.584663Z[0m [32m INFO[0m [2methereum_transaction_pool_monitor::mempool_monitor[0m[2m:[0m 📊 Detected swapExactETHForTokens
[2m2025-12-11T06:52:47.584672Z[0m [32m INFO[0m [2methereum_transaction_pool_monitor::mempool_monitor[0m[2m:[0m 🔍 ETH swap path offset: 128
[2m2025-12-11T06:52:47.584678Z[0m [32m INFO[0m [2methereum_transaction_pool_monitor::mempool_monitor[0m[2m:[0m 🔍 ETH swap path length: 2
[2m2025-12-11T06:52:47.584686Z[0m [32m INFO[0m [2methereum_transaction_pool_monitor::mempool_monitor[0m[2m:[0m 🔍 ETH swap extracted token pair: 0xC02aaA39b223FE8D0A0e5C4F27eAD9083C756Cc2 -> 0xabAa830985718cc29e7a13E0351bA811905ffFdE
[2m2025-12-11T06:52:47.584723Z[0m [32m INFO[0m [2methereum_transaction_pool_monitor::mempool_monitor[0m[2m:[0m 🔍 Searching for pool with tokens 0xC02aaA39b223FE8D0A0e5C4F27eAD9083C756Cc2 and 0xabAa830985718cc29e7a13E0351bA811905ffFdE
[2m2025-12-11T06:52:47.855081Z[0m [32m INFO[0m [2methereum_transaction_pool_monitor::mempool_monitor[0m[2m:[0m 🔍 No pool found for token pair 0xC02aaA39b223FE8D0A0e5C4F27eAD9083C756Cc2 -> 0xabAa830985718cc29e7a13E0351bA811905ffFdE
[2m2025-12-11T06:52:47.855168Z[0m [32m INFO[0m [2methereum_transaction_pool_monitor::mempool_monitor[0m[2m:[0m ✨ Potential MEV target: 0xf6f64763f6a91ae4f5c7995479c9b49caac43b097ff75a6292e402547e754f27 ($0, 0.0 gwei)
[2m2025-12-11T06:52:54.587494Z[0m [32m INFO[0m [2methereum_transaction_pool_monitor::mempool_monitor[0m[2m:[0m 🎯 Router transaction detected: 0x487d418c261fcf6023094589f31d8940a661549a55abf084220148d8cc3c08e6 -> 0x7a250d5630B4cF539739dF2C5dAcb4c659F2488D
[2m2025-12-11T06:52:54.587594Z[0m [32m INFO[0m [2methereum_transaction_pool_monitor::mempool_monitor[0m[2m:[0m ✨ Potential MEV target: 0x487d418c261fcf6023094589f31d8940a661549a55abf084220148d8cc3c08e6 ($0, 0.0 gwei)
[2m2025-12-11T06:52:56.311288Z[0m [32m INFO[0m [2methereum_transaction_pool_monitor::bot_runner[0m[2m:[0m 🤖 MEV Bot Stats | Uptime: 3.0h | Opportunities: 0 | Bundles: 0/0 (0.0%) | Profit: 0.0000 ETH | Rate: 0.00/h
[2m2025-12-11T06:53:06.479986Z[0m [32m INFO[0m [2methereum_transaction_pool_monitor::bot_runner[0m[2m:[0m 🤖 MEV Bot Stats | Uptime: 3.0h | Opportunities: 0 | Bundles: 0/0 (0.0%) | Profit: 0.0000 ETH | Rate: 0.00/h
[2m2025-12-11T06:53:16.311249Z[0m [32m INFO[0m [2methereum_transaction_pool_monitor::bot_runner[0m[2m:[0m 🤖 MEV Bot Stats | Uptime: 3.0h | Opportunities: 0 | Bundles: 0/0 (0.0%) | Profit: 0.0000 ETH | Rate: 0.00/h
[2m2025-12-11T06:53:26.479515Z[0m [32m INFO[0m [2methereum_transaction_pool_monitor::bot_runner[0m[2m:[0m 🤖 MEV Bot Stats | Uptime: 3.0h | Opportunities: 0 | Bundles: 0/0 (0.0%) | Profit: 0.0000 ETH | Rate: 0.00/h
[2m2025-12-11T06:53:33.332990Z[0m [32m INFO[0m [2methereum_transaction_pool_monitor::mempool_monitor[0m[2m:[0m 🎯 Router transaction detected: 0x4201ab9473076db4ee2c24de0f75b38f08e796bac675ab4a5521b2178f61f05e -> 0x7a250d5630B4cF539739dF2C5dAcb4c659F2488D
[2m2025-12-11T06:53:33.333093Z[0m [32m INFO[0m [2methereum_transaction_pool_monitor::mempool_monitor[0m[2m:[0m 📊 Detected swapExactETHForTokens
[2m2025-12-11T06:53:33.333105Z[0m [32m INFO[0m [2methereum_transaction_pool_monitor::mempool_monitor[0m[2m:[0m 🔍 ETH swap path offset: 128
[2m2025-12-11T06:53:33.333111Z[0m [32m INFO[0m [2methereum_transaction_pool_monitor::mempool_monitor[0m[2m:[0m 🔍 ETH swap path length: 2
[2m2025-12-11T06:53:33.333116Z[0m [32m INFO[0m [2methereum_transaction_pool_monitor::mempool_monitor[0m[2m:[0m 🔍 ETH swap extracted token pair: 0xC02aaA39b223FE8D0A0e5C4F27eAD9083C756Cc2 -> 0xabAa830985718cc29e7a13E0351bA811905ffFdE
[2m2025-12-11T06:53:33.333153Z[0m [32m INFO[0m [2methereum_transaction_pool_monitor::mempool_monitor[0m[2m:[0m 🔍 Searching for pool with tokens 0xC02aaA39b223FE8D0A0e5C4F27eAD9083C756Cc2 and 0xabAa830985718cc29e7a13E0351bA811905ffFdE
[2m2025-12-11T06:53:33.605160Z[0m [32m INFO[0m [2methereum_transaction_pool_monitor::mempool_monitor[0m[2m:[0m 🔍 No pool found for token pair 0xC02aaA39b223FE8D0A0e5C4F27eAD9083C756Cc2 -> 0xabAa830985718cc29e7a13E0351bA811905ffFdE
[2m2025-12-11T06:53:33.605245Z[0m [32m INFO[0m [2methereum_transaction_pool_monitor::mempool_monitor[0m[2m:[0m ✨ Potential MEV target: 0x4201ab9473076db4ee2c24de0f75b38f08e796bac675ab4a5521b2178f61f05e ($0, 0.0 gwei)
[2m2025-12-11T06:53:36.463783Z[0m [32m INFO[0m [2methereum_transaction_pool_monitor::bot_runner[0m[2m:[0m 🤖 MEV Bot Stats | Uptime: 3.0h | Opportunities: 0 | Bundles: 0/0 (0.0%) | Profit: 0.0000 ETH | Rate: 0.00/h
[2m2025-12-11T06:53:46.487810Z[0m [32m INFO[0m [2methereum_transaction_pool_monitor::bot_runner[0m[2m:[0m 🤖 MEV Bot Stats | Uptime: 3.0h | Opportunities: 0 | Bundles: 0/0 (0.0%) | Profit: 0.0000 ETH | Rate: 0.00/h
[2m2025-12-11T06:53:49.247494Z[0m [32m INFO[0m [2methereum_transaction_pool_monitor::mempool_monitor[0m[2m:[0m 🎯 Router transaction detected: 0x11cd01891ffc8b0a7fa8bdd357703878dd65aed57fedc72f0aa16fab3e2ecfad -> 0x7a250d5630B4cF539739dF2C5dAcb4c659F2488D
[2m2025-12-11T06:53:49.247589Z[0m [32m INFO[0m [2methereum_transaction_pool_monitor::mempool_monitor[0m[2m:[0m 📊 Detected swapExactETHForTokens
[2m2025-12-11T06:53:49.247600Z[0m [32m INFO[0m [2methereum_transaction_pool_monitor::mempool_monitor[0m[2m:[0m 🔍 ETH swap path offset: 128
[2m2025-12-11T06:53:49.247607Z[0m [32m INFO[0m [2methereum_transaction_pool_monitor::mempool_monitor[0m[2m:[0m 🔍 ETH swap path length: 2
[2m2025-12-11T06:53:49.247612Z[0m [32m INFO[0m [2methereum_transaction_pool_monitor::mempool_monitor[0m[2m:[0m 🔍 ETH swap extracted token pair: 0xC02aaA39b223FE8D0A0e5C4F27eAD9083C756Cc2 -> 0xabAa830985718cc29e7a13E0351bA811905ffFdE
[2m2025-12-11T06:53:49.247650Z[0m [32m INFO[0m [2methereum_transaction_pool_monitor::mempool_monitor[0m[2m:[0m 🔍 Searching for pool with tokens 0xC02aaA39b223FE8D0A0e5C4F27eAD9083C756Cc2 and 0xabAa830985718cc29e7a13E0351bA811905ffFdE
[2m2025-12-11T06:53:49.536726Z[0m [32m INFO[0m [2methereum_transaction_pool_monitor::mempool_monitor[0m[2m:[0m 🔍 No pool found for token pair 0xC02aaA39b223FE8D0A0e5C4F27eAD9083C756Cc2 -> 0xabAa830985718cc29e7a13E0351bA811905ffFdE
[2m2025-12-11T06:53:49.536800Z[0m [32m INFO[0m [2methereum_transaction_pool_monitor::mempool_monitor[0m[2m:[0m ✨ Potential MEV target: 0x11cd01891ffc8b0a7fa8bdd357703878dd65aed57fedc72f0aa16fab3e2ecfad ($0, 0.0 gwei)
[2m2025-12-11T06:53:53.775078Z[0m [32m INFO[0m [2methereum_transaction_pool_monitor::mempool_monitor[0m[2m:[0m 🎯 Router transaction detected: 0x16dee928e5b6b4475cc46243db12390e2c3674bf5f0989c757539f7a0e612c25 -> 0x7a250d5630B4cF539739dF2C5dAcb4c659F2488D
[2m2025-12-11T06:53:53.775177Z[0m [32m INFO[0m [2methereum_transaction_pool_monitor::mempool_monitor[0m[2m:[0m ✨ Potential MEV target: 0x16dee928e5b6b4475cc46243db12390e2c3674bf5f0989c757539f7a0e612c25 ($0, 0.0 gwei)
[2m2025-12-11T06:53:56.316119Z[0m [32m INFO[0m [2methereum_transaction_pool_monitor::bot_runner[0m[2m:[0m 🤖 MEV Bot Stats | Uptime: 3.0h | Opportunities: 0 | Bundles: 0/0 (0.0%) | Profit: 0.0000 ETH | Rate: 0.00/h
[2m2025-12-11T06:53:57.309797Z[0m [32m INFO[0m [2methereum_transaction_pool_monitor::mempool_monitor[0m[2m:[0m 🎯 Router transaction detected: 0x6ca6ee316583f74726399254e3ca0132098315e203f67f235a257f576286349d -> 0x7a250d5630B4cF539739dF2C5dAcb4c659F2488D
[2m2025-12-11T06:53:57.309889Z[0m [32m INFO[0m [2methereum_transaction_pool_monitor::mempool_monitor[0m[2m:[0m ✨ Potential MEV target: 0x6ca6ee316583f74726399254e3ca0132098315e203f67f235a257f576286349d ($0, 0.0 gwei)
[2m2025-12-11T06:54:06.311083Z[0m [32m INFO[0m [2methereum_transaction_pool_monitor::bot_runner[0m[2m:[0m 🤖 MEV Bot Stats | Uptime: 3.0h | Opportunities: 0 | Bundles: 0/0 (0.0%) | Profit: 0.0000 ETH | Rate: 0.00/h
[2m2025-12-11T06:54:15.453925Z[0m [32m INFO[0m [2methereum_transaction_pool_monitor::mempool_monitor[0m[2m:[0m 🎯 Router transaction detected: 0x842171d90f745b9c2ba84cdf94f7e205bdb657e30fa01d0e51e6dcdddca79de0 -> 0x7a250d5630B4cF539739dF2C5dAcb4c659F2488D
[2m2025-12-11T06:54:15.454020Z[0m [32m INFO[0m [2methereum_transaction_pool_monitor::mempool_monitor[0m[2m:[0m 📊 Detected swapExactTokensForTokens
[2m2025-12-11T06:54:15.454030Z[0m [32m INFO[0m [2methereum_transaction_pool_monitor::mempool_monitor[0m[2m:[0m 🔍 Path offset: 160
[2m2025-12-11T06:54:15.454037Z[0m [32m INFO[0m [2methereum_transaction_pool_monitor::mempool_monitor[0m[2m:[0m 🔍 Path length: 3
[2m2025-12-11T06:54:15.454045Z[0m [32m INFO[0m [2methereum_transaction_pool_monitor::mempool_monitor[0m[2m:[0m 🔍 Extracted token pair: 0xdAC17F958D2ee523a2206206994597C13D831ec7 -> 0xC02aaA39b223FE8D0A0e5C4F27eAD9083C756Cc2
[2m2025-12-11T06:54:15.454082Z[0m [32m INFO[0m [2methereum_transaction_pool_monitor::mempool_monitor[0m[2m:[0m 🔍 Searching for pool with tokens 0xdAC17F958D2ee523a2206206994597C13D831ec7 and 0xC02aaA39b223FE8D0A0e5C4F27eAD9083C756Cc2
[2m2025-12-11T06:54:15.691932Z[0m [32m INFO[0m [2methereum_transaction_pool_monitor::mempool_monitor[0m[2m:[0m 🎯 Found target pool: 0x6a11ED98B1a3ac36A768ebbbbA36DED101Da5a3f (SushiSwap)
[2m2025-12-11T06:54:15.691992Z[0m [32m INFO[0m [2methereum_transaction_pool_monitor::mempool_monitor[0m[2m:[0m ✨ Potential MEV target: 0x842171d90f745b9c2ba84cdf94f7e205bdb657e30fa01d0e51e6dcdddca79de0 ($0, 0.0 gwei)
[2m2025-12-11T06:54:15.804753Z[0m [32m INFO[0m [2methereum_transaction_pool_monitor::mempool_monitor[0m[2m:[0m ✅ Successfully created sandwich target for pool: 0x6a11ed98b1a3ac36a768ebbbba36ded101da5a3f
[2m2025-12-11T06:54:15.804785Z[0m [32m INFO[0m [2methereum_transaction_pool_monitor::mempool_monitor[0m[2m:[0m 🧮 Running basic sandwich simulation for victim tx: 0x842171d90f745b9c2ba84cdf94f7e205bdb657e30fa01d0e51e6dcdddca79de0
[2m2025-12-11T06:54:15.967555Z[0m [32m INFO[0m [2methereum_transaction_pool_monitor::mempool_monitor[0m[2m:[0m ⚠️ Simulation determined sandwich not profitable
[2m2025-12-11T06:54:16.364836Z[0m [32m INFO[0m [2methereum_transaction_pool_monitor::bot_runner[0m[2m:[0m 🤖 MEV Bot Stats | Uptime: 3.0h | Opportunities: 0 | Bundles: 0/0 (0.0%) | Profit: 0.0000 ETH | Rate: 0.00/h
[2m2025-12-11T06:54:26.310831Z[0m [32m INFO[0m [2methereum_transaction_pool_monitor::bot_runner[0m[2m:[0m 🤖 MEV Bot Stats | Uptime: 3.0h | Opportunities: 0 | Bundles: 0/0 (0.0%) | Profit: 0.0000 ETH | Rate: 0.00/h
[2m2025-12-11T06:54:36.465272Z[0m [32m INFO[0m [2methereum_transaction_pool_monitor::bot_runner[0m[2m:[0m 🤖 MEV Bot Stats | Uptime: 3.0h | Opportunities: 0 | Bundles: 0/0 (0.0%) | Profit: 0.0000 ETH | Rate: 0.00/h
[2m2025-12-11T06:54:36.689329Z[0m [32m INFO[0m [2methereum_transaction_pool_monitor::mempool_monitor[0m[2m:[0m 🎯 Router transaction detected: 0x81f24d6f601281e7bd52ec54dca6e7d05c21d48a49884d3c215dc7499b539a68 -> 0x7a250d5630B4cF539739dF2C5dAcb4c659F2488D
[2m2025-12-11T06:54:36.689423Z[0m [32m INFO[0m [2methereum_transaction_pool_monitor::mempool_monitor[0m[2m:[0m ✨ Potential MEV target: 0x81f24d6f601281e7bd52ec54dca6e7d05c21d48a49884d3c215dc7499b539a68 ($0, 0.0 gwei)
[2m2025-12-11T06:54:46.309675Z[0m [32m INFO[0m [2methereum_transaction_pool_monitor::bot_runner[0m[2m:[0m 🤖 MEV Bot Stats | Uptime: 3.0h | Opportunities: 0 | Bundles: 0/0 (0.0%) | Profit: 0.0000 ETH | Rate: 0.00/h
[2m2025-12-11T06:54:48.660728Z[0m [32m INFO[0m [2methereum_transaction_pool_monitor::mempool_monitor[0m[2m:[0m 🎯 Router transaction detected: 0x3dfab9ef359a30b3e94a0974800108b69b71c1a5b85e0796a0403c0ee5ed01b9 -> 0x7a250d5630B4cF539739dF2C5dAcb4c659F2488D
[2m2025-12-11T06:54:48.660825Z[0m [32m INFO[0m [2methereum_transaction_pool_monitor::mempool_monitor[0m[2m:[0m ✨ Potential MEV target: 0x3dfab9ef359a30b3e94a0974800108b69b71c1a5b85e0796a0403c0ee5ed01b9 ($0, 0.0 gwei)
[2m2025-12-11T06:54:56.318574Z[0m [32m INFO[0m [2methereum_transaction_pool_monitor::bot_runner[0m[2m:[0m 🤖 MEV Bot Stats | Uptime: 3.0h | Opportunities: 0 | Bundles: 0/0 (0.0%) | Profit: 0.0000 ETH | Rate: 0.00/h
[2m2025-12-11T06:55:06.455004Z[0m [32m INFO[0m [2methereum_transaction_pool_monitor::bot_runner[0m[2m:[0m 🤖 MEV Bot Stats | Uptime: 3.1h | Opportunities: 0 | Bundles: 0/0 (0.0%) | Profit: 0.0000 ETH | Rate: 0.00/h
[2m2025-12-11T06:55:16.354930Z[0m [32m INFO[0m [2methereum_transaction_pool_monitor::bot_runner[0m[2m:[0m 🤖 MEV Bot Stats | Uptime: 3.1h | Opportunities: 0 | Bundles: 0/0 (0.0%) | Profit: 0.0000 ETH | Rate: 0.00/h
[2m2025-12-11T06:55:16.755958Z[0m [32m INFO[0m [2methereum_transaction_pool_monitor::mempool_monitor[0m[2m:[0m 🎯 Router transaction detected: 0xd4fd466bfed258ff4d01baee91a65483fbc776af0956867a4ba8f6097cbcd070 -> 0x7a250d5630B4cF539739dF2C5dAcb4c659F2488D
[2m2025-12-11T06:55:16.756054Z[0m [32m INFO[0m [2methereum_transaction_pool_monitor::mempool_monitor[0m[2m:[0m ✨ Potential MEV target: 0xd4fd466bfed258ff4d01baee91a65483fbc776af0956867a4ba8f6097cbcd070 ($0, 0.0 gwei)
[2m2025-12-11T06:55:18.284419Z[0m [32m INFO[0m [2methereum_transaction_pool_monitor::mempool_monitor[0m[2m:[0m 🎯 Router transaction detected: 0x660d6ffd8ef29298e44c753ca39e18d8fca6bd1829a7f9ab580c8ee80ea816b8 -> 0x7a250d5630B4cF539739dF2C5dAcb4c659F2488D
[2m2025-12-11T06:55:18.284512Z[0m [32m INFO[0m [2methereum_transaction_pool_monitor::mempool_monitor[0m[2m:[0m 📊 Detected swapExactTokensForTokens
[2m2025-12-11T06:55:18.284520Z[0m [32m INFO[0m [2methereum_transaction_pool_monitor::mempool_monitor[0m[2m:[0m 🔍 Path offset: 160
[2m2025-12-11T06:55:18.284526Z[0m [32m INFO[0m [2methereum_transaction_pool_monitor::mempool_monitor[0m[2m:[0m 🔍 Path length: 3
[2m2025-12-11T06:55:18.284532Z[0m [32m INFO[0m [2methereum_transaction_pool_monitor::mempool_monitor[0m[2m:[0m 🔍 Extracted token pair: 0xdAC17F958D2ee523a2206206994597C13D831ec7 -> 0xC02aaA39b223FE8D0A0e5C4F27eAD9083C756Cc2
[2m2025-12-11T06:55:18.284567Z[0m [32m INFO[0m [2methereum_transaction_pool_monitor::mempool_monitor[0m[2m:[0m 🔍 Searching for pool with tokens 0xdAC17F958D2ee523a2206206994597C13D831ec7 and 0xC02aaA39b223FE8D0A0e5C4F27eAD9083C756Cc2
[2m2025-12-11T06:55:18.548195Z[0m [32m INFO[0m [2methereum_transaction_pool_monitor::mempool_monitor[0m[2m:[0m 🎯 Found target pool: 0x6a11ED98B1a3ac36A768ebbbbA36DED101Da5a3f (SushiSwap)
[2m2025-12-11T06:55:18.548249Z[0m [32m INFO[0m [2methereum_transaction_pool_monitor::mempool_monitor[0m[2m:[0m ✨ Potential MEV target: 0x660d6ffd8ef29298e44c753ca39e18d8fca6bd1829a7f9ab580c8ee80ea816b8 ($0, 0.0 gwei)
[2m2025-12-11T06:55:18.661058Z[0m [32m INFO[0m [2methereum_transaction_pool_monitor::mempool_monitor[0m[2m:[0m ✅ Successfully created sandwich target for pool: 0x6a11ed98b1a3ac36a768ebbbba36ded101da5a3f
[2m2025-12-11T06:55:18.661089Z[0m [32m INFO[0m [2methereum_transaction_pool_monitor::mempool_monitor[0m[2m:[0m 🧮 Running basic sandwich simulation for victim tx: 0x660d6ffd8ef29298e44c753ca39e18d8fca6bd1829a7f9ab580c8ee80ea816b8
[2m2025-12-11T06:55:18.826202Z[0m [32m INFO[0m [2methereum_transaction_pool_monitor::mempool_monitor[0m[2m:[0m ⚠️ Simulation determined sandwich not profitable
[2m2025-12-11T06:55:26.345026Z[0m [32m INFO[0m [2methereum_transaction_pool_monitor::bot_runner[0m[2m:[0m 🤖 MEV Bot Stats | Uptime: 3.1h | Opportunities: 0 | Bundles: 0/0 (0.0%) | Profit: 0.0000 ETH | Rate: 0.00/h
[2m2025-12-11T06:55:36.530946Z[0m [32m INFO[0m [2methereum_transaction_pool_monitor::bot_runner[0m[2m:[0m 🤖 MEV Bot Stats | Uptime: 3.1h | Opportunities: 0 | Bundles: 0/0 (0.0%) | Profit: 0.0000 ETH | Rate: 0.00/h
[2m2025-12-11T06:55:37.522594Z[0m [32m INFO[0m [2methereum_transaction_pool_monitor::mempool_monitor[0m[2m:[0m 🎯 Router transaction detected: 0x981763c051d78f6d0bf92b2d46a47ec34df6c852c922671147490d476274d539 -> 0x7a250d5630B4cF539739dF2C5dAcb4c659F2488D
[2m2025-12-11T06:55:37.522691Z[0m [32m INFO[0m [2methereum_transaction_pool_monitor::mempool_monitor[0m[2m:[0m ✨ Potential MEV target: 0x981763c051d78f6d0bf92b2d46a47ec34df6c852c922671147490d476274d539 ($0, 0.0 gwei)
[2m2025-12-11T06:55:46.571153Z[0m [32m INFO[0m [2methereum_transaction_pool_monitor::bot_runner[0m[2m:[0m 🤖 MEV Bot Stats | Uptime: 3.1h | Opportunities: 0 | Bundles: 0/0 (0.0%) | Profit: 0.0000 ETH | Rate: 0.00/h
[2m2025-12-11T06:55:56.522807Z[0m [32m INFO[0m [2methereum_transaction_pool_monitor::bot_runner[0m[2m:[0m 🤖 MEV Bot Stats | Uptime: 3.1h | Opportunities: 0 | Bundles: 0/0 (0.0%) | Profit: 0.0000 ETH | Rate: 0.00/h
[2m2025-12-11T06:56:06.497183Z[0m [32m INFO[0m [2methereum_transaction_pool_monitor::bot_runner[0m[2m:[0m 🤖 MEV Bot Stats | Uptime: 3.1h | Opportunities: 0 | Bundles: 0/0 (0.0%) | Profit: 0.0000 ETH | Rate: 0.00/h
[2m2025-12-11T06:56:16.403303Z[0m [32m INFO[0m [2methereum_transaction_pool_monitor::bot_runner[0m[2m:[0m 🤖 MEV Bot Stats | Uptime: 3.1h | Opportunities: 0 | Bundles: 0/0 (0.0%) | Profit: 0.0000 ETH | Rate: 0.00/h
[2m2025-12-11T06:56:25.826665Z[0m [32m INFO[0m [2methereum_transaction_pool_monitor::mempool_monitor[0m[2m:[0m 🎯 Router transaction detected: 0x97b72e9411c8136fc5812dc11635b4c2fdbe2d2f5a1494bd603cd5edaf73f97c -> 0x7a250d5630B4cF539739dF2C5dAcb4c659F2488D
[2m2025-12-11T06:56:25.826766Z[0m [32m INFO[0m [2methereum_transaction_pool_monitor::mempool_monitor[0m[2m:[0m ✨ Potential MEV target: 0x97b72e9411c8136fc5812dc11635b4c2fdbe2d2f5a1494bd603cd5edaf73f97c ($0, 0.0 gwei)
[2m2025-12-11T06:56:26.439045Z[0m [32m INFO[0m [2methereum_transaction_pool_monitor::bot_runner[0m[2m:[0m 🤖 MEV Bot Stats | Uptime: 3.1h | Opportunities: 0 | Bundles: 0/0 (0.0%) | Profit: 0.0000 ETH | Rate: 0.00/h
[2m2025-12-11T06:56:32.081015Z[0m [32m INFO[0m [2methereum_transaction_pool_monitor::mempool_monitor[0m[2m:[0m 🎯 Router transaction detected: 0xfceb5857d21ee66d91dabbf7e1b2eaea097dc8990a3aff6323234eaa4796dd65 -> 0x7a250d5630B4cF539739dF2C5dAcb4c659F2488D
[2m2025-12-11T06:56:32.081126Z[0m [32m INFO[0m [2methereum_transaction_pool_monitor::mempool_monitor[0m[2m:[0m ✨ Potential MEV target: 0xfceb5857d21ee66d91dabbf7e1b2eaea097dc8990a3aff6323234eaa4796dd65 ($0, 0.0 gwei)
[2m2025-12-11T06:56:36.403293Z[0m [32m INFO[0m [2methereum_transaction_pool_monitor::bot_runner[0m[2m:[0m 🤖 MEV Bot Stats | Uptime: 3.1h | Opportunities: 0 | Bundles: 0/0 (0.0%) | Profit: 0.0000 ETH | Rate: 0.00/h
[2m2025-12-11T06:56:46.486752Z[0m [32m INFO[0m [2methereum_transaction_pool_monitor::bot_runner[0m[2m:[0m 🤖 MEV Bot Stats | Uptime: 3.1h | Opportunities: 0 | Bundles: 0/0 (0.0%) | Profit: 0.0000 ETH | Rate: 0.00/h
[2m2025-12-11T06:56:56.575310Z[0m [32m INFO[0m [2methereum_transaction_pool_monitor::bot_runner[0m[2m:[0m 🤖 MEV Bot Stats | Uptime: 3.1h | Opportunities: 0 | Bundles: 0/0 (0.0%) | Profit: 0.0000 ETH | Rate: 0.00/h
[2m2025-12-11T06:57:06.481802Z[0m [32m INFO[0m [2methereum_transaction_pool_monitor::bot_runner[0m[2m:[0m 🤖 MEV Bot Stats | Uptime: 3.1h | Opportunities: 0 | Bundles: 0/0 (0.0%) | Profit: 0.0000 ETH | Rate: 0.00/h
[2m2025-12-11T06:57:14.972597Z[0m [32m INFO[0m [2methereum_transaction_pool_monitor::mempool_monitor[0m[2m:[0m 🎯 Router transaction detected: 0xf3547043c8047248278df1128e55dc649b09716d095229a288370a6a41ded446 -> 0x7a250d5630B4cF539739dF2C5dAcb4c659F2488D
[2m2025-12-11T06:57:14.972707Z[0m [32m INFO[0m [2methereum_transaction_pool_monitor::mempool_monitor[0m[2m:[0m 📊 Detected swapExactETHForTokens
[2m2025-12-11T06:57:14.972719Z[0m [32m INFO[0m [2methereum_transaction_pool_monitor::mempool_monitor[0m[2m:[0m 🔍 ETH swap path offset: 128
[2m2025-12-11T06:57:14.972726Z[0m [32m INFO[0m [2methereum_transaction_pool_monitor::mempool_monitor[0m[2m:[0m 🔍 ETH swap path length: 2
[2m2025-12-11T06:57:14.972732Z[0m [32m INFO[0m [2methereum_transaction_pool_monitor::mempool_monitor[0m[2m:[0m 🔍 ETH swap extracted token pair: 0xC02aaA39b223FE8D0A0e5C4F27eAD9083C756Cc2 -> 0x3D6b893329454d938e5F7bCdaF6700fFe721b207
[2m2025-12-11T06:57:14.972769Z[0m [32m INFO[0m [2methereum_transaction_pool_monitor::mempool_monitor[0m[2m:[0m 🔍 Searching for pool with tokens 0xC02aaA39b223FE8D0A0e5C4F27eAD9083C756Cc2 and 0x3D6b893329454d938e5F7bCdaF6700fFe721b207
[2m2025-12-11T06:57:15.256599Z[0m [32m INFO[0m [2methereum_transaction_pool_monitor::mempool_monitor[0m[2m:[0m 🔍 No pool found for token pair 0xC02aaA39b223FE8D0A0e5C4F27eAD9083C756Cc2 -> 0x3D6b893329454d938e5F7bCdaF6700fFe721b207
[2m2025-12-11T06:57:15.256694Z[0m [32m INFO[0m [2methereum_transaction_pool_monitor::mempool_monitor[0m[2m:[0m ✨ Potential MEV target: 0xf3547043c8047248278df1128e55dc649b09716d095229a288370a6a41ded446 ($0, 0.0 gwei)
[2m2025-12-11T06:57:16.492719Z[0m [32m INFO[0m [2methereum_transaction_pool_monitor::bot_runner[0m[2m:[0m 🤖 MEV Bot Stats | Uptime: 3.1h | Opportunities: 0 | Bundles: 0/0 (0.0%) | Profit: 0.0000 ETH | Rate: 0.00/h
[2m2025-12-11T06:57:26.426646Z[0m [32m INFO[0m [2methereum_transaction_pool_monitor::bot_runner[0m[2m:[0m 🤖 MEV Bot Stats | Uptime: 3.1h | Opportunities: 0 | Bundles: 0/0 (0.0%) | Profit: 0.0000 ETH | Rate: 0.00/h
[2m2025-12-11T06:57:36.540358Z[0m [32m INFO[0m [2methereum_transaction_pool_monitor::bot_runner[0m[2m:[0m 🤖 MEV Bot Stats | Uptime: 3.1h | Opportunities: 0 | Bundles: 0/0 (0.0%) | Profit: 0.0000 ETH | Rate: 0.00/h
[2m2025-12-11T06:57:46.140176Z[0m [32m INFO[0m [2methereum_transaction_pool_monitor::mempool_monitor[0m[2m:[0m 🎯 Router transaction detected: 0x47fb8f8ef9e27d396aa5fe72a5db1ce0136325aeb81552355770f3339b6dff59 -> 0x7a250d5630B4cF539739dF2C5dAcb4c659F2488D
[2m2025-12-11T06:57:46.140278Z[0m [32m INFO[0m [2methereum_transaction_pool_monitor::mempool_monitor[0m[2m:[0m ✨ Potential MEV target: 0x47fb8f8ef9e27d396aa5fe72a5db1ce0136325aeb81552355770f3339b6dff59 ($0, 0.0 gwei)
[2m2025-12-11T06:57:46.523378Z[0m [32m INFO[0m [2methereum_transaction_pool_monitor::bot_runner[0m[2m:[0m 🤖 MEV Bot Stats | Uptime: 3.1h | Opportunities: 0 | Bundles: 0/0 (0.0%) | Profit: 0.0000 ETH | Rate: 0.00/h
[2m2025-12-11T06:57:56.498064Z[0m [32m INFO[0m [2methereum_transaction_pool_monitor::bot_runner[0m[2m:[0m 🤖 MEV Bot Stats | Uptime: 3.1h | Opportunities: 0 | Bundles: 0/0 (0.0%) | Profit: 0.0000 ETH | Rate: 0.00/h
[2m2025-12-11T06:58:06.429180Z[0m [32m INFO[0m [2methereum_transaction_pool_monitor::bot_runner[0m[2m:[0m 🤖 MEV Bot Stats | Uptime: 3.1h | Opportunities: 0 | Bundles: 0/0 (0.0%) | Profit: 0.0000 ETH | Rate: 0.00/h
[2m2025-12-11T06:58:16.577477Z[0m [32m INFO[0m [2methereum_transaction_pool_monitor::bot_runner[0m[2m:[0m 🤖 MEV Bot Stats | Uptime: 3.1h | Opportunities: 0 | Bundles: 0/0 (0.0%) | Profit: 0.0000 ETH | Rate: 0.00/h
[2m2025-12-11T06:58:26.558050Z[0m [32m INFO[0m [2methereum_transaction_pool_monitor::bot_runner[0m[2m:[0m 🤖 MEV Bot Stats | Uptime: 3.1h | Opportunities: 0 | Bundles: 0/0 (0.0%) | Profit: 0.0000 ETH | Rate: 0.00/h
[2m2025-12-11T06:58:36.232868Z[0m [32m INFO[0m [2methereum_transaction_pool_monitor::mempool_monitor[0m[2m:[0m 🎯 Router transaction detected: 0xf01acdde87091c7b055c4e35bf5ea96b7be3caa1deea182da429c29a17f85eb3 -> 0x7a250d5630B4cF539739dF2C5dAcb4c659F2488D
[2m2025-12-11T06:58:36.232976Z[0m [32m INFO[0m [2methereum_transaction_pool_monitor::mempool_monitor[0m[2m:[0m 📊 Detected swapExactETHForTokens
[2m2025-12-11T06:58:36.232985Z[0m [32m INFO[0m [2methereum_transaction_pool_monitor::mempool_monitor[0m[2m:[0m 🔍 ETH swap path offset: 128
[2m2025-12-11T06:58:36.232992Z[0m [32m INFO[0m [2methereum_transaction_pool_monitor::mempool_monitor[0m[2m:[0m 🔍 ETH swap path length: 2
[2m2025-12-11T06:58:36.233000Z[0m [32m INFO[0m [2methereum_transaction_pool_monitor::mempool_monitor[0m[2m:[0m 🔍 ETH swap extracted token pair: 0xC02aaA39b223FE8D0A0e5C4F27eAD9083C756Cc2 -> 0x3D6b893329454d938e5F7bCdaF6700fFe721b207
[2m2025-12-11T06:58:36.233037Z[0m [32m INFO[0m [2methereum_transaction_pool_monitor::mempool_monitor[0m[2m:[0m 🔍 Searching for pool with tokens 0xC02aaA39b223FE8D0A0e5C4F27eAD9083C756Cc2 and 0x3D6b893329454d938e5F7bCdaF6700fFe721b207
[2m2025-12-11T06:58:36.504949Z[0m [32m INFO[0m [2methereum_transaction_pool_monitor::mempool_monitor[0m[2m:[0m 🔍 No pool found for token pair 0xC02aaA39b223FE8D0A0e5C4F27eAD9083C756Cc2 -> 0x3D6b893329454d938e5F7bCdaF6700fFe721b207
[2m2025-12-11T06:58:36.505037Z[0m [32m INFO[0m [2methereum_transaction_pool_monitor::mempool_monitor[0m[2m:[0m ✨ Potential MEV target: 0xf01acdde87091c7b055c4e35bf5ea96b7be3caa1deea182da429c29a17f85eb3 ($0, 0.0 gwei)
[2m2025-12-11T06:58:36.505213Z[0m [32m INFO[0m [2methereum_transaction_pool_monitor::bot_runner[0m[2m:[0m 🤖 MEV Bot Stats | Uptime: 3.1h | Opportunities: 0 | Bundles: 0/0 (0.0%) | Profit: 0.0000 ETH | Rate: 0.00/h
[2m2025-12-11T06:58:46.505271Z[0m [32m INFO[0m [2methereum_transaction_pool_monitor::bot_runner[0m[2m:[0m 🤖 MEV Bot Stats | Uptime: 3.1h | Opportunities: 0 | Bundles: 0/0 (0.0%) | Profit: 0.0000 ETH | Rate: 0.00/h
[2m2025-12-11T06:58:54.415774Z[0m [32m INFO[0m [2methereum_transaction_pool_monitor::mempool_monitor[0m[2m:[0m 🎯 Router transaction detected: 0x6cce987e2c3b547822b9f19ecfd1ade42eb818b244817f8f366080690261b0a2 -> 0x7a250d5630B4cF539739dF2C5dAcb4c659F2488D
[2m2025-12-11T06:58:54.415859Z[0m [32m INFO[0m [2methereum_transaction_pool_monitor::mempool_monitor[0m[2m:[0m 📊 Detected swapExactETHForTokens
[2m2025-12-11T06:58:54.415867Z[0m [32m INFO[0m [2methereum_transaction_pool_monitor::mempool_monitor[0m[2m:[0m 🔍 ETH swap path offset: 128
[2m2025-12-11T06:58:54.415872Z[0m [32m INFO[0m [2methereum_transaction_pool_monitor::mempool_monitor[0m[2m:[0m 🔍 ETH swap path length: 2
[2m2025-12-11T06:58:54.415877Z[0m [32m INFO[0m [2methereum_transaction_pool_monitor::mempool_monitor[0m[2m:[0m 🔍 ETH swap extracted token pair: 0xC02aaA39b223FE8D0A0e5C4F27eAD9083C756Cc2 -> 0x3D6b893329454d938e5F7bCdaF6700fFe721b207
[2m2025-12-11T06:58:54.415913Z[0m [32m INFO[0m [2methereum_transaction_pool_monitor::mempool_monitor[0m[2m:[0m 🔍 Searching for pool with tokens 0xC02aaA39b223FE8D0A0e5C4F27eAD9083C756Cc2 and 0x3D6b893329454d938e5F7bCdaF6700fFe721b207
[2m2025-12-11T06:58:54.690459Z[0m [32m INFO[0m [2methereum_transaction_pool_monitor::mempool_monitor[0m[2m:[0m 🔍 No pool found for token pair 0xC02aaA39b223FE8D0A0e5C4F27eAD9083C756Cc2 -> 0x3D6b893329454d938e5F7bCdaF6700fFe721b207
[2m2025-12-11T06:58:54.690551Z[0m [32m INFO[0m [2methereum_transaction_pool_monitor::mempool_monitor[0m[2m:[0m ✨ Potential MEV target: 0x6cce987e2c3b547822b9f19ecfd1ade42eb818b244817f8f366080690261b0a2 ($0, 0.0 gwei)
[2m2025-12-11T06:58:56.403130Z[0m [32m INFO[0m [2methereum_transaction_pool_monitor::bot_runner[0m[2m:[0m 🤖 MEV Bot Stats | Uptime: 3.1h | Opportunities: 0 | Bundles: 0/0 (0.0%) | Profit: 0.0000 ETH | Rate: 0.00/h
[2m2025-12-11T06:59:06.402466Z[0m [32m INFO[0m [2methereum_transaction_pool_monitor::bot_runner[0m[2m:[0m 🤖 MEV Bot Stats | Uptime: 3.1h | Opportunities: 0 | Bundles: 0/0 (0.0%) | Profit: 0.0000 ETH | Rate: 0.00/h
[2m2025-12-11T06:59:07.333295Z[0m [32m INFO[0m [2methereum_transaction_pool_monitor::mempool_monitor[0m[2m:[0m 🎯 Router transaction detected: 0xed05be035a8481542ca3ebd4ee6d71ac07223a9a27655a9df2aad81baebbfaa3 -> 0x7a250d5630B4cF539739dF2C5dAcb4c659F2488D
[2m2025-12-11T06:59:07.333397Z[0m [32m INFO[0m [2methereum_transaction_pool_monitor::mempool_monitor[0m[2m:[0m ✨ Potential MEV target: 0xed05be035a8481542ca3ebd4ee6d71ac07223a9a27655a9df2aad81baebbfaa3 ($0, 0.0 gwei)
[2m2025-12-11T06:59:16.401368Z[0m [32m INFO[0m [2methereum_transaction_pool_monitor::bot_runner[0m[2m:[0m 🤖 MEV Bot Stats | Uptime: 3.1h | Opportunities: 0 | Bundles: 0/0 (0.0%) | Profit: 0.0000 ETH | Rate: 0.00/h
[2m2025-12-11T06:59:26.450675Z[0m [32m INFO[0m [2methereum_transaction_pool_monitor::bot_runner[0m[2m:[0m 🤖 MEV Bot Stats | Uptime: 3.1h | Opportunities: 0 | Bundles: 0/0 (0.0%) | Profit: 0.0000 ETH | Rate: 0.00/h
[2m2025-12-11T06:59:36.501022Z[0m [32m INFO[0m [2methereum_transaction_pool_monitor::bot_runner[0m[2m:[0m 🤖 MEV Bot Stats | Uptime: 3.1h | Opportunities: 0 | Bundles: 0/0 (0.0%) | Profit: 0.0000 ETH | Rate: 0.00/h
[2m2025-12-11T06:59:36.708481Z[0m [32m INFO[0m [2methereum_transaction_pool_monitor::mempool_monitor[0m[2m:[0m 🎯 Router transaction detected: 0xb52dcac5556a5fc7ced6370e5121629266c41e5c62242446eb216fee499817ad -> 0xE592427A0AEce92De3Edee1F18E0157C05861564
[2m2025-12-11T06:59:36.708577Z[0m [32m INFO[0m [2methereum_transaction_pool_monitor::mempool_monitor[0m[2m:[0m ✨ Potential MEV target: 0xb52dcac5556a5fc7ced6370e5121629266c41e5c62242446eb216fee499817ad ($0, 0.0 gwei)
[2m2025-12-11T06:59:46.487565Z[0m [32m INFO[0m [2methereum_transaction_pool_monitor::bot_runner[0m[2m:[0m 🤖 MEV Bot Stats | Uptime: 3.1h | Opportunities: 0 | Bundles: 0/0 (0.0%) | Profit: 0.0000 ETH | Rate: 0.00/h
[2m2025-12-11T06:59:56.448136Z[0m [32m INFO[0m [2methereum_transaction_pool_monitor::bot_runner[0m[2m:[0m 🤖 MEV Bot Stats | Uptime: 3.1h | Opportunities: 0 | Bundles: 0/0 (0.0%) | Profit: 0.0000 ETH | Rate: 0.00/h
[2m2025-12-11T07:00:06.401959Z[0m [32m INFO[0m [2methereum_transaction_pool_monitor::bot_runner[0m[2m:[0m 🤖 MEV Bot Stats | Uptime: 3.1h | Opportunities: 0 | Bundles: 0/0 (0.0%) | Profit: 0.0000 ETH | Rate: 0.00/h
[2m2025-12-11T07:00:16.402688Z[0m [32m INFO[0m [2methereum_transaction_pool_monitor::bot_runner[0m[2m:[0m 🤖 MEV Bot Stats | Uptime: 3.1h | Opportunities: 0 | Bundles: 0/0 (0.0%) | Profit: 0.0000 ETH | Rate: 0.00/h
[2m2025-12-11T07:00:26.428874Z[0m [32m INFO[0m [2methereum_transaction_pool_monitor::bot_runner[0m[2m:[0m 🤖 MEV Bot Stats | Uptime: 3.1h | Opportunities: 0 | Bundles: 0/0 (0.0%) | Profit: 0.0000 ETH | Rate: 0.00/h
[2m2025-12-11T07:00:36.402624Z[0m [32m INFO[0m [2methereum_transaction_pool_monitor::bot_runner[0m[2m:[0m 🤖 MEV Bot Stats | Uptime: 3.1h | Opportunities: 0 | Bundles: 0/0 (0.0%) | Profit: 0.0000 ETH | Rate: 0.00/h
[2m2025-12-11T07:00:45.372940Z[0m [32m INFO[0m [2methereum_transaction_pool_monitor::mempool_monitor[0m[2m:[0m 🎯 Router transaction detected: 0x30ae6349ec094e7cb0be9d94db75c6442c10a34d7b485e2ee122e9f5b8f42a69 -> 0x7a250d5630B4cF539739dF2C5dAcb4c659F2488D
[2m2025-12-11T07:00:45.373042Z[0m [32m INFO[0m [2methereum_transaction_pool_monitor::mempool_monitor[0m[2m:[0m ✨ Potential MEV target: 0x30ae6349ec094e7cb0be9d94db75c6442c10a34d7b485e2ee122e9f5b8f42a69 ($0, 0.0 gwei)
[2m2025-12-11T07:00:46.556293Z[0m [32m INFO[0m [2methereum_transaction_pool_monitor::bot_runner[0m[2m:[0m 🤖 MEV Bot Stats | Uptime: 3.1h | Opportunities: 0 | Bundles: 0/0 (0.0%) | Profit: 0.0000 ETH | Rate: 0.00/h
[2m2025-12-11T07:00:50.930335Z[0m [32m INFO[0m [2methereum_transaction_pool_monitor::mempool_monitor[0m[2m:[0m 🎯 Router transaction detected: 0xf01dfbb56702ae978ce0f196d3682de0a32325529be66a9fc90b8e4c7d92bd82 -> 0x7a250d5630B4cF539739dF2C5dAcb4c659F2488D
[2m2025-12-11T07:00:50.930432Z[0m [32m INFO[0m [2methereum_transaction_pool_monitor::mempool_monitor[0m[2m:[0m ✨ Potential MEV target: 0xf01dfbb56702ae978ce0f196d3682de0a32325529be66a9fc90b8e4c7d92bd82 ($0, 0.0 gwei)
[2m2025-12-11T07:00:56.402962Z[0m [32m INFO[0m [2methereum_transaction_pool_monitor::bot_runner[0m[2m:[0m 🤖 MEV Bot Stats | Uptime: 3.1h | Opportunities: 0 | Bundles: 0/0 (0.0%) | Profit: 0.0000 ETH | Rate: 0.00/h
[2m2025-12-11T07:01:06.586352Z[0m [32m INFO[0m [2methereum_transaction_pool_monitor::bot_runner[0m[2m:[0m 🤖 MEV Bot Stats | Uptime: 3.2h | Opportunities: 0 | Bundles: 0/0 (0.0%) | Profit: 0.0000 ETH | Rate: 0.00/h
[2m2025-12-11T07:01:14.524623Z[0m [32m INFO[0m [2methereum_transaction_pool_monitor::mempool_monitor[0m[2m:[0m 🎯 Router transaction detected: 0x93052dfd00def82bace002e02110c681fd2ce30bd352d692a298d111f9e56692 -> 0x7a250d5630B4cF539739dF2C5dAcb4c659F2488D
[2m2025-12-11T07:01:14.524726Z[0m [32m INFO[0m [2methereum_transaction_pool_monitor::mempool_monitor[0m[2m:[0m 📊 Detected swapExactETHForTokens
[2m2025-12-11T07:01:14.524735Z[0m [32m INFO[0m [2methereum_transaction_pool_monitor::mempool_monitor[0m[2m:[0m 🔍 ETH swap path offset: 128
[2m2025-12-11T07:01:14.524742Z[0m [32m INFO[0m [2methereum_transaction_pool_monitor::mempool_monitor[0m[2m:[0m 🔍 ETH swap path length: 2
[2m2025-12-11T07:01:14.524751Z[0m [32m INFO[0m [2methereum_transaction_pool_monitor::mempool_monitor[0m[2m:[0m 🔍 ETH swap extracted token pair: 0xC02aaA39b223FE8D0A0e5C4F27eAD9083C756Cc2 -> 0x3D6b893329454d938e5F7bCdaF6700fFe721b207
[2m2025-12-11T07:01:14.524788Z[0m [32m INFO[0m [2methereum_transaction_pool_monitor::mempool_monitor[0m[2m:[0m 🔍 Searching for pool with tokens 0xC02aaA39b223FE8D0A0e5C4F27eAD9083C756Cc2 and 0x3D6b893329454d938e5F7bCdaF6700fFe721b207
[2m2025-12-11T07:01:14.805952Z[0m [32m INFO[0m [2methereum_transaction_pool_monitor::mempool_monitor[0m[2m:[0m 🔍 No pool found for token pair 0xC02aaA39b223FE8D0A0e5C4F27eAD9083C756Cc2 -> 0x3D6b893329454d938e5F7bCdaF6700fFe721b207
[2m2025-12-11T07:01:14.806030Z[0m [32m INFO[0m [2methereum_transaction_pool_monitor::mempool_monitor[0m[2m:[0m ✨ Potential MEV target: 0x93052dfd00def82bace002e02110c681fd2ce30bd352d692a298d111f9e56692 ($0, 0.0 gwei)
[2m2025-12-11T07:01:16.433754Z[0m [32m INFO[0m [2methereum_transaction_pool_monitor::bot_runner[0m[2m:[0m 🤖 MEV Bot Stats | Uptime: 3.2h | Opportunities: 0 | Bundles: 0/0 (0.0%) | Profit: 0.0000 ETH | Rate: 0.00/h
[2m2025-12-11T07:01:26.440622Z[0m [32m INFO[0m [2methereum_transaction_pool_monitor::bot_runner[0m[2m:[0m 🤖 MEV Bot Stats | Uptime: 3.2h | Opportunities: 0 | Bundles: 0/0 (0.0%) | Profit: 0.0000 ETH | Rate: 0.00/h
[2m2025-12-11T07:01:26.532016Z[0m [32m INFO[0m [2methereum_transaction_pool_monitor::mempool_monitor[0m[2m:[0m 🎯 Router transaction detected: 0x9e31ce19adddefb2f57de91e2262298d3d11e16f0471e8ddb3914daba5ce8ed0 -> 0x1111111254EEB25477B68fb85Ed929f73A960582
[2m2025-12-11T07:01:26.532159Z[0m [32m INFO[0m [2methereum_transaction_pool_monitor::mempool_monitor[0m[2m:[0m ✨ Potential MEV target: 0x9e31ce19adddefb2f57de91e2262298d3d11e16f0471e8ddb3914daba5ce8ed0 ($0, 0.0 gwei)
[2m2025-12-11T07:01:36.402428Z[0m [32m INFO[0m [2methereum_transaction_pool_monitor::bot_runner[0m[2m:[0m 🤖 MEV Bot Stats | Uptime: 3.2h | Opportunities: 0 | Bundles: 0/0 (0.0%) | Profit: 0.0000 ETH | Rate: 0.00/h
[2m2025-12-11T07:01:46.538488Z[0m [32m INFO[0m [2methereum_transaction_pool_monitor::bot_runner[0m[2m:[0m 🤖 MEV Bot Stats | Uptime: 3.2h | Opportunities: 0 | Bundles: 0/0 (0.0%) | Profit: 0.0000 ETH | Rate: 0.00/h
[2m2025-12-11T07:01:51.656939Z[0m [32m INFO[0m [2methereum_transaction_pool_monitor::mempool_monitor[0m[2m:[0m 🎯 Router transaction detected: 0xbf2f825363f4bb8f28814935cdf8cdecc9c1d3c3839a1401724bdec59537d9c1 -> 0x7a250d5630B4cF539739dF2C5dAcb4c659F2488D
[2m2025-12-11T07:01:51.657047Z[0m [32m INFO[0m [2methereum_transaction_pool_monitor::mempool_monitor[0m[2m:[0m 📊 Detected swapExactETHForTokens
[2m2025-12-11T07:01:51.657057Z[0m [32m INFO[0m [2methereum_transaction_pool_monitor::mempool_monitor[0m[2m:[0m 🔍 ETH swap path offset: 128
[2m2025-12-11T07:01:51.657063Z[0m [32m INFO[0m [2methereum_transaction_pool_monitor::mempool_monitor[0m[2m:[0m 🔍 ETH swap path length: 2
[2m2025-12-11T07:01:51.657068Z[0m [32m INFO[0m [2methereum_transaction_pool_monitor::mempool_monitor[0m[2m:[0m 🔍 ETH swap extracted token pair: 0xC02aaA39b223FE8D0A0e5C4F27eAD9083C756Cc2 -> 0x3D6b893329454d938e5F7bCdaF6700fFe721b207
[2m2025-12-11T07:01:51.657116Z[0m [32m INFO[0m [2methereum_transaction_pool_monitor::mempool_monitor[0m[2m:[0m 🔍 Searching for pool with tokens 0xC02aaA39b223FE8D0A0e5C4F27eAD9083C756Cc2 and 0x3D6b893329454d938e5F7bCdaF6700fFe721b207
[2m2025-12-11T07:01:51.980650Z[0m [32m INFO[0m [2methereum_transaction_pool_monitor::mempool_monitor[0m[2m:[0m 🔍 No pool found for token pair 0xC02aaA39b223FE8D0A0e5C4F27eAD9083C756Cc2 -> 0x3D6b893329454d938e5F7bCdaF6700fFe721b207
[2m2025-12-11T07:01:51.980791Z[0m [32m INFO[0m [2methereum_transaction_pool_monitor::mempool_monitor[0m[2m:[0m ✨ Potential MEV target: 0xbf2f825363f4bb8f28814935cdf8cdecc9c1d3c3839a1401724bdec59537d9c1 ($0, 0.0 gwei)
[2m2025-12-11T07:01:56.457543Z[0m [32m INFO[0m [2methereum_transaction_pool_monitor::bot_runner[0m[2m:[0m 🤖 MEV Bot Stats | Uptime: 3.2h | Opportunities: 0 | Bundles: 0/0 (0.0%) | Profit: 0.0000 ETH | Rate: 0.00/h
[2m2025-12-11T07:02:06.455430Z[0m [32m INFO[0m [2methereum_transaction_pool_monitor::bot_runner[0m[2m:[0m 🤖 MEV Bot Stats | Uptime: 3.2h | Opportunities: 0 | Bundles: 0/0 (0.0%) | Profit: 0.0000 ETH | Rate: 0.00/h
[2m2025-12-11T07:02:16.661747Z[0m [32m INFO[0m [2methereum_transaction_pool_monitor::bot_runner[0m[2m:[0m 🤖 MEV Bot Stats | Uptime: 3.2h | Opportunities: 0 | Bundles: 0/0 (0.0%) | Profit: 0.0000 ETH | Rate: 0.00/h
[2m2025-12-11T07:02:26.428156Z[0m [32m INFO[0m [2methereum_transaction_pool_monitor::bot_runner[0m[2m:[0m 🤖 MEV Bot Stats | Uptime: 3.2h | Opportunities: 0 | Bundles: 0/0 (0.0%) | Profit: 0.0000 ETH | Rate: 0.00/h
[2m2025-12-11T07:02:31.563294Z[0m [32m INFO[0m [2methereum_transaction_pool_monitor::mempool_monitor[0m[2m:[0m 🎯 Router transaction detected: 0xe72106711b08ae596a50349ab469228dcdaaf1ac0c9b45948957dbedb3971d0b -> 0x1111111254EEB25477B68fb85Ed929f73A960582
[2m2025-12-11T07:02:31.563423Z[0m [32m INFO[0m [2methereum_transaction_pool_monitor::mempool_monitor[0m[2m:[0m ✨ Potential MEV target: 0xe72106711b08ae596a50349ab469228dcdaaf1ac0c9b45948957dbedb3971d0b ($0, 0.0 gwei)
[2m2025-12-11T07:02:36.436854Z[0m [32m INFO[0m [2methereum_transaction_pool_monitor::bot_runner[0m[2m:[0m 🤖 MEV Bot Stats | Uptime: 3.2h | Opportunities: 0 | Bundles: 0/0 (0.0%) | Profit: 0.0000 ETH | Rate: 0.00/h
[2m2025-12-11T07:02:40.315688Z[0m [32m INFO[0m [2methereum_transaction_pool_monitor::mempool_monitor[0m[2m:[0m 🎯 Router transaction detected: 0x93214bccaf47b0cc5ec20e24c0e6f7f944d9f36c84c20ce3c040d57a6a5c1a64 -> 0x7a250d5630B4cF539739dF2C5dAcb4c659F2488D
[2m2025-12-11T07:02:40.315791Z[0m [32m INFO[0m [2methereum_transaction_pool_monitor::mempool_monitor[0m[2m:[0m 📊 Detected swapExactETHForTokens
[2m2025-12-11T07:02:40.327887Z[0m [32m INFO[0m [2methereum_transaction_pool_monitor::mempool_monitor[0m[2m:[0m 🔍 ETH swap path offset: 128
[2m2025-12-11T07:02:40.327903Z[0m [32m INFO[0m [2methereum_transaction_pool_monitor::mempool_monitor[0m[2m:[0m 🔍 ETH swap path length: 2
[2m2025-12-11T07:02:40.327914Z[0m [32m INFO[0m [2methereum_transaction_pool_monitor::mempool_monitor[0m[2m:[0m 🔍 ETH swap extracted token pair: 0xC02aaA39b223FE8D0A0e5C4F27eAD9083C756Cc2 -> 0x3D6b893329454d938e5F7bCdaF6700fFe721b207
[2m2025-12-11T07:02:40.327965Z[0m [32m INFO[0m [2methereum_transaction_pool_monitor::mempool_monitor[0m[2m:[0m 🔍 Searching for pool with tokens 0xC02aaA39b223FE8D0A0e5C4F27eAD9083C756Cc2 and 0x3D6b893329454d938e5F7bCdaF6700fFe721b207
[2m2025-12-11T07:02:40.623030Z[0m [32m INFO[0m [2methereum_transaction_pool_monitor::mempool_monitor[0m[2m:[0m 🔍 No pool found for token pair 0xC02aaA39b223FE8D0A0e5C4F27eAD9083C756Cc2 -> 0x3D6b893329454d938e5F7bCdaF6700fFe721b207
[2m2025-12-11T07:02:40.628332Z[0m [32m INFO[0m [2methereum_transaction_pool_monitor::mempool_monitor[0m[2m:[0m ✨ Potential MEV target: 0x93214bccaf47b0cc5ec20e24c0e6f7f944d9f36c84c20ce3c040d57a6a5c1a64 ($0, 0.0 gwei)
[2m2025-12-11T07:02:46.562627Z[0m [32m INFO[0m [2methereum_transaction_pool_monitor::bot_runner[0m[2m:[0m 🤖 MEV Bot Stats | Uptime: 3.2h | Opportunities: 0 | Bundles: 0/0 (0.0%) | Profit: 0.0000 ETH | Rate: 0.00/h
[2m2025-12-11T07:02:56.401371Z[0m [32m INFO[0m [2methereum_transaction_pool_monitor::bot_runner[0m[2m:[0m 🤖 MEV Bot Stats | Uptime: 3.2h | Opportunities: 0 | Bundles: 0/0 (0.0%) | Profit: 0.0000 ETH | Rate: 0.00/h
[2m2025-12-11T07:02:56.610020Z[0m [32m INFO[0m [2methereum_transaction_pool_monitor::mempool_monitor[0m[2m:[0m 🎯 Router transaction detected: 0xdf9a85a95116313eebd5b99870296e6bd38614aeaebd1232631aa95d505582b6 -> 0x1111111254EEB25477B68fb85Ed929f73A960582
[2m2025-12-11T07:02:56.610152Z[0m [32m INFO[0m [2methereum_transaction_pool_monitor::mempool_monitor[0m[2m:[0m ✨ Potential MEV target: 0xdf9a85a95116313eebd5b99870296e6bd38614aeaebd1232631aa95d505582b6 ($0, 0.0 gwei)
[2m2025-12-11T07:03:06.501904Z[0m [32m INFO[0m [2methereum_transaction_pool_monitor::bot_runner[0m[2m:[0m 🤖 MEV Bot Stats | Uptime: 3.2h | Opportunities: 0 | Bundles: 0/0 (0.0%) | Profit: 0.0000 ETH | Rate: 0.00/h
[2m2025-12-11T07:03:14.757370Z[0m [32m INFO[0m [2methereum_transaction_pool_monitor::mempool_monitor[0m[2m:[0m 🎯 Router transaction detected: 0xcc159b21f30f7cd80a51bd16c558635ffaa71c0a67062015d5ea4cc456f63259 -> 0x7a250d5630B4cF539739dF2C5dAcb4c659F2488D
[2m2025-12-11T07:03:14.757472Z[0m [32m INFO[0m [2methereum_transaction_pool_monitor::mempool_monitor[0m[2m:[0m 📊 Detected swapExactETHForTokens
[2m2025-12-11T07:03:14.757481Z[0m [32m INFO[0m [2methereum_transaction_pool_monitor::mempool_monitor[0m[2m:[0m 🔍 ETH swap path offset: 128
[2m2025-12-11T07:03:14.757486Z[0m [32m INFO[0m [2methereum_transaction_pool_monitor::mempool_monitor[0m[2m:[0m 🔍 ETH swap path length: 2
[2m2025-12-11T07:03:14.757491Z[0m [32m INFO[0m [2methereum_transaction_pool_monitor::mempool_monitor[0m[2m:[0m 🔍 ETH swap extracted token pair: 0xC02aaA39b223FE8D0A0e5C4F27eAD9083C756Cc2 -> 0x3D6b893329454d938e5F7bCdaF6700fFe721b207
[2m2025-12-11T07:03:14.757533Z[0m [32m INFO[0m [2methereum_transaction_pool_monitor::mempool_monitor[0m[2m:[0m 🔍 Searching for pool with tokens 0xC02aaA39b223FE8D0A0e5C4F27eAD9083C756Cc2 and 0x3D6b893329454d938e5F7bCdaF6700fFe721b207
[2m2025-12-11T07:03:15.041062Z[0m [32m INFO[0m [2methereum_transaction_pool_monitor::mempool_monitor[0m[2m:[0m 🔍 No pool found for token pair 0xC02aaA39b223FE8D0A0e5C4F27eAD9083C756Cc2 -> 0x3D6b893329454d938e5F7bCdaF6700fFe721b207
[2m2025-12-11T07:03:15.041152Z[0m [32m INFO[0m [2methereum_transaction_pool_monitor::mempool_monitor[0m[2m:[0m ✨ Potential MEV target: 0xcc159b21f30f7cd80a51bd16c558635ffaa71c0a67062015d5ea4cc456f63259 ($0, 0.0 gwei)
[2m2025-12-11T07:03:16.401870Z[0m [32m INFO[0m [2methereum_transaction_pool_monitor::bot_runner[0m[2m:[0m 🤖 MEV Bot Stats | Uptime: 3.2h | Opportunities: 0 | Bundles: 0/0 (0.0%) | Profit: 0.0000 ETH | Rate: 0.00/h
[2m2025-12-11T07:03:18.045639Z[0m [32m INFO[0m [2methereum_transaction_pool_monitor::mempool_monitor[0m[2m:[0m 🎯 Router transaction detected: 0x9d83bd874c0153a545b2a7ff37cb591059474852dc6eb043d3f59ffdbc4ace70 -> 0x7a250d5630B4cF539739dF2C5dAcb4c659F2488D
[2m2025-12-11T07:03:18.045742Z[0m [32m INFO[0m [2methereum_transaction_pool_monitor::mempool_monitor[0m[2m:[0m ✨ Potential MEV target: 0x9d83bd874c0153a545b2a7ff37cb591059474852dc6eb043d3f59ffdbc4ace70 ($0, 0.0 gwei)
[2m2025-12-11T07:03:26.565487Z[0m [32m INFO[0m [2methereum_transaction_pool_monitor::bot_runner[0m[2m:[0m 🤖 MEV Bot Stats | Uptime: 3.2h | Opportunities: 0 | Bundles: 0/0 (0.0%) | Profit: 0.0000 ETH | Rate: 0.00/h
[2m2025-12-11T07:03:30.575640Z[0m [32m INFO[0m [2methereum_transaction_pool_monitor::mempool_monitor[0m[2m:[0m 🎯 Router transaction detected: 0x2e7f0ae953c176a3fe02d3f6876726a36cd0e1f04a912f32c802c16ba4dec37a -> 0x7a250d5630B4cF539739dF2C5dAcb4c659F2488D
[2m2025-12-11T07:03:30.575755Z[0m [32m INFO[0m [2methereum_transaction_pool_monitor::mempool_monitor[0m[2m:[0m ✨ Potential MEV target: 0x2e7f0ae953c176a3fe02d3f6876726a36cd0e1f04a912f32c802c16ba4dec37a ($0, 0.0 gwei)
[2m2025-12-11T07:03:36.462193Z[0m [32m INFO[0m [2methereum_transaction_pool_monitor::bot_runner[0m[2m:[0m 🤖 MEV Bot Stats | Uptime: 3.2h | Opportunities: 0 | Bundles: 0/0 (0.0%) | Profit: 0.0000 ETH | Rate: 0.00/h
[2m2025-12-11T07:03:46.533861Z[0m [32m INFO[0m [2methereum_transaction_pool_monitor::bot_runner[0m[2m:[0m 🤖 MEV Bot Stats | Uptime: 3.2h | Opportunities: 0 | Bundles: 0/0 (0.0%) | Profit: 0.0000 ETH | Rate: 0.00/h
[2m2025-12-11T07:03:56.558649Z[0m [32m INFO[0m [2methereum_transaction_pool_monitor::bot_runner[0m[2m:[0m 🤖 MEV Bot Stats | Uptime: 3.2h | Opportunities: 0 | Bundles: 0/0 (0.0%) | Profit: 0.0000 ETH | Rate: 0.00/h
[2m2025-12-11T07:04:03.103779Z[0m [32m INFO[0m [2methereum_transaction_pool_monitor::mempool_monitor[0m[2m:[0m 🎯 Router transaction detected: 0x5fa895bdefe1d4f1646b4c4f16e53a120ab5264641c23e80d070a5cd6ad95d79 -> 0x7a250d5630B4cF539739dF2C5dAcb4c659F2488D
[2m2025-12-11T07:04:03.103886Z[0m [32m INFO[0m [2methereum_transaction_pool_monitor::mempool_monitor[0m[2m:[0m 📊 Detected swapExactETHForTokens
[2m2025-12-11T07:04:03.103898Z[0m [32m INFO[0m [2methereum_transaction_pool_monitor::mempool_monitor[0m[2m:[0m 🔍 ETH swap path offset: 128
[2m2025-12-11T07:04:03.103905Z[0m [32m INFO[0m [2methereum_transaction_pool_monitor::mempool_monitor[0m[2m:[0m 🔍 ETH swap path length: 2
[2m2025-12-11T07:04:03.103913Z[0m [32m INFO[0m [2methereum_transaction_pool_monitor::mempool_monitor[0m[2m:[0m 🔍 ETH swap extracted token pair: 0xC02aaA39b223FE8D0A0e5C4F27eAD9083C756Cc2 -> 0x3D6b893329454d938e5F7bCdaF6700fFe721b207
[2m2025-12-11T07:04:03.103949Z[0m [32m INFO[0m [2methereum_transaction_pool_monitor::mempool_monitor[0m[2m:[0m 🔍 Searching for pool with tokens 0xC02aaA39b223FE8D0A0e5C4F27eAD9083C756Cc2 and 0x3D6b893329454d938e5F7bCdaF6700fFe721b207
[2m2025-12-11T07:04:03.401024Z[0m [32m INFO[0m [2methereum_transaction_pool_monitor::mempool_monitor[0m[2m:[0m 🔍 No pool found for token pair 0xC02aaA39b223FE8D0A0e5C4F27eAD9083C756Cc2 -> 0x3D6b893329454d938e5F7bCdaF6700fFe721b207
[2m2025-12-11T07:04:03.401099Z[0m [32m INFO[0m [2methereum_transaction_pool_monitor::mempool_monitor[0m[2m:[0m ✨ Potential MEV target: 0x5fa895bdefe1d4f1646b4c4f16e53a120ab5264641c23e80d070a5cd6ad95d79 ($0, 0.0 gwei)
[2m2025-12-11T07:04:06.414272Z[0m [32m INFO[0m [2methereum_transaction_pool_monitor::bot_runner[0m[2m:[0m 🤖 MEV Bot Stats | Uptime: 3.2h | Opportunities: 0 | Bundles: 0/0 (0.0%) | Profit: 0.0000 ETH | Rate: 0.00/h
[2m2025-12-11T07:04:16.587240Z[0m [32m INFO[0m [2methereum_transaction_pool_monitor::bot_runner[0m[2m:[0m 🤖 MEV Bot Stats | Uptime: 3.2h | Opportunities: 0 | Bundles: 0/0 (0.0%) | Profit: 0.0000 ETH | Rate: 0.00/h
[2m2025-12-11T07:04:26.342881Z[0m [32m INFO[0m [2methereum_transaction_pool_monitor::mempool_monitor[0m[2m:[0m 🎯 Router transaction detected: 0xbd7d527427bf1ba63c2fbb3f67a4ef92fe8baa7791e8d7d1d47778cecdb3d08e -> 0x68b3465833fb72A70ecDF485E0e4C7bD8665Fc45
[2m2025-12-11T07:04:26.342983Z[0m [32m INFO[0m [2methereum_transaction_pool_monitor::mempool_monitor[0m[2m:[0m ✨ Potential MEV target: 0xbd7d527427bf1ba63c2fbb3f67a4ef92fe8baa7791e8d7d1d47778cecdb3d08e ($0, 0.0 gwei)
[2m2025-12-11T07:04:26.402117Z[0m [32m INFO[0m [2methereum_transaction_pool_monitor::bot_runner[0m[2m:[0m 🤖 MEV Bot Stats | Uptime: 3.2h | Opportunities: 0 | Bundles: 0/0 (0.0%) | Profit: 0.0000 ETH | Rate: 0.00/h
[2m2025-12-11T07:04:33.906132Z[0m [32m INFO[0m [2methereum_transaction_pool_monitor::mempool_monitor[0m[2m:[0m 🎯 Router transaction detected: 0xde90fa6305a3ac89fd92da5e7fcab6698622c24012e0c2a36817f1a7f51067d4 -> 0x1111111254EEB25477B68fb85Ed929f73A960582
[2m2025-12-11T07:04:33.906265Z[0m [32m INFO[0m [2methereum_transaction_pool_monitor::mempool_monitor[0m[2m:[0m ✨ Potential MEV target: 0xde90fa6305a3ac89fd92da5e7fcab6698622c24012e0c2a36817f1a7f51067d4 ($0, 0.0 gwei)
[2m2025-12-11T07:04:36.492494Z[0m [32m INFO[0m [2methereum_transaction_pool_monitor::bot_runner[0m[2m:[0m 🤖 MEV Bot Stats | Uptime: 3.2h | Opportunities: 0 | Bundles: 0/0 (0.0%) | Profit: 0.0000 ETH | Rate: 0.00/h
[2m2025-12-11T07:04:46.478087Z[0m [32m INFO[0m [2methereum_transaction_pool_monitor::bot_runner[0m[2m:[0m 🤖 MEV Bot Stats | Uptime: 3.2h | Opportunities: 0 | Bundles: 0/0 (0.0%) | Profit: 0.0000 ETH | Rate: 0.00/h
[2m2025-12-11T07:04:56.525768Z[0m [32m INFO[0m [2methereum_transaction_pool_monitor::bot_runner[0m[2m:[0m 🤖 MEV Bot Stats | Uptime: 3.2h | Opportunities: 0 | Bundles: 0/0 (0.0%) | Profit: 0.0000 ETH | Rate: 0.00/h
[2m2025-12-11T07:04:58.487220Z[0m [32m INFO[0m [2methereum_transaction_pool_monitor::mempool_monitor[0m[2m:[0m 🎯 Router transaction detected: 0x3650dcb6f693fedea7cfc6289a2397035cfed64a4168734a60b2816db99b59ee -> 0x7a250d5630B4cF539739dF2C5dAcb4c659F2488D
[2m2025-12-11T07:04:58.487325Z[0m [32m INFO[0m [2methereum_transaction_pool_monitor::mempool_monitor[0m[2m:[0m ✨ Potential MEV target: 0x3650dcb6f693fedea7cfc6289a2397035cfed64a4168734a60b2816db99b59ee ($0, 0.0 gwei)
[2m2025-12-11T07:05:06.468034Z[0m [32m INFO[0m [2methereum_transaction_pool_monitor::bot_runner[0m[2m:[0m 🤖 MEV Bot Stats | Uptime: 3.2h | Opportunities: 0 | Bundles: 0/0 (0.0%) | Profit: 0.0000 ETH | Rate: 0.00/h
[2m2025-12-11T07:05:07.092017Z[0m [32m INFO[0m [2methereum_transaction_pool_monitor::mempool_monitor[0m[2m:[0m 🎯 Router transaction detected: 0x51fa323f0668a82c722762c21c7b1b1fe58eab71b7e12f23d4d47161cd5b36ca -> 0x7a250d5630B4cF539739dF2C5dAcb4c659F2488D
[2m2025-12-11T07:05:07.092116Z[0m [32m INFO[0m [2methereum_transaction_pool_monitor::mempool_monitor[0m[2m:[0m 📊 Detected swapExactETHForTokens
[2m2025-12-11T07:05:07.092125Z[0m [32m INFO[0m [2methereum_transaction_pool_monitor::mempool_monitor[0m[2m:[0m 🔍 ETH swap path offset: 128
[2m2025-12-11T07:05:07.092130Z[0m [32m INFO[0m [2methereum_transaction_pool_monitor::mempool_monitor[0m[2m:[0m 🔍 ETH swap path length: 2
[2m2025-12-11T07:05:07.092135Z[0m [32m INFO[0m [2methereum_transaction_pool_monitor::mempool_monitor[0m[2m:[0m 🔍 ETH swap extracted token pair: 0xC02aaA39b223FE8D0A0e5C4F27eAD9083C756Cc2 -> 0x3D6b893329454d938e5F7bCdaF6700fFe721b207
[2m2025-12-11T07:05:07.092170Z[0m [32m INFO[0m [2methereum_transaction_pool_monitor::mempool_monitor[0m[2m:[0m 🔍 Searching for pool with tokens 0xC02aaA39b223FE8D0A0e5C4F27eAD9083C756Cc2 and 0x3D6b893329454d938e5F7bCdaF6700fFe721b207
[2m2025-12-11T07:05:07.385610Z[0m [32m INFO[0m [2methereum_transaction_pool_monitor::mempool_monitor[0m[2m:[0m 🔍 No pool found for token pair 0xC02aaA39b223FE8D0A0e5C4F27eAD9083C756Cc2 -> 0x3D6b893329454d938e5F7bCdaF6700fFe721b207
[2m2025-12-11T07:05:07.385689Z[0m [32m INFO[0m [2methereum_transaction_pool_monitor::mempool_monitor[0m[2m:[0m ✨ Potential MEV target: 0x51fa323f0668a82c722762c21c7b1b1fe58eab71b7e12f23d4d47161cd5b36ca ($0, 0.0 gwei)
[2m2025-12-11T07:05:16.452346Z[0m [32m INFO[0m [2methereum_transaction_pool_monitor::bot_runner[0m[2m:[0m 🤖 MEV Bot Stats | Uptime: 3.2h | Opportunities: 0 | Bundles: 0/0 (0.0%) | Profit: 0.0000 ETH | Rate: 0.00/h
[2m2025-12-11T07:05:20.366934Z[0m [32m INFO[0m [2methereum_transaction_pool_monitor::mempool_monitor[0m[2m:[0m 🎯 Router transaction detected: 0xc80621ee52e2a37358a1f0a2e0c7afca9633130e2339d6782d8e4590dd183a61 -> 0x7a250d5630B4cF539739dF2C5dAcb4c659F2488D
[2m2025-12-11T07:05:20.367035Z[0m [32m INFO[0m [2methereum_transaction_pool_monitor::mempool_monitor[0m[2m:[0m ✨ Potential MEV target: 0xc80621ee52e2a37358a1f0a2e0c7afca9633130e2339d6782d8e4590dd183a61 ($0, 0.0 gwei)
[2m2025-12-11T07:05:26.401689Z[0m [32m INFO[0m [2methereum_transaction_pool_monitor::bot_runner[0m[2m:[0m 🤖 MEV Bot Stats | Uptime: 3.2h | Opportunities: 0 | Bundles: 0/0 (0.0%) | Profit: 0.0000 ETH | Rate: 0.00/h
[2m2025-12-11T07:05:34.983737Z[0m [32m INFO[0m [2methereum_transaction_pool_monitor::mempool_monitor[0m[2m:[0m 🎯 Router transaction detected: 0xcc72f837947d17830d8f63c961059a24ad825944bdb0e9173bf66a2424e68c06 -> 0x1111111254EEB25477B68fb85Ed929f73A960582
[2m2025-12-11T07:05:34.984008Z[0m [32m INFO[0m [2methereum_transaction_pool_monitor::mempool_monitor[0m[2m:[0m ✨ Potential MEV target: 0xcc72f837947d17830d8f63c961059a24ad825944bdb0e9173bf66a2424e68c06 ($0, 0.0 gwei)
[2m2025-12-11T07:05:36.584786Z[0m [32m INFO[0m [2methereum_transaction_pool_monitor::bot_runner[0m[2m:[0m 🤖 MEV Bot Stats | Uptime: 3.2h | Opportunities: 0 | Bundles: 0/0 (0.0%) | Profit: 0.0000 ETH | Rate: 0.00/h
[2m2025-12-11T07:05:46.401557Z[0m [32m INFO[0m [2methereum_transaction_pool_monitor::bot_runner[0m[2m:[0m 🤖 MEV Bot Stats | Uptime: 3.2h | Opportunities: 0 | Bundles: 0/0 (0.0%) | Profit: 0.0000 ETH | Rate: 0.00/h
[2m2025-12-11T07:05:56.401112Z[0m [32m INFO[0m [2methereum_transaction_pool_monitor::bot_runner[0m[2m:[0m 🤖 MEV Bot Stats | Uptime: 3.2h | Opportunities: 0 | Bundles: 0/0 (0.0%) | Profit: 0.0000 ETH | Rate: 0.00/h
[2m2025-12-11T07:05:56.611646Z[0m [32m INFO[0m [2methereum_transaction_pool_monitor::mempool_monitor[0m[2m:[0m 🎯 Router transaction detected: 0x3fc6d34316d9375b7973db3adb5830d6721f781be43a584de4f4380c8c8b9671 -> 0x1111111254EEB25477B68fb85Ed929f73A960582
[2m2025-12-11T07:05:56.611809Z[0m [32m INFO[0m [2methereum_transaction_pool_monitor::mempool_monitor[0m[2m:[0m ✨ Potential MEV target: 0x3fc6d34316d9375b7973db3adb5830d6721f781be43a584de4f4380c8c8b9671 ($0, 0.0 gwei)
[2m2025-12-11T07:06:06.443501Z[0m [32m INFO[0m [2methereum_transaction_pool_monitor::bot_runner[0m[2m:[0m 🤖 MEV Bot Stats | Uptime: 3.2h | Opportunities: 0 | Bundles: 0/0 (0.0%) | Profit: 0.0000 ETH | Rate: 0.00/h
[2m2025-12-11T07:06:16.401172Z[0m [32m INFO[0m [2methereum_transaction_pool_monitor::bot_runner[0m[2m:[0m 🤖 MEV Bot Stats | Uptime: 3.2h | Opportunities: 0 | Bundles: 0/0 (0.0%) | Profit: 0.0000 ETH | Rate: 0.00/h
[2m2025-12-11T07:06:19.137143Z[0m [32m INFO[0m [2methereum_transaction_pool_monitor::mempool_monitor[0m[2m:[0m 🎯 Router transaction detected: 0x5ca6739cefc9de1626f54163e7b2869258762f1a0595768bf52d612d24c45470 -> 0x7a250d5630B4cF539739dF2C5dAcb4c659F2488D
[2m2025-12-11T07:06:19.137247Z[0m [32m INFO[0m [2methereum_transaction_pool_monitor::mempool_monitor[0m[2m:[0m 📊 Detected swapExactETHForTokens
[2m2025-12-11T07:06:19.137257Z[0m [32m INFO[0m [2methereum_transaction_pool_monitor::mempool_monitor[0m[2m:[0m 🔍 ETH swap path offset: 128
[2m2025-12-11T07:06:19.137262Z[0m [32m INFO[0m [2methereum_transaction_pool_monitor::mempool_monitor[0m[2m:[0m 🔍 ETH swap path length: 2
[2m2025-12-11T07:06:19.137268Z[0m [32m INFO[0m [2methereum_transaction_pool_monitor::mempool_monitor[0m[2m:[0m 🔍 ETH swap extracted token pair: 0xC02aaA39b223FE8D0A0e5C4F27eAD9083C756Cc2 -> 0x3D6b893329454d938e5F7bCdaF6700fFe721b207
[2m2025-12-11T07:06:19.137303Z[0m [32m INFO[0m [2methereum_transaction_pool_monitor::mempool_monitor[0m[2m:[0m 🔍 Searching for pool with tokens 0xC02aaA39b223FE8D0A0e5C4F27eAD9083C756Cc2 and 0x3D6b893329454d938e5F7bCdaF6700fFe721b207
[2m2025-12-11T07:06:19.432999Z[0m [32m INFO[0m [2methereum_transaction_pool_monitor::mempool_monitor[0m[2m:[0m 🔍 No pool found for token pair 0xC02aaA39b223FE8D0A0e5C4F27eAD9083C756Cc2 -> 0x3D6b893329454d938e5F7bCdaF6700fFe721b207
[2m2025-12-11T07:06:19.433073Z[0m [32m INFO[0m [2methereum_transaction_pool_monitor::mempool_monitor[0m[2m:[0m ✨ Potential MEV target: 0x5ca6739cefc9de1626f54163e7b2869258762f1a0595768bf52d612d24c45470 ($0, 0.0 gwei)
[2m2025-12-11T07:06:26.520709Z[0m [32m INFO[0m [2methereum_transaction_pool_monitor::bot_runner[0m[2m:[0m 🤖 MEV Bot Stats | Uptime: 3.2h | Opportunities: 0 | Bundles: 0/0 (0.0%) | Profit: 0.0000 ETH | Rate: 0.00/h
[2m2025-12-11T07:06:27.151647Z[0m [32m INFO[0m [2methereum_transaction_pool_monitor::mempool_monitor[0m[2m:[0m 🎯 Router transaction detected: 0x83fbd1f2f5ff1030c5b5c98edbf089d70b9b2f0ade736bb9e6c21f4e249cfc3e -> 0x7a250d5630B4cF539739dF2C5dAcb4c659F2488D
[2m2025-12-11T07:06:27.151746Z[0m [32m INFO[0m [2methereum_transaction_pool_monitor::mempool_monitor[0m[2m:[0m ✨ Potential MEV target: 0x83fbd1f2f5ff1030c5b5c98edbf089d70b9b2f0ade736bb9e6c21f4e249cfc3e ($0, 0.0 gwei)
[2m2025-12-11T07:06:35.053692Z[0m [32m INFO[0m [2methereum_transaction_pool_monitor::mempool_monitor[0m[2m:[0m 🎯 Router transaction detected: 0x1d195d3e35afe8e1e9e0d0c4af42eb76c05c2691b0db4a397c389be778a6631f -> 0x7a250d5630B4cF539739dF2C5dAcb4c659F2488D
[2m2025-12-11T07:06:35.053800Z[0m [32m INFO[0m [2methereum_transaction_pool_monitor::mempool_monitor[0m[2m:[0m ✨ Potential MEV target: 0x1d195d3e35afe8e1e9e0d0c4af42eb76c05c2691b0db4a397c389be778a6631f ($0, 0.0 gwei)
[2m2025-12-11T07:06:36.500983Z[0m [32m INFO[0m [2methereum_transaction_pool_monitor::bot_runner[0m[2m:[0m 🤖 MEV Bot Stats | Uptime: 3.2h | Opportunities: 0 | Bundles: 0/0 (0.0%) | Profit: 0.0000 ETH | Rate: 0.00/h
[2m2025-12-11T07:06:46.429720Z[0m [32m INFO[0m [2methereum_transaction_pool_monitor::bot_runner[0m[2m:[0m 🤖 MEV Bot Stats | Uptime: 3.2h | Opportunities: 0 | Bundles: 0/0 (0.0%) | Profit: 0.0000 ETH | Rate: 0.00/h
[2m2025-12-11T07:06:55.765438Z[0m [32m INFO[0m [2methereum_transaction_pool_monitor::mempool_monitor[0m[2m:[0m 🎯 Router transaction detected: 0x4f116b5bd19bea341919783da8b2aaf177d613a057dfee9f85560a88cf4a950f -> 0x7a250d5630B4cF539739dF2C5dAcb4c659F2488D
[2m2025-12-11T07:06:55.765550Z[0m [32m INFO[0m [2methereum_transaction_pool_monitor::mempool_monitor[0m[2m:[0m ✨ Potential MEV target: 0x4f116b5bd19bea341919783da8b2aaf177d613a057dfee9f85560a88cf4a950f ($0, 0.0 gwei)
[2m2025-12-11T07:06:55.772582Z[0m [32m INFO[0m [2methereum_transaction_pool_monitor::mempool_monitor[0m[2m:[0m 🎯 Router transaction detected: 0x60d054e6a56ee2863725c7b17dc5d44c52d236fa52f4c73b239409ca12719810 -> 0x7a250d5630B4cF539739dF2C5dAcb4c659F2488D
[2m2025-12-11T07:06:55.772645Z[0m [32m INFO[0m [2methereum_transaction_pool_monitor::mempool_monitor[0m[2m:[0m 📊 Detected swapExactETHForTokens
[2m2025-12-11T07:06:55.772652Z[0m [32m INFO[0m [2methereum_transaction_pool_monitor::mempool_monitor[0m[2m:[0m 🔍 ETH swap path offset: 128
[2m2025-12-11T07:06:55.772658Z[0m [32m INFO[0m [2methereum_transaction_pool_monitor::mempool_monitor[0m[2m:[0m 🔍 ETH swap path length: 2
[2m2025-12-11T07:06:55.772663Z[0m [32m INFO[0m [2methereum_transaction_pool_monitor::mempool_monitor[0m[2m:[0m 🔍 ETH swap extracted token pair: 0xC02aaA39b223FE8D0A0e5C4F27eAD9083C756Cc2 -> 0x8340d7B1617a6bD325E181C692FE8cCe1cE6BC5c
[2m2025-12-11T07:06:55.772700Z[0m [32m INFO[0m [2methereum_transaction_pool_monitor::mempool_monitor[0m[2m:[0m 🔍 Searching for pool with tokens 0xC02aaA39b223FE8D0A0e5C4F27eAD9083C756Cc2 and 0x8340d7B1617a6bD325E181C692FE8cCe1cE6BC5c
[2m2025-12-11T07:06:56.072026Z[0m [32m INFO[0m [2methereum_transaction_pool_monitor::mempool_monitor[0m[2m:[0m 🔍 No pool found for token pair 0xC02aaA39b223FE8D0A0e5C4F27eAD9083C756Cc2 -> 0x8340d7B1617a6bD325E181C692FE8cCe1cE6BC5c
[2m2025-12-11T07:06:56.072100Z[0m [32m INFO[0m [2methereum_transaction_pool_monitor::mempool_monitor[0m[2m:[0m ✨ Potential MEV target: 0x60d054e6a56ee2863725c7b17dc5d44c52d236fa52f4c73b239409ca12719810 ($0, 0.0 gwei)
[2m2025-12-11T07:06:56.401844Z[0m [32m INFO[0m [2methereum_transaction_pool_monitor::bot_runner[0m[2m:[0m 🤖 MEV Bot Stats | Uptime: 3.2h | Opportunities: 0 | Bundles: 0/0 (0.0%) | Profit: 0.0000 ETH | Rate: 0.00/h
[2m2025-12-11T07:07:06.491796Z[0m [32m INFO[0m [2methereum_transaction_pool_monitor::bot_runner[0m[2m:[0m 🤖 MEV Bot Stats | Uptime: 3.3h | Opportunities: 0 | Bundles: 0/0 (0.0%) | Profit: 0.0000 ETH | Rate: 0.00/h
[2m2025-12-11T07:07:11.495280Z[0m [32m INFO[0m [2methereum_transaction_pool_monitor::mempool_monitor[0m[2m:[0m 🎯 Router transaction detected: 0x253920914ba2f8cfe9c3fa9470b285fae68851ea9557b1e966935d02a34460da -> 0x1111111254EEB25477B68fb85Ed929f73A960582
[2m2025-12-11T07:07:11.496097Z[0m [32m INFO[0m [2methereum_transaction_pool_monitor::mempool_monitor[0m[2m:[0m ✨ Potential MEV target: 0x253920914ba2f8cfe9c3fa9470b285fae68851ea9557b1e966935d02a34460da ($0, 0.0 gwei)
[2m2025-12-11T07:07:16.503944Z[0m [32m INFO[0m [2methereum_transaction_pool_monitor::bot_runner[0m[2m:[0m 🤖 MEV Bot Stats | Uptime: 3.3h | Opportunities: 0 | Bundles: 0/0 (0.0%) | Profit: 0.0000 ETH | Rate: 0.00/h
[2m2025-12-11T07:07:24.605242Z[0m [32m INFO[0m [2methereum_transaction_pool_monitor::mempool_monitor[0m[2m:[0m 🎯 Router transaction detected: 0xa877ff755ce3dc94bbc53a1e3e131fec3ba465f826aa4fbd3368fe9030360337 -> 0x7a250d5630B4cF539739dF2C5dAcb4c659F2488D
[2m2025-12-11T07:07:24.605346Z[0m [32m INFO[0m [2methereum_transaction_pool_monitor::mempool_monitor[0m[2m:[0m 📊 Detected swapExactETHForTokens
[2m2025-12-11T07:07:24.605356Z[0m [32m INFO[0m [2methereum_transaction_pool_monitor::mempool_monitor[0m[2m:[0m 🔍 ETH swap path offset: 128
[2m2025-12-11T07:07:24.605361Z[0m [32m INFO[0m [2methereum_transaction_pool_monitor::mempool_monitor[0m[2m:[0m 🔍 ETH swap path length: 2
[2m2025-12-11T07:07:24.605367Z[0m [32m INFO[0m [2methereum_transaction_pool_monitor::mempool_monitor[0m[2m:[0m 🔍 ETH swap extracted token pair: 0xC02aaA39b223FE8D0A0e5C4F27eAD9083C756Cc2 -> 0x3D6b893329454d938e5F7bCdaF6700fFe721b207
[2m2025-12-11T07:07:24.605407Z[0m [32m INFO[0m [2methereum_transaction_pool_monitor::mempool_monitor[0m[2m:[0m 🔍 Searching for pool with tokens 0xC02aaA39b223FE8D0A0e5C4F27eAD9083C756Cc2 and 0x3D6b893329454d938e5F7bCdaF6700fFe721b207
[2m2025-12-11T07:07:24.903210Z[0m [32m INFO[0m [2methereum_transaction_pool_monitor::mempool_monitor[0m[2m:[0m 🔍 No pool found for token pair 0xC02aaA39b223FE8D0A0e5C4F27eAD9083C756Cc2 -> 0x3D6b893329454d938e5F7bCdaF6700fFe721b207
[2m2025-12-11T07:07:24.903283Z[0m [32m INFO[0m [2methereum_transaction_pool_monitor::mempool_monitor[0m[2m:[0m ✨ Potential MEV target: 0xa877ff755ce3dc94bbc53a1e3e131fec3ba465f826aa4fbd3368fe9030360337 ($0, 0.0 gwei)
[2m2025-12-11T07:07:26.528285Z[0m [32m INFO[0m [2methereum_transaction_pool_monitor::bot_runner[0m[2m:[0m 🤖 MEV Bot Stats | Uptime: 3.3h | Opportunities: 0 | Bundles: 0/0 (0.0%) | Profit: 0.0000 ETH | Rate: 0.00/h
[2m2025-12-11T07:07:36.443112Z[0m [32m INFO[0m [2methereum_transaction_pool_monitor::bot_runner[0m[2m:[0m 🤖 MEV Bot Stats | Uptime: 3.3h | Opportunities: 0 | Bundles: 0/0 (0.0%) | Profit: 0.0000 ETH | Rate: 0.00/h
[2m2025-12-11T07:07:37.059793Z[0m [32m INFO[0m [2methereum_transaction_pool_monitor::mempool_monitor[0m[2m:[0m 🎯 Router transaction detected: 0x265b7d7e417865594840e409e0fa75f26778c515cf0276a749a70135a1a5cb79 -> 0xd9e1cE17f2641f24aE83637ab66a2cca9C378B9F
[2m2025-12-11T07:07:37.059893Z[0m [32m INFO[0m [2methereum_transaction_pool_monitor::mempool_monitor[0m[2m:[0m 📊 Detected swapExactTokensForTokens
[2m2025-12-11T07:07:37.059902Z[0m [32m INFO[0m [2methereum_transaction_pool_monitor::mempool_monitor[0m[2m:[0m 🔍 Path offset: 160
[2m2025-12-11T07:07:37.059907Z[0m [32m INFO[0m [2methereum_transaction_pool_monitor::mempool_monitor[0m[2m:[0m 🔍 Path length: 2
[2m2025-12-11T07:07:37.059912Z[0m [32m INFO[0m [2methereum_transaction_pool_monitor::mempool_monitor[0m[2m:[0m 🔍 Extracted token pair: 0xC02aaA39b223FE8D0A0e5C4F27eAD9083C756Cc2 -> 0xdAC17F958D2ee523a2206206994597C13D831ec7
[2m2025-12-11T07:07:37.059953Z[0m [32m INFO[0m [2methereum_transaction_pool_monitor::mempool_monitor[0m[2m:[0m 🔍 Searching for pool with tokens 0xC02aaA39b223FE8D0A0e5C4F27eAD9083C756Cc2 and 0xdAC17F958D2ee523a2206206994597C13D831ec7
[2m2025-12-11T07:07:37.320721Z[0m [32m INFO[0m [2methereum_transaction_pool_monitor::mempool_monitor[0m[2m:[0m 🎯 Found target pool: 0x6a11ED98B1a3ac36A768ebbbbA36DED101Da5a3f (SushiSwap)
[2m2025-12-11T07:07:37.320791Z[0m [32m INFO[0m [2methereum_transaction_pool_monitor::mempool_monitor[0m[2m:[0m ✨ Potential MEV target: 0x265b7d7e417865594840e409e0fa75f26778c515cf0276a749a70135a1a5cb79 ($0, 0.0 gwei)
[2m2025-12-11T07:07:37.444793Z[0m [32m INFO[0m [2methereum_transaction_pool_monitor::mempool_monitor[0m[2m:[0m ✅ Successfully created sandwich target for pool: 0x6a11ed98b1a3ac36a768ebbbba36ded101da5a3f
[2m2025-12-11T07:07:37.444834Z[0m [32m INFO[0m [2methereum_transaction_pool_monitor::mempool_monitor[0m[2m:[0m 🧮 Running basic sandwich simulation for victim tx: 0x265b7d7e417865594840e409e0fa75f26778c515cf0276a749a70135a1a5cb79
[2m2025-12-11T07:07:37.629611Z[0m [32m INFO[0m [2methereum_transaction_pool_monitor::mempool_monitor[0m[2m:[0m ⚠️ Simulation determined sandwich not profitable
[2m2025-12-11T07:07:43.641494Z[0m [32m INFO[0m [2methereum_transaction_pool_monitor::mempool_monitor[0m[2m:[0m 🎯 Router transaction detected: 0xd020ccb2c6d6e0d5c0c41a8e283ddb24e5e43adf4e083d73cb28972b8494f43c -> 0x7a250d5630B4cF539739dF2C5dAcb4c659F2488D
[2m2025-12-11T07:07:43.641596Z[0m [32m INFO[0m [2methereum_transaction_pool_monitor::mempool_monitor[0m[2m:[0m ✨ Potential MEV target: 0xd020ccb2c6d6e0d5c0c41a8e283ddb24e5e43adf4e083d73cb28972b8494f43c ($0, 0.0 gwei)
[2m2025-12-11T07:07:46.489261Z[0m [32m INFO[0m [2methereum_transaction_pool_monitor::bot_runner[0m[2m:[0m 🤖 MEV Bot Stats | Uptime: 3.3h | Opportunities: 0 | Bundles: 0/0 (0.0%) | Profit: 0.0000 ETH | Rate: 0.00/h
[2m2025-12-11T07:07:47.693168Z[0m [32m INFO[0m [2methereum_transaction_pool_monitor::mempool_monitor[0m[2m:[0m 🎯 Router transaction detected: 0x1fd90fc5e428fc330f593fccbf9c1351c9c4873cdf0ec87e54cfe98dba1bd155 -> 0x1111111254EEB25477B68fb85Ed929f73A960582
[2m2025-12-11T07:07:47.693279Z[0m [32m INFO[0m [2methereum_transaction_pool_monitor::mempool_monitor[0m[2m:[0m ✨ Potential MEV target: 0x1fd90fc5e428fc330f593fccbf9c1351c9c4873cdf0ec87e54cfe98dba1bd155 ($0, 0.0 gwei)
[2m2025-12-11T07:07:53.409318Z[0m [32m INFO[0m [2methereum_transaction_pool_monitor::mempool_monitor[0m[2m:[0m 🎯 Router transaction detected: 0x6b2b1fd27a1780a5a3994ee850d9b613f46def9d6cdce8a821a0eb4122bc4da8 -> 0x7a250d5630B4cF539739dF2C5dAcb4c659F2488D
[2m2025-12-11T07:07:53.409430Z[0m [32m INFO[0m [2methereum_transaction_pool_monitor::mempool_monitor[0m[2m:[0m 📊 Detected swapExactETHForTokens
[2m2025-12-11T07:07:53.409439Z[0m [32m INFO[0m [2methereum_transaction_pool_monitor::mempool_monitor[0m[2m:[0m 🔍 ETH swap path offset: 128
[2m2025-12-11T07:07:53.409445Z[0m [32m INFO[0m [2methereum_transaction_pool_monitor::mempool_monitor[0m[2m:[0m 🔍 ETH swap path length: 2
[2m2025-12-11T07:07:53.409451Z[0m [32m INFO[0m [2methereum_transaction_pool_monitor::mempool_monitor[0m[2m:[0m 🔍 ETH swap extracted token pair: 0xC02aaA39b223FE8D0A0e5C4F27eAD9083C756Cc2 -> 0x8340d7B1617a6bD325E181C692FE8cCe1cE6BC5c
[2m2025-12-11T07:07:53.409487Z[0m [32m INFO[0m [2methereum_transaction_pool_monitor::mempool_monitor[0m[2m:[0m 🔍 Searching for pool with tokens 0xC02aaA39b223FE8D0A0e5C4F27eAD9083C756Cc2 and 0x8340d7B1617a6bD325E181C692FE8cCe1cE6BC5c
[2m2025-12-11T07:07:53.695611Z[0m [32m INFO[0m [2methereum_transaction_pool_monitor::mempool_monitor[0m[2m:[0m 🔍 No pool found for token pair 0xC02aaA39b223FE8D0A0e5C4F27eAD9083C756Cc2 -> 0x8340d7B1617a6bD325E181C692FE8cCe1cE6BC5c
[2m2025-12-11T07:07:53.695697Z[0m [32m INFO[0m [2methereum_transaction_pool_monitor::mempool_monitor[0m[2m:[0m ✨ Potential MEV target: 0x6b2b1fd27a1780a5a3994ee850d9b613f46def9d6cdce8a821a0eb4122bc4da8 ($0, 0.0 gwei)
[2m2025-12-11T07:07:56.524493Z[0m [32m INFO[0m [2methereum_transaction_pool_monitor::bot_runner[0m[2m:[0m 🤖 MEV Bot Stats | Uptime: 3.3h | Opportunities: 0 | Bundles: 0/0 (0.0%) | Profit: 0.0000 ETH | Rate: 0.00/h
[2m2025-12-11T07:08:06.468890Z[0m [32m INFO[0m [2methereum_transaction_pool_monitor::bot_runner[0m[2m:[0m 🤖 MEV Bot Stats | Uptime: 3.3h | Opportunities: 0 | Bundles: 0/0 (0.0%) | Profit: 0.0000 ETH | Rate: 0.00/h
[2m2025-12-11T07:08:07.089063Z[0m [32m INFO[0m [2methereum_transaction_pool_monitor::mempool_monitor[0m[2m:[0m 🎯 Router transaction detected: 0x42f2f6daa7a9ca03953d0c615c922ce6999e1e4ee97cea301225c8c9ef7816c9 -> 0xd9e1cE17f2641f24aE83637ab66a2cca9C378B9F
[2m2025-12-11T07:08:07.089159Z[0m [32m INFO[0m [2methereum_transaction_pool_monitor::mempool_monitor[0m[2m:[0m 📊 Detected swapExactTokensForTokens
[2m2025-12-11T07:08:07.089169Z[0m [32m INFO[0m [2methereum_transaction_pool_monitor::mempool_monitor[0m[2m:[0m 🔍 Path offset: 160
[2m2025-12-11T07:08:07.089178Z[0m [32m INFO[0m [2methereum_transaction_pool_monitor::mempool_monitor[0m[2m:[0m 🔍 Path length: 2
[2m2025-12-11T07:08:07.089185Z[0m [32m INFO[0m [2methereum_transaction_pool_monitor::mempool_monitor[0m[2m:[0m 🔍 Extracted token pair: 0xC02aaA39b223FE8D0A0e5C4F27eAD9083C756Cc2 -> 0xdAC17F958D2ee523a2206206994597C13D831ec7
[2m2025-12-11T07:08:07.089221Z[0m [32m INFO[0m [2methereum_transaction_pool_monitor::mempool_monitor[0m[2m:[0m 🔍 Searching for pool with tokens 0xC02aaA39b223FE8D0A0e5C4F27eAD9083C756Cc2 and 0xdAC17F958D2ee523a2206206994597C13D831ec7
[2m2025-12-11T07:08:07.352666Z[0m [32m INFO[0m [2methereum_transaction_pool_monitor::mempool_monitor[0m[2m:[0m 🎯 Found target pool: 0x6a11ED98B1a3ac36A768ebbbbA36DED101Da5a3f (SushiSwap)
[2m2025-12-11T07:08:07.352735Z[0m [32m INFO[0m [2methereum_transaction_pool_monitor::mempool_monitor[0m[2m:[0m ✨ Potential MEV target: 0x42f2f6daa7a9ca03953d0c615c922ce6999e1e4ee97cea301225c8c9ef7816c9 ($0, 0.0 gwei)
[2m2025-12-11T07:08:07.487449Z[0m [32m INFO[0m [2methereum_transaction_pool_monitor::mempool_monitor[0m[2m:[0m ✅ Successfully created sandwich target for pool: 0x6a11ed98b1a3ac36a768ebbbba36ded101da5a3f
[2m2025-12-11T07:08:07.487494Z[0m [32m INFO[0m [2methereum_transaction_pool_monitor::mempool_monitor[0m[2m:[0m 🧮 Running basic sandwich simulation for victim tx: 0x42f2f6daa7a9ca03953d0c615c922ce6999e1e4ee97cea301225c8c9ef7816c9
[2m2025-12-11T07:08:07.659754Z[0m [32m INFO[0m [2methereum_transaction_pool_monitor::mempool_monitor[0m[2m:[0m ⚠️ Simulation determined sandwich not profitable
[2m2025-12-11T07:08:07.668917Z[0m [32m INFO[0m [2methereum_transaction_pool_monitor::mempool_monitor[0m[2m:[0m 🎯 Router transaction detected: 0xa14261208729338975893216f7006cff41a504c68ec283c0932209d16f185ba8 -> 0xd9e1cE17f2641f24aE83637ab66a2cca9C378B9F
[2m2025-12-11T07:08:07.669005Z[0m [32m INFO[0m [2methereum_transaction_pool_monitor::mempool_monitor[0m[2m:[0m 📊 Detected swapExactTokensForTokens
[2m2025-12-11T07:08:07.669013Z[0m [32m INFO[0m [2methereum_transaction_pool_monitor::mempool_monitor[0m[2m:[0m 🔍 Path offset: 160
[2m2025-12-11T07:08:07.669018Z[0m [32m INFO[0m [2methereum_transaction_pool_monitor::mempool_monitor[0m[2m:[0m 🔍 Path length: 2
[2m2025-12-11T07:08:07.669023Z[0m [32m INFO[0m [2methereum_transaction_pool_monitor::mempool_monitor[0m[2m:[0m 🔍 Extracted token pair: 0xC02aaA39b223FE8D0A0e5C4F27eAD9083C756Cc2 -> 0xdAC17F958D2ee523a2206206994597C13D831ec7
[2m2025-12-11T07:08:07.669065Z[0m [32m INFO[0m [2methereum_transaction_pool_monitor::mempool_monitor[0m[2m:[0m 🔍 Searching for pool with tokens 0xC02aaA39b223FE8D0A0e5C4F27eAD9083C756Cc2 and 0xdAC17F958D2ee523a2206206994597C13D831ec7
[2m2025-12-11T07:08:07.929677Z[0m [32m INFO[0m [2methereum_transaction_pool_monitor::mempool_monitor[0m[2m:[0m 🎯 Found target pool: 0x6a11ED98B1a3ac36A768ebbbbA36DED101Da5a3f (SushiSwap)
[2m2025-12-11T07:08:07.929736Z[0m [32m INFO[0m [2methereum_transaction_pool_monitor::mempool_monitor[0m[2m:[0m ✨ Potential MEV target: 0xa14261208729338975893216f7006cff41a504c68ec283c0932209d16f185ba8 ($0, 0.0 gwei)
[2m2025-12-11T07:08:08.069506Z[0m [32m INFO[0m [2methereum_transaction_pool_monitor::mempool_monitor[0m[2m:[0m ✅ Successfully created sandwich target for pool: 0x6a11ed98b1a3ac36a768ebbbba36ded101da5a3f
[2m2025-12-11T07:08:08.069545Z[0m [32m INFO[0m [2methereum_transaction_pool_monitor::mempool_monitor[0m[2m:[0m 🧮 Running basic sandwich simulation for victim tx: 0xa14261208729338975893216f7006cff41a504c68ec283c0932209d16f185ba8
[2m2025-12-11T07:08:08.251543Z[0m [32m INFO[0m [2methereum_transaction_pool_monitor::mempool_monitor[0m[2m:[0m ⚠️ Simulation determined sandwich not profitable
[2m2025-12-11T07:08:16.530810Z[0m [32m INFO[0m [2methereum_transaction_pool_monitor::bot_runner[0m[2m:[0m 🤖 MEV Bot Stats | Uptime: 3.3h | Opportunities: 0 | Bundles: 0/0 (0.0%) | Profit: 0.0000 ETH | Rate: 0.00/h
[2m2025-12-11T07:08:26.401858Z[0m [32m INFO[0m [2methereum_transaction_pool_monitor::bot_runner[0m[2m:[0m 🤖 MEV Bot Stats | Uptime: 3.3h | Opportunities: 0 | Bundles: 0/0 (0.0%) | Profit: 0.0000 ETH | Rate: 0.00/h
[2m2025-12-11T07:08:36.437842Z[0m [32m INFO[0m [2methereum_transaction_pool_monitor::bot_runner[0m[2m:[0m 🤖 MEV Bot Stats | Uptime: 3.3h | Opportunities: 0 | Bundles: 0/0 (0.0%) | Profit: 0.0000 ETH | Rate: 0.00/h
[2m2025-12-11T07:08:45.010284Z[0m [32m INFO[0m [2methereum_transaction_pool_monitor::mempool_monitor[0m[2m:[0m 🎯 Router transaction detected: 0x502085222b637da48f48ef43e3f16279ebaa91f1294eb86721836dc9c49ffa9b -> 0x7a250d5630B4cF539739dF2C5dAcb4c659F2488D
[2m2025-12-11T07:08:45.010384Z[0m [32m INFO[0m [2methereum_transaction_pool_monitor::mempool_monitor[0m[2m:[0m 📊 Detected swapExactETHForTokens
[2m2025-12-11T07:08:45.010393Z[0m [32m INFO[0m [2methereum_transaction_pool_monitor::mempool_monitor[0m[2m:[0m 🔍 ETH swap path offset: 128
[2m2025-12-11T07:08:45.010398Z[0m [32m INFO[0m [2methereum_transaction_pool_monitor::mempool_monitor[0m[2m:[0m 🔍 ETH swap path length: 2
[2m2025-12-11T07:08:45.010403Z[0m [32m INFO[0m [2methereum_transaction_pool_monitor::mempool_monitor[0m[2m:[0m 🔍 ETH swap extracted token pair: 0xC02aaA39b223FE8D0A0e5C4F27eAD9083C756Cc2 -> 0x3D6b893329454d938e5F7bCdaF6700fFe721b207
[2m2025-12-11T07:08:45.010438Z[0m [32m INFO[0m [2methereum_transaction_pool_monitor::mempool_monitor[0m[2m:[0m 🔍 Searching for pool with tokens 0xC02aaA39b223FE8D0A0e5C4F27eAD9083C756Cc2 and 0x3D6b893329454d938e5F7bCdaF6700fFe721b207
[2m2025-12-11T07:08:45.300834Z[0m [32m INFO[0m [2methereum_transaction_pool_monitor::mempool_monitor[0m[2m:[0m 🔍 No pool found for token pair 0xC02aaA39b223FE8D0A0e5C4F27eAD9083C756Cc2 -> 0x3D6b893329454d938e5F7bCdaF6700fFe721b207
[2m2025-12-11T07:08:45.300923Z[0m [32m INFO[0m [2methereum_transaction_pool_monitor::mempool_monitor[0m[2m:[0m ✨ Potential MEV target: 0x502085222b637da48f48ef43e3f16279ebaa91f1294eb86721836dc9c49ffa9b ($0, 0.0 gwei)
[2m2025-12-11T07:08:46.478228Z[0m [32m INFO[0m [2methereum_transaction_pool_monitor::bot_runner[0m[2m:[0m 🤖 MEV Bot Stats | Uptime: 3.3h | Opportunities: 0 | Bundles: 0/0 (0.0%) | Profit: 0.0000 ETH | Rate: 0.00/h
[2m2025-12-11T07:08:56.552681Z[0m [32m INFO[0m [2methereum_transaction_pool_monitor::bot_runner[0m[2m:[0m 🤖 MEV Bot Stats | Uptime: 3.3h | Opportunities: 0 | Bundles: 0/0 (0.0%) | Profit: 0.0000 ETH | Rate: 0.00/h
[2m2025-12-11T07:08:59.316295Z[0m [32m INFO[0m [2methereum_transaction_pool_monitor::mempool_monitor[0m[2m:[0m 🎯 Router transaction detected: 0x5a6c1a42f3abc5f251c6e3170405cc6592f7be603991001b124576bf1dafe6d6 -> 0x7a250d5630B4cF539739dF2C5dAcb4c659F2488D
[2m2025-12-11T07:08:59.316405Z[0m [32m INFO[0m [2methereum_transaction_pool_monitor::mempool_monitor[0m[2m:[0m ✨ Potential MEV target: 0x5a6c1a42f3abc5f251c6e3170405cc6592f7be603991001b124576bf1dafe6d6 ($0, 0.0 gwei)
[2m2025-12-11T07:09:00.295662Z[0m [32m INFO[0m [2methereum_transaction_pool_monitor::mempool_monitor[0m[2m:[0m 🎯 Router transaction detected: 0x1a10517d377f5ec4085601f408cdbef611a08988a49bc6f21455c8d206df14c8 -> 0xd9e1cE17f2641f24aE83637ab66a2cca9C378B9F
[2m2025-12-11T07:09:00.295756Z[0m [32m INFO[0m [2methereum_transaction_pool_monitor::mempool_monitor[0m[2m:[0m 📊 Detected swapExactTokensForTokens
[2m2025-12-11T07:09:00.295763Z[0m [32m INFO[0m [2methereum_transaction_pool_monitor::mempool_monitor[0m[2m:[0m 🔍 Path offset: 160
[2m2025-12-11T07:09:00.295769Z[0m [32m INFO[0m [2methereum_transaction_pool_monitor::mempool_monitor[0m[2m:[0m 🔍 Path length: 2
[2m2025-12-11T07:09:00.295774Z[0m [32m INFO[0m [2methereum_transaction_pool_monitor::mempool_monitor[0m[2m:[0m 🔍 Extracted token pair: 0xC02aaA39b223FE8D0A0e5C4F27eAD9083C756Cc2 -> 0xdAC17F958D2ee523a2206206994597C13D831ec7
[2m2025-12-11T07:09:00.295809Z[0m [32m INFO[0m [2methereum_transaction_pool_monitor::mempool_monitor[0m[2m:[0m 🔍 Searching for pool with tokens 0xC02aaA39b223FE8D0A0e5C4F27eAD9083C756Cc2 and 0xdAC17F958D2ee523a2206206994597C13D831ec7
[2m2025-12-11T07:09:00.557404Z[0m [32m INFO[0m [2methereum_transaction_pool_monitor::mempool_monitor[0m[2m:[0m 🎯 Found target pool: 0x6a11ED98B1a3ac36A768ebbbbA36DED101Da5a3f (SushiSwap)
[2m2025-12-11T07:09:00.557478Z[0m [32m INFO[0m [2methereum_transaction_pool_monitor::mempool_monitor[0m[2m:[0m ✨ Potential MEV target: 0x1a10517d377f5ec4085601f408cdbef611a08988a49bc6f21455c8d206df14c8 ($0, 0.0 gwei)
[2m2025-12-11T07:09:00.677232Z[0m [32m INFO[0m [2methereum_transaction_pool_monitor::mempool_monitor[0m[2m:[0m ✅ Successfully created sandwich target for pool: 0x6a11ed98b1a3ac36a768ebbbba36ded101da5a3f
[2m2025-12-11T07:09:00.677271Z[0m [32m INFO[0m [2methereum_transaction_pool_monitor::mempool_monitor[0m[2m:[0m 🧮 Running basic sandwich simulation for victim tx: 0x1a10517d377f5ec4085601f408cdbef611a08988a49bc6f21455c8d206df14c8
[2m2025-12-11T07:09:00.840578Z[0m [32m INFO[0m [2methereum_transaction_pool_monitor::mempool_monitor[0m[2m:[0m ⚠️ Simulation determined sandwich not profitable
[2m2025-12-11T07:09:01.623744Z[0m [32m INFO[0m [2methereum_transaction_pool_monitor::mempool_monitor[0m[2m:[0m 🎯 Router transaction detected: 0x6ab94b5a1a110df82b274fad6392375bd1179667fa51937c12371bb0fa21313e -> 0x7a250d5630B4cF539739dF2C5dAcb4c659F2488D
[2m2025-12-11T07:09:01.623836Z[0m [32m INFO[0m [2methereum_transaction_pool_monitor::mempool_monitor[0m[2m:[0m 📊 Detected swapExactETHForTokens
[2m2025-12-11T07:09:01.623843Z[0m [32m INFO[0m [2methereum_transaction_pool_monitor::mempool_monitor[0m[2m:[0m 🔍 ETH swap path offset: 128
[2m2025-12-11T07:09:01.623848Z[0m [32m INFO[0m [2methereum_transaction_pool_monitor::mempool_monitor[0m[2m:[0m 🔍 ETH swap path length: 2
[2m2025-12-11T07:09:01.623853Z[0m [32m INFO[0m [2methereum_transaction_pool_monitor::mempool_monitor[0m[2m:[0m 🔍 ETH swap extracted token pair: 0xC02aaA39b223FE8D0A0e5C4F27eAD9083C756Cc2 -> 0x8340d7B1617a6bD325E181C692FE8cCe1cE6BC5c
[2m2025-12-11T07:09:01.623892Z[0m [32m INFO[0m [2methereum_transaction_pool_monitor::mempool_monitor[0m[2m:[0m 🔍 Searching for pool with tokens 0xC02aaA39b223FE8D0A0e5C4F27eAD9083C756Cc2 and 0x8340d7B1617a6bD325E181C692FE8cCe1cE6BC5c
[2m2025-12-11T07:09:01.909491Z[0m [32m INFO[0m [2methereum_transaction_pool_monitor::mempool_monitor[0m[2m:[0m 🔍 No pool found for token pair 0xC02aaA39b223FE8D0A0e5C4F27eAD9083C756Cc2 -> 0x8340d7B1617a6bD325E181C692FE8cCe1cE6BC5c
[2m2025-12-11T07:09:01.909572Z[0m [32m INFO[0m [2methereum_transaction_pool_monitor::mempool_monitor[0m[2m:[0m ✨ Potential MEV target: 0x6ab94b5a1a110df82b274fad6392375bd1179667fa51937c12371bb0fa21313e ($0, 0.0 gwei)
[2m2025-12-11T07:09:06.582615Z[0m [32m INFO[0m [2methereum_transaction_pool_monitor::bot_runner[0m[2m:[0m 🤖 MEV Bot Stats | Uptime: 3.3h | Opportunities: 0 | Bundles: 0/0 (0.0%) | Profit: 0.0000 ETH | Rate: 0.00/h
[2m2025-12-11T07:09:16.405868Z[0m [32m INFO[0m [2methereum_transaction_pool_monitor::bot_runner[0m[2m:[0m 🤖 MEV Bot Stats | Uptime: 3.3h | Opportunities: 0 | Bundles: 0/0 (0.0%) | Profit: 0.0000 ETH | Rate: 0.00/h
[2m2025-12-11T07:09:26.437893Z[0m [32m INFO[0m [2methereum_transaction_pool_monitor::bot_runner[0m[2m:[0m 🤖 MEV Bot Stats | Uptime: 3.3h | Opportunities: 0 | Bundles: 0/0 (0.0%) | Profit: 0.0000 ETH | Rate: 0.00/h
[2m2025-12-11T07:09:27.623419Z[0m [32m INFO[0m [2methereum_transaction_pool_monitor::mempool_monitor[0m[2m:[0m 🎯 Router transaction detected: 0xd253135f682d4c71ae783b70a665801ae3f47767f98462bf2d308e8cf46ff4f2 -> 0x7a250d5630B4cF539739dF2C5dAcb4c659F2488D
[2m2025-12-11T07:09:27.623528Z[0m [32m INFO[0m [2methereum_transaction_pool_monitor::mempool_monitor[0m[2m:[0m ✨ Potential MEV target: 0xd253135f682d4c71ae783b70a665801ae3f47767f98462bf2d308e8cf46ff4f2 ($0, 0.0 gwei)
[2m2025-12-11T07:09:36.553486Z[0m [32m INFO[0m [2methereum_transaction_pool_monitor::bot_runner[0m[2m:[0m 🤖 MEV Bot Stats | Uptime: 3.3h | Opportunities: 0 | Bundles: 0/0 (0.0%) | Profit: 0.0000 ETH | Rate: 0.00/h
[2m2025-12-11T07:09:37.707432Z[0m [32m INFO[0m [2methereum_transaction_pool_monitor::mempool_monitor[0m[2m:[0m 🎯 Router transaction detected: 0xcde504fd25da45d409a6eb161c9d53efb000b26e30cc3b6e7e908c1f1d7d4125 -> 0x7a250d5630B4cF539739dF2C5dAcb4c659F2488D
[2m2025-12-11T07:09:37.707530Z[0m [32m INFO[0m [2methereum_transaction_pool_monitor::mempool_monitor[0m[2m:[0m 📊 Detected swapExactETHForTokens
[2m2025-12-11T07:09:37.707539Z[0m [32m INFO[0m [2methereum_transaction_pool_monitor::mempool_monitor[0m[2m:[0m 🔍 ETH swap path offset: 128
[2m2025-12-11T07:09:37.707546Z[0m [32m INFO[0m [2methereum_transaction_pool_monitor::mempool_monitor[0m[2m:[0m 🔍 ETH swap path length: 2
[2m2025-12-11T07:09:37.707555Z[0m [32m INFO[0m [2methereum_transaction_pool_monitor::mempool_monitor[0m[2m:[0m 🔍 ETH swap extracted token pair: 0xC02aaA39b223FE8D0A0e5C4F27eAD9083C756Cc2 -> 0x3D6b893329454d938e5F7bCdaF6700fFe721b207
[2m2025-12-11T07:09:37.707592Z[0m [32m INFO[0m [2methereum_transaction_pool_monitor::mempool_monitor[0m[2m:[0m 🔍 Searching for pool with tokens 0xC02aaA39b223FE8D0A0e5C4F27eAD9083C756Cc2 and 0x3D6b893329454d938e5F7bCdaF6700fFe721b207
[2m2025-12-11T07:09:37.983213Z[0m [32m INFO[0m [2methereum_transaction_pool_monitor::mempool_monitor[0m[2m:[0m 🔍 No pool found for token pair 0xC02aaA39b223FE8D0A0e5C4F27eAD9083C756Cc2 -> 0x3D6b893329454d938e5F7bCdaF6700fFe721b207
[2m2025-12-11T07:09:37.983298Z[0m [32m INFO[0m [2methereum_transaction_pool_monitor::mempool_monitor[0m[2m:[0m ✨ Potential MEV target: 0xcde504fd25da45d409a6eb161c9d53efb000b26e30cc3b6e7e908c1f1d7d4125 ($0, 0.0 gwei)
[2m2025-12-11T07:09:43.621283Z[0m [32m INFO[0m [2methereum_transaction_pool_monitor::mempool_monitor[0m[2m:[0m 🎯 Router transaction detected: 0x22cc6ee05da7822f9e0f34c1259b72818085525ba34c8a5cc37f43a077a796aa -> 0x7a250d5630B4cF539739dF2C5dAcb4c659F2488D
[2m2025-12-11T07:09:43.621386Z[0m [32m INFO[0m [2methereum_transaction_pool_monitor::mempool_monitor[0m[2m:[0m 📊 Detected swapExactETHForTokens
[2m2025-12-11T07:09:43.621395Z[0m [32m INFO[0m [2methereum_transaction_pool_monitor::mempool_monitor[0m[2m:[0m 🔍 ETH swap path offset: 128
[2m2025-12-11T07:09:43.621402Z[0m [32m INFO[0m [2methereum_transaction_pool_monitor::mempool_monitor[0m[2m:[0m 🔍 ETH swap path length: 2
[2m2025-12-11T07:09:43.621409Z[0m [32m INFO[0m [2methereum_transaction_pool_monitor::mempool_monitor[0m[2m:[0m 🔍 ETH swap extracted token pair: 0xC02aaA39b223FE8D0A0e5C4F27eAD9083C756Cc2 -> 0x8340d7B1617a6bD325E181C692FE8cCe1cE6BC5c
[2m2025-12-11T07:09:43.621448Z[0m [32m INFO[0m [2methereum_transaction_pool_monitor::mempool_monitor[0m[2m:[0m 🔍 Searching for pool with tokens 0xC02aaA39b223FE8D0A0e5C4F27eAD9083C756Cc2 and 0x8340d7B1617a6bD325E181C692FE8cCe1cE6BC5c
[2m2025-12-11T07:09:43.892066Z[0m [32m INFO[0m [2methereum_transaction_pool_monitor::mempool_monitor[0m[2m:[0m 🔍 No pool found for token pair 0xC02aaA39b223FE8D0A0e5C4F27eAD9083C756Cc2 -> 0x8340d7B1617a6bD325E181C692FE8cCe1cE6BC5c
[2m2025-12-11T07:09:43.892138Z[0m [32m INFO[0m [2methereum_transaction_pool_monitor::mempool_monitor[0m[2m:[0m ✨ Potential MEV target: 0x22cc6ee05da7822f9e0f34c1259b72818085525ba34c8a5cc37f43a077a796aa ($0, 0.0 gwei)
[2m2025-12-11T07:09:46.457184Z[0m [32m INFO[0m [2methereum_transaction_pool_monitor::bot_runner[0m[2m:[0m 🤖 MEV Bot Stats | Uptime: 3.3h | Opportunities: 0 | Bundles: 0/0 (0.0%) | Profit: 0.0000 ETH | Rate: 0.00/h
[2m2025-12-11T07:09:47.623844Z[0m [32m INFO[0m [2methereum_transaction_pool_monitor::mempool_monitor[0m[2m:[0m 🎯 Router transaction detected: 0x429fe010cc79300c54eea8f7991744c47be371284cfb68f65e2acea9eef12b5d -> 0x7a250d5630B4cF539739dF2C5dAcb4c659F2488D
[2m2025-12-11T07:09:47.623950Z[0m [32m INFO[0m [2methereum_transaction_pool_monitor::mempool_monitor[0m[2m:[0m 📊 Detected swapExactTokensForETH
[2m2025-12-11T07:09:47.623959Z[0m [32m INFO[0m [2methereum_transaction_pool_monitor::mempool_monitor[0m[2m:[0m 🔍 Path offset: 160
[2m2025-12-11T07:09:47.623968Z[0m [32m INFO[0m [2methereum_transaction_pool_monitor::mempool_monitor[0m[2m:[0m 🔍 Path length: 2
[2m2025-12-11T07:09:47.623974Z[0m [32m INFO[0m [2methereum_transaction_pool_monitor::mempool_monitor[0m[2m:[0m 🔍 Extracted token pair: 0x45510DB2481353178db5ABb87C96805fADad0724 -> 0xC02aaA39b223FE8D0A0e5C4F27eAD9083C756Cc2
[2m2025-12-11T07:09:47.624014Z[0m [32m INFO[0m [2methereum_transaction_pool_monitor::mempool_monitor[0m[2m:[0m 🔍 Searching for pool with tokens 0x45510DB2481353178db5ABb87C96805fADad0724 and 0xC02aaA39b223FE8D0A0e5C4F27eAD9083C756Cc2
[2m2025-12-11T07:09:47.896185Z[0m [32m INFO[0m [2methereum_transaction_pool_monitor::mempool_monitor[0m[2m:[0m 🎯 Found target pool: 0x5b2c9EF1bf180a844389C0fD42B15C8281e69052 (UniswapV2)
[2m2025-12-11T07:09:47.896260Z[0m [32m INFO[0m [2methereum_transaction_pool_monitor::mempool_monitor[0m[2m:[0m ✨ Potential MEV target: 0x429fe010cc79300c54eea8f7991744c47be371284cfb68f65e2acea9eef12b5d ($0, 0.0 gwei)
[2m2025-12-11T07:09:48.013468Z[0m [32m INFO[0m [2methereum_transaction_pool_monitor::mempool_monitor[0m[2m:[0m ✅ Successfully created sandwich target for pool: 0x5b2c9ef1bf180a844389c0fd42b15c8281e69052
[2m2025-12-11T07:09:48.013513Z[0m [32m INFO[0m [2methereum_transaction_pool_monitor::mempool_monitor[0m[2m:[0m 🧮 Running basic sandwich simulation for victim tx: 0x429fe010cc79300c54eea8f7991744c47be371284cfb68f65e2acea9eef12b5d
[2m2025-12-11T07:09:48.100716Z[0m [32m INFO[0m [2methereum_transaction_pool_monitor::mempool_monitor[0m[2m:[0m ⚠️ Simulation determined sandwich not profitable
[2m2025-12-11T07:09:56.534533Z[0m [32m INFO[0m [2methereum_transaction_pool_monitor::bot_runner[0m[2m:[0m 🤖 MEV Bot Stats | Uptime: 3.3h | Opportunities: 0 | Bundles: 0/0 (0.0%) | Profit: 0.0000 ETH | Rate: 0.00/h
[2m2025-12-11T07:10:06.550983Z[0m [32m INFO[0m [2methereum_transaction_pool_monitor::bot_runner[0m[2m:[0m 🤖 MEV Bot Stats | Uptime: 3.3h | Opportunities: 0 | Bundles: 0/0 (0.0%) | Profit: 0.0000 ETH | Rate: 0.00/h
[2m2025-12-11T07:10:15.985720Z[0m [32m INFO[0m [2methereum_transaction_pool_monitor::mempool_monitor[0m[2m:[0m 🎯 Router transaction detected: 0x284779d131018be92123fe88a86ed7b8714f6d5daa23e173934336c69120f02a -> 0x1111111254EEB25477B68fb85Ed929f73A960582
[2m2025-12-11T07:10:15.985840Z[0m [32m INFO[0m [2methereum_transaction_pool_monitor::mempool_monitor[0m[2m:[0m ✨ Potential MEV target: 0x284779d131018be92123fe88a86ed7b8714f6d5daa23e173934336c69120f02a ($0, 0.0 gwei)
[2m2025-12-11T07:10:16.401859Z[0m [32m INFO[0m [2methereum_transaction_pool_monitor::bot_runner[0m[2m:[0m 🤖 MEV Bot Stats | Uptime: 3.3h | Opportunities: 0 | Bundles: 0/0 (0.0%) | Profit: 0.0000 ETH | Rate: 0.00/h
[2m2025-12-11T07:10:26.402102Z[0m [32m INFO[0m [2methereum_transaction_pool_monitor::bot_runner[0m[2m:[0m 🤖 MEV Bot Stats | Uptime: 3.3h | Opportunities: 0 | Bundles: 0/0 (0.0%) | Profit: 0.0000 ETH | Rate: 0.00/h
[2m2025-12-11T07:10:26.695104Z[0m [32m INFO[0m [2methereum_transaction_pool_monitor::mempool_monitor[0m[2m:[0m 🎯 Router transaction detected: 0xfa68a5cb3405f6208f94b4ed95177af8b1e574af7620b9715e8f46d62c4ea228 -> 0x7a250d5630B4cF539739dF2C5dAcb4c659F2488D
[2m2025-12-11T07:10:26.695204Z[0m [32m INFO[0m [2methereum_transaction_pool_monitor::mempool_monitor[0m[2m:[0m ✨ Potential MEV target: 0xfa68a5cb3405f6208f94b4ed95177af8b1e574af7620b9715e8f46d62c4ea228 ($0, 0.0 gwei)
[2m2025-12-11T07:10:27.754299Z[0m [32m INFO[0m [2methereum_transaction_pool_monitor::mempool_monitor[0m[2m:[0m 🎯 Router transaction detected: 0xc5244fbaa4683d2bb58a633f8f6732a31f733e49864eeb347207739006a7ade0 -> 0x1111111254EEB25477B68fb85Ed929f73A960582
[2m2025-12-11T07:10:27.754453Z[0m [32m INFO[0m [2methereum_transaction_pool_monitor::mempool_monitor[0m[2m:[0m ✨ Potential MEV target: 0xc5244fbaa4683d2bb58a633f8f6732a31f733e49864eeb347207739006a7ade0 ($0, 0.0 gwei)
[2m2025-12-11T07:10:36.402192Z[0m [32m INFO[0m [2methereum_transaction_pool_monitor::bot_runner[0m[2m:[0m 🤖 MEV Bot Stats | Uptime: 3.3h | Opportunities: 0 | Bundles: 0/0 (0.0%) | Profit: 0.0000 ETH | Rate: 0.00/h
[2m2025-12-11T07:10:46.400828Z[0m [32m INFO[0m [2methereum_transaction_pool_monitor::bot_runner[0m[2m:[0m 🤖 MEV Bot Stats | Uptime: 3.3h | Opportunities: 0 | Bundles: 0/0 (0.0%) | Profit: 0.0000 ETH | Rate: 0.00/h
[2m2025-12-11T07:10:56.401193Z[0m [32m INFO[0m [2methereum_transaction_pool_monitor::bot_runner[0m[2m:[0m 🤖 MEV Bot Stats | Uptime: 3.3h | Opportunities: 0 | Bundles: 0/0 (0.0%) | Profit: 0.0000 ETH | Rate: 0.00/h
[2m2025-12-11T07:11:01.259612Z[0m [32m INFO[0m [2methereum_transaction_pool_monitor::mempool_monitor[0m[2m:[0m 📊 Mempool Monitor Stats:
[2m2025-12-11T07:11:01.259646Z[0m [32m INFO[0m [2methereum_transaction_pool_monitor::mempool_monitor[0m[2m:[0m    Total transactions: 32623
[2m2025-12-11T07:11:01.259833Z[0m [32m INFO[0m [2methereum_transaction_pool_monitor::mempool_monitor[0m[2m:[0m    DEX transactions: 311 (1.0%)
[2m2025-12-11T07:11:01.259842Z[0m [32m INFO[0m [2methereum_transaction_pool_monitor::mempool_monitor[0m[2m:[0m    Opportunities detected: 0
[2m2025-12-11T07:11:01.259847Z[0m [32m INFO[0m [2methereum_transaction_pool_monitor::mempool_monitor[0m[2m:[0m    Profitable opportunities: 0 (0.0%)
[2m2025-12-11T07:11:06.401763Z[0m [32m INFO[0m [2methereum_transaction_pool_monitor::bot_runner[0m[2m:[0m 🤖 MEV Bot Stats | Uptime: 3.3h | Opportunities: 0 | Bundles: 0/0 (0.0%) | Profit: 0.0000 ETH | Rate: 0.00/h
[2m2025-12-11T07:11:16.401887Z[0m [32m INFO[0m [2methereum_transaction_pool_monitor::bot_runner[0m[2m:[0m 🤖 MEV Bot Stats | Uptime: 3.3h | Opportunities: 0 | Bundles: 0/0 (0.0%) | Profit: 0.0000 ETH | Rate: 0.00/h
[2m2025-12-11T07:11:26.401052Z[0m [32m INFO[0m [2methereum_transaction_pool_monitor::bot_runner[0m[2m:[0m 🤖 MEV Bot Stats | Uptime: 3.3h | Opportunities: 0 | Bundles: 0/0 (0.0%) | Profit: 0.0000 ETH | Rate: 0.00/h
[2m2025-12-11T07:11:31.260567Z[0m [32m INFO[0m [2methereum_transaction_pool_monitor::mempool_monitor[0m[2m:[0m 📊 Mempool Monitor Stats:
[2m2025-12-11T07:11:31.260596Z[0m [32m INFO[0m [2methereum_transaction_pool_monitor::mempool_monitor[0m[2m:[0m    Total transactions: 32623
[2m2025-12-11T07:11:31.260602Z[0m [32m INFO[0m [2methereum_transaction_pool_monitor::mempool_monitor[0m[2m:[0m    DEX transactions: 311 (1.0%)
[2m2025-12-11T07:11:31.260608Z[0m [32m INFO[0m [2methereum_transaction_pool_monitor::mempool_monitor[0m[2m:[0m    Opportunities detected: 0
[2m2025-12-11T07:11:31.260613Z[0m [32m INFO[0m [2methereum_transaction_pool_monitor::mempool_monitor[0m[2m:[0m    Profitable opportunities: 0 (0.0%)
[2m2025-12-11T07:11:36.402076Z[0m [32m INFO[0m [2methereum_transaction_pool_monitor::bot_runner[0m[2m:[0m 🤖 MEV Bot Stats | Uptime: 3.3h | Opportunities: 0 | Bundles: 0/0 (0.0%) | Profit: 0.0000 ETH | Rate: 0.00/h
[2m2025-12-11T07:11:46.401837Z[0m [32m INFO[0m [2methereum_transaction_pool_monitor::bot_runner[0m[2m:[0m 🤖 MEV Bot Stats | Uptime: 3.3h | Opportunities: 0 | Bundles: 0/0 (0.0%) | Profit: 0.0000 ETH | Rate: 0.00/h
[2m2025-12-11T07:11:56.402524Z[0m [32m INFO[0m [2methereum_transaction_pool_monitor::bot_runner[0m[2m:[0m 🤖 MEV Bot Stats | Uptime: 3.3h | Opportunities: 0 | Bundles: 0/0 (0.0%) | Profit: 0.0000 ETH | Rate: 0.00/h
[2m2025-12-11T07:12:01.263362Z[0m [32m INFO[0m [2methereum_transaction_pool_monitor::mempool_monitor[0m[2m:[0m 📊 Mempool Monitor Stats:
[2m2025-12-11T07:12:01.263406Z[0m [32m INFO[0m [2methereum_transaction_pool_monitor::mempool_monitor[0m[2m:[0m    Total transactions: 32623
[2m2025-12-11T07:12:01.263413Z[0m [32m INFO[0m [2methereum_transaction_pool_monitor::mempool_monitor[0m[2m:[0m    DEX transactions: 311 (1.0%)
[2m2025-12-11T07:12:01.263424Z[0m [32m INFO[0m [2methereum_transaction_pool_monitor::mempool_monitor[0m[2m:[0m    Opportunities detected: 0
[2m2025-12-11T07:12:01.263429Z[0m [32m INFO[0m [2methereum_transaction_pool_monitor::mempool_monitor[0m[2m:[0m    Profitable opportunities: 0 (0.0%)
[2m2025-12-11T07:12:06.401102Z[0m [32m INFO[0m [2methereum_transaction_pool_monitor::bot_runner[0m[2m:[0m 🤖 MEV Bot Stats | Uptime: 3.3h | Opportunities: 0 | Bundles: 0/0 (0.0%) | Profit: 0.0000 ETH | Rate: 0.00/h
[2m2025-12-11T07:12:16.402232Z[0m [32m INFO[0m [2methereum_transaction_pool_monitor::bot_runner[0m[2m:[0m 🤖 MEV Bot Stats | Uptime: 3.3h | Opportunities: 0 | Bundles: 0/0 (0.0%) | Profit: 0.0000 ETH | Rate: 0.00/h
[2m2025-12-11T07:12:26.403151Z[0m [32m INFO[0m [2methereum_transaction_pool_monitor::bot_runner[0m[2m:[0m 🤖 MEV Bot Stats | Uptime: 3.3h | Opportunities: 0 | Bundles: 0/0 (0.0%) | Profit: 0.0000 ETH | Rate: 0.00/h
[2m2025-12-11T07:12:31.266285Z[0m [32m INFO[0m [2methereum_transaction_pool_monitor::mempool_monitor[0m[2m:[0m 📊 Mempool Monitor Stats:
[2m2025-12-11T07:12:31.266335Z[0m [32m INFO[0m [2methereum_transaction_pool_monitor::mempool_monitor[0m[2m:[0m    Total transactions: 32623
[2m2025-12-11T07:12:31.266348Z[0m [32m INFO[0m [2methereum_transaction_pool_monitor::mempool_monitor[0m[2m:[0m    DEX transactions: 311 (1.0%)
[2m2025-12-11T07:12:31.266358Z[0m [32m INFO[0m [2methereum_transaction_pool_monitor::mempool_monitor[0m[2m:[0m    Opportunities detected: 0
[2m2025-12-11T07:12:31.266365Z[0m [32m INFO[0m [2methereum_transaction_pool_monitor::mempool_monitor[0m[2m:[0m    Profitable opportunities: 0 (0.0%)
[2m2025-12-11T07:12:36.402598Z[0m [32m INFO[0m [2methereum_transaction_pool_monitor::bot_runner[0m[2m:[0m 🤖 MEV Bot Stats | Uptime: 3.3h | Opportunities: 0 | Bundles: 0/0 (0.0%) | Profit: 0.0000 ETH | Rate: 0.00/h
[2m2025-12-11T07:12:46.401297Z[0m [32m INFO[0m [2methereum_transaction_pool_monitor::bot_runner[0m[2m:[0m 🤖 MEV Bot Stats | Uptime: 3.3h | Opportunities: 0 | Bundles: 0/0 (0.0%) | Profit: 0.0000 ETH | Rate: 0.00/h
[2m2025-12-11T07:12:56.402970Z[0m [32m INFO[0m [2methereum_transaction_pool_monitor::bot_runner[0m[2m:[0m 🤖 MEV Bot Stats | Uptime: 3.3h | Opportunities: 0 | Bundles: 0/0 (0.0%) | Profit: 0.0000 ETH | Rate: 0.00/h
[2m2025-12-11T07:13:01.270163Z[0m [32m INFO[0m [2methereum_transaction_pool_monitor::mempool_monitor[0m[2m:[0m 📊 Mempool Monitor Stats:
[2m2025-12-11T07:13:01.270214Z[0m [32m INFO[0m [2methereum_transaction_pool_monitor::mempool_monitor[0m[2m:[0m    Total transactions: 32623
[2m2025-12-11T07:13:01.270221Z[0m [32m INFO[0m [2methereum_transaction_pool_monitor::mempool_monitor[0m[2m:[0m    DEX transactions: 311 (1.0%)
[2m2025-12-11T07:13:01.270233Z[0m [32m INFO[0m [2methereum_transaction_pool_monitor::mempool_monitor[0m[2m:[0m    Opportunities detected: 0
[2m2025-12-11T07:13:01.270239Z[0m [32m INFO[0m [2methereum_transaction_pool_monitor::mempool_monitor[0m[2m:[0m    Profitable opportunities: 0 (0.0%)
[2m2025-12-11T07:13:06.402936Z[0m [32m INFO[0m [2methereum_transaction_pool_monitor::bot_runner[0m[2m:[0m 🤖 MEV Bot Stats | Uptime: 3.4h | Opportunities: 0 | Bundles: 0/0 (0.0%) | Profit: 0.0000 ETH | Rate: 0.00/h
[2m2025-12-11T07:13:16.400478Z[0m [32m INFO[0m [2methereum_transaction_pool_monitor::bot_runner[0m[2m:[0m 🤖 MEV Bot Stats | Uptime: 3.4h | Opportunities: 0 | Bundles: 0/0 (0.0%) | Profit: 0.0000 ETH | Rate: 0.00/h
[2m2025-12-11T07:13:26.401425Z[0m [32m INFO[0m [2methereum_transaction_pool_monitor::bot_runner[0m[2m:[0m 🤖 MEV Bot Stats | Uptime: 3.4h | Opportunities: 0 | Bundles: 0/0 (0.0%) | Profit: 0.0000 ETH | Rate: 0.00/h
[2m2025-12-11T07:13:31.273610Z[0m [32m INFO[0m [2methereum_transaction_pool_monitor::mempool_monitor[0m[2m:[0m 📊 Mempool Monitor Stats:
[2m2025-12-11T07:13:31.273659Z[0m [32m INFO[0m [2methereum_transaction_pool_monitor::mempool_monitor[0m[2m:[0m    Total transactions: 32623
[2m2025-12-11T07:13:31.273667Z[0m [32m INFO[0m [2methereum_transaction_pool_monitor::mempool_monitor[0m[2m:[0m    DEX transactions: 311 (1.0%)
[2m2025-12-11T07:13:31.273673Z[0m [32m INFO[0m [2methereum_transaction_pool_monitor::mempool_monitor[0m[2m:[0m    Opportunities detected: 0
[2m2025-12-11T07:13:31.273678Z[0m [32m INFO[0m [2methereum_transaction_pool_monitor::mempool_monitor[0m[2m:[0m    Profitable opportunities: 0 (0.0%)
[2m2025-12-11T07:13:36.402923Z[0m [32m INFO[0m [2methereum_transaction_pool_monitor::bot_runner[0m[2m:[0m 🤖 MEV Bot Stats | Uptime: 3.4h | Opportunities: 0 | Bundles: 0/0 (0.0%) | Profit: 0.0000 ETH | Rate: 0.00/h
[2m2025-12-11T07:13:46.402761Z[0m [32m INFO[0m [2methereum_transaction_pool_monitor::bot_runner[0m[2m:[0m 🤖 MEV Bot Stats | Uptime: 3.4h | Opportunities: 0 | Bundles: 0/0 (0.0%) | Profit: 0.0000 ETH | Rate: 0.00/h
[2m2025-12-11T07:13:56.402880Z[0m [32m INFO[0m [2methereum_transaction_pool_monitor::bot_runner[0m[2m:[0m 🤖 MEV Bot Stats | Uptime: 3.4h | Opportunities: 0 | Bundles: 0/0 (0.0%) | Profit: 0.0000 ETH | Rate: 0.00/h
[2m2025-12-11T07:14:01.277180Z[0m [32m INFO[0m [2methereum_transaction_pool_monitor::mempool_monitor[0m[2m:[0m 📊 Mempool Monitor Stats:
[2m2025-12-11T07:14:01.277225Z[0m [32m INFO[0m [2methereum_transaction_pool_monitor::mempool_monitor[0m[2m:[0m    Total transactions: 32623
[2m2025-12-11T07:14:01.277233Z[0m [32m INFO[0m [2methereum_transaction_pool_monitor::mempool_monitor[0m[2m:[0m    DEX transactions: 311 (1.0%)
[2m2025-12-11T07:14:01.277241Z[0m [32m INFO[0m [2methereum_transaction_pool_monitor::mempool_monitor[0m[2m:[0m    Opportunities detected: 0
[2m2025-12-11T07:14:01.277248Z[0m [32m INFO[0m [2methereum_transaction_pool_monitor::mempool_monitor[0m[2m:[0m    Profitable opportunities: 0 (0.0%)
[2m2025-12-11T07:14:06.401132Z[0m [32m INFO[0m [2methereum_transaction_pool_monitor::bot_runner[0m[2m:[0m 🤖 MEV Bot Stats | Uptime: 3.4h | Opportunities: 0 | Bundles: 0/0 (0.0%) | Profit: 0.0000 ETH | Rate: 0.00/h
[2m2025-12-11T07:14:16.403205Z[0m [32m INFO[0m [2methereum_transaction_pool_monitor::bot_runner[0m[2m:[0m 🤖 MEV Bot Stats | Uptime: 3.4h | Opportunities: 0 | Bundles: 0/0 (0.0%) | Profit: 0.0000 ETH | Rate: 0.00/h
[2m2025-12-11T07:14:26.402614Z[0m [32m INFO[0m [2methereum_transaction_pool_monitor::bot_runner[0m[2m:[0m 🤖 MEV Bot Stats | Uptime: 3.4h | Opportunities: 0 | Bundles: 0/0 (0.0%) | Profit: 0.0000 ETH | Rate: 0.00/h
[2m2025-12-11T07:14:31.280886Z[0m [32m INFO[0m [2methereum_transaction_pool_monitor::mempool_monitor[0m[2m:[0m 📊 Mempool Monitor Stats:
[2m2025-12-11T07:14:31.280932Z[0m [32m INFO[0m [2methereum_transaction_pool_monitor::mempool_monitor[0m[2m:[0m    Total transactions: 32623
[2m2025-12-11T07:14:31.280940Z[0m [32m INFO[0m [2methereum_transaction_pool_monitor::mempool_monitor[0m[2m:[0m    DEX transactions: 311 (1.0%)
[2m2025-12-11T07:14:31.280948Z[0m [32m INFO[0m [2methereum_transaction_pool_monitor::mempool_monitor[0m[2m:[0m    Opportunities detected: 0
[2m2025-12-11T07:14:31.280953Z[0m [32m INFO[0m [2methereum_transaction_pool_monitor::mempool_monitor[0m[2m:[0m    Profitable opportunities: 0 (0.0%)
[2m2025-12-11T07:14:36.401377Z[0m [32m INFO[0m [2methereum_transaction_pool_monitor::bot_runner[0m[2m:[0m 🤖 MEV Bot Stats | Uptime: 3.4h | Opportunities: 0 | Bundles: 0/0 (0.0%) | Profit: 0.0000 ETH | Rate: 0.00/h
[2m2025-12-11T07:14:46.401674Z[0m [32m INFO[0m [2methereum_transaction_pool_monitor::bot_runner[0m[2m:[0m 🤖 MEV Bot Stats | Uptime: 3.4h | Opportunities: 0 | Bundles: 0/0 (0.0%) | Profit: 0.0000 ETH | Rate: 0.00/h
[2m2025-12-11T07:14:56.403052Z[0m [32m INFO[0m [2methereum_transaction_pool_monitor::bot_runner[0m[2m:[0m 🤖 MEV Bot Stats | Uptime: 3.4h | Opportunities: 0 | Bundles: 0/0 (0.0%) | Profit: 0.0000 ETH | Rate: 0.00/h
[2m2025-12-11T07:15:01.283780Z[0m [32m INFO[0m [2methereum_transaction_pool_monitor::mempool_monitor[0m[2m:[0m 📊 Mempool Monitor Stats:
[2m2025-12-11T07:15:01.283827Z[0m [32m INFO[0m [2methereum_transaction_pool_monitor::mempool_monitor[0m[2m:[0m    Total transactions: 32623
[2m2025-12-11T07:15:01.283834Z[0m [32m INFO[0m [2methereum_transaction_pool_monitor::mempool_monitor[0m[2m:[0m    DEX transactions: 311 (1.0%)
[2m2025-12-11T07:15:01.283840Z[0m [32m INFO[0m [2methereum_transaction_pool_monitor::mempool_monitor[0m[2m:[0m    Opportunities detected: 0
[2m2025-12-11T07:15:01.283844Z[0m [32m INFO[0m [2methereum_transaction_pool_monitor::mempool_monitor[0m[2m:[0m    Profitable opportunities: 0 (0.0%)
[2m2025-12-11T07:15:06.402886Z[0m [32m INFO[0m [2methereum_transaction_pool_monitor::bot_runner[0m[2m:[0m 🤖 MEV Bot Stats | Uptime: 3.4h | Opportunities: 0 | Bundles: 0/0 (0.0%) | Profit: 0.0000 ETH | Rate: 0.00/h
[2m2025-12-11T07:15:16.401458Z[0m [32m INFO[0m [2methereum_transaction_pool_monitor::bot_runner[0m[2m:[0m 🤖 MEV Bot Stats | Uptime: 3.4h | Opportunities: 0 | Bundles: 0/0 (0.0%) | Profit: 0.0000 ETH | Rate: 0.00/h
[2m2025-12-11T07:15:26.400601Z[0m [32m INFO[0m [2methereum_transaction_pool_monitor::bot_runner[0m[2m:[0m 🤖 MEV Bot Stats | Uptime: 3.4h | Opportunities: 0 | Bundles: 0/0 (0.0%) | Profit: 0.0000 ETH | Rate: 0.00/h
[2m2025-12-11T07:15:31.286579Z[0m [32m INFO[0m [2methereum_transaction_pool_monitor::mempool_monitor[0m[2m:[0m 📊 Mempool Monitor Stats:
[2m2025-12-11T07:15:31.286624Z[0m [32m INFO[0m [2methereum_transaction_pool_monitor::mempool_monitor[0m[2m:[0m    Total transactions: 32623
[2m2025-12-11T07:15:31.286631Z[0m [32m INFO[0m [2methereum_transaction_pool_monitor::mempool_monitor[0m[2m:[0m    DEX transactions: 311 (1.0%)
[2m2025-12-11T07:15:31.286637Z[0m [32m INFO[0m [2methereum_transaction_pool_monitor::mempool_monitor[0m[2m:[0m    Opportunities detected: 0
[2m2025-12-11T07:15:31.286642Z[0m [32m INFO[0m [2methereum_transaction_pool_monitor::mempool_monitor[0m[2m:[0m    Profitable opportunities: 0 (0.0%)
[2m2025-12-11T07:15:36.402622Z[0m [32m INFO[0m [2methereum_transaction_pool_monitor::bot_runner[0m[2m:[0m 🤖 MEV Bot Stats | Uptime: 3.4h | Opportunities: 0 | Bundles: 0/0 (0.0%) | Profit: 0.0000 ETH | Rate: 0.00/h
[2m2025-12-11T07:15:46.401562Z[0m [32m INFO[0m [2methereum_transaction_pool_monitor::bot_runner[0m[2m:[0m 🤖 MEV Bot Stats | Uptime: 3.4h | Opportunities: 0 | Bundles: 0/0 (0.0%) | Profit: 0.0000 ETH | Rate: 0.00/h
[2m2025-12-11T07:15:56.401754Z[0m [32m INFO[0m [2methereum_transaction_pool_monitor::bot_runner[0m[2m:[0m 🤖 MEV Bot Stats | Uptime: 3.4h | Opportunities: 0 | Bundles: 0/0 (0.0%) | Profit: 0.0000 ETH | Rate: 0.00/h
[2m2025-12-11T07:16:01.289672Z[0m [32m INFO[0m [2methereum_transaction_pool_monitor::mempool_monitor[0m[2m:[0m 📊 Mempool Monitor Stats:
[2m2025-12-11T07:16:01.289718Z[0m [32m INFO[0m [2methereum_transaction_pool_monitor::mempool_monitor[0m[2m:[0m    Total transactions: 32623
[2m2025-12-11T07:16:01.289728Z[0m [32m INFO[0m [2methereum_transaction_pool_monitor::mempool_monitor[0m[2m:[0m    DEX transactions: 311 (1.0%)
[2m2025-12-11T07:16:01.289737Z[0m [32m INFO[0m [2methereum_transaction_pool_monitor::mempool_monitor[0m[2m:[0m    Opportunities detected: 0
[2m2025-12-11T07:16:01.289744Z[0m [32m INFO[0m [2methereum_transaction_pool_monitor::mempool_monitor[0m[2m:[0m    Profitable opportunities: 0 (0.0%)
[2m2025-12-11T07:16:06.401361Z[0m [32m INFO[0m [2methereum_transaction_pool_monitor::bot_runner[0m[2m:[0m 🤖 MEV Bot Stats | Uptime: 3.4h | Opportunities: 0 | Bundles: 0/0 (0.0%) | Profit: 0.0000 ETH | Rate: 0.00/h
[2m2025-12-11T07:16:16.403178Z[0m [32m INFO[0m [2methereum_transaction_pool_monitor::bot_runner[0m[2m:[0m 🤖 MEV Bot Stats | Uptime: 3.4h | Opportunities: 0 | Bundles: 0/0 (0.0%) | Profit: 0.0000 ETH | Rate: 0.00/h
[2m2025-12-11T07:16:26.402874Z[0m [32m INFO[0m [2methereum_transaction_pool_monitor::bot_runner[0m[2m:[0m 🤖 MEV Bot Stats | Uptime: 3.4h | Opportunities: 0 | Bundles: 0/0 (0.0%) | Profit: 0.0000 ETH | Rate: 0.00/h
[2m2025-12-11T07:16:31.292312Z[0m [32m INFO[0m [2methereum_transaction_pool_monitor::mempool_monitor[0m[2m:[0m 📊 Mempool Monitor Stats:
[2m2025-12-11T07:16:31.292354Z[0m [32m INFO[0m [2methereum_transaction_pool_monitor::mempool_monitor[0m[2m:[0m    Total transactions: 32623
[2m2025-12-11T07:16:31.292360Z[0m [32m INFO[0m [2methereum_transaction_pool_monitor::mempool_monitor[0m[2m:[0m    DEX transactions: 311 (1.0%)
[2m2025-12-11T07:16:31.292366Z[0m [32m INFO[0m [2methereum_transaction_pool_monitor::mempool_monitor[0m[2m:[0m    Opportunities detected: 0
[2m2025-12-11T07:16:31.292371Z[0m [32m INFO[0m [2methereum_transaction_pool_monitor::mempool_monitor[0m[2m:[0m    Profitable opportunities: 0 (0.0%)
[2m2025-12-11T07:16:36.402730Z[0m [32m INFO[0m [2methereum_transaction_pool_monitor::bot_runner[0m[2m:[0m 🤖 MEV Bot Stats | Uptime: 3.4h | Opportunities: 0 | Bundles: 0/0 (0.0%) | Profit: 0.0000 ETH | Rate: 0.00/h
[2m2025-12-11T07:16:46.401538Z[0m [32m INFO[0m [2methereum_transaction_pool_monitor::bot_runner[0m[2m:[0m 🤖 MEV Bot Stats | Uptime: 3.4h | Opportunities: 0 | Bundles: 0/0 (0.0%) | Profit: 0.0000 ETH | Rate: 0.00/h
[2m2025-12-11T07:16:56.401417Z[0m [32m INFO[0m [2methereum_transaction_pool_monitor::bot_runner[0m[2m:[0m 🤖 MEV Bot Stats | Uptime: 3.4h | Opportunities: 0 | Bundles: 0/0 (0.0%) | Profit: 0.0000 ETH | Rate: 0.00/h
[2m2025-12-11T07:17:01.295741Z[0m [32m INFO[0m [2methereum_transaction_pool_monitor::mempool_monitor[0m[2m:[0m 📊 Mempool Monitor Stats:
[2m2025-12-11T07:17:01.295781Z[0m [32m INFO[0m [2methereum_transaction_pool_monitor::mempool_monitor[0m[2m:[0m    Total transactions: 32623
[2m2025-12-11T07:17:01.295788Z[0m [32m INFO[0m [2methereum_transaction_pool_monitor::mempool_monitor[0m[2m:[0m    DEX transactions: 311 (1.0%)
[2m2025-12-11T07:17:01.295794Z[0m [32m INFO[0m [2methereum_transaction_pool_monitor::mempool_monitor[0m[2m:[0m    Opportunities detected: 0
[2m2025-12-11T07:17:01.295798Z[0m [32m INFO[0m [2methereum_transaction_pool_monitor::mempool_monitor[0m[2m:[0m    Profitable opportunities: 0 (0.0%)
[2m2025-12-11T07:17:06.401331Z[0m [32m INFO[0m [2methereum_transaction_pool_monitor::bot_runner[0m[2m:[0m 🤖 MEV Bot Stats | Uptime: 3.4h | Opportunities: 0 | Bundles: 0/0 (0.0%) | Profit: 0.0000 ETH | Rate: 0.00/h
[2m2025-12-11T07:17:16.402941Z[0m [32m INFO[0m [2methereum_transaction_pool_monitor::bot_runner[0m[2m:[0m 🤖 MEV Bot Stats | Uptime: 3.4h | Opportunities: 0 | Bundles: 0/0 (0.0%) | Profit: 0.0000 ETH | Rate: 0.00/h
[2m2025-12-11T07:17:26.401142Z[0m [32m INFO[0m [2methereum_transaction_pool_monitor::bot_runner[0m[2m:[0m 🤖 MEV Bot Stats | Uptime: 3.4h | Opportunities: 0 | Bundles: 0/0 (0.0%) | Profit: 0.0000 ETH | Rate: 0.00/h
[2m2025-12-11T07:17:31.298652Z[0m [32m INFO[0m [2methereum_transaction_pool_monitor::mempool_monitor[0m[2m:[0m 📊 Mempool Monitor Stats:
[2m2025-12-11T07:17:31.298704Z[0m [32m INFO[0m [2methereum_transaction_pool_monitor::mempool_monitor[0m[2m:[0m    Total transactions: 32623
[2m2025-12-11T07:17:31.298712Z[0m [32m INFO[0m [2methereum_transaction_pool_monitor::mempool_monitor[0m[2m:[0m    DEX transactions: 311 (1.0%)
[2m2025-12-11T07:17:31.298724Z[0m [32m INFO[0m [2methereum_transaction_pool_monitor::mempool_monitor[0m[2m:[0m    Opportunities detected: 0
[2m2025-12-11T07:17:31.298731Z[0m [32m INFO[0m [2methereum_transaction_pool_monitor::mempool_monitor[0m[2m:[0m    Profitable opportunities: 0 (0.0%)
[2m2025-12-11T07:17:36.401948Z[0m [32m INFO[0m [2methereum_transaction_pool_monitor::bot_runner[0m[2m:[0m 🤖 MEV Bot Stats | Uptime: 3.4h | Opportunities: 0 | Bundles: 0/0 (0.0%) | Profit: 0.0000 ETH | Rate: 0.00/h
[2m2025-12-11T07:17:46.402898Z[0m [32m INFO[0m [2methereum_transaction_pool_monitor::bot_runner[0m[2m:[0m 🤖 MEV Bot Stats | Uptime: 3.4h | Opportunities: 0 | Bundles: 0/0 (0.0%) | Profit: 0.0000 ETH | Rate: 0.00/h
[2m2025-12-11T07:17:56.402810Z[0m [32m INFO[0m [2methereum_transaction_pool_monitor::bot_runner[0m[2m:[0m 🤖 MEV Bot Stats | Uptime: 3.4h | Opportunities: 0 | Bundles: 0/0 (0.0%) | Profit: 0.0000 ETH | Rate: 0.00/h
[2m2025-12-11T07:18:01.301328Z[0m [32m INFO[0m [2methereum_transaction_pool_monitor::mempool_monitor[0m[2m:[0m 📊 Mempool Monitor Stats:
[2m2025-12-11T07:18:01.301380Z[0m [32m INFO[0m [2methereum_transaction_pool_monitor::mempool_monitor[0m[2m:[0m    Total transactions: 32623
[2m2025-12-11T07:18:01.301389Z[0m [32m INFO[0m [2methereum_transaction_pool_monitor::mempool_monitor[0m[2m:[0m    DEX transactions: 311 (1.0%)
[2m2025-12-11T07:18:01.301397Z[0m [32m INFO[0m [2methereum_transaction_pool_monitor::mempool_monitor[0m[2m:[0m    Opportunities detected: 0
[2m2025-12-11T07:18:01.301403Z[0m [32m INFO[0m [2methereum_transaction_pool_monitor::mempool_monitor[0m[2m:[0m    Profitable opportunities: 0 (0.0%)
[2m2025-12-11T07:18:06.402095Z[0m [32m INFO[0m [2methereum_transaction_pool_monitor::bot_runner[0m[2m:[0m 🤖 MEV Bot Stats | Uptime: 3.4h | Opportunities: 0 | Bundles: 0/0 (0.0%) | Profit: 0.0000 ETH | Rate: 0.00/h
[2m2025-12-11T07:18:16.402599Z[0m [32m INFO[0m [2methereum_transaction_pool_monitor::bot_runner[0m[2m:[0m 🤖 MEV Bot Stats | Uptime: 3.4h | Opportunities: 0 | Bundles: 0/0 (0.0%) | Profit: 0.0000 ETH | Rate: 0.00/h
[2m2025-12-11T07:18:26.403001Z[0m [32m INFO[0m [2methereum_transaction_pool_monitor::bot_runner[0m[2m:[0m 🤖 MEV Bot Stats | Uptime: 3.4h | Opportunities: 0 | Bundles: 0/0 (0.0%) | Profit: 0.0000 ETH | Rate: 0.00/h
[2m2025-12-11T07:18:31.303054Z[0m [32m INFO[0m [2methereum_transaction_pool_monitor::mempool_monitor[0m[2m:[0m 📊 Mempool Monitor Stats:
[2m2025-12-11T07:18:31.303108Z[0m [32m INFO[0m [2methereum_transaction_pool_monitor::mempool_monitor[0m[2m:[0m    Total transactions: 32623
[2m2025-12-11T07:18:31.303116Z[0m [32m INFO[0m [2methereum_transaction_pool_monitor::mempool_monitor[0m[2m:[0m    DEX transactions: 311 (1.0%)
[2m2025-12-11T07:18:31.303123Z[0m [32m INFO[0m [2methereum_transaction_pool_monitor::mempool_monitor[0m[2m:[0m    Opportunities detected: 0
[2m2025-12-11T07:18:31.303128Z[0m [32m INFO[0m [2methereum_transaction_pool_monitor::mempool_monitor[0m[2m:[0m    Profitable opportunities: 0 (0.0%)
[2m2025-12-11T07:18:36.402961Z[0m [32m INFO[0m [2methereum_transaction_pool_monitor::bot_runner[0m[2m:[0m 🤖 MEV Bot Stats | Uptime: 3.4h | Opportunities: 0 | Bundles: 0/0 (0.0%) | Profit: 0.0000 ETH | Rate: 0.00/h
[2m2025-12-11T07:18:46.401162Z[0m [32m INFO[0m [2methereum_transaction_pool_monitor::bot_runner[0m[2m:[0m 🤖 MEV Bot Stats | Uptime: 3.4h | Opportunities: 0 | Bundles: 0/0 (0.0%) | Profit: 0.0000 ETH | Rate: 0.00/h
[2m2025-12-11T07:18:56.401485Z[0m [32m INFO[0m [2methereum_transaction_pool_monitor::bot_runner[0m[2m:[0m 🤖 MEV Bot Stats | Uptime: 3.4h | Opportunities: 0 | Bundles: 0/0 (0.0%) | Profit: 0.0000 ETH | Rate: 0.00/h
[2m2025-12-11T07:19:01.304415Z[0m [32m INFO[0m [2methereum_transaction_pool_monitor::mempool_monitor[0m[2m:[0m 📊 Mempool Monitor Stats:
[2m2025-12-11T07:19:01.304464Z[0m [32m INFO[0m [2methereum_transaction_pool_monitor::mempool_monitor[0m[2m:[0m    Total transactions: 32623
[2m2025-12-11T07:19:01.304478Z[0m [32m INFO[0m [2methereum_transaction_pool_monitor::mempool_monitor[0m[2m:[0m    DEX transactions: 311 (1.0%)
[2m2025-12-11T07:19:01.304486Z[0m [32m INFO[0m [2methereum_transaction_pool_monitor::mempool_monitor[0m[2m:[0m    Opportunities detected: 0
[2m2025-12-11T07:19:01.304492Z[0m [32m INFO[0m [2methereum_transaction_pool_monitor::mempool_monitor[0m[2m:[0m    Profitable opportunities: 0 (0.0%)
[2m2025-12-11T07:19:06.402769Z[0m [32m INFO[0m [2methereum_transaction_pool_monitor::bot_runner[0m[2m:[0m 🤖 MEV Bot Stats | Uptime: 3.5h | Opportunities: 0 | Bundles: 0/0 (0.0%) | Profit: 0.0000 ETH | Rate: 0.00/h
[2m2025-12-11T07:19:16.402821Z[0m [32m INFO[0m [2methereum_transaction_pool_monitor::bot_runner[0m[2m:[0m 🤖 MEV Bot Stats | Uptime: 3.5h | Opportunities: 0 | Bundles: 0/0 (0.0%) | Profit: 0.0000 ETH | Rate: 0.00/h
[2m2025-12-11T07:19:26.401886Z[0m [32m INFO[0m [2methereum_transaction_pool_monitor::bot_runner[0m[2m:[0m 🤖 MEV Bot Stats | Uptime: 3.5h | Opportunities: 0 | Bundles: 0/0 (0.0%) | Profit: 0.0000 ETH | Rate: 0.00/h
[2m2025-12-11T07:19:31.305697Z[0m [32m INFO[0m [2methereum_transaction_pool_monitor::mempool_monitor[0m[2m:[0m 📊 Mempool Monitor Stats:
[2m2025-12-11T07:19:31.305746Z[0m [32m INFO[0m [2methereum_transaction_pool_monitor::mempool_monitor[0m[2m:[0m    Total transactions: 32623
[2m2025-12-11T07:19:31.305754Z[0m [32m INFO[0m [2methereum_transaction_pool_monitor::mempool_monitor[0m[2m:[0m    DEX transactions: 311 (1.0%)
[2m2025-12-11T07:19:31.305761Z[0m [32m INFO[0m [2methereum_transaction_pool_monitor::mempool_monitor[0m[2m:[0m    Opportunities detected: 0
[2m2025-12-11T07:19:31.305766Z[0m [32m INFO[0m [2methereum_transaction_pool_monitor::mempool_monitor[0m[2m:[0m    Profitable opportunities: 0 (0.0%)
[2m2025-12-11T07:19:36.402501Z[0m [32m INFO[0m [2methereum_transaction_pool_monitor::bot_runner[0m[2m:[0m 🤖 MEV Bot Stats | Uptime: 3.5h | Opportunities: 0 | Bundles: 0/0 (0.0%) | Profit: 0.0000 ETH | Rate: 0.00/h
[2m2025-12-11T07:19:46.402713Z[0m [32m INFO[0m [2methereum_transaction_pool_monitor::bot_runner[0m[2m:[0m 🤖 MEV Bot Stats | Uptime: 3.5h | Opportunities: 0 | Bundles: 0/0 (0.0%) | Profit: 0.0000 ETH | Rate: 0.00/h
[2m2025-12-11T07:19:56.401855Z[0m [32m INFO[0m [2methereum_transaction_pool_monitor::bot_runner[0m[2m:[0m 🤖 MEV Bot Stats | Uptime: 3.5h | Opportunities: 0 | Bundles: 0/0 (0.0%) | Profit: 0.0000 ETH | Rate: 0.00/h
[2m2025-12-11T07:20:01.306706Z[0m [32m INFO[0m [2methereum_transaction_pool_monitor::mempool_monitor[0m[2m:[0m 📊 Mempool Monitor Stats:
[2m2025-12-11T07:20:01.306757Z[0m [32m INFO[0m [2methereum_transaction_pool_monitor::mempool_monitor[0m[2m:[0m    Total transactions: 32623
[2m2025-12-11T07:20:01.306768Z[0m [32m INFO[0m [2methereum_transaction_pool_monitor::mempool_monitor[0m[2m:[0m    DEX transactions: 311 (1.0%)
[2m2025-12-11T07:20:01.306777Z[0m [32m INFO[0m [2methereum_transaction_pool_monitor::mempool_monitor[0m[2m:[0m    Opportunities detected: 0
[2m2025-12-11T07:20:01.306783Z[0m [32m INFO[0m [2methereum_transaction_pool_monitor::mempool_monitor[0m[2m:[0m    Profitable opportunities: 0 (0.0%)
[2m2025-12-11T07:20:06.400944Z[0m [32m INFO[0m [2methereum_transaction_pool_monitor::bot_runner[0m[2m:[0m 🤖 MEV Bot Stats | Uptime: 3.5h | Opportunities: 0 | Bundles: 0/0 (0.0%) | Profit: 0.0000 ETH | Rate: 0.00/h
[2m2025-12-11T07:20:16.402542Z[0m [32m INFO[0m [2methereum_transaction_pool_monitor::bot_runner[0m[2m:[0m 🤖 MEV Bot Stats | Uptime: 3.5h | Opportunities: 0 | Bundles: 0/0 (0.0%) | Profit: 0.0000 ETH | Rate: 0.00/h
[2m2025-12-11T07:20:26.403131Z[0m [32m INFO[0m [2methereum_transaction_pool_monitor::bot_runner[0m[2m:[0m 🤖 MEV Bot Stats | Uptime: 3.5h | Opportunities: 0 | Bundles: 0/0 (0.0%) | Profit: 0.0000 ETH | Rate: 0.00/h
[2m2025-12-11T07:20:31.307934Z[0m [32m INFO[0m [2methereum_transaction_pool_monitor::mempool_monitor[0m[2m:[0m 📊 Mempool Monitor Stats:
[2m2025-12-11T07:20:31.307982Z[0m [32m INFO[0m [2methereum_transaction_pool_monitor::mempool_monitor[0m[2m:[0m    Total transactions: 32623
[2m2025-12-11T07:20:31.307993Z[0m [32m INFO[0m [2methereum_transaction_pool_monitor::mempool_monitor[0m[2m:[0m    DEX transactions: 311 (1.0%)
[2m2025-12-11T07:20:31.308001Z[0m [32m INFO[0m [2methereum_transaction_pool_monitor::mempool_monitor[0m[2m:[0m    Opportunities detected: 0
[2m2025-12-11T07:20:31.308006Z[0m [32m INFO[0m [2methereum_transaction_pool_monitor::mempool_monitor[0m[2m:[0m    Profitable opportunities: 0 (0.0%)
[2m2025-12-11T07:20:36.403120Z[0m [32m INFO[0m [2methereum_transaction_pool_monitor::bot_runner[0m[2m:[0m 🤖 MEV Bot Stats | Uptime: 3.5h | Opportunities: 0 | Bundles: 0/0 (0.0%) | Profit: 0.0000 ETH | Rate: 0.00/h
[2m2025-12-11T07:20:46.401499Z[0m [32m INFO[0m [2methereum_transaction_pool_monitor::bot_runner[0m[2m:[0m 🤖 MEV Bot Stats | Uptime: 3.5h | Opportunities: 0 | Bundles: 0/0 (0.0%) | Profit: 0.0000 ETH | Rate: 0.00/h
[2m2025-12-11T07:20:56.401251Z[0m [32m INFO[0m [2methereum_transaction_pool_monitor::bot_runner[0m[2m:[0m 🤖 MEV Bot Stats | Uptime: 3.5h | Opportunities: 0 | Bundles: 0/0 (0.0%) | Profit: 0.0000 ETH | Rate: 0.00/h
[2m2025-12-11T07:21:01.308509Z[0m [32m INFO[0m [2methereum_transaction_pool_monitor::mempool_monitor[0m[2m:[0m 📊 Mempool Monitor Stats:
[2m2025-12-11T07:21:01.308552Z[0m [32m INFO[0m [2methereum_transaction_pool_monitor::mempool_monitor[0m[2m:[0m    Total transactions: 32623
[2m2025-12-11T07:21:01.308559Z[0m [32m INFO[0m [2methereum_transaction_pool_monitor::mempool_monitor[0m[2m:[0m    DEX transactions: 311 (1.0%)
[2m2025-12-11T07:21:01.308571Z[0m [32m INFO[0m [2methereum_transaction_pool_monitor::mempool_monitor[0m[2m:[0m    Opportunities detected: 0
[2m2025-12-11T07:21:01.308578Z[0m [32m INFO[0m [2methereum_transaction_pool_monitor::mempool_monitor[0m[2m:[0m    Profitable opportunities: 0 (0.0%)
[2m2025-12-11T07:21:06.402353Z[0m [32m INFO[0m [2methereum_transaction_pool_monitor::bot_runner[0m[2m:[0m 🤖 MEV Bot Stats | Uptime: 3.5h | Opportunities: 0 | Bundles: 0/0 (0.0%) | Profit: 0.0000 ETH | Rate: 0.00/h
[2m2025-12-11T07:21:16.402721Z[0m [32m INFO[0m [2methereum_transaction_pool_monitor::bot_runner[0m[2m:[0m 🤖 MEV Bot Stats | Uptime: 3.5h | Opportunities: 0 | Bundles: 0/0 (0.0%) | Profit: 0.0000 ETH | Rate: 0.00/h
[2m2025-12-11T07:21:26.400635Z[0m [32m INFO[0m [2methereum_transaction_pool_monitor::bot_runner[0m[2m:[0m 🤖 MEV Bot Stats | Uptime: 3.5h | Opportunities: 0 | Bundles: 0/0 (0.0%) | Profit: 0.0000 ETH | Rate: 0.00/h
[2m2025-12-11T07:21:31.309873Z[0m [32m INFO[0m [2methereum_transaction_pool_monitor::mempool_monitor[0m[2m:[0m 📊 Mempool Monitor Stats:
[2m2025-12-11T07:21:31.309921Z[0m [32m INFO[0m [2methereum_transaction_pool_monitor::mempool_monitor[0m[2m:[0m    Total transactions: 32623
[2m2025-12-11T07:21:31.309928Z[0m [32m INFO[0m [2methereum_transaction_pool_monitor::mempool_monitor[0m[2m:[0m    DEX transactions: 311 (1.0%)
[2m2025-12-11T07:21:31.309934Z[0m [32m INFO[0m [2methereum_transaction_pool_monitor::mempool_monitor[0m[2m:[0m    Opportunities detected: 0
[2m2025-12-11T07:21:31.309938Z[0m [32m INFO[0m [2methereum_transaction_pool_monitor::mempool_monitor[0m[2m:[0m    Profitable opportunities: 0 (0.0%)
[2m2025-12-11T07:21:36.402235Z[0m [32m INFO[0m [2methereum_transaction_pool_monitor::bot_runner[0m[2m:[0m 🤖 MEV Bot Stats | Uptime: 3.5h | Opportunities: 0 | Bundles: 0/0 (0.0%) | Profit: 0.0000 ETH | Rate: 0.00/h
[2m2025-12-11T07:21:46.401136Z[0m [32m INFO[0m [2methereum_transaction_pool_monitor::bot_runner[0m[2m:[0m 🤖 MEV Bot Stats | Uptime: 3.5h | Opportunities: 0 | Bundles: 0/0 (0.0%) | Profit: 0.0000 ETH | Rate: 0.00/h
[2m2025-12-11T07:21:56.402598Z[0m [32m INFO[0m [2methereum_transaction_pool_monitor::bot_runner[0m[2m:[0m 🤖 MEV Bot Stats | Uptime: 3.5h | Opportunities: 0 | Bundles: 0/0 (0.0%) | Profit: 0.0000 ETH | Rate: 0.00/h
[2m2025-12-11T07:22:01.312009Z[0m [32m INFO[0m [2methereum_transaction_pool_monitor::mempool_monitor[0m[2m:[0m 📊 Mempool Monitor Stats:
[2m2025-12-11T07:22:01.312056Z[0m [32m INFO[0m [2methereum_transaction_pool_monitor::mempool_monitor[0m[2m:[0m    Total transactions: 32623
[2m2025-12-11T07:22:01.312063Z[0m [32m INFO[0m [2methereum_transaction_pool_monitor::mempool_monitor[0m[2m:[0m    DEX transactions: 311 (1.0%)
[2m2025-12-11T07:22:01.312072Z[0m [32m INFO[0m [2methereum_transaction_pool_monitor::mempool_monitor[0m[2m:[0m    Opportunities detected: 0
[2m2025-12-11T07:22:01.312078Z[0m [32m INFO[0m [2methereum_transaction_pool_monitor::mempool_monitor[0m[2m:[0m    Profitable opportunities: 0 (0.0%)
[2m2025-12-11T07:22:06.401548Z[0m [32m INFO[0m [2methereum_transaction_pool_monitor::bot_runner[0m[2m:[0m 🤖 MEV Bot Stats | Uptime: 3.5h | Opportunities: 0 | Bundles: 0/0 (0.0%) | Profit: 0.0000 ETH | Rate: 0.00/h
[2m2025-12-11T07:22:16.402169Z[0m [32m INFO[0m [2methereum_transaction_pool_monitor::bot_runner[0m[2m:[0m 🤖 MEV Bot Stats | Uptime: 3.5h | Opportunities: 0 | Bundles: 0/0 (0.0%) | Profit: 0.0000 ETH | Rate: 0.00/h
[2m2025-12-11T07:22:26.403032Z[0m [32m INFO[0m [2methereum_transaction_pool_monitor::bot_runner[0m[2m:[0m 🤖 MEV Bot Stats | Uptime: 3.5h | Opportunities: 0 | Bundles: 0/0 (0.0%) | Profit: 0.0000 ETH | Rate: 0.00/h
[2m2025-12-11T07:22:31.314970Z[0m [32m INFO[0m [2methereum_transaction_pool_monitor::mempool_monitor[0m[2m:[0m 📊 Mempool Monitor Stats:
[2m2025-12-11T07:22:31.315057Z[0m [32m INFO[0m [2methereum_transaction_pool_monitor::mempool_monitor[0m[2m:[0m    Total transactions: 32623
[2m2025-12-11T07:22:31.315063Z[0m [32m INFO[0m [2methereum_transaction_pool_monitor::mempool_monitor[0m[2m:[0m    DEX transactions: 311 (1.0%)
[2m2025-12-11T07:22:31.315069Z[0m [32m INFO[0m [2methereum_transaction_pool_monitor::mempool_monitor[0m[2m:[0m    Opportunities detected: 0
[2m2025-12-11T07:22:31.315074Z[0m [32m INFO[0m [2methereum_transaction_pool_monitor::mempool_monitor[0m[2m:[0m    Profitable opportunities: 0 (0.0%)
[2m2025-12-11T07:22:36.402226Z[0m [32m INFO[0m [2methereum_transaction_pool_monitor::bot_runner[0m[2m:[0m 🤖 MEV Bot Stats | Uptime: 3.5h | Opportunities: 0 | Bundles: 0/0 (0.0%) | Profit: 0.0000 ETH | Rate: 0.00/h
[2m2025-12-11T07:22:46.401851Z[0m [32m INFO[0m [2methereum_transaction_pool_monitor::bot_runner[0m[2m:[0m 🤖 MEV Bot Stats | Uptime: 3.5h | Opportunities: 0 | Bundles: 0/0 (0.0%) | Profit: 0.0000 ETH | Rate: 0.00/h
[2m2025-12-11T07:22:56.402110Z[0m [32m INFO[0m [2methereum_transaction_pool_monitor::bot_runner[0m[2m:[0m 🤖 MEV Bot Stats | Uptime: 3.5h | Opportunities: 0 | Bundles: 0/0 (0.0%) | Profit: 0.0000 ETH | Rate: 0.00/h
[2m2025-12-11T07:23:01.318094Z[0m [32m INFO[0m [2methereum_transaction_pool_monitor::mempool_monitor[0m[2m:[0m 📊 Mempool Monitor Stats:
[2m2025-12-11T07:23:01.318140Z[0m [32m INFO[0m [2methereum_transaction_pool_monitor::mempool_monitor[0m[2m:[0m    Total transactions: 32623
[2m2025-12-11T07:23:01.318149Z[0m [32m INFO[0m [2methereum_transaction_pool_monitor::mempool_monitor[0m[2m:[0m    DEX transactions: 311 (1.0%)
[2m2025-12-11T07:23:01.318157Z[0m [32m INFO[0m [2methereum_transaction_pool_monitor::mempool_monitor[0m[2m:[0m    Opportunities detected: 0
[2m2025-12-11T07:23:01.318163Z[0m [32m INFO[0m [2methereum_transaction_pool_monitor::mempool_monitor[0m[2m:[0m    Profitable opportunities: 0 (0.0%)
[2m2025-12-11T07:23:06.401320Z[0m [32m INFO[0m [2methereum_transaction_pool_monitor::bot_runner[0m[2m:[0m 🤖 MEV Bot Stats | Uptime: 3.5h | Opportunities: 0 | Bundles: 0/0 (0.0%) | Profit: 0.0000 ETH | Rate: 0.00/h
[2m2025-12-11T07:23:16.401629Z[0m [32m INFO[0m [2methereum_transaction_pool_monitor::bot_runner[0m[2m:[0m 🤖 MEV Bot Stats | Uptime: 3.5h | Opportunities: 0 | Bundles: 0/0 (0.0%) | Profit: 0.0000 ETH | Rate: 0.00/h
[2m2025-12-11T07:23:26.400941Z[0m [32m INFO[0m [2methereum_transaction_pool_monitor::bot_runner[0m[2m:[0m 🤖 MEV Bot Stats | Uptime: 3.5h | Opportunities: 0 | Bundles: 0/0 (0.0%) | Profit: 0.0000 ETH | Rate: 0.00/h
[2m2025-12-11T07:23:31.321208Z[0m [32m INFO[0m [2methereum_transaction_pool_monitor::mempool_monitor[0m[2m:[0m 📊 Mempool Monitor Stats:
[2m2025-12-11T07:23:31.321255Z[0m [32m INFO[0m [2methereum_transaction_pool_monitor::mempool_monitor[0m[2m:[0m    Total transactions: 32623
[2m2025-12-11T07:23:31.321262Z[0m [32m INFO[0m [2methereum_transaction_pool_monitor::mempool_monitor[0m[2m:[0m    DEX transactions: 311 (1.0%)
[2m2025-12-11T07:23:31.321273Z[0m [32m INFO[0m [2methereum_transaction_pool_monitor::mempool_monitor[0m[2m:[0m    Opportunities detected: 0
[2m2025-12-11T07:23:31.321279Z[0m [32m INFO[0m [2methereum_transaction_pool_monitor::mempool_monitor[0m[2m:[0m    Profitable opportunities: 0 (0.0%)
[2m2025-12-11T07:23:36.402050Z[0m [32m INFO[0m [2methereum_transaction_pool_monitor::bot_runner[0m[2m:[0m 🤖 MEV Bot Stats | Uptime: 3.5h | Opportunities: 0 | Bundles: 0/0 (0.0%) | Profit: 0.0000 ETH | Rate: 0.00/h
[2m2025-12-11T07:23:46.402891Z[0m [32m INFO[0m [2methereum_transaction_pool_monitor::bot_runner[0m[2m:[0m 🤖 MEV Bot Stats | Uptime: 3.5h | Opportunities: 0 | Bundles: 0/0 (0.0%) | Profit: 0.0000 ETH | Rate: 0.00/h
[2m2025-12-11T07:23:56.401701Z[0m [32m INFO[0m [2methereum_transaction_pool_monitor::bot_runner[0m[2m:[0m 🤖 MEV Bot Stats | Uptime: 3.5h | Opportunities: 0 | Bundles: 0/0 (0.0%) | Profit: 0.0000 ETH | Rate: 0.00/h
[2m2025-12-11T07:24:01.323612Z[0m [32m INFO[0m [2methereum_transaction_pool_monitor::mempool_monitor[0m[2m:[0m 📊 Mempool Monitor Stats:
[2m2025-12-11T07:24:01.323662Z[0m [32m INFO[0m [2methereum_transaction_pool_monitor::mempool_monitor[0m[2m:[0m    Total transactions: 32623
[2m2025-12-11T07:24:01.323676Z[0m [32m INFO[0m [2methereum_transaction_pool_monitor::mempool_monitor[0m[2m:[0m    DEX transactions: 311 (1.0%)
[2m2025-12-11T07:24:01.323684Z[0m [32m INFO[0m [2methereum_transaction_pool_monitor::mempool_monitor[0m[2m:[0m    Opportunities detected: 0
[2m2025-12-11T07:24:01.323690Z[0m [32m INFO[0m [2methereum_transaction_pool_monitor::mempool_monitor[0m[2m:[0m    Profitable opportunities: 0 (0.0%)
[2m2025-12-11T07:24:06.401315Z[0m [32m INFO[0m [2methereum_transaction_pool_monitor::bot_runner[0m[2m:[0m 🤖 MEV Bot Stats | Uptime: 3.5h | Opportunities: 0 | Bundles: 0/0 (0.0%) | Profit: 0.0000 ETH | Rate: 0.00/h
[2m2025-12-11T07:24:16.402227Z[0m [32m INFO[0m [2methereum_transaction_pool_monitor::bot_runner[0m[2m:[0m 🤖 MEV Bot Stats | Uptime: 3.5h | Opportunities: 0 | Bundles: 0/0 (0.0%) | Profit: 0.0000 ETH | Rate: 0.00/h
[2m2025-12-11T07:24:26.402840Z[0m [32m INFO[0m [2methereum_transaction_pool_monitor::bot_runner[0m[2m:[0m 🤖 MEV Bot Stats | Uptime: 3.5h | Opportunities: 0 | Bundles: 0/0 (0.0%) | Profit: 0.0000 ETH | Rate: 0.00/h
[2m2025-12-11T07:24:31.326150Z[0m [32m INFO[0m [2methereum_transaction_pool_monitor::mempool_monitor[0m[2m:[0m 📊 Mempool Monitor Stats:
[2m2025-12-11T07:24:31.326202Z[0m [32m INFO[0m [2methereum_transaction_pool_monitor::mempool_monitor[0m[2m:[0m    Total transactions: 32623
[2m2025-12-11T07:24:31.326214Z[0m [32m INFO[0m [2methereum_transaction_pool_monitor::mempool_monitor[0m[2m:[0m    DEX transactions: 311 (1.0%)
[2m2025-12-11T07:24:31.326220Z[0m [32m INFO[0m [2methereum_transaction_pool_monitor::mempool_monitor[0m[2m:[0m    Opportunities detected: 0
[2m2025-12-11T07:24:31.326227Z[0m [32m INFO[0m [2methereum_transaction_pool_monitor::mempool_monitor[0m[2m:[0m    Profitable opportunities: 0 (0.0%)
[2m2025-12-11T07:24:36.403012Z[0m [32m INFO[0m [2methereum_transaction_pool_monitor::bot_runner[0m[2m:[0m 🤖 MEV Bot Stats | Uptime: 3.5h | Opportunities: 0 | Bundles: 0/0 (0.0%) | Profit: 0.0000 ETH | Rate: 0.00/h
[2m2025-12-11T07:24:46.401219Z[0m [32m INFO[0m [2methereum_transaction_pool_monitor::bot_runner[0m[2m:[0m 🤖 MEV Bot Stats | Uptime: 3.5h | Opportunities: 0 | Bundles: 0/0 (0.0%) | Profit: 0.0000 ETH | Rate: 0.00/h
[2m2025-12-11T07:24:56.402216Z[0m [32m INFO[0m [2methereum_transaction_pool_monitor::bot_runner[0m[2m:[0m 🤖 MEV Bot Stats | Uptime: 3.5h | Opportunities: 0 | Bundles: 0/0 (0.0%) | Profit: 0.0000 ETH | Rate: 0.00/h
[2m2025-12-11T07:25:01.329097Z[0m [32m INFO[0m [2methereum_transaction_pool_monitor::mempool_monitor[0m[2m:[0m 📊 Mempool Monitor Stats:
[2m2025-12-11T07:25:01.329137Z[0m [32m INFO[0m [2methereum_transaction_pool_monitor::mempool_monitor[0m[2m:[0m    Total transactions: 32623
[2m2025-12-11T07:25:01.329144Z[0m [32m INFO[0m [2methereum_transaction_pool_monitor::mempool_monitor[0m[2m:[0m    DEX transactions: 311 (1.0%)
[2m2025-12-11T07:25:01.329150Z[0m [32m INFO[0m [2methereum_transaction_pool_monitor::mempool_monitor[0m[2m:[0m    Opportunities detected: 0
[2m2025-12-11T07:25:01.329154Z[0m [32m INFO[0m [2methereum_transaction_pool_monitor::mempool_monitor[0m[2m:[0m    Profitable opportunities: 0 (0.0%)
[2m2025-12-11T07:25:06.402386Z[0m [32m INFO[0m [2methereum_transaction_pool_monitor::bot_runner[0m[2m:[0m 🤖 MEV Bot Stats | Uptime: 3.6h | Opportunities: 0 | Bundles: 0/0 (0.0%) | Profit: 0.0000 ETH | Rate: 0.00/h
[2m2025-12-11T07:25:16.402296Z[0m [32m INFO[0m [2methereum_transaction_pool_monitor::bot_runner[0m[2m:[0m 🤖 MEV Bot Stats | Uptime: 3.6h | Opportunities: 0 | Bundles: 0/0 (0.0%) | Profit: 0.0000 ETH | Rate: 0.00/h
[2m2025-12-11T07:25:26.401729Z[0m [32m INFO[0m [2methereum_transaction_pool_monitor::bot_runner[0m[2m:[0m 🤖 MEV Bot Stats | Uptime: 3.6h | Opportunities: 0 | Bundles: 0/0 (0.0%) | Profit: 0.0000 ETH | Rate: 0.00/h
[2m2025-12-11T07:25:31.331732Z[0m [32m INFO[0m [2methereum_transaction_pool_monitor::mempool_monitor[0m[2m:[0m 📊 Mempool Monitor Stats:
[2m2025-12-11T07:25:31.331783Z[0m [32m INFO[0m [2methereum_transaction_pool_monitor::mempool_monitor[0m[2m:[0m    Total transactions: 32623
[2m2025-12-11T07:25:31.331791Z[0m [32m INFO[0m [2methereum_transaction_pool_monitor::mempool_monitor[0m[2m:[0m    DEX transactions: 311 (1.0%)
[2m2025-12-11T07:25:31.331799Z[0m [32m INFO[0m [2methereum_transaction_pool_monitor::mempool_monitor[0m[2m:[0m    Opportunities detected: 0
[2m2025-12-11T07:25:31.331805Z[0m [32m INFO[0m [2methereum_transaction_pool_monitor::mempool_monitor[0m[2m:[0m    Profitable opportunities: 0 (0.0%)
[2m2025-12-11T07:25:36.402129Z[0m [32m INFO[0m [2methereum_transaction_pool_monitor::bot_runner[0m[2m:[0m 🤖 MEV Bot Stats | Uptime: 3.6h | Opportunities: 0 | Bundles: 0/0 (0.0%) | Profit: 0.0000 ETH | Rate: 0.00/h
[2m2025-12-11T07:25:46.402580Z[0m [32m INFO[0m [2methereum_transaction_pool_monitor::bot_runner[0m[2m:[0m 🤖 MEV Bot Stats | Uptime: 3.6h | Opportunities: 0 | Bundles: 0/0 (0.0%) | Profit: 0.0000 ETH | Rate: 0.00/h
[2m2025-12-11T07:25:56.402710Z[0m [32m INFO[0m [2methereum_transaction_pool_monitor::bot_runner[0m[2m:[0m 🤖 MEV Bot Stats | Uptime: 3.6h | Opportunities: 0 | Bundles: 0/0 (0.0%) | Profit: 0.0000 ETH | Rate: 0.00/h
[2m2025-12-11T07:26:01.334699Z[0m [32m INFO[0m [2methereum_transaction_pool_monitor::mempool_monitor[0m[2m:[0m 📊 Mempool Monitor Stats:
[2m2025-12-11T07:26:01.334751Z[0m [32m INFO[0m [2methereum_transaction_pool_monitor::mempool_monitor[0m[2m:[0m    Total transactions: 32623
[2m2025-12-11T07:26:01.334759Z[0m [32m INFO[0m [2methereum_transaction_pool_monitor::mempool_monitor[0m[2m:[0m    DEX transactions: 311 (1.0%)
[2m2025-12-11T07:26:01.334768Z[0m [32m INFO[0m [2methereum_transaction_pool_monitor::mempool_monitor[0m[2m:[0m    Opportunities detected: 0
[2m2025-12-11T07:26:01.334774Z[0m [32m INFO[0m [2methereum_transaction_pool_monitor::mempool_monitor[0m[2m:[0m    Profitable opportunities: 0 (0.0%)
[2m2025-12-11T07:26:06.400583Z[0m [32m INFO[0m [2methereum_transaction_pool_monitor::bot_runner[0m[2m:[0m 🤖 MEV Bot Stats | Uptime: 3.6h | Opportunities: 0 | Bundles: 0/0 (0.0%) | Profit: 0.0000 ETH | Rate: 0.00/h
[2m2025-12-11T07:26:16.402139Z[0m [32m INFO[0m [2methereum_transaction_pool_monitor::bot_runner[0m[2m:[0m 🤖 MEV Bot Stats | Uptime: 3.6h | Opportunities: 0 | Bundles: 0/0 (0.0%) | Profit: 0.0000 ETH | Rate: 0.00/h
[2m2025-12-11T07:26:26.402459Z[0m [32m INFO[0m [2methereum_transaction_pool_monitor::bot_runner[0m[2m:[0m 🤖 MEV Bot Stats | Uptime: 3.6h | Opportunities: 0 | Bundles: 0/0 (0.0%) | Profit: 0.0000 ETH | Rate: 0.00/h
[2m2025-12-11T07:26:31.337322Z[0m [32m INFO[0m [2methereum_transaction_pool_monitor::mempool_monitor[0m[2m:[0m 📊 Mempool Monitor Stats:
[2m2025-12-11T07:26:31.337368Z[0m [32m INFO[0m [2methereum_transaction_pool_monitor::mempool_monitor[0m[2m:[0m    Total transactions: 32623
[2m2025-12-11T07:26:31.337376Z[0m [32m INFO[0m [2methereum_transaction_pool_monitor::mempool_monitor[0m[2m:[0m    DEX transactions: 311 (1.0%)
[2m2025-12-11T07:26:31.337383Z[0m [32m INFO[0m [2methereum_transaction_pool_monitor::mempool_monitor[0m[2m:[0m    Opportunities detected: 0
[2m2025-12-11T07:26:31.337389Z[0m [32m INFO[0m [2methereum_transaction_pool_monitor::mempool_monitor[0m[2m:[0m    Profitable opportunities: 0 (0.0%)
[2m2025-12-11T07:26:36.402573Z[0m [32m INFO[0m [2methereum_transaction_pool_monitor::bot_runner[0m[2m:[0m 🤖 MEV Bot Stats | Uptime: 3.6h | Opportunities: 0 | Bundles: 0/0 (0.0%) | Profit: 0.0000 ETH | Rate: 0.00/h
[2m2025-12-11T07:26:46.401481Z[0m [32m INFO[0m [2methereum_transaction_pool_monitor::bot_runner[0m[2m:[0m 🤖 MEV Bot Stats | Uptime: 3.6h | Opportunities: 0 | Bundles: 0/0 (0.0%) | Profit: 0.0000 ETH | Rate: 0.00/h
[2m2025-12-11T07:26:56.402195Z[0m [32m INFO[0m [2methereum_transaction_pool_monitor::bot_runner[0m[2m:[0m 🤖 MEV Bot Stats | Uptime: 3.6h | Opportunities: 0 | Bundles: 0/0 (0.0%) | Profit: 0.0000 ETH | Rate: 0.00/h
[2m2025-12-11T07:27:01.340719Z[0m [32m INFO[0m [2methereum_transaction_pool_monitor::mempool_monitor[0m[2m:[0m 📊 Mempool Monitor Stats:
[2m2025-12-11T07:27:01.340766Z[0m [32m INFO[0m [2methereum_transaction_pool_monitor::mempool_monitor[0m[2m:[0m    Total transactions: 32623
[2m2025-12-11T07:27:01.340774Z[0m [32m INFO[0m [2methereum_transaction_pool_monitor::mempool_monitor[0m[2m:[0m    DEX transactions: 311 (1.0%)
[2m2025-12-11T07:27:01.340782Z[0m [32m INFO[0m [2methereum_transaction_pool_monitor::mempool_monitor[0m[2m:[0m    Opportunities detected: 0
[2m2025-12-11T07:27:01.340787Z[0m [32m INFO[0m [2methereum_transaction_pool_monitor::mempool_monitor[0m[2m:[0m    Profitable opportunities: 0 (0.0%)
[2m2025-12-11T07:27:06.402271Z[0m [32m INFO[0m [2methereum_transaction_pool_monitor::bot_runner[0m[2m:[0m 🤖 MEV Bot Stats | Uptime: 3.6h | Opportunities: 0 | Bundles: 0/0 (0.0%) | Profit: 0.0000 ETH | Rate: 0.00/h
[2m2025-12-11T07:27:16.401980Z[0m [32m INFO[0m [2methereum_transaction_pool_monitor::bot_runner[0m[2m:[0m 🤖 MEV Bot Stats | Uptime: 3.6h | Opportunities: 0 | Bundles: 0/0 (0.0%) | Profit: 0.0000 ETH | Rate: 0.00/h
[2m2025-12-11T07:27:26.402034Z[0m [32m INFO[0m [2methereum_transaction_pool_monitor::bot_runner[0m[2m:[0m 🤖 MEV Bot Stats | Uptime: 3.6h | Opportunities: 0 | Bundles: 0/0 (0.0%) | Profit: 0.0000 ETH | Rate: 0.00/h
[2m2025-12-11T07:27:31.343076Z[0m [32m INFO[0m [2methereum_transaction_pool_monitor::mempool_monitor[0m[2m:[0m 📊 Mempool Monitor Stats:
[2m2025-12-11T07:27:31.343121Z[0m [32m INFO[0m [2methereum_transaction_pool_monitor::mempool_monitor[0m[2m:[0m    Total transactions: 32623
[2m2025-12-11T07:27:31.343128Z[0m [32m INFO[0m [2methereum_transaction_pool_monitor::mempool_monitor[0m[2m:[0m    DEX transactions: 311 (1.0%)
[2m2025-12-11T07:27:31.343134Z[0m [32m INFO[0m [2methereum_transaction_pool_monitor::mempool_monitor[0m[2m:[0m    Opportunities detected: 0
[2m2025-12-11T07:27:31.343139Z[0m [32m INFO[0m [2methereum_transaction_pool_monitor::mempool_monitor[0m[2m:[0m    Profitable opportunities: 0 (0.0%)
[2m2025-12-11T07:27:36.402991Z[0m [32m INFO[0m [2methereum_transaction_pool_monitor::bot_runner[0m[2m:[0m 🤖 MEV Bot Stats | Uptime: 3.6h | Opportunities: 0 | Bundles: 0/0 (0.0%) | Profit: 0.0000 ETH | Rate: 0.00/h
[2m2025-12-11T07:27:46.402321Z[0m [32m INFO[0m [2methereum_transaction_pool_monitor::bot_runner[0m[2m:[0m 🤖 MEV Bot Stats | Uptime: 3.6h | Opportunities: 0 | Bundles: 0/0 (0.0%) | Profit: 0.0000 ETH | Rate: 0.00/h
[2m2025-12-11T07:27:56.402663Z[0m [32m INFO[0m [2methereum_transaction_pool_monitor::bot_runner[0m[2m:[0m 🤖 MEV Bot Stats | Uptime: 3.6h | Opportunities: 0 | Bundles: 0/0 (0.0%) | Profit: 0.0000 ETH | Rate: 0.00/h
[2m2025-12-11T07:28:01.344971Z[0m [32m INFO[0m [2methereum_transaction_pool_monitor::mempool_monitor[0m[2m:[0m 📊 Mempool Monitor Stats:
[2m2025-12-11T07:28:01.345013Z[0m [32m INFO[0m [2methereum_transaction_pool_monitor::mempool_monitor[0m[2m:[0m    Total transactions: 32623
[2m2025-12-11T07:28:01.345019Z[0m [32m INFO[0m [2methereum_transaction_pool_monitor::mempool_monitor[0m[2m:[0m    DEX transactions: 311 (1.0%)
[2m2025-12-11T07:28:01.345026Z[0m [32m INFO[0m [2methereum_transaction_pool_monitor::mempool_monitor[0m[2m:[0m    Opportunities detected: 0
[2m2025-12-11T07:28:01.345031Z[0m [32m INFO[0m [2methereum_transaction_pool_monitor::mempool_monitor[0m[2m:[0m    Profitable opportunities: 0 (0.0%)
[2m2025-12-11T07:28:06.401044Z[0m [32m INFO[0m [2methereum_transaction_pool_monitor::bot_runner[0m[2m:[0m 🤖 MEV Bot Stats | Uptime: 3.6h | Opportunities: 0 | Bundles: 0/0 (0.0%) | Profit: 0.0000 ETH | Rate: 0.00/h
[2m2025-12-11T07:28:16.401374Z[0m [32m INFO[0m [2methereum_transaction_pool_monitor::bot_runner[0m[2m:[0m 🤖 MEV Bot Stats | Uptime: 3.6h | Opportunities: 0 | Bundles: 0/0 (0.0%) | Profit: 0.0000 ETH | Rate: 0.00/h
[2m2025-12-11T07:28:26.402719Z[0m [32m INFO[0m [2methereum_transaction_pool_monitor::bot_runner[0m[2m:[0m 🤖 MEV Bot Stats | Uptime: 3.6h | Opportunities: 0 | Bundles: 0/0 (0.0%) | Profit: 0.0000 ETH | Rate: 0.00/h
[2m2025-12-11T07:28:31.347221Z[0m [32m INFO[0m [2methereum_transaction_pool_monitor::mempool_monitor[0m[2m:[0m 📊 Mempool Monitor Stats:
[2m2025-12-11T07:28:31.347267Z[0m [32m INFO[0m [2methereum_transaction_pool_monitor::mempool_monitor[0m[2m:[0m    Total transactions: 32623
[2m2025-12-11T07:28:31.347274Z[0m [32m INFO[0m [2methereum_transaction_pool_monitor::mempool_monitor[0m[2m:[0m    DEX transactions: 311 (1.0%)
[2m2025-12-11T07:28:31.347286Z[0m [32m INFO[0m [2methereum_transaction_pool_monitor::mempool_monitor[0m[2m:[0m    Opportunities detected: 0
[2m2025-12-11T07:28:31.347292Z[0m [32m INFO[0m [2methereum_transaction_pool_monitor::mempool_monitor[0m[2m:[0m    Profitable opportunities: 0 (0.0%)
[2m2025-12-11T07:28:36.403012Z[0m [32m INFO[0m [2methereum_transaction_pool_monitor::bot_runner[0m[2m:[0m 🤖 MEV Bot Stats | Uptime: 3.6h | Opportunities: 0 | Bundles: 0/0 (0.0%) | Profit: 0.0000 ETH | Rate: 0.00/h
[2m2025-12-11T07:28:46.401688Z[0m [32m INFO[0m [2methereum_transaction_pool_monitor::bot_runner[0m[2m:[0m 🤖 MEV Bot Stats | Uptime: 3.6h | Opportunities: 0 | Bundles: 0/0 (0.0%) | Profit: 0.0000 ETH | Rate: 0.00/h
[2m2025-12-11T07:28:56.402967Z[0m [32m INFO[0m [2methereum_transaction_pool_monitor::bot_runner[0m[2m:[0m 🤖 MEV Bot Stats | Uptime: 3.6h | Opportunities: 0 | Bundles: 0/0 (0.0%) | Profit: 0.0000 ETH | Rate: 0.00/h
[2m2025-12-11T07:29:01.350425Z[0m [32m INFO[0m [2methereum_transaction_pool_monitor::mempool_monitor[0m[2m:[0m 📊 Mempool Monitor Stats:
[2m2025-12-11T07:29:01.350480Z[0m [32m INFO[0m [2methereum_transaction_pool_monitor::mempool_monitor[0m[2m:[0m    Total transactions: 32623
[2m2025-12-11T07:29:01.350488Z[0m [32m INFO[0m [2methereum_transaction_pool_monitor::mempool_monitor[0m[2m:[0m    DEX transactions: 311 (1.0%)
[2m2025-12-11T07:29:01.350496Z[0m [32m INFO[0m [2methereum_transaction_pool_monitor::mempool_monitor[0m[2m:[0m    Opportunities detected: 0
[2m2025-12-11T07:29:01.350502Z[0m [32m INFO[0m [2methereum_transaction_pool_monitor::mempool_monitor[0m[2m:[0m    Profitable opportunities: 0 (0.0%)
[2m2025-12-11T07:29:06.401124Z[0m [32m INFO[0m [2methereum_transaction_pool_monitor::bot_runner[0m[2m:[0m 🤖 MEV Bot Stats | Uptime: 3.6h | Opportunities: 0 | Bundles: 0/0 (0.0%) | Profit: 0.0000 ETH | Rate: 0.00/h
[2m2025-12-11T07:29:16.401196Z[0m [32m INFO[0m [2methereum_transaction_pool_monitor::bot_runner[0m[2m:[0m 🤖 MEV Bot Stats | Uptime: 3.6h | Opportunities: 0 | Bundles: 0/0 (0.0%) | Profit: 0.0000 ETH | Rate: 0.00/h
[2m2025-12-11T07:29:26.400853Z[0m [32m INFO[0m [2methereum_transaction_pool_monitor::bot_runner[0m[2m:[0m 🤖 MEV Bot Stats | Uptime: 3.6h | Opportunities: 0 | Bundles: 0/0 (0.0%) | Profit: 0.0000 ETH | Rate: 0.00/h
[2m2025-12-11T07:29:31.352839Z[0m [32m INFO[0m [2methereum_transaction_pool_monitor::mempool_monitor[0m[2m:[0m 📊 Mempool Monitor Stats:
[2m2025-12-11T07:29:31.352887Z[0m [32m INFO[0m [2methereum_transaction_pool_monitor::mempool_monitor[0m[2m:[0m    Total transactions: 32623
[2m2025-12-11T07:29:31.352896Z[0m [32m INFO[0m [2methereum_transaction_pool_monitor::mempool_monitor[0m[2m:[0m    DEX transactions: 311 (1.0%)
[2m2025-12-11T07:29:31.352904Z[0m [32m INFO[0m [2methereum_transaction_pool_monitor::mempool_monitor[0m[2m:[0m    Opportunities detected: 0
[2m2025-12-11T07:29:31.352911Z[0m [32m INFO[0m [2methereum_transaction_pool_monitor::mempool_monitor[0m[2m:[0m    Profitable opportunities: 0 (0.0%)
[2m2025-12-11T07:29:36.401417Z[0m [32m INFO[0m [2methereum_transaction_pool_monitor::bot_runner[0m[2m:[0m 🤖 MEV Bot Stats | Uptime: 3.6h | Opportunities: 0 | Bundles: 0/0 (0.0%) | Profit: 0.0000 ETH | Rate: 0.00/h
[2m2025-12-11T07:29:46.401950Z[0m [32m INFO[0m [2methereum_transaction_pool_monitor::bot_runner[0m[2m:[0m 🤖 MEV Bot Stats | Uptime: 3.6h | Opportunities: 0 | Bundles: 0/0 (0.0%) | Profit: 0.0000 ETH | Rate: 0.00/h
[2m2025-12-11T07:29:56.401593Z[0m [32m INFO[0m [2methereum_transaction_pool_monitor::bot_runner[0m[2m:[0m 🤖 MEV Bot Stats | Uptime: 3.6h | Opportunities: 0 | Bundles: 0/0 (0.0%) | Profit: 0.0000 ETH | Rate: 0.00/h
[2m2025-12-11T07:30:01.353330Z[0m [32m INFO[0m [2methereum_transaction_pool_monitor::mempool_monitor[0m[2m:[0m 📊 Mempool Monitor Stats:
[2m2025-12-11T07:30:01.353378Z[0m [32m INFO[0m [2methereum_transaction_pool_monitor::mempool_monitor[0m[2m:[0m    Total transactions: 32623
[2m2025-12-11T07:30:01.353391Z[0m [32m INFO[0m [2methereum_transaction_pool_monitor::mempool_monitor[0m[2m:[0m    DEX transactions: 311 (1.0%)
[2m2025-12-11T07:30:01.353398Z[0m [32m INFO[0m [2methereum_transaction_pool_monitor::mempool_monitor[0m[2m:[0m    Opportunities detected: 0
[2m2025-12-11T07:30:01.353404Z[0m [32m INFO[0m [2methereum_transaction_pool_monitor::mempool_monitor[0m[2m:[0m    Profitable opportunities: 0 (0.0%)
[2m2025-12-11T07:30:06.401393Z[0m [32m INFO[0m [2methereum_transaction_pool_monitor::bot_runner[0m[2m:[0m 🤖 MEV Bot Stats | Uptime: 3.6h | Opportunities: 0 | Bundles: 0/0 (0.0%) | Profit: 0.0000 ETH | Rate: 0.00/h
[2m2025-12-11T07:30:16.401810Z[0m [32m INFO[0m [2methereum_transaction_pool_monitor::bot_runner[0m[2m:[0m 🤖 MEV Bot Stats | Uptime: 3.6h | Opportunities: 0 | Bundles: 0/0 (0.0%) | Profit: 0.0000 ETH | Rate: 0.00/h
[2m2025-12-11T07:30:26.400779Z[0m [32m INFO[0m [2methereum_transaction_pool_monitor::bot_runner[0m[2m:[0m 🤖 MEV Bot Stats | Uptime: 3.6h | Opportunities: 0 | Bundles: 0/0 (0.0%) | Profit: 0.0000 ETH | Rate: 0.00/h
[2m2025-12-11T07:30:31.355131Z[0m [32m INFO[0m [2methereum_transaction_pool_monitor::mempool_monitor[0m[2m:[0m 📊 Mempool Monitor Stats:
[2m2025-12-11T07:30:31.355187Z[0m [32m INFO[0m [2methereum_transaction_pool_monitor::mempool_monitor[0m[2m:[0m    Total transactions: 32623
[2m2025-12-11T07:30:31.355199Z[0m [32m INFO[0m [2methereum_transaction_pool_monitor::mempool_monitor[0m[2m:[0m    DEX transactions: 311 (1.0%)
[2m2025-12-11T07:30:31.355207Z[0m [32m INFO[0m [2methereum_transaction_pool_monitor::mempool_monitor[0m[2m:[0m    Opportunities detected: 0
[2m2025-12-11T07:30:31.355213Z[0m [32m INFO[0m [2methereum_transaction_pool_monitor::mempool_monitor[0m[2m:[0m    Profitable opportunities: 0 (0.0%)
[2m2025-12-11T07:30:36.400901Z[0m [32m INFO[0m [2methereum_transaction_pool_monitor::bot_runner[0m[2m:[0m 🤖 MEV Bot Stats | Uptime: 3.6h | Opportunities: 0 | Bundles: 0/0 (0.0%) | Profit: 0.0000 ETH | Rate: 0.00/h
[2m2025-12-11T07:30:46.401031Z[0m [32m INFO[0m [2methereum_transaction_pool_monitor::bot_runner[0m[2m:[0m 🤖 MEV Bot Stats | Uptime: 3.6h | Opportunities: 0 | Bundles: 0/0 (0.0%) | Profit: 0.0000 ETH | Rate: 0.00/h
[2m2025-12-11T07:30:56.401339Z[0m [32m INFO[0m [2methereum_transaction_pool_monitor::bot_runner[0m[2m:[0m 🤖 MEV Bot Stats | Uptime: 3.6h | Opportunities: 0 | Bundles: 0/0 (0.0%) | Profit: 0.0000 ETH | Rate: 0.00/h
[2m2025-12-11T07:31:01.356410Z[0m [32m INFO[0m [2methereum_transaction_pool_monitor::mempool_monitor[0m[2m:[0m 📊 Mempool Monitor Stats:
[2m2025-12-11T07:31:01.356459Z[0m [32m INFO[0m [2methereum_transaction_pool_monitor::mempool_monitor[0m[2m:[0m    Total transactions: 32623
[2m2025-12-11T07:31:01.356468Z[0m [32m INFO[0m [2methereum_transaction_pool_monitor::mempool_monitor[0m[2m:[0m    DEX transactions: 311 (1.0%)
[2m2025-12-11T07:31:01.356475Z[0m [32m INFO[0m [2methereum_transaction_pool_monitor::mempool_monitor[0m[2m:[0m    Opportunities detected: 0
[2m2025-12-11T07:31:01.356482Z[0m [32m INFO[0m [2methereum_transaction_pool_monitor::mempool_monitor[0m[2m:[0m    Profitable opportunities: 0 (0.0%)
[2m2025-12-11T07:31:06.401042Z[0m [32m INFO[0m [2methereum_transaction_pool_monitor::bot_runner[0m[2m:[0m 🤖 MEV Bot Stats | Uptime: 3.7h | Opportunities: 0 | Bundles: 0/0 (0.0%) | Profit: 0.0000 ETH | Rate: 0.00/h
[2m2025-12-11T07:31:16.401475Z[0m [32m INFO[0m [2methereum_transaction_pool_monitor::bot_runner[0m[2m:[0m 🤖 MEV Bot Stats | Uptime: 3.7h | Opportunities: 0 | Bundles: 0/0 (0.0%) | Profit: 0.0000 ETH | Rate: 0.00/h
[2m2025-12-11T07:31:26.401373Z[0m [32m INFO[0m [2methereum_transaction_pool_monitor::bot_runner[0m[2m:[0m 🤖 MEV Bot Stats | Uptime: 3.7h | Opportunities: 0 | Bundles: 0/0 (0.0%) | Profit: 0.0000 ETH | Rate: 0.00/h
[2m2025-12-11T07:31:31.358326Z[0m [32m INFO[0m [2methereum_transaction_pool_monitor::mempool_monitor[0m[2m:[0m 📊 Mempool Monitor Stats:
[2m2025-12-11T07:31:31.358378Z[0m [32m INFO[0m [2methereum_transaction_pool_monitor::mempool_monitor[0m[2m:[0m    Total transactions: 32623
[2m2025-12-11T07:31:31.358388Z[0m [32m INFO[0m [2methereum_transaction_pool_monitor::mempool_monitor[0m[2m:[0m    DEX transactions: 311 (1.0%)
[2m2025-12-11T07:31:31.358396Z[0m [32m INFO[0m [2methereum_transaction_pool_monitor::mempool_monitor[0m[2m:[0m    Opportunities detected: 0
[2m2025-12-11T07:31:31.358402Z[0m [32m INFO[0m [2methereum_transaction_pool_monitor::mempool_monitor[0m[2m:[0m    Profitable opportunities: 0 (0.0%)
[2m2025-12-11T07:31:36.401593Z[0m [32m INFO[0m [2methereum_transaction_pool_monitor::bot_runner[0m[2m:[0m 🤖 MEV Bot Stats | Uptime: 3.7h | Opportunities: 0 | Bundles: 0/0 (0.0%) | Profit: 0.0000 ETH | Rate: 0.00/h
[2m2025-12-11T07:31:46.401648Z[0m [32m INFO[0m [2methereum_transaction_pool_monitor::bot_runner[0m[2m:[0m 🤖 MEV Bot Stats | Uptime: 3.7h | Opportunities: 0 | Bundles: 0/0 (0.0%) | Profit: 0.0000 ETH | Rate: 0.00/h
[2m2025-12-11T07:31:56.401188Z[0m [32m INFO[0m [2methereum_transaction_pool_monitor::bot_runner[0m[2m:[0m 🤖 MEV Bot Stats | Uptime: 3.7h | Opportunities: 0 | Bundles: 0/0 (0.0%) | Profit: 0.0000 ETH | Rate: 0.00/h
[2m2025-12-11T07:32:01.360443Z[0m [32m INFO[0m [2methereum_transaction_pool_monitor::mempool_monitor[0m[2m:[0m 📊 Mempool Monitor Stats:
[2m2025-12-11T07:32:01.360489Z[0m [32m INFO[0m [2methereum_transaction_pool_monitor::mempool_monitor[0m[2m:[0m    Total transactions: 32623
[2m2025-12-11T07:32:01.360501Z[0m [32m INFO[0m [2methereum_transaction_pool_monitor::mempool_monitor[0m[2m:[0m    DEX transactions: 311 (1.0%)
[2m2025-12-11T07:32:01.360508Z[0m [32m INFO[0m [2methereum_transaction_pool_monitor::mempool_monitor[0m[2m:[0m    Opportunities detected: 0
[2m2025-12-11T07:32:01.360515Z[0m [32m INFO[0m [2methereum_transaction_pool_monitor::mempool_monitor[0m[2m:[0m    Profitable opportunities: 0 (0.0%)
[2m2025-12-11T07:32:06.401077Z[0m [32m INFO[0m [2methereum_transaction_pool_monitor::bot_runner[0m[2m:[0m 🤖 MEV Bot Stats | Uptime: 3.7h | Opportunities: 0 | Bundles: 0/0 (0.0%) | Profit: 0.0000 ETH | Rate: 0.00/h
[2m2025-12-11T07:32:16.401440Z[0m [32m INFO[0m [2methereum_transaction_pool_monitor::bot_runner[0m[2m:[0m 🤖 MEV Bot Stats | Uptime: 3.7h | Opportunities: 0 | Bundles: 0/0 (0.0%) | Profit: 0.0000 ETH | Rate: 0.00/h
[2m2025-12-11T07:32:26.401917Z[0m [32m INFO[0m [2methereum_transaction_pool_monitor::bot_runner[0m[2m:[0m 🤖 MEV Bot Stats | Uptime: 3.7h | Opportunities: 0 | Bundles: 0/0 (0.0%) | Profit: 0.0000 ETH | Rate: 0.00/h
[2m2025-12-11T07:32:31.361492Z[0m [32m INFO[0m [2methereum_transaction_pool_monitor::mempool_monitor[0m[2m:[0m 📊 Mempool Monitor Stats:
[2m2025-12-11T07:32:31.361522Z[0m [32m INFO[0m [2methereum_transaction_pool_monitor::mempool_monitor[0m[2m:[0m    Total transactions: 32623
[2m2025-12-11T07:32:31.361529Z[0m [32m INFO[0m [2methereum_transaction_pool_monitor::mempool_monitor[0m[2m:[0m    DEX transactions: 311 (1.0%)
[2m2025-12-11T07:32:31.361535Z[0m [32m INFO[0m [2methereum_transaction_pool_monitor::mempool_monitor[0m[2m:[0m    Opportunities detected: 0
[2m2025-12-11T07:32:31.361539Z[0m [32m INFO[0m [2methereum_transaction_pool_monitor::mempool_monitor[0m[2m:[0m    Profitable opportunities: 0 (0.0%)
[2m2025-12-11T07:32:36.401972Z[0m [32m INFO[0m [2methereum_transaction_pool_monitor::bot_runner[0m[2m:[0m 🤖 MEV Bot Stats | Uptime: 3.7h | Opportunities: 0 | Bundles: 0/0 (0.0%) | Profit: 0.0000 ETH | Rate: 0.00/h
[2m2025-12-11T07:32:46.401338Z[0m [32m INFO[0m [2methereum_transaction_pool_monitor::bot_runner[0m[2m:[0m 🤖 MEV Bot Stats | Uptime: 3.7h | Opportunities: 0 | Bundles: 0/0 (0.0%) | Profit: 0.0000 ETH | Rate: 0.00/h
[2m2025-12-11T07:32:56.409274Z[0m [32m INFO[0m [2methereum_transaction_pool_monitor::bot_runner[0m[2m:[0m 🤖 MEV Bot Stats | Uptime: 3.7h | Opportunities: 0 | Bundles: 0/0 (0.0%) | Profit: 0.0000 ETH | Rate: 0.00/h
[2m2025-12-11T07:33:01.375720Z[0m [32m INFO[0m [2methereum_transaction_pool_monitor::mempool_monitor[0m[2m:[0m 📊 Mempool Monitor Stats:
[2m2025-12-11T07:33:01.375758Z[0m [32m INFO[0m [2methereum_transaction_pool_monitor::mempool_monitor[0m[2m:[0m    Total transactions: 32623
[2m2025-12-11T07:33:01.375765Z[0m [32m INFO[0m [2methereum_transaction_pool_monitor::mempool_monitor[0m[2m:[0m    DEX transactions: 311 (1.0%)
[2m2025-12-11T07:33:01.375770Z[0m [32m INFO[0m [2methereum_transaction_pool_monitor::mempool_monitor[0m[2m:[0m    Opportunities detected: 0
[2m2025-12-11T07:33:01.375775Z[0m [32m INFO[0m [2methereum_transaction_pool_monitor::mempool_monitor[0m[2m:[0m    Profitable opportunities: 0 (0.0%)
[2m2025-12-11T07:33:06.415738Z[0m [32m INFO[0m [2methereum_transaction_pool_monitor::bot_runner[0m[2m:[0m 🤖 MEV Bot Stats | Uptime: 3.7h | Opportunities: 0 | Bundles: 0/0 (0.0%) | Profit: 0.0000 ETH | Rate: 0.00/h
[2m2025-12-11T07:33:16.421155Z[0m [32m INFO[0m [2methereum_transaction_pool_monitor::bot_runner[0m[2m:[0m 🤖 MEV Bot Stats | Uptime: 3.7h | Opportunities: 0 | Bundles: 0/0 (0.0%) | Profit: 0.0000 ETH | Rate: 0.00/h
[2m2025-12-11T07:33:26.422190Z[0m [32m INFO[0m [2methereum_transaction_pool_monitor::bot_runner[0m[2m:[0m 🤖 MEV Bot Stats | Uptime: 3.7h | Opportunities: 0 | Bundles: 0/0 (0.0%) | Profit: 0.0000 ETH | Rate: 0.00/h
[2m2025-12-11T07:33:31.386878Z[0m [32m INFO[0m [2methereum_transaction_pool_monitor::mempool_monitor[0m[2m:[0m 📊 Mempool Monitor Stats:
[2m2025-12-11T07:33:31.386926Z[0m [32m INFO[0m [2methereum_transaction_pool_monitor::mempool_monitor[0m[2m:[0m    Total transactions: 32623
[2m2025-12-11T07:33:31.386934Z[0m [32m INFO[0m [2methereum_transaction_pool_monitor::mempool_monitor[0m[2m:[0m    DEX transactions: 311 (1.0%)
[2m2025-12-11T07:33:31.386940Z[0m [32m INFO[0m [2methereum_transaction_pool_monitor::mempool_monitor[0m[2m:[0m    Opportunities detected: 0
[2m2025-12-11T07:33:31.386945Z[0m [32m INFO[0m [2methereum_transaction_pool_monitor::mempool_monitor[0m[2m:[0m    Profitable opportunities: 0 (0.0%)
[2m2025-12-11T07:33:36.424151Z[0m [32m INFO[0m [2methereum_transaction_pool_monitor::bot_runner[0m[2m:[0m 🤖 MEV Bot Stats | Uptime: 3.7h | Opportunities: 0 | Bundles: 0/0 (0.0%) | Profit: 0.0000 ETH | Rate: 0.00/h
[2m2025-12-11T07:33:46.424622Z[0m [32m INFO[0m [2methereum_transaction_pool_monitor::bot_runner[0m[2m:[0m 🤖 MEV Bot Stats | Uptime: 3.7h | Opportunities: 0 | Bundles: 0/0 (0.0%) | Profit: 0.0000 ETH | Rate: 0.00/h
[2m2025-12-11T07:33:56.424794Z[0m [32m INFO[0m [2methereum_transaction_pool_monitor::bot_runner[0m[2m:[0m 🤖 MEV Bot Stats | Uptime: 3.7h | Opportunities: 0 | Bundles: 0/0 (0.0%) | Profit: 0.0000 ETH | Rate: 0.00/h
[2m2025-12-11T07:34:01.391123Z[0m [32m INFO[0m [2methereum_transaction_pool_monitor::mempool_monitor[0m[2m:[0m 📊 Mempool Monitor Stats:
[2m2025-12-11T07:34:01.391169Z[0m [32m INFO[0m [2methereum_transaction_pool_monitor::mempool_monitor[0m[2m:[0m    Total transactions: 32623
[2m2025-12-11T07:34:01.391178Z[0m [32m INFO[0m [2methereum_transaction_pool_monitor::mempool_monitor[0m[2m:[0m    DEX transactions: 311 (1.0%)
[2m2025-12-11T07:34:01.391189Z[0m [32m INFO[0m [2methereum_transaction_pool_monitor::mempool_monitor[0m[2m:[0m    Opportunities detected: 0
[2m2025-12-11T07:34:01.391195Z[0m [32m INFO[0m [2methereum_transaction_pool_monitor::mempool_monitor[0m[2m:[0m    Profitable opportunities: 0 (0.0%)
[2m2025-12-11T07:34:06.424689Z[0m [32m INFO[0m [2methereum_transaction_pool_monitor::bot_runner[0m[2m:[0m 🤖 MEV Bot Stats | Uptime: 3.7h | Opportunities: 0 | Bundles: 0/0 (0.0%) | Profit: 0.0000 ETH | Rate: 0.00/h
[2m2025-12-11T07:34:16.425003Z[0m [32m INFO[0m [2methereum_transaction_pool_monitor::bot_runner[0m[2m:[0m 🤖 MEV Bot Stats | Uptime: 3.7h | Opportunities: 0 | Bundles: 0/0 (0.0%) | Profit: 0.0000 ETH | Rate: 0.00/h
[2m2025-12-11T07:34:26.424586Z[0m [32m INFO[0m [2methereum_transaction_pool_monitor::bot_runner[0m[2m:[0m 🤖 MEV Bot Stats | Uptime: 3.7h | Opportunities: 0 | Bundles: 0/0 (0.0%) | Profit: 0.0000 ETH | Rate: 0.00/h
[2m2025-12-11T07:34:31.394280Z[0m [32m INFO[0m [2methereum_transaction_pool_monitor::mempool_monitor[0m[2m:[0m 📊 Mempool Monitor Stats:
[2m2025-12-11T07:34:31.394373Z[0m [32m INFO[0m [2methereum_transaction_pool_monitor::mempool_monitor[0m[2m:[0m    Total transactions: 32623
[2m2025-12-11T07:34:31.394392Z[0m [32m INFO[0m [2methereum_transaction_pool_monitor::mempool_monitor[0m[2m:[0m    DEX transactions: 311 (1.0%)
[2m2025-12-11T07:34:31.394407Z[0m [32m INFO[0m [2methereum_transaction_pool_monitor::mempool_monitor[0m[2m:[0m    Opportunities detected: 0
[2m2025-12-11T07:34:31.394422Z[0m [32m INFO[0m [2methereum_transaction_pool_monitor::mempool_monitor[0m[2m:[0m    Profitable opportunities: 0 (0.0%)
[2m2025-12-11T07:34:36.426238Z[0m [32m INFO[0m [2methereum_transaction_pool_monitor::bot_runner[0m[2m:[0m 🤖 MEV Bot Stats | Uptime: 3.7h | Opportunities: 0 | Bundles: 0/0 (0.0%) | Profit: 0.0000 ETH | Rate: 0.00/h
[2m2025-12-11T07:34:46.425440Z[0m [32m INFO[0m [2methereum_transaction_pool_monitor::bot_runner[0m[2m:[0m 🤖 MEV Bot Stats | Uptime: 3.7h | Opportunities: 0 | Bundles: 0/0 (0.0%) | Profit: 0.0000 ETH | Rate: 0.00/h
[2m2025-12-11T07:34:56.426872Z[0m [32m INFO[0m [2methereum_transaction_pool_monitor::bot_runner[0m[2m:[0m 🤖 MEV Bot Stats | Uptime: 3.7h | Opportunities: 0 | Bundles: 0/0 (0.0%) | Profit: 0.0000 ETH | Rate: 0.00/h
[2m2025-12-11T07:35:01.397235Z[0m [32m INFO[0m [2methereum_transaction_pool_monitor::mempool_monitor[0m[2m:[0m 📊 Mempool Monitor Stats:
[2m2025-12-11T07:35:01.397280Z[0m [32m INFO[0m [2methereum_transaction_pool_monitor::mempool_monitor[0m[2m:[0m    Total transactions: 32623
[2m2025-12-11T07:35:01.397287Z[0m [32m INFO[0m [2methereum_transaction_pool_monitor::mempool_monitor[0m[2m:[0m    DEX transactions: 311 (1.0%)
[2m2025-12-11T07:35:01.397294Z[0m [32m INFO[0m [2methereum_transaction_pool_monitor::mempool_monitor[0m[2m:[0m    Opportunities detected: 0
[2m2025-12-11T07:35:01.397298Z[0m [32m INFO[0m [2methereum_transaction_pool_monitor::mempool_monitor[0m[2m:[0m    Profitable opportunities: 0 (0.0%)
[2m2025-12-11T07:35:06.426394Z[0m [32m INFO[0m [2methereum_transaction_pool_monitor::bot_runner[0m[2m:[0m 🤖 MEV Bot Stats | Uptime: 3.7h | Opportunities: 0 | Bundles: 0/0 (0.0%) | Profit: 0.0000 ETH | Rate: 0.00/h
[2m2025-12-11T07:35:16.426088Z[0m [32m INFO[0m [2methereum_transaction_pool_monitor::bot_runner[0m[2m:[0m 🤖 MEV Bot Stats | Uptime: 3.7h | Opportunities: 0 | Bundles: 0/0 (0.0%) | Profit: 0.0000 ETH | Rate: 0.00/h
[2m2025-12-11T07:35:26.425080Z[0m [32m INFO[0m [2methereum_transaction_pool_monitor::bot_runner[0m[2m:[0m 🤖 MEV Bot Stats | Uptime: 3.7h | Opportunities: 0 | Bundles: 0/0 (0.0%) | Profit: 0.0000 ETH | Rate: 0.00/h
[2m2025-12-11T07:35:31.399599Z[0m [32m INFO[0m [2methereum_transaction_pool_monitor::mempool_monitor[0m[2m:[0m 📊 Mempool Monitor Stats:
[2m2025-12-11T07:35:31.399643Z[0m [32m INFO[0m [2methereum_transaction_pool_monitor::mempool_monitor[0m[2m:[0m    Total transactions: 32623
[2m2025-12-11T07:35:31.399650Z[0m [32m INFO[0m [2methereum_transaction_pool_monitor::mempool_monitor[0m[2m:[0m    DEX transactions: 311 (1.0%)
[2m2025-12-11T07:35:31.399656Z[0m [32m INFO[0m [2methereum_transaction_pool_monitor::mempool_monitor[0m[2m:[0m    Opportunities detected: 0
[2m2025-12-11T07:35:31.399660Z[0m [32m INFO[0m [2methereum_transaction_pool_monitor::mempool_monitor[0m[2m:[0m    Profitable opportunities: 0 (0.0%)
[2m2025-12-11T07:35:36.426387Z[0m [32m INFO[0m [2methereum_transaction_pool_monitor::bot_runner[0m[2m:[0m 🤖 MEV Bot Stats | Uptime: 3.7h | Opportunities: 0 | Bundles: 0/0 (0.0%) | Profit: 0.0000 ETH | Rate: 0.00/h
[2m2025-12-11T07:35:46.425780Z[0m [32m INFO[0m [2methereum_transaction_pool_monitor::bot_runner[0m[2m:[0m 🤖 MEV Bot Stats | Uptime: 3.7h | Opportunities: 0 | Bundles: 0/0 (0.0%) | Profit: 0.0000 ETH | Rate: 0.00/h
[2m2025-12-11T07:35:56.426247Z[0m [32m INFO[0m [2methereum_transaction_pool_monitor::bot_runner[0m[2m:[0m 🤖 MEV Bot Stats | Uptime: 3.7h | Opportunities: 0 | Bundles: 0/0 (0.0%) | Profit: 0.0000 ETH | Rate: 0.00/h
[2m2025-12-11T07:36:01.401899Z[0m [32m INFO[0m [2methereum_transaction_pool_monitor::mempool_monitor[0m[2m:[0m 📊 Mempool Monitor Stats:
[2m2025-12-11T07:36:01.401946Z[0m [32m INFO[0m [2methereum_transaction_pool_monitor::mempool_monitor[0m[2m:[0m    Total transactions: 32623
[2m2025-12-11T07:36:01.401954Z[0m [32m INFO[0m [2methereum_transaction_pool_monitor::mempool_monitor[0m[2m:[0m    DEX transactions: 311 (1.0%)
[2m2025-12-11T07:36:01.401960Z[0m [32m INFO[0m [2methereum_transaction_pool_monitor::mempool_monitor[0m[2m:[0m    Opportunities detected: 0
[2m2025-12-11T07:36:01.401965Z[0m [32m INFO[0m [2methereum_transaction_pool_monitor::mempool_monitor[0m[2m:[0m    Profitable opportunities: 0 (0.0%)
[2m2025-12-11T07:36:06.426298Z[0m [32m INFO[0m [2methereum_transaction_pool_monitor::bot_runner[0m[2m:[0m 🤖 MEV Bot Stats | Uptime: 3.7h | Opportunities: 0 | Bundles: 0/0 (0.0%) | Profit: 0.0000 ETH | Rate: 0.00/h
[2m2025-12-11T07:36:16.426063Z[0m [32m INFO[0m [2methereum_transaction_pool_monitor::bot_runner[0m[2m:[0m 🤖 MEV Bot Stats | Uptime: 3.7h | Opportunities: 0 | Bundles: 0/0 (0.0%) | Profit: 0.0000 ETH | Rate: 0.00/h
[2m2025-12-11T07:36:26.426022Z[0m [32m INFO[0m [2methereum_transaction_pool_monitor::bot_runner[0m[2m:[0m 🤖 MEV Bot Stats | Uptime: 3.7h | Opportunities: 0 | Bundles: 0/0 (0.0%) | Profit: 0.0000 ETH | Rate: 0.00/h
[2m2025-12-11T07:36:31.404280Z[0m [32m INFO[0m [2methereum_transaction_pool_monitor::mempool_monitor[0m[2m:[0m 📊 Mempool Monitor Stats:
[2m2025-12-11T07:36:31.404333Z[0m [32m INFO[0m [2methereum_transaction_pool_monitor::mempool_monitor[0m[2m:[0m    Total transactions: 32623
[2m2025-12-11T07:36:31.404341Z[0m [32m INFO[0m [2methereum_transaction_pool_monitor::mempool_monitor[0m[2m:[0m    DEX transactions: 311 (1.0%)
[2m2025-12-11T07:36:31.404350Z[0m [32m INFO[0m [2methereum_transaction_pool_monitor::mempool_monitor[0m[2m:[0m    Opportunities detected: 0
[2m2025-12-11T07:36:31.404356Z[0m [32m INFO[0m [2methereum_transaction_pool_monitor::mempool_monitor[0m[2m:[0m    Profitable opportunities: 0 (0.0%)
[2m2025-12-11T07:36:36.426127Z[0m [32m INFO[0m [2methereum_transaction_pool_monitor::bot_runner[0m[2m:[0m 🤖 MEV Bot Stats | Uptime: 3.7h | Opportunities: 0 | Bundles: 0/0 (0.0%) | Profit: 0.0000 ETH | Rate: 0.00/h
[2m2025-12-11T07:36:46.425811Z[0m [32m INFO[0m [2methereum_transaction_pool_monitor::bot_runner[0m[2m:[0m 🤖 MEV Bot Stats | Uptime: 3.7h | Opportunities: 0 | Bundles: 0/0 (0.0%) | Profit: 0.0000 ETH | Rate: 0.00/h
[2m2025-12-11T07:36:56.426978Z[0m [32m INFO[0m [2methereum_transaction_pool_monitor::bot_runner[0m[2m:[0m 🤖 MEV Bot Stats | Uptime: 3.7h | Opportunities: 0 | Bundles: 0/0 (0.0%) | Profit: 0.0000 ETH | Rate: 0.00/h
[2m2025-12-11T07:37:01.406152Z[0m [32m INFO[0m [2methereum_transaction_pool_monitor::mempool_monitor[0m[2m:[0m 📊 Mempool Monitor Stats:
[2m2025-12-11T07:37:01.406202Z[0m [32m INFO[0m [2methereum_transaction_pool_monitor::mempool_monitor[0m[2m:[0m    Total transactions: 32623
[2m2025-12-11T07:37:01.406209Z[0m [32m INFO[0m [2methereum_transaction_pool_monitor::mempool_monitor[0m[2m:[0m    DEX transactions: 311 (1.0%)
[2m2025-12-11T07:37:01.406217Z[0m [32m INFO[0m [2methereum_transaction_pool_monitor::mempool_monitor[0m[2m:[0m    Opportunities detected: 0
[2m2025-12-11T07:37:01.406224Z[0m [32m INFO[0m [2methereum_transaction_pool_monitor::mempool_monitor[0m[2m:[0m    Profitable opportunities: 0 (0.0%)
[2m2025-12-11T07:37:06.426714Z[0m [32m INFO[0m [2methereum_transaction_pool_monitor::bot_runner[0m[2m:[0m 🤖 MEV Bot Stats | Uptime: 3.8h | Opportunities: 0 | Bundles: 0/0 (0.0%) | Profit: 0.0000 ETH | Rate: 0.00/h
[2m2025-12-11T07:37:16.426706Z[0m [32m INFO[0m [2methereum_transaction_pool_monitor::bot_runner[0m[2m:[0m 🤖 MEV Bot Stats | Uptime: 3.8h | Opportunities: 0 | Bundles: 0/0 (0.0%) | Profit: 0.0000 ETH | Rate: 0.00/h
[2m2025-12-11T07:37:26.426570Z[0m [32m INFO[0m [2methereum_transaction_pool_monitor::bot_runner[0m[2m:[0m 🤖 MEV Bot Stats | Uptime: 3.8h | Opportunities: 0 | Bundles: 0/0 (0.0%) | Profit: 0.0000 ETH | Rate: 0.00/h
[2m2025-12-11T07:37:31.408408Z[0m [32m INFO[0m [2methereum_transaction_pool_monitor::mempool_monitor[0m[2m:[0m 📊 Mempool Monitor Stats:
[2m2025-12-11T07:37:31.408459Z[0m [32m INFO[0m [2methereum_transaction_pool_monitor::mempool_monitor[0m[2m:[0m    Total transactions: 32623
[2m2025-12-11T07:37:31.408467Z[0m [32m INFO[0m [2methereum_transaction_pool_monitor::mempool_monitor[0m[2m:[0m    DEX transactions: 311 (1.0%)
[2m2025-12-11T07:37:31.408477Z[0m [32m INFO[0m [2methereum_transaction_pool_monitor::mempool_monitor[0m[2m:[0m    Opportunities detected: 0
[2m2025-12-11T07:37:31.408483Z[0m [32m INFO[0m [2methereum_transaction_pool_monitor::mempool_monitor[0m[2m:[0m    Profitable opportunities: 0 (0.0%)
[2m2025-12-11T07:37:36.427247Z[0m [32m INFO[0m [2methereum_transaction_pool_monitor::bot_runner[0m[2m:[0m 🤖 MEV Bot Stats | Uptime: 3.8h | Opportunities: 0 | Bundles: 0/0 (0.0%) | Profit: 0.0000 ETH | Rate: 0.00/h
[2m2025-12-11T07:37:46.426614Z[0m [32m INFO[0m [2methereum_transaction_pool_monitor::bot_runner[0m[2m:[0m 🤖 MEV Bot Stats | Uptime: 3.8h | Opportunities: 0 | Bundles: 0/0 (0.0%) | Profit: 0.0000 ETH | Rate: 0.00/h
[2m2025-12-11T07:37:56.426727Z[0m [32m INFO[0m [2methereum_transaction_pool_monitor::bot_runner[0m[2m:[0m 🤖 MEV Bot Stats | Uptime: 3.8h | Opportunities: 0 | Bundles: 0/0 (0.0%) | Profit: 0.0000 ETH | Rate: 0.00/h
[2m2025-12-11T07:38:01.411186Z[0m [32m INFO[0m [2methereum_transaction_pool_monitor::mempool_monitor[0m[2m:[0m 📊 Mempool Monitor Stats:
[2m2025-12-11T07:38:01.411240Z[0m [32m INFO[0m [2methereum_transaction_pool_monitor::mempool_monitor[0m[2m:[0m    Total transactions: 32623
[2m2025-12-11T07:38:01.411253Z[0m [32m INFO[0m [2methereum_transaction_pool_monitor::mempool_monitor[0m[2m:[0m    DEX transactions: 311 (1.0%)
[2m2025-12-11T07:38:01.411261Z[0m [32m INFO[0m [2methereum_transaction_pool_monitor::mempool_monitor[0m[2m:[0m    Opportunities detected: 0
[2m2025-12-11T07:38:01.411268Z[0m [32m INFO[0m [2methereum_transaction_pool_monitor::mempool_monitor[0m[2m:[0m    Profitable opportunities: 0 (0.0%)
[2m2025-12-11T07:38:06.426853Z[0m [32m INFO[0m [2methereum_transaction_pool_monitor::bot_runner[0m[2m:[0m 🤖 MEV Bot Stats | Uptime: 3.8h | Opportunities: 0 | Bundles: 0/0 (0.0%) | Profit: 0.0000 ETH | Rate: 0.00/h
[2m2025-12-11T07:38:16.426659Z[0m [32m INFO[0m [2methereum_transaction_pool_monitor::bot_runner[0m[2m:[0m 🤖 MEV Bot Stats | Uptime: 3.8h | Opportunities: 0 | Bundles: 0/0 (0.0%) | Profit: 0.0000 ETH | Rate: 0.00/h
[2m2025-12-11T07:38:26.426190Z[0m [32m INFO[0m [2methereum_transaction_pool_monitor::bot_runner[0m[2m:[0m 🤖 MEV Bot Stats | Uptime: 3.8h | Opportunities: 0 | Bundles: 0/0 (0.0%) | Profit: 0.0000 ETH | Rate: 0.00/h
[2m2025-12-11T07:38:31.413558Z[0m [32m INFO[0m [2methereum_transaction_pool_monitor::mempool_monitor[0m[2m:[0m 📊 Mempool Monitor Stats:
[2m2025-12-11T07:38:31.413605Z[0m [32m INFO[0m [2methereum_transaction_pool_monitor::mempool_monitor[0m[2m:[0m    Total transactions: 32623
[2m2025-12-11T07:38:31.413611Z[0m [32m INFO[0m [2methereum_transaction_pool_monitor::mempool_monitor[0m[2m:[0m    DEX transactions: 311 (1.0%)
[2m2025-12-11T07:38:31.413617Z[0m [32m INFO[0m [2methereum_transaction_pool_monitor::mempool_monitor[0m[2m:[0m    Opportunities detected: 0
[2m2025-12-11T07:38:31.413622Z[0m [32m INFO[0m [2methereum_transaction_pool_monitor::mempool_monitor[0m[2m:[0m    Profitable opportunities: 0 (0.0%)
[2m2025-12-11T07:38:36.426883Z[0m [32m INFO[0m [2methereum_transaction_pool_monitor::bot_runner[0m[2m:[0m 🤖 MEV Bot Stats | Uptime: 3.8h | Opportunities: 0 | Bundles: 0/0 (0.0%) | Profit: 0.0000 ETH | Rate: 0.00/h
[2m2025-12-11T07:38:46.426476Z[0m [32m INFO[0m [2methereum_transaction_pool_monitor::bot_runner[0m[2m:[0m 🤖 MEV Bot Stats | Uptime: 3.8h | Opportunities: 0 | Bundles: 0/0 (0.0%) | Profit: 0.0000 ETH | Rate: 0.00/h
[2m2025-12-11T07:38:56.427122Z[0m [32m INFO[0m [2methereum_transaction_pool_monitor::bot_runner[0m[2m:[0m 🤖 MEV Bot Stats | Uptime: 3.8h | Opportunities: 0 | Bundles: 0/0 (0.0%) | Profit: 0.0000 ETH | Rate: 0.00/h
[2m2025-12-11T07:39:01.416385Z[0m [32m INFO[0m [2methereum_transaction_pool_monitor::mempool_monitor[0m[2m:[0m 📊 Mempool Monitor Stats:
[2m2025-12-11T07:39:01.416436Z[0m [32m INFO[0m [2methereum_transaction_pool_monitor::mempool_monitor[0m[2m:[0m    Total transactions: 32623
[2m2025-12-11T07:39:01.416444Z[0m [32m INFO[0m [2methereum_transaction_pool_monitor::mempool_monitor[0m[2m:[0m    DEX transactions: 311 (1.0%)
[2m2025-12-11T07:39:01.416452Z[0m [32m INFO[0m [2methereum_transaction_pool_monitor::mempool_monitor[0m[2m:[0m    Opportunities detected: 0
[2m2025-12-11T07:39:01.416458Z[0m [32m INFO[0m [2methereum_transaction_pool_monitor::mempool_monitor[0m[2m:[0m    Profitable opportunities: 0 (0.0%)
[2m2025-12-11T07:39:06.427101Z[0m [32m INFO[0m [2methereum_transaction_pool_monitor::bot_runner[0m[2m:[0m 🤖 MEV Bot Stats | Uptime: 3.8h | Opportunities: 0 | Bundles: 0/0 (0.0%) | Profit: 0.0000 ETH | Rate: 0.00/h
[2m2025-12-11T07:39:16.427724Z[0m [32m INFO[0m [2methereum_transaction_pool_monitor::bot_runner[0m[2m:[0m 🤖 MEV Bot Stats | Uptime: 3.8h | Opportunities: 0 | Bundles: 0/0 (0.0%) | Profit: 0.0000 ETH | Rate: 0.00/h
[2m2025-12-11T07:39:26.426387Z[0m [32m INFO[0m [2methereum_transaction_pool_monitor::bot_runner[0m[2m:[0m 🤖 MEV Bot Stats | Uptime: 3.8h | Opportunities: 0 | Bundles: 0/0 (0.0%) | Profit: 0.0000 ETH | Rate: 0.00/h
[2m2025-12-11T07:39:31.417440Z[0m [32m INFO[0m [2methereum_transaction_pool_monitor::mempool_monitor[0m[2m:[0m 📊 Mempool Monitor Stats:
[2m2025-12-11T07:39:31.417488Z[0m [32m INFO[0m [2methereum_transaction_pool_monitor::mempool_monitor[0m[2m:[0m    Total transactions: 32623
[2m2025-12-11T07:39:31.417496Z[0m [32m INFO[0m [2methereum_transaction_pool_monitor::mempool_monitor[0m[2m:[0m    DEX transactions: 311 (1.0%)
[2m2025-12-11T07:39:31.417502Z[0m [32m INFO[0m [2methereum_transaction_pool_monitor::mempool_monitor[0m[2m:[0m    Opportunities detected: 0
[2m2025-12-11T07:39:31.417506Z[0m [32m INFO[0m [2methereum_transaction_pool_monitor::mempool_monitor[0m[2m:[0m    Profitable opportunities: 0 (0.0%)
[2m2025-12-11T07:39:36.427908Z[0m [32m INFO[0m [2methereum_transaction_pool_monitor::bot_runner[0m[2m:[0m 🤖 MEV Bot Stats | Uptime: 3.8h | Opportunities: 0 | Bundles: 0/0 (0.0%) | Profit: 0.0000 ETH | Rate: 0.00/h
[2m2025-12-11T07:39:46.427612Z[0m [32m INFO[0m [2methereum_transaction_pool_monitor::bot_runner[0m[2m:[0m 🤖 MEV Bot Stats | Uptime: 3.8h | Opportunities: 0 | Bundles: 0/0 (0.0%) | Profit: 0.0000 ETH | Rate: 0.00/h
[2m2025-12-11T07:39:56.427493Z[0m [32m INFO[0m [2methereum_transaction_pool_monitor::bot_runner[0m[2m:[0m 🤖 MEV Bot Stats | Uptime: 3.8h | Opportunities: 0 | Bundles: 0/0 (0.0%) | Profit: 0.0000 ETH | Rate: 0.00/h
[2m2025-12-11T07:40:01.418713Z[0m [32m INFO[0m [2methereum_transaction_pool_monitor::mempool_monitor[0m[2m:[0m 📊 Mempool Monitor Stats:
[2m2025-12-11T07:40:01.418762Z[0m [32m INFO[0m [2methereum_transaction_pool_monitor::mempool_monitor[0m[2m:[0m    Total transactions: 32623
[2m2025-12-11T07:40:01.418770Z[0m [32m INFO[0m [2methereum_transaction_pool_monitor::mempool_monitor[0m[2m:[0m    DEX transactions: 311 (1.0%)
[2m2025-12-11T07:40:01.418778Z[0m [32m INFO[0m [2methereum_transaction_pool_monitor::mempool_monitor[0m[2m:[0m    Opportunities detected: 0
[2m2025-12-11T07:40:01.418784Z[0m [32m INFO[0m [2methereum_transaction_pool_monitor::mempool_monitor[0m[2m:[0m    Profitable opportunities: 0 (0.0%)
[2m2025-12-11T07:40:06.426854Z[0m [32m INFO[0m [2methereum_transaction_pool_monitor::bot_runner[0m[2m:[0m 🤖 MEV Bot Stats | Uptime: 3.8h | Opportunities: 0 | Bundles: 0/0 (0.0%) | Profit: 0.0000 ETH | Rate: 0.00/h
[2m2025-12-11T07:40:16.428056Z[0m [32m INFO[0m [2methereum_transaction_pool_monitor::bot_runner[0m[2m:[0m 🤖 MEV Bot Stats | Uptime: 3.8h | Opportunities: 0 | Bundles: 0/0 (0.0%) | Profit: 0.0000 ETH | Rate: 0.00/h
[2m2025-12-11T07:40:26.426666Z[0m [32m INFO[0m [2methereum_transaction_pool_monitor::bot_runner[0m[2m:[0m 🤖 MEV Bot Stats | Uptime: 3.8h | Opportunities: 0 | Bundles: 0/0 (0.0%) | Profit: 0.0000 ETH | Rate: 0.00/h
[2m2025-12-11T07:40:31.421072Z[0m [32m INFO[0m [2methereum_transaction_pool_monitor::mempool_monitor[0m[2m:[0m 📊 Mempool Monitor Stats:
[2m2025-12-11T07:40:31.421121Z[0m [32m INFO[0m [2methereum_transaction_pool_monitor::mempool_monitor[0m[2m:[0m    Total transactions: 32623
[2m2025-12-11T07:40:31.421133Z[0m [32m INFO[0m [2methereum_transaction_pool_monitor::mempool_monitor[0m[2m:[0m    DEX transactions: 311 (1.0%)
[2m2025-12-11T07:40:31.421139Z[0m [32m INFO[0m [2methereum_transaction_pool_monitor::mempool_monitor[0m[2m:[0m    Opportunities detected: 0
[2m2025-12-11T07:40:31.421145Z[0m [32m INFO[0m [2methereum_transaction_pool_monitor::mempool_monitor[0m[2m:[0m    Profitable opportunities: 0 (0.0%)
[2m2025-12-11T07:40:36.427646Z[0m [32m INFO[0m [2methereum_transaction_pool_monitor::bot_runner[0m[2m:[0m 🤖 MEV Bot Stats | Uptime: 3.8h | Opportunities: 0 | Bundles: 0/0 (0.0%) | Profit: 0.0000 ETH | Rate: 0.00/h
[2m2025-12-11T07:40:46.427580Z[0m [32m INFO[0m [2methereum_transaction_pool_monitor::bot_runner[0m[2m:[0m 🤖 MEV Bot Stats | Uptime: 3.8h | Opportunities: 0 | Bundles: 0/0 (0.0%) | Profit: 0.0000 ETH | Rate: 0.00/h
[2m2025-12-11T07:40:56.427589Z[0m [32m INFO[0m [2methereum_transaction_pool_monitor::bot_runner[0m[2m:[0m 🤖 MEV Bot Stats | Uptime: 3.8h | Opportunities: 0 | Bundles: 0/0 (0.0%) | Profit: 0.0000 ETH | Rate: 0.00/h
[2m2025-12-11T07:41:01.423598Z[0m [32m INFO[0m [2methereum_transaction_pool_monitor::mempool_monitor[0m[2m:[0m 📊 Mempool Monitor Stats:
[2m2025-12-11T07:41:01.423649Z[0m [32m INFO[0m [2methereum_transaction_pool_monitor::mempool_monitor[0m[2m:[0m    Total transactions: 32623
[2m2025-12-11T07:41:01.423658Z[0m [32m INFO[0m [2methereum_transaction_pool_monitor::mempool_monitor[0m[2m:[0m    DEX transactions: 311 (1.0%)
[2m2025-12-11T07:41:01.423667Z[0m [32m INFO[0m [2methereum_transaction_pool_monitor::mempool_monitor[0m[2m:[0m    Opportunities detected: 0
[2m2025-12-11T07:41:01.423673Z[0m [32m INFO[0m [2methereum_transaction_pool_monitor::mempool_monitor[0m[2m:[0m    Profitable opportunities: 0 (0.0%)
[2m2025-12-11T07:41:06.428328Z[0m [32m INFO[0m [2methereum_transaction_pool_monitor::bot_runner[0m[2m:[0m 🤖 MEV Bot Stats | Uptime: 3.8h | Opportunities: 0 | Bundles: 0/0 (0.0%) | Profit: 0.0000 ETH | Rate: 0.00/h
[2m2025-12-11T07:41:16.428632Z[0m [32m INFO[0m [2methereum_transaction_pool_monitor::bot_runner[0m[2m:[0m 🤖 MEV Bot Stats | Uptime: 3.8h | Opportunities: 0 | Bundles: 0/0 (0.0%) | Profit: 0.0000 ETH | Rate: 0.00/h
[2m2025-12-11T07:41:26.427817Z[0m [32m INFO[0m [2methereum_transaction_pool_monitor::bot_runner[0m[2m:[0m 🤖 MEV Bot Stats | Uptime: 3.8h | Opportunities: 0 | Bundles: 0/0 (0.0%) | Profit: 0.0000 ETH | Rate: 0.00/h
[2m2025-12-11T07:41:31.426063Z[0m [32m INFO[0m [2methereum_transaction_pool_monitor::mempool_monitor[0m[2m:[0m 📊 Mempool Monitor Stats:
[2m2025-12-11T07:41:31.426111Z[0m [32m INFO[0m [2methereum_transaction_pool_monitor::mempool_monitor[0m[2m:[0m    Total transactions: 32623
[2m2025-12-11T07:41:31.426118Z[0m [32m INFO[0m [2methereum_transaction_pool_monitor::mempool_monitor[0m[2m:[0m    DEX transactions: 311 (1.0%)
[2m2025-12-11T07:41:31.426124Z[0m [32m INFO[0m [2methereum_transaction_pool_monitor::mempool_monitor[0m[2m:[0m    Opportunities detected: 0
[2m2025-12-11T07:41:31.426128Z[0m [32m INFO[0m [2methereum_transaction_pool_monitor::mempool_monitor[0m[2m:[0m    Profitable opportunities: 0 (0.0%)
[2m2025-12-11T07:41:36.427911Z[0m [32m INFO[0m [2methereum_transaction_pool_monitor::bot_runner[0m[2m:[0m 🤖 MEV Bot Stats | Uptime: 3.8h | Opportunities: 0 | Bundles: 0/0 (0.0%) | Profit: 0.0000 ETH | Rate: 0.00/h
[2m2025-12-11T07:41:46.428722Z[0m [32m INFO[0m [2methereum_transaction_pool_monitor::bot_runner[0m[2m:[0m 🤖 MEV Bot Stats | Uptime: 3.8h | Opportunities: 0 | Bundles: 0/0 (0.0%) | Profit: 0.0000 ETH | Rate: 0.00/h
[2m2025-12-11T07:41:56.429985Z[0m [32m INFO[0m [2methereum_transaction_pool_monitor::bot_runner[0m[2m:[0m 🤖 MEV Bot Stats | Uptime: 3.8h | Opportunities: 0 | Bundles: 0/0 (0.0%) | Profit: 0.0000 ETH | Rate: 0.00/h
[2m2025-12-11T07:42:01.429501Z[0m [32m INFO[0m [2methereum_transaction_pool_monitor::mempool_monitor[0m[2m:[0m 📊 Mempool Monitor Stats:
[2m2025-12-11T07:42:01.429549Z[0m [32m INFO[0m [2methereum_transaction_pool_monitor::mempool_monitor[0m[2m:[0m    Total transactions: 32623
[2m2025-12-11T07:42:01.429556Z[0m [32m INFO[0m [2methereum_transaction_pool_monitor::mempool_monitor[0m[2m:[0m    DEX transactions: 311 (1.0%)
[2m2025-12-11T07:42:01.429562Z[0m [32m INFO[0m [2methereum_transaction_pool_monitor::mempool_monitor[0m[2m:[0m    Opportunities detected: 0
[2m2025-12-11T07:42:01.429567Z[0m [32m INFO[0m [2methereum_transaction_pool_monitor::mempool_monitor[0m[2m:[0m    Profitable opportunities: 0 (0.0%)
[2m2025-12-11T07:42:06.428753Z[0m [32m INFO[0m [2methereum_transaction_pool_monitor::bot_runner[0m[2m:[0m 🤖 MEV Bot Stats | Uptime: 3.8h | Opportunities: 0 | Bundles: 0/0 (0.0%) | Profit: 0.0000 ETH | Rate: 0.00/h
[2m2025-12-11T07:42:16.429188Z[0m [32m INFO[0m [2methereum_transaction_pool_monitor::bot_runner[0m[2m:[0m 🤖 MEV Bot Stats | Uptime: 3.8h | Opportunities: 0 | Bundles: 0/0 (0.0%) | Profit: 0.0000 ETH | Rate: 0.00/h
[2m2025-12-11T07:42:26.430091Z[0m [32m INFO[0m [2methereum_transaction_pool_monitor::bot_runner[0m[2m:[0m 🤖 MEV Bot Stats | Uptime: 3.8h | Opportunities: 0 | Bundles: 0/0 (0.0%) | Profit: 0.0000 ETH | Rate: 0.00/h
[2m2025-12-11T07:42:31.430644Z[0m [32m INFO[0m [2methereum_transaction_pool_monitor::mempool_monitor[0m[2m:[0m 📊 Mempool Monitor Stats:
[2m2025-12-11T07:42:31.430690Z[0m [32m INFO[0m [2methereum_transaction_pool_monitor::mempool_monitor[0m[2m:[0m    Total transactions: 32623
[2m2025-12-11T07:42:31.430699Z[0m [32m INFO[0m [2methereum_transaction_pool_monitor::mempool_monitor[0m[2m:[0m    DEX transactions: 311 (1.0%)
[2m2025-12-11T07:42:31.430707Z[0m [32m INFO[0m [2methereum_transaction_pool_monitor::mempool_monitor[0m[2m:[0m    Opportunities detected: 0
[2m2025-12-11T07:42:31.430712Z[0m [32m INFO[0m [2methereum_transaction_pool_monitor::mempool_monitor[0m[2m:[0m    Profitable opportunities: 0 (0.0%)
[2m2025-12-11T07:42:36.429784Z[0m [32m INFO[0m [2methereum_transaction_pool_monitor::bot_runner[0m[2m:[0m 🤖 MEV Bot Stats | Uptime: 3.8h | Opportunities: 0 | Bundles: 0/0 (0.0%) | Profit: 0.0000 ETH | Rate: 0.00/h
[2m2025-12-11T07:42:46.428174Z[0m [32m INFO[0m [2methereum_transaction_pool_monitor::bot_runner[0m[2m:[0m 🤖 MEV Bot Stats | Uptime: 3.8h | Opportunities: 0 | Bundles: 0/0 (0.0%) | Profit: 0.0000 ETH | Rate: 0.00/h
[2m2025-12-11T07:42:56.429691Z[0m [32m INFO[0m [2methereum_transaction_pool_monitor::bot_runner[0m[2m:[0m 🤖 MEV Bot Stats | Uptime: 3.8h | Opportunities: 0 | Bundles: 0/0 (0.0%) | Profit: 0.0000 ETH | Rate: 0.00/h
[2m2025-12-11T07:43:01.432227Z[0m [32m INFO[0m [2methereum_transaction_pool_monitor::mempool_monitor[0m[2m:[0m 📊 Mempool Monitor Stats:
[2m2025-12-11T07:43:01.432272Z[0m [32m INFO[0m [2methereum_transaction_pool_monitor::mempool_monitor[0m[2m:[0m    Total transactions: 32623
[2m2025-12-11T07:43:01.432280Z[0m [32m INFO[0m [2methereum_transaction_pool_monitor::mempool_monitor[0m[2m:[0m    DEX transactions: 311 (1.0%)
[2m2025-12-11T07:43:01.432288Z[0m [32m INFO[0m [2methereum_transaction_pool_monitor::mempool_monitor[0m[2m:[0m    Opportunities detected: 0
[2m2025-12-11T07:43:01.432296Z[0m [32m INFO[0m [2methereum_transaction_pool_monitor::mempool_monitor[0m[2m:[0m    Profitable opportunities: 0 (0.0%)
[2m2025-12-11T07:43:06.429351Z[0m [32m INFO[0m [2methereum_transaction_pool_monitor::bot_runner[0m[2m:[0m 🤖 MEV Bot Stats | Uptime: 3.9h | Opportunities: 0 | Bundles: 0/0 (0.0%) | Profit: 0.0000 ETH | Rate: 0.00/h
[2m2025-12-11T07:43:16.430355Z[0m [32m INFO[0m [2methereum_transaction_pool_monitor::bot_runner[0m[2m:[0m 🤖 MEV Bot Stats | Uptime: 3.9h | Opportunities: 0 | Bundles: 0/0 (0.0%) | Profit: 0.0000 ETH | Rate: 0.00/h
[2m2025-12-11T07:43:26.428572Z[0m [32m INFO[0m [2methereum_transaction_pool_monitor::bot_runner[0m[2m:[0m 🤖 MEV Bot Stats | Uptime: 3.9h | Opportunities: 0 | Bundles: 0/0 (0.0%) | Profit: 0.0000 ETH | Rate: 0.00/h
[2m2025-12-11T07:43:31.432857Z[0m [32m INFO[0m [2methereum_transaction_pool_monitor::mempool_monitor[0m[2m:[0m 📊 Mempool Monitor Stats:
[2m2025-12-11T07:43:31.432904Z[0m [32m INFO[0m [2methereum_transaction_pool_monitor::mempool_monitor[0m[2m:[0m    Total transactions: 32623
[2m2025-12-11T07:43:31.432911Z[0m [32m INFO[0m [2methereum_transaction_pool_monitor::mempool_monitor[0m[2m:[0m    DEX transactions: 311 (1.0%)
[2m2025-12-11T07:43:31.432917Z[0m [32m INFO[0m [2methereum_transaction_pool_monitor::mempool_monitor[0m[2m:[0m    Opportunities detected: 0
[2m2025-12-11T07:43:31.432925Z[0m [32m INFO[0m [2methereum_transaction_pool_monitor::mempool_monitor[0m[2m:[0m    Profitable opportunities: 0 (0.0%)
[2m2025-12-11T07:43:36.430633Z[0m [32m INFO[0m [2methereum_transaction_pool_monitor::bot_runner[0m[2m:[0m 🤖 MEV Bot Stats | Uptime: 3.9h | Opportunities: 0 | Bundles: 0/0 (0.0%) | Profit: 0.0000 ETH | Rate: 0.00/h
[2m2025-12-11T07:43:46.430349Z[0m [32m INFO[0m [2methereum_transaction_pool_monitor::bot_runner[0m[2m:[0m 🤖 MEV Bot Stats | Uptime: 3.9h | Opportunities: 0 | Bundles: 0/0 (0.0%) | Profit: 0.0000 ETH | Rate: 0.00/h
[2m2025-12-11T07:43:56.428619Z[0m [32m INFO[0m [2methereum_transaction_pool_monitor::bot_runner[0m[2m:[0m 🤖 MEV Bot Stats | Uptime: 3.9h | Opportunities: 0 | Bundles: 0/0 (0.0%) | Profit: 0.0000 ETH | Rate: 0.00/h
[2m2025-12-11T07:44:01.434464Z[0m [32m INFO[0m [2methereum_transaction_pool_monitor::mempool_monitor[0m[2m:[0m 📊 Mempool Monitor Stats:
[2m2025-12-11T07:44:01.434513Z[0m [32m INFO[0m [2methereum_transaction_pool_monitor::mempool_monitor[0m[2m:[0m    Total transactions: 32623
[2m2025-12-11T07:44:01.434521Z[0m [32m INFO[0m [2methereum_transaction_pool_monitor::mempool_monitor[0m[2m:[0m    DEX transactions: 311 (1.0%)
[2m2025-12-11T07:44:01.434528Z[0m [32m INFO[0m [2methereum_transaction_pool_monitor::mempool_monitor[0m[2m:[0m    Opportunities detected: 0
[2m2025-12-11T07:44:01.434534Z[0m [32m INFO[0m [2methereum_transaction_pool_monitor::mempool_monitor[0m[2m:[0m    Profitable opportunities: 0 (0.0%)
[2m2025-12-11T07:44:06.428754Z[0m [32m INFO[0m [2methereum_transaction_pool_monitor::bot_runner[0m[2m:[0m 🤖 MEV Bot Stats | Uptime: 3.9h | Opportunities: 0 | Bundles: 0/0 (0.0%) | Profit: 0.0000 ETH | Rate: 0.00/h
[2m2025-12-11T07:44:16.430331Z[0m [32m INFO[0m [2methereum_transaction_pool_monitor::bot_runner[0m[2m:[0m 🤖 MEV Bot Stats | Uptime: 3.9h | Opportunities: 0 | Bundles: 0/0 (0.0%) | Profit: 0.0000 ETH | Rate: 0.00/h
[2m2025-12-11T07:44:26.430067Z[0m [32m INFO[0m [2methereum_transaction_pool_monitor::bot_runner[0m[2m:[0m 🤖 MEV Bot Stats | Uptime: 3.9h | Opportunities: 0 | Bundles: 0/0 (0.0%) | Profit: 0.0000 ETH | Rate: 0.00/h
[2m2025-12-11T07:44:31.436983Z[0m [32m INFO[0m [2methereum_transaction_pool_monitor::mempool_monitor[0m[2m:[0m 📊 Mempool Monitor Stats:
[2m2025-12-11T07:44:31.437030Z[0m [32m INFO[0m [2methereum_transaction_pool_monitor::mempool_monitor[0m[2m:[0m    Total transactions: 32623
[2m2025-12-11T07:44:31.437037Z[0m [32m INFO[0m [2methereum_transaction_pool_monitor::mempool_monitor[0m[2m:[0m    DEX transactions: 311 (1.0%)
[2m2025-12-11T07:44:31.437049Z[0m [32m INFO[0m [2methereum_transaction_pool_monitor::mempool_monitor[0m[2m:[0m    Opportunities detected: 0
[2m2025-12-11T07:44:31.437056Z[0m [32m INFO[0m [2methereum_transaction_pool_monitor::mempool_monitor[0m[2m:[0m    Profitable opportunities: 0 (0.0%)
[2m2025-12-11T07:44:36.430149Z[0m [32m INFO[0m [2methereum_transaction_pool_monitor::bot_runner[0m[2m:[0m 🤖 MEV Bot Stats | Uptime: 3.9h | Opportunities: 0 | Bundles: 0/0 (0.0%) | Profit: 0.0000 ETH | Rate: 0.00/h
[2m2025-12-11T07:44:46.428623Z[0m [32m INFO[0m [2methereum_transaction_pool_monitor::bot_runner[0m[2m:[0m 🤖 MEV Bot Stats | Uptime: 3.9h | Opportunities: 0 | Bundles: 0/0 (0.0%) | Profit: 0.0000 ETH | Rate: 0.00/h
[2m2025-12-11T07:44:56.430417Z[0m [32m INFO[0m [2methereum_transaction_pool_monitor::bot_runner[0m[2m:[0m 🤖 MEV Bot Stats | Uptime: 3.9h | Opportunities: 0 | Bundles: 0/0 (0.0%) | Profit: 0.0000 ETH | Rate: 0.00/h
[2m2025-12-11T07:45:01.439258Z[0m [32m INFO[0m [2methereum_transaction_pool_monitor::mempool_monitor[0m[2m:[0m 📊 Mempool Monitor Stats:
[2m2025-12-11T07:45:01.439304Z[0m [32m INFO[0m [2methereum_transaction_pool_monitor::mempool_monitor[0m[2m:[0m    Total transactions: 32623
[2m2025-12-11T07:45:01.439311Z[0m [32m INFO[0m [2methereum_transaction_pool_monitor::mempool_monitor[0m[2m:[0m    DEX transactions: 311 (1.0%)
[2m2025-12-11T07:45:01.439319Z[0m [32m INFO[0m [2methereum_transaction_pool_monitor::mempool_monitor[0m[2m:[0m    Opportunities detected: 0
[2m2025-12-11T07:45:01.439325Z[0m [32m INFO[0m [2methereum_transaction_pool_monitor::mempool_monitor[0m[2m:[0m    Profitable opportunities: 0 (0.0%)
[2m2025-12-11T07:45:06.430621Z[0m [32m INFO[0m [2methereum_transaction_pool_monitor::bot_runner[0m[2m:[0m 🤖 MEV Bot Stats | Uptime: 3.9h | Opportunities: 0 | Bundles: 0/0 (0.0%) | Profit: 0.0000 ETH | Rate: 0.00/h
[2m2025-12-11T07:45:16.430700Z[0m [32m INFO[0m [2methereum_transaction_pool_monitor::bot_runner[0m[2m:[0m 🤖 MEV Bot Stats | Uptime: 3.9h | Opportunities: 0 | Bundles: 0/0 (0.0%) | Profit: 0.0000 ETH | Rate: 0.00/h
[2m2025-12-11T07:45:26.429395Z[0m [32m INFO[0m [2methereum_transaction_pool_monitor::bot_runner[0m[2m:[0m 🤖 MEV Bot Stats | Uptime: 3.9h | Opportunities: 0 | Bundles: 0/0 (0.0%) | Profit: 0.0000 ETH | Rate: 0.00/h
[2m2025-12-11T07:45:31.441828Z[0m [32m INFO[0m [2methereum_transaction_pool_monitor::mempool_monitor[0m[2m:[0m 📊 Mempool Monitor Stats:
[2m2025-12-11T07:45:31.441872Z[0m [32m INFO[0m [2methereum_transaction_pool_monitor::mempool_monitor[0m[2m:[0m    Total transactions: 32623
[2m2025-12-11T07:45:31.441880Z[0m [32m INFO[0m [2methereum_transaction_pool_monitor::mempool_monitor[0m[2m:[0m    DEX transactions: 311 (1.0%)
[2m2025-12-11T07:45:31.441888Z[0m [32m INFO[0m [2methereum_transaction_pool_monitor::mempool_monitor[0m[2m:[0m    Opportunities detected: 0
[2m2025-12-11T07:45:31.441893Z[0m [32m INFO[0m [2methereum_transaction_pool_monitor::mempool_monitor[0m[2m:[0m    Profitable opportunities: 0 (0.0%)
[2m2025-12-11T07:45:36.431116Z[0m [32m INFO[0m [2methereum_transaction_pool_monitor::bot_runner[0m[2m:[0m 🤖 MEV Bot Stats | Uptime: 3.9h | Opportunities: 0 | Bundles: 0/0 (0.0%) | Profit: 0.0000 ETH | Rate: 0.00/h
[2m2025-12-11T07:45:46.430775Z[0m [32m INFO[0m [2methereum_transaction_pool_monitor::bot_runner[0m[2m:[0m 🤖 MEV Bot Stats | Uptime: 3.9h | Opportunities: 0 | Bundles: 0/0 (0.0%) | Profit: 0.0000 ETH | Rate: 0.00/h
[2m2025-12-11T07:45:56.431116Z[0m [32m INFO[0m [2methereum_transaction_pool_monitor::bot_runner[0m[2m:[0m 🤖 MEV Bot Stats | Uptime: 3.9h | Opportunities: 0 | Bundles: 0/0 (0.0%) | Profit: 0.0000 ETH | Rate: 0.00/h
[2m2025-12-11T07:46:01.444492Z[0m [32m INFO[0m [2methereum_transaction_pool_monitor::mempool_monitor[0m[2m:[0m 📊 Mempool Monitor Stats:
[2m2025-12-11T07:46:01.444540Z[0m [32m INFO[0m [2methereum_transaction_pool_monitor::mempool_monitor[0m[2m:[0m    Total transactions: 32623
[2m2025-12-11T07:46:01.444547Z[0m [32m INFO[0m [2methereum_transaction_pool_monitor::mempool_monitor[0m[2m:[0m    DEX transactions: 311 (1.0%)
[2m2025-12-11T07:46:01.444553Z[0m [32m INFO[0m [2methereum_transaction_pool_monitor::mempool_monitor[0m[2m:[0m    Opportunities detected: 0
[2m2025-12-11T07:46:01.444557Z[0m [32m INFO[0m [2methereum_transaction_pool_monitor::mempool_monitor[0m[2m:[0m    Profitable opportunities: 0 (0.0%)
[2m2025-12-11T07:46:06.429963Z[0m [32m INFO[0m [2methereum_transaction_pool_monitor::bot_runner[0m[2m:[0m 🤖 MEV Bot Stats | Uptime: 3.9h | Opportunities: 0 | Bundles: 0/0 (0.0%) | Profit: 0.0000 ETH | Rate: 0.00/h
[2m2025-12-11T07:46:16.431525Z[0m [32m INFO[0m [2methereum_transaction_pool_monitor::bot_runner[0m[2m:[0m 🤖 MEV Bot Stats | Uptime: 3.9h | Opportunities: 0 | Bundles: 0/0 (0.0%) | Profit: 0.0000 ETH | Rate: 0.00/h
[2m2025-12-11T07:46:26.431609Z[0m [32m INFO[0m [2methereum_transaction_pool_monitor::bot_runner[0m[2m:[0m 🤖 MEV Bot Stats | Uptime: 3.9h | Opportunities: 0 | Bundles: 0/0 (0.0%) | Profit: 0.0000 ETH | Rate: 0.00/h
[2m2025-12-11T07:46:31.448699Z[0m [32m INFO[0m [2methereum_transaction_pool_monitor::mempool_monitor[0m[2m:[0m 📊 Mempool Monitor Stats:
[2m2025-12-11T07:46:31.448746Z[0m [32m INFO[0m [2methereum_transaction_pool_monitor::mempool_monitor[0m[2m:[0m    Total transactions: 32623
[2m2025-12-11T07:46:31.448754Z[0m [32m INFO[0m [2methereum_transaction_pool_monitor::mempool_monitor[0m[2m:[0m    DEX transactions: 311 (1.0%)
[2m2025-12-11T07:46:31.448762Z[0m [32m INFO[0m [2methereum_transaction_pool_monitor::mempool_monitor[0m[2m:[0m    Opportunities detected: 0
[2m2025-12-11T07:46:31.448768Z[0m [32m INFO[0m [2methereum_transaction_pool_monitor::mempool_monitor[0m[2m:[0m    Profitable opportunities: 0 (0.0%)
[2m2025-12-11T07:46:36.431439Z[0m [32m INFO[0m [2methereum_transaction_pool_monitor::bot_runner[0m[2m:[0m 🤖 MEV Bot Stats | Uptime: 3.9h | Opportunities: 0 | Bundles: 0/0 (0.0%) | Profit: 0.0000 ETH | Rate: 0.00/h
[2m2025-12-11T07:46:46.430020Z[0m [32m INFO[0m [2methereum_transaction_pool_monitor::bot_runner[0m[2m:[0m 🤖 MEV Bot Stats | Uptime: 3.9h | Opportunities: 0 | Bundles: 0/0 (0.0%) | Profit: 0.0000 ETH | Rate: 0.00/h
[2m2025-12-11T07:46:56.431056Z[0m [32m INFO[0m [2methereum_transaction_pool_monitor::bot_runner[0m[2m:[0m 🤖 MEV Bot Stats | Uptime: 3.9h | Opportunities: 0 | Bundles: 0/0 (0.0%) | Profit: 0.0000 ETH | Rate: 0.00/h
[2m2025-12-11T07:47:01.453014Z[0m [32m INFO[0m [2methereum_transaction_pool_monitor::mempool_monitor[0m[2m:[0m 📊 Mempool Monitor Stats:
[2m2025-12-11T07:47:01.453091Z[0m [32m INFO[0m [2methereum_transaction_pool_monitor::mempool_monitor[0m[2m:[0m    Total transactions: 32623
[2m2025-12-11T07:47:01.453097Z[0m [32m INFO[0m [2methereum_transaction_pool_monitor::mempool_monitor[0m[2m:[0m    DEX transactions: 311 (1.0%)
[2m2025-12-11T07:47:01.453103Z[0m [32m INFO[0m [2methereum_transaction_pool_monitor::mempool_monitor[0m[2m:[0m    Opportunities detected: 0
[2m2025-12-11T07:47:01.453107Z[0m [32m INFO[0m [2methereum_transaction_pool_monitor::mempool_monitor[0m[2m:[0m    Profitable opportunities: 0 (0.0%)
[2m2025-12-11T07:47:06.430529Z[0m [32m INFO[0m [2methereum_transaction_pool_monitor::bot_runner[0m[2m:[0m 🤖 MEV Bot Stats | Uptime: 3.9h | Opportunities: 0 | Bundles: 0/0 (0.0%) | Profit: 0.0000 ETH | Rate: 0.00/h
[2m2025-12-11T07:47:16.431458Z[0m [32m INFO[0m [2methereum_transaction_pool_monitor::bot_runner[0m[2m:[0m 🤖 MEV Bot Stats | Uptime: 3.9h | Opportunities: 0 | Bundles: 0/0 (0.0%) | Profit: 0.0000 ETH | Rate: 0.00/h
[2m2025-12-11T07:47:26.430175Z[0m [32m INFO[0m [2methereum_transaction_pool_monitor::bot_runner[0m[2m:[0m 🤖 MEV Bot Stats | Uptime: 3.9h | Opportunities: 0 | Bundles: 0/0 (0.0%) | Profit: 0.0000 ETH | Rate: 0.00/h
[2m2025-12-11T07:47:31.456675Z[0m [32m INFO[0m [2methereum_transaction_pool_monitor::mempool_monitor[0m[2m:[0m 📊 Mempool Monitor Stats:
[2m2025-12-11T07:47:31.456718Z[0m [32m INFO[0m [2methereum_transaction_pool_monitor::mempool_monitor[0m[2m:[0m    Total transactions: 32623
[2m2025-12-11T07:47:31.456724Z[0m [32m INFO[0m [2methereum_transaction_pool_monitor::mempool_monitor[0m[2m:[0m    DEX transactions: 311 (1.0%)
[2m2025-12-11T07:47:31.456730Z[0m [32m INFO[0m [2methereum_transaction_pool_monitor::mempool_monitor[0m[2m:[0m    Opportunities detected: 0
[2m2025-12-11T07:47:31.456734Z[0m [32m INFO[0m [2methereum_transaction_pool_monitor::mempool_monitor[0m[2m:[0m    Profitable opportunities: 0 (0.0%)
[2m2025-12-11T07:47:36.431360Z[0m [32m INFO[0m [2methereum_transaction_pool_monitor::bot_runner[0m[2m:[0m 🤖 MEV Bot Stats | Uptime: 3.9h | Opportunities: 0 | Bundles: 0/0 (0.0%) | Profit: 0.0000 ETH | Rate: 0.00/h
[2m2025-12-11T07:47:46.431999Z[0m [32m INFO[0m [2methereum_transaction_pool_monitor::bot_runner[0m[2m:[0m 🤖 MEV Bot Stats | Uptime: 3.9h | Opportunities: 0 | Bundles: 0/0 (0.0%) | Profit: 0.0000 ETH | Rate: 0.00/h
[2m2025-12-11T07:47:56.431991Z[0m [32m INFO[0m [2methereum_transaction_pool_monitor::bot_runner[0m[2m:[0m 🤖 MEV Bot Stats | Uptime: 3.9h | Opportunities: 0 | Bundles: 0/0 (0.0%) | Profit: 0.0000 ETH | Rate: 0.00/h
[2m2025-12-11T07:48:01.460031Z[0m [32m INFO[0m [2methereum_transaction_pool_monitor::mempool_monitor[0m[2m:[0m 📊 Mempool Monitor Stats:
[2m2025-12-11T07:48:01.460081Z[0m [32m INFO[0m [2methereum_transaction_pool_monitor::mempool_monitor[0m[2m:[0m    Total transactions: 32623
[2m2025-12-11T07:48:01.460088Z[0m [32m INFO[0m [2methereum_transaction_pool_monitor::mempool_monitor[0m[2m:[0m    DEX transactions: 311 (1.0%)
[2m2025-12-11T07:48:01.460095Z[0m [32m INFO[0m [2methereum_transaction_pool_monitor::mempool_monitor[0m[2m:[0m    Opportunities detected: 0
[2m2025-12-11T07:48:01.460099Z[0m [32m INFO[0m [2methereum_transaction_pool_monitor::mempool_monitor[0m[2m:[0m    Profitable opportunities: 0 (0.0%)
[2m2025-12-11T07:48:06.430638Z[0m [32m INFO[0m [2methereum_transaction_pool_monitor::bot_runner[0m[2m:[0m 🤖 MEV Bot Stats | Uptime: 3.9h | Opportunities: 0 | Bundles: 0/0 (0.0%) | Profit: 0.0000 ETH | Rate: 0.00/h
[2m2025-12-11T07:48:16.431949Z[0m [32m INFO[0m [2methereum_transaction_pool_monitor::bot_runner[0m[2m:[0m 🤖 MEV Bot Stats | Uptime: 3.9h | Opportunities: 0 | Bundles: 0/0 (0.0%) | Profit: 0.0000 ETH | Rate: 0.00/h
[2m2025-12-11T07:48:26.432392Z[0m [32m INFO[0m [2methereum_transaction_pool_monitor::bot_runner[0m[2m:[0m 🤖 MEV Bot Stats | Uptime: 3.9h | Opportunities: 0 | Bundles: 0/0 (0.0%) | Profit: 0.0000 ETH | Rate: 0.00/h
[2m2025-12-11T07:48:31.463223Z[0m [32m INFO[0m [2methereum_transaction_pool_monitor::mempool_monitor[0m[2m:[0m 📊 Mempool Monitor Stats:
[2m2025-12-11T07:48:31.463273Z[0m [32m INFO[0m [2methereum_transaction_pool_monitor::mempool_monitor[0m[2m:[0m    Total transactions: 32623
[2m2025-12-11T07:48:31.463285Z[0m [32m INFO[0m [2methereum_transaction_pool_monitor::mempool_monitor[0m[2m:[0m    DEX transactions: 311 (1.0%)
[2m2025-12-11T07:48:31.463293Z[0m [32m INFO[0m [2methereum_transaction_pool_monitor::mempool_monitor[0m[2m:[0m    Opportunities detected: 0
[2m2025-12-11T07:48:31.463299Z[0m [32m INFO[0m [2methereum_transaction_pool_monitor::mempool_monitor[0m[2m:[0m    Profitable opportunities: 0 (0.0%)
[2m2025-12-11T07:48:36.431953Z[0m [32m INFO[0m [2methereum_transaction_pool_monitor::bot_runner[0m[2m:[0m 🤖 MEV Bot Stats | Uptime: 3.9h | Opportunities: 0 | Bundles: 0/0 (0.0%) | Profit: 0.0000 ETH | Rate: 0.00/h
[2m2025-12-11T07:48:46.431207Z[0m [32m INFO[0m [2methereum_transaction_pool_monitor::bot_runner[0m[2m:[0m 🤖 MEV Bot Stats | Uptime: 3.9h | Opportunities: 0 | Bundles: 0/0 (0.0%) | Profit: 0.0000 ETH | Rate: 0.00/h
[2m2025-12-11T07:48:56.431812Z[0m [32m INFO[0m [2methereum_transaction_pool_monitor::bot_runner[0m[2m:[0m 🤖 MEV Bot Stats | Uptime: 3.9h | Opportunities: 0 | Bundles: 0/0 (0.0%) | Profit: 0.0000 ETH | Rate: 0.00/h
[2m2025-12-11T07:49:01.466208Z[0m [32m INFO[0m [2methereum_transaction_pool_monitor::mempool_monitor[0m[2m:[0m 📊 Mempool Monitor Stats:
[2m2025-12-11T07:49:01.466257Z[0m [32m INFO[0m [2methereum_transaction_pool_monitor::mempool_monitor[0m[2m:[0m    Total transactions: 32623
[2m2025-12-11T07:49:01.466265Z[0m [32m INFO[0m [2methereum_transaction_pool_monitor::mempool_monitor[0m[2m:[0m    DEX transactions: 311 (1.0%)
[2m2025-12-11T07:49:01.466276Z[0m [32m INFO[0m [2methereum_transaction_pool_monitor::mempool_monitor[0m[2m:[0m    Opportunities detected: 0
[2m2025-12-11T07:49:01.466282Z[0m [32m INFO[0m [2methereum_transaction_pool_monitor::mempool_monitor[0m[2m:[0m    Profitable opportunities: 0 (0.0%)
[2m2025-12-11T07:49:06.431888Z[0m [32m INFO[0m [2methereum_transaction_pool_monitor::bot_runner[0m[2m:[0m 🤖 MEV Bot Stats | Uptime: 4.0h | Opportunities: 0 | Bundles: 0/0 (0.0%) | Profit: 0.0000 ETH | Rate: 0.00/h
[2m2025-12-11T07:49:16.432754Z[0m [32m INFO[0m [2methereum_transaction_pool_monitor::bot_runner[0m[2m:[0m 🤖 MEV Bot Stats | Uptime: 4.0h | Opportunities: 0 | Bundles: 0/0 (0.0%) | Profit: 0.0000 ETH | Rate: 0.00/h
[2m2025-12-11T07:49:26.431928Z[0m [32m INFO[0m [2methereum_transaction_pool_monitor::bot_runner[0m[2m:[0m 🤖 MEV Bot Stats | Uptime: 4.0h | Opportunities: 0 | Bundles: 0/0 (0.0%) | Profit: 0.0000 ETH | Rate: 0.00/h
[2m2025-12-11T07:49:31.469700Z[0m [32m INFO[0m [2methereum_transaction_pool_monitor::mempool_monitor[0m[2m:[0m 📊 Mempool Monitor Stats:
[2m2025-12-11T07:49:31.469754Z[0m [32m INFO[0m [2methereum_transaction_pool_monitor::mempool_monitor[0m[2m:[0m    Total transactions: 32623
[2m2025-12-11T07:49:31.469762Z[0m [32m INFO[0m [2methereum_transaction_pool_monitor::mempool_monitor[0m[2m:[0m    DEX transactions: 311 (1.0%)
[2m2025-12-11T07:49:31.469775Z[0m [32m INFO[0m [2methereum_transaction_pool_monitor::mempool_monitor[0m[2m:[0m    Opportunities detected: 0
[2m2025-12-11T07:49:31.469782Z[0m [32m INFO[0m [2methereum_transaction_pool_monitor::mempool_monitor[0m[2m:[0m    Profitable opportunities: 0 (0.0%)
[2m2025-12-11T07:49:36.431908Z[0m [32m INFO[0m [2methereum_transaction_pool_monitor::bot_runner[0m[2m:[0m 🤖 MEV Bot Stats | Uptime: 4.0h | Opportunities: 0 | Bundles: 0/0 (0.0%) | Profit: 0.0000 ETH | Rate: 0.00/h
[2m2025-12-11T07:49:46.432518Z[0m [32m INFO[0m [2methereum_transaction_pool_monitor::bot_runner[0m[2m:[0m 🤖 MEV Bot Stats | Uptime: 4.0h | Opportunities: 0 | Bundles: 0/0 (0.0%) | Profit: 0.0000 ETH | Rate: 0.00/h
[2m2025-12-11T07:49:56.431296Z[0m [32m INFO[0m [2methereum_transaction_pool_monitor::bot_runner[0m[2m:[0m 🤖 MEV Bot Stats | Uptime: 4.0h | Opportunities: 0 | Bundles: 0/0 (0.0%) | Profit: 0.0000 ETH | Rate: 0.00/h
[2m2025-12-11T07:50:01.472370Z[0m [32m INFO[0m [2methereum_transaction_pool_monitor::mempool_monitor[0m[2m:[0m 📊 Mempool Monitor Stats:
[2m2025-12-11T07:50:01.472417Z[0m [32m INFO[0m [2methereum_transaction_pool_monitor::mempool_monitor[0m[2m:[0m    Total transactions: 32623
[2m2025-12-11T07:50:01.472430Z[0m [32m INFO[0m [2methereum_transaction_pool_monitor::mempool_monitor[0m[2m:[0m    DEX transactions: 311 (1.0%)
[2m2025-12-11T07:50:01.472438Z[0m [32m INFO[0m [2methereum_transaction_pool_monitor::mempool_monitor[0m[2m:[0m    Opportunities detected: 0
[2m2025-12-11T07:50:01.472444Z[0m [32m INFO[0m [2methereum_transaction_pool_monitor::mempool_monitor[0m[2m:[0m    Profitable opportunities: 0 (0.0%)
[2m2025-12-11T07:50:06.431612Z[0m [32m INFO[0m [2methereum_transaction_pool_monitor::bot_runner[0m[2m:[0m 🤖 MEV Bot Stats | Uptime: 4.0h | Opportunities: 0 | Bundles: 0/0 (0.0%) | Profit: 0.0000 ETH | Rate: 0.00/h
[2m2025-12-11T07:50:16.432471Z[0m [32m INFO[0m [2methereum_transaction_pool_monitor::bot_runner[0m[2m:[0m 🤖 MEV Bot Stats | Uptime: 4.0h | Opportunities: 0 | Bundles: 0/0 (0.0%) | Profit: 0.0000 ETH | Rate: 0.00/h
[2m2025-12-11T07:50:26.432774Z[0m [32m INFO[0m [2methereum_transaction_pool_monitor::bot_runner[0m[2m:[0m 🤖 MEV Bot Stats | Uptime: 4.0h | Opportunities: 0 | Bundles: 0/0 (0.0%) | Profit: 0.0000 ETH | Rate: 0.00/h
[2m2025-12-11T07:50:31.475940Z[0m [32m INFO[0m [2methereum_transaction_pool_monitor::mempool_monitor[0m[2m:[0m 📊 Mempool Monitor Stats:
[2m2025-12-11T07:50:31.475989Z[0m [32m INFO[0m [2methereum_transaction_pool_monitor::mempool_monitor[0m[2m:[0m    Total transactions: 32623
[2m2025-12-11T07:50:31.475997Z[0m [32m INFO[0m [2methereum_transaction_pool_monitor::mempool_monitor[0m[2m:[0m    DEX transactions: 311 (1.0%)
[2m2025-12-11T07:50:31.476006Z[0m [32m INFO[0m [2methereum_transaction_pool_monitor::mempool_monitor[0m[2m:[0m    Opportunities detected: 0
[2m2025-12-11T07:50:31.476011Z[0m [32m INFO[0m [2methereum_transaction_pool_monitor::mempool_monitor[0m[2m:[0m    Profitable opportunities: 0 (0.0%)
[2m2025-12-11T07:50:36.433140Z[0m [32m INFO[0m [2methereum_transaction_pool_monitor::bot_runner[0m[2m:[0m 🤖 MEV Bot Stats | Uptime: 4.0h | Opportunities: 0 | Bundles: 0/0 (0.0%) | Profit: 0.0000 ETH | Rate: 0.00/h
[2m2025-12-11T07:50:46.431699Z[0m [32m INFO[0m [2methereum_transaction_pool_monitor::bot_runner[0m[2m:[0m 🤖 MEV Bot Stats | Uptime: 4.0h | Opportunities: 0 | Bundles: 0/0 (0.0%) | Profit: 0.0000 ETH | Rate: 0.00/h
[2m2025-12-11T07:50:56.433141Z[0m [32m INFO[0m [2methereum_transaction_pool_monitor::bot_runner[0m[2m:[0m 🤖 MEV Bot Stats | Uptime: 4.0h | Opportunities: 0 | Bundles: 0/0 (0.0%) | Profit: 0.0000 ETH | Rate: 0.00/h
[2m2025-12-11T07:51:01.477440Z[0m [32m INFO[0m [2methereum_transaction_pool_monitor::mempool_monitor[0m[2m:[0m 📊 Mempool Monitor Stats:
[2m2025-12-11T07:51:01.477531Z[0m [32m INFO[0m [2methereum_transaction_pool_monitor::mempool_monitor[0m[2m:[0m    Total transactions: 32623
[2m2025-12-11T07:51:01.477542Z[0m [32m INFO[0m [2methereum_transaction_pool_monitor::mempool_monitor[0m[2m:[0m    DEX transactions: 311 (1.0%)
[2m2025-12-11T07:51:01.477552Z[0m [32m INFO[0m [2methereum_transaction_pool_monitor::mempool_monitor[0m[2m:[0m    Opportunities detected: 0
[2m2025-12-11T07:51:01.477560Z[0m [32m INFO[0m [2methereum_transaction_pool_monitor::mempool_monitor[0m[2m:[0m    Profitable opportunities: 0 (0.0%)
[2m2025-12-11T07:51:06.432777Z[0m [32m INFO[0m [2methereum_transaction_pool_monitor::bot_runner[0m[2m:[0m 🤖 MEV Bot Stats | Uptime: 4.0h | Opportunities: 0 | Bundles: 0/0 (0.0%) | Profit: 0.0000 ETH | Rate: 0.00/h
[2m2025-12-11T07:51:16.433137Z[0m [32m INFO[0m [2methereum_transaction_pool_monitor::bot_runner[0m[2m:[0m 🤖 MEV Bot Stats | Uptime: 4.0h | Opportunities: 0 | Bundles: 0/0 (0.0%) | Profit: 0.0000 ETH | Rate: 0.00/h
[2m2025-12-11T07:51:26.432016Z[0m [32m INFO[0m [2methereum_transaction_pool_monitor::bot_runner[0m[2m:[0m 🤖 MEV Bot Stats | Uptime: 4.0h | Opportunities: 0 | Bundles: 0/0 (0.0%) | Profit: 0.0000 ETH | Rate: 0.00/h
[2m2025-12-11T07:51:31.480778Z[0m [32m INFO[0m [2methereum_transaction_pool_monitor::mempool_monitor[0m[2m:[0m 📊 Mempool Monitor Stats:
[2m2025-12-11T07:51:31.480827Z[0m [32m INFO[0m [2methereum_transaction_pool_monitor::mempool_monitor[0m[2m:[0m    Total transactions: 32623
[2m2025-12-11T07:51:31.480833Z[0m [32m INFO[0m [2methereum_transaction_pool_monitor::mempool_monitor[0m[2m:[0m    DEX transactions: 311 (1.0%)
[2m2025-12-11T07:51:31.480839Z[0m [32m INFO[0m [2methereum_transaction_pool_monitor::mempool_monitor[0m[2m:[0m    Opportunities detected: 0
[2m2025-12-11T07:51:31.480843Z[0m [32m INFO[0m [2methereum_transaction_pool_monitor::mempool_monitor[0m[2m:[0m    Profitable opportunities: 0 (0.0%)
[2m2025-12-11T07:51:36.433574Z[0m [32m INFO[0m [2methereum_transaction_pool_monitor::bot_runner[0m[2m:[0m 🤖 MEV Bot Stats | Uptime: 4.0h | Opportunities: 0 | Bundles: 0/0 (0.0%) | Profit: 0.0000 ETH | Rate: 0.00/h
[2m2025-12-11T07:51:46.433461Z[0m [32m INFO[0m [2methereum_transaction_pool_monitor::bot_runner[0m[2m:[0m 🤖 MEV Bot Stats | Uptime: 4.0h | Opportunities: 0 | Bundles: 0/0 (0.0%) | Profit: 0.0000 ETH | Rate: 0.00/h
[2m2025-12-11T07:51:56.433389Z[0m [32m INFO[0m [2methereum_transaction_pool_monitor::bot_runner[0m[2m:[0m 🤖 MEV Bot Stats | Uptime: 4.0h | Opportunities: 0 | Bundles: 0/0 (0.0%) | Profit: 0.0000 ETH | Rate: 0.00/h
[2m2025-12-11T07:52:01.484297Z[0m [32m INFO[0m [2methereum_transaction_pool_monitor::mempool_monitor[0m[2m:[0m 📊 Mempool Monitor Stats:
[2m2025-12-11T07:52:01.484346Z[0m [32m INFO[0m [2methereum_transaction_pool_monitor::mempool_monitor[0m[2m:[0m    Total transactions: 32623
[2m2025-12-11T07:52:01.484354Z[0m [32m INFO[0m [2methereum_transaction_pool_monitor::mempool_monitor[0m[2m:[0m    DEX transactions: 311 (1.0%)
[2m2025-12-11T07:52:01.484360Z[0m [32m INFO[0m [2methereum_transaction_pool_monitor::mempool_monitor[0m[2m:[0m    Opportunities detected: 0
[2m2025-12-11T07:52:01.484364Z[0m [32m INFO[0m [2methereum_transaction_pool_monitor::mempool_monitor[0m[2m:[0m    Profitable opportunities: 0 (0.0%)
[2m2025-12-11T07:52:06.432591Z[0m [32m INFO[0m [2methereum_transaction_pool_monitor::bot_runner[0m[2m:[0m 🤖 MEV Bot Stats | Uptime: 4.0h | Opportunities: 0 | Bundles: 0/0 (0.0%) | Profit: 0.0000 ETH | Rate: 0.00/h
[2m2025-12-11T07:52:16.433648Z[0m [32m INFO[0m [2methereum_transaction_pool_monitor::bot_runner[0m[2m:[0m 🤖 MEV Bot Stats | Uptime: 4.0h | Opportunities: 0 | Bundles: 0/0 (0.0%) | Profit: 0.0000 ETH | Rate: 0.00/h
[2m2025-12-11T07:52:26.433350Z[0m [32m INFO[0m [2methereum_transaction_pool_monitor::bot_runner[0m[2m:[0m 🤖 MEV Bot Stats | Uptime: 4.0h | Opportunities: 0 | Bundles: 0/0 (0.0%) | Profit: 0.0000 ETH | Rate: 0.00/h
[2m2025-12-11T07:52:31.487963Z[0m [32m INFO[0m [2methereum_transaction_pool_monitor::mempool_monitor[0m[2m:[0m 📊 Mempool Monitor Stats:
[2m2025-12-11T07:52:31.488011Z[0m [32m INFO[0m [2methereum_transaction_pool_monitor::mempool_monitor[0m[2m:[0m    Total transactions: 32623
[2m2025-12-11T07:52:31.488018Z[0m [32m INFO[0m [2methereum_transaction_pool_monitor::mempool_monitor[0m[2m:[0m    DEX transactions: 311 (1.0%)
[2m2025-12-11T07:52:31.488024Z[0m [32m INFO[0m [2methereum_transaction_pool_monitor::mempool_monitor[0m[2m:[0m    Opportunities detected: 0
[2m2025-12-11T07:52:31.488029Z[0m [32m INFO[0m [2methereum_transaction_pool_monitor::mempool_monitor[0m[2m:[0m    Profitable opportunities: 0 (0.0%)
[2m2025-12-11T07:52:36.434129Z[0m [32m INFO[0m [2methereum_transaction_pool_monitor::bot_runner[0m[2m:[0m 🤖 MEV Bot Stats | Uptime: 4.0h | Opportunities: 0 | Bundles: 0/0 (0.0%) | Profit: 0.0000 ETH | Rate: 0.00/h
[2m2025-12-11T07:52:46.432671Z[0m [32m INFO[0m [2methereum_transaction_pool_monitor::bot_runner[0m[2m:[0m 🤖 MEV Bot Stats | Uptime: 4.0h | Opportunities: 0 | Bundles: 0/0 (0.0%) | Profit: 0.0000 ETH | Rate: 0.00/h
[2m2025-12-11T07:52:56.433796Z[0m [32m INFO[0m [2methereum_transaction_pool_monitor::bot_runner[0m[2m:[0m 🤖 MEV Bot Stats | Uptime: 4.0h | Opportunities: 0 | Bundles: 0/0 (0.0%) | Profit: 0.0000 ETH | Rate: 0.00/h
[2m2025-12-11T07:53:01.490359Z[0m [32m INFO[0m [2methereum_transaction_pool_monitor::mempool_monitor[0m[2m:[0m 📊 Mempool Monitor Stats:
[2m2025-12-11T07:53:01.490405Z[0m [32m INFO[0m [2methereum_transaction_pool_monitor::mempool_monitor[0m[2m:[0m    Total transactions: 32623
[2m2025-12-11T07:53:01.490412Z[0m [32m INFO[0m [2methereum_transaction_pool_monitor::mempool_monitor[0m[2m:[0m    DEX transactions: 311 (1.0%)
[2m2025-12-11T07:53:01.490417Z[0m [32m INFO[0m [2methereum_transaction_pool_monitor::mempool_monitor[0m[2m:[0m    Opportunities detected: 0
[2m2025-12-11T07:53:01.490422Z[0m [32m INFO[0m [2methereum_transaction_pool_monitor::mempool_monitor[0m[2m:[0m    Profitable opportunities: 0 (0.0%)
[2m2025-12-11T07:53:06.433360Z[0m [32m INFO[0m [2methereum_transaction_pool_monitor::bot_runner[0m[2m:[0m 🤖 MEV Bot Stats | Uptime: 4.0h | Opportunities: 0 | Bundles: 0/0 (0.0%) | Profit: 0.0000 ETH | Rate: 0.00/h
[2m2025-12-11T07:53:16.432807Z[0m [32m INFO[0m [2methereum_transaction_pool_monitor::bot_runner[0m[2m:[0m 🤖 MEV Bot Stats | Uptime: 4.0h | Opportunities: 0 | Bundles: 0/0 (0.0%) | Profit: 0.0000 ETH | Rate: 0.00/h
[2m2025-12-11T07:53:26.432434Z[0m [32m INFO[0m [2methereum_transaction_pool_monitor::bot_runner[0m[2m:[0m 🤖 MEV Bot Stats | Uptime: 4.0h | Opportunities: 0 | Bundles: 0/0 (0.0%) | Profit: 0.0000 ETH | Rate: 0.00/h
[2m2025-12-11T07:53:31.493372Z[0m [32m INFO[0m [2methereum_transaction_pool_monitor::mempool_monitor[0m[2m:[0m 📊 Mempool Monitor Stats:
[2m2025-12-11T07:53:31.493423Z[0m [32m INFO[0m [2methereum_transaction_pool_monitor::mempool_monitor[0m[2m:[0m    Total transactions: 32623
[2m2025-12-11T07:53:31.493431Z[0m [32m INFO[0m [2methereum_transaction_pool_monitor::mempool_monitor[0m[2m:[0m    DEX transactions: 311 (1.0%)
[2m2025-12-11T07:53:31.493437Z[0m [32m INFO[0m [2methereum_transaction_pool_monitor::mempool_monitor[0m[2m:[0m    Opportunities detected: 0
[2m2025-12-11T07:53:31.493442Z[0m [32m INFO[0m [2methereum_transaction_pool_monitor::mempool_monitor[0m[2m:[0m    Profitable opportunities: 0 (0.0%)
[2m2025-12-11T07:53:36.432841Z[0m [32m INFO[0m [2methereum_transaction_pool_monitor::bot_runner[0m[2m:[0m 🤖 MEV Bot Stats | Uptime: 4.0h | Opportunities: 0 | Bundles: 0/0 (0.0%) | Profit: 0.0000 ETH | Rate: 0.00/h
[2m2025-12-11T07:53:46.432894Z[0m [32m INFO[0m [2methereum_transaction_pool_monitor::bot_runner[0m[2m:[0m 🤖 MEV Bot Stats | Uptime: 4.0h | Opportunities: 0 | Bundles: 0/0 (0.0%) | Profit: 0.0000 ETH | Rate: 0.00/h
[2m2025-12-11T07:53:56.433267Z[0m [32m INFO[0m [2methereum_transaction_pool_monitor::bot_runner[0m[2m:[0m 🤖 MEV Bot Stats | Uptime: 4.0h | Opportunities: 0 | Bundles: 0/0 (0.0%) | Profit: 0.0000 ETH | Rate: 0.00/h
[2m2025-12-11T07:54:01.495775Z[0m [32m INFO[0m [2methereum_transaction_pool_monitor::mempool_monitor[0m[2m:[0m 📊 Mempool Monitor Stats:
[2m2025-12-11T07:54:01.495853Z[0m [32m INFO[0m [2methereum_transaction_pool_monitor::mempool_monitor[0m[2m:[0m    Total transactions: 32623
[2m2025-12-11T07:54:01.495876Z[0m [32m INFO[0m [2methereum_transaction_pool_monitor::mempool_monitor[0m[2m:[0m    DEX transactions: 311 (1.0%)
[2m2025-12-11T07:54:01.495900Z[0m [32m INFO[0m [2methereum_transaction_pool_monitor::mempool_monitor[0m[2m:[0m    Opportunities detected: 0
[2m2025-12-11T07:54:01.495927Z[0m [32m INFO[0m [2methereum_transaction_pool_monitor::mempool_monitor[0m[2m:[0m    Profitable opportunities: 0 (0.0%)
[2m2025-12-11T07:54:06.433322Z[0m [32m INFO[0m [2methereum_transaction_pool_monitor::bot_runner[0m[2m:[0m 🤖 MEV Bot Stats | Uptime: 4.0h | Opportunities: 0 | Bundles: 0/0 (0.0%) | Profit: 0.0000 ETH | Rate: 0.00/h
[2m2025-12-11T07:54:16.433301Z[0m [32m INFO[0m [2methereum_transaction_pool_monitor::bot_runner[0m[2m:[0m 🤖 MEV Bot Stats | Uptime: 4.0h | Opportunities: 0 | Bundles: 0/0 (0.0%) | Profit: 0.0000 ETH | Rate: 0.00/h
[2m2025-12-11T07:54:26.441352Z[0m [32m INFO[0m [2methereum_transaction_pool_monitor::bot_runner[0m[2m:[0m 🤖 MEV Bot Stats | Uptime: 4.0h | Opportunities: 0 | Bundles: 0/0 (0.0%) | Profit: 0.0000 ETH | Rate: 0.00/h
[2m2025-12-11T07:54:31.511276Z[0m [32m INFO[0m [2methereum_transaction_pool_monitor::mempool_monitor[0m[2m:[0m 📊 Mempool Monitor Stats:
[2m2025-12-11T07:54:31.511326Z[0m [32m INFO[0m [2methereum_transaction_pool_monitor::mempool_monitor[0m[2m:[0m    Total transactions: 32623
[2m2025-12-11T07:54:31.511334Z[0m [32m INFO[0m [2methereum_transaction_pool_monitor::mempool_monitor[0m[2m:[0m    DEX transactions: 311 (1.0%)
[2m2025-12-11T07:54:31.511340Z[0m [32m INFO[0m [2methereum_transaction_pool_monitor::mempool_monitor[0m[2m:[0m    Opportunities detected: 0
[2m2025-12-11T07:54:31.511344Z[0m [32m INFO[0m [2methereum_transaction_pool_monitor::mempool_monitor[0m[2m:[0m    Profitable opportunities: 0 (0.0%)
[2m2025-12-11T07:54:36.449041Z[0m [32m INFO[0m [2methereum_transaction_pool_monitor::bot_runner[0m[2m:[0m 🤖 MEV Bot Stats | Uptime: 4.0h | Opportunities: 0 | Bundles: 0/0 (0.0%) | Profit: 0.0000 ETH | Rate: 0.00/h
[2m2025-12-11T07:54:46.453161Z[0m [32m INFO[0m [2methereum_transaction_pool_monitor::bot_runner[0m[2m:[0m 🤖 MEV Bot Stats | Uptime: 4.0h | Opportunities: 0 | Bundles: 0/0 (0.0%) | Profit: 0.0000 ETH | Rate: 0.00/h
[2m2025-12-11T07:54:56.456090Z[0m [32m INFO[0m [2methereum_transaction_pool_monitor::bot_runner[0m[2m:[0m 🤖 MEV Bot Stats | Uptime: 4.0h | Opportunities: 0 | Bundles: 0/0 (0.0%) | Profit: 0.0000 ETH | Rate: 0.00/h
[2m2025-12-11T07:55:01.523112Z[0m [32m INFO[0m [2methereum_transaction_pool_monitor::mempool_monitor[0m[2m:[0m 📊 Mempool Monitor Stats:
[2m2025-12-11T07:55:01.523162Z[0m [32m INFO[0m [2methereum_transaction_pool_monitor::mempool_monitor[0m[2m:[0m    Total transactions: 32623
[2m2025-12-11T07:55:01.523170Z[0m [32m INFO[0m [2methereum_transaction_pool_monitor::mempool_monitor[0m[2m:[0m    DEX transactions: 311 (1.0%)
[2m2025-12-11T07:55:01.523178Z[0m [32m INFO[0m [2methereum_transaction_pool_monitor::mempool_monitor[0m[2m:[0m    Opportunities detected: 0
[2m2025-12-11T07:55:01.523184Z[0m [32m INFO[0m [2methereum_transaction_pool_monitor::mempool_monitor[0m[2m:[0m    Profitable opportunities: 0 (0.0%)
[2m2025-12-11T07:55:06.457275Z[0m [32m INFO[0m [2methereum_transaction_pool_monitor::bot_runner[0m[2m:[0m 🤖 MEV Bot Stats | Uptime: 4.1h | Opportunities: 0 | Bundles: 0/0 (0.0%) | Profit: 0.0000 ETH | Rate: 0.00/h
[2m2025-12-11T07:55:16.458172Z[0m [32m INFO[0m [2methereum_transaction_pool_monitor::bot_runner[0m[2m:[0m 🤖 MEV Bot Stats | Uptime: 4.1h | Opportunities: 0 | Bundles: 0/0 (0.0%) | Profit: 0.0000 ETH | Rate: 0.00/h
[2m2025-12-11T07:55:26.457774Z[0m [32m INFO[0m [2methereum_transaction_pool_monitor::bot_runner[0m[2m:[0m 🤖 MEV Bot Stats | Uptime: 4.1h | Opportunities: 0 | Bundles: 0/0 (0.0%) | Profit: 0.0000 ETH | Rate: 0.00/h
[2m2025-12-11T07:55:31.527244Z[0m [32m INFO[0m [2methereum_transaction_pool_monitor::mempool_monitor[0m[2m:[0m 📊 Mempool Monitor Stats:
[2m2025-12-11T07:55:31.527286Z[0m [32m INFO[0m [2methereum_transaction_pool_monitor::mempool_monitor[0m[2m:[0m    Total transactions: 32623
[2m2025-12-11T07:55:31.527293Z[0m [32m INFO[0m [2methereum_transaction_pool_monitor::mempool_monitor[0m[2m:[0m    DEX transactions: 311 (1.0%)
[2m2025-12-11T07:55:31.527299Z[0m [32m INFO[0m [2methereum_transaction_pool_monitor::mempool_monitor[0m[2m:[0m    Opportunities detected: 0
[2m2025-12-11T07:55:31.527304Z[0m [32m INFO[0m [2methereum_transaction_pool_monitor::mempool_monitor[0m[2m:[0m    Profitable opportunities: 0 (0.0%)
[2m2025-12-11T07:55:36.458914Z[0m [32m INFO[0m [2methereum_transaction_pool_monitor::bot_runner[0m[2m:[0m 🤖 MEV Bot Stats | Uptime: 4.1h | Opportunities: 0 | Bundles: 0/0 (0.0%) | Profit: 0.0000 ETH | Rate: 0.00/h
[2m2025-12-11T07:55:46.458527Z[0m [32m INFO[0m [2methereum_transaction_pool_monitor::bot_runner[0m[2m:[0m 🤖 MEV Bot Stats | Uptime: 4.1h | Opportunities: 0 | Bundles: 0/0 (0.0%) | Profit: 0.0000 ETH | Rate: 0.00/h
[2m2025-12-11T07:55:56.458419Z[0m [32m INFO[0m [2methereum_transaction_pool_monitor::bot_runner[0m[2m:[0m 🤖 MEV Bot Stats | Uptime: 4.1h | Opportunities: 0 | Bundles: 0/0 (0.0%) | Profit: 0.0000 ETH | Rate: 0.00/h
[2m2025-12-11T07:56:01.529138Z[0m [32m INFO[0m [2methereum_transaction_pool_monitor::mempool_monitor[0m[2m:[0m 📊 Mempool Monitor Stats:
[2m2025-12-11T07:56:01.529189Z[0m [32m INFO[0m [2methereum_transaction_pool_monitor::mempool_monitor[0m[2m:[0m    Total transactions: 32623
[2m2025-12-11T07:56:01.529196Z[0m [32m INFO[0m [2methereum_transaction_pool_monitor::mempool_monitor[0m[2m:[0m    DEX transactions: 311 (1.0%)
[2m2025-12-11T07:56:01.529202Z[0m [32m INFO[0m [2methereum_transaction_pool_monitor::mempool_monitor[0m[2m:[0m    Opportunities detected: 0
[2m2025-12-11T07:56:01.529207Z[0m [32m INFO[0m [2methereum_transaction_pool_monitor::mempool_monitor[0m[2m:[0m    Profitable opportunities: 0 (0.0%)
[2m2025-12-11T07:56:06.458963Z[0m [32m INFO[0m [2methereum_transaction_pool_monitor::bot_runner[0m[2m:[0m 🤖 MEV Bot Stats | Uptime: 4.1h | Opportunities: 0 | Bundles: 0/0 (0.0%) | Profit: 0.0000 ETH | Rate: 0.00/h
[2m2025-12-11T07:56:16.458984Z[0m [32m INFO[0m [2methereum_transaction_pool_monitor::bot_runner[0m[2m:[0m 🤖 MEV Bot Stats | Uptime: 4.1h | Opportunities: 0 | Bundles: 0/0 (0.0%) | Profit: 0.0000 ETH | Rate: 0.00/h
[2m2025-12-11T07:56:26.459031Z[0m [32m INFO[0m [2methereum_transaction_pool_monitor::bot_runner[0m[2m:[0m 🤖 MEV Bot Stats | Uptime: 4.1h | Opportunities: 0 | Bundles: 0/0 (0.0%) | Profit: 0.0000 ETH | Rate: 0.00/h
[2m2025-12-11T07:56:31.530811Z[0m [32m INFO[0m [2methereum_transaction_pool_monitor::mempool_monitor[0m[2m:[0m 📊 Mempool Monitor Stats:
[2m2025-12-11T07:56:31.530866Z[0m [32m INFO[0m [2methereum_transaction_pool_monitor::mempool_monitor[0m[2m:[0m    Total transactions: 32623
[2m2025-12-11T07:56:31.530873Z[0m [32m INFO[0m [2methereum_transaction_pool_monitor::mempool_monitor[0m[2m:[0m    DEX transactions: 311 (1.0%)
[2m2025-12-11T07:56:31.530885Z[0m [32m INFO[0m [2methereum_transaction_pool_monitor::mempool_monitor[0m[2m:[0m    Opportunities detected: 0
[2m2025-12-11T07:56:31.530891Z[0m [32m INFO[0m [2methereum_transaction_pool_monitor::mempool_monitor[0m[2m:[0m    Profitable opportunities: 0 (0.0%)
[2m2025-12-11T07:56:36.458535Z[0m [32m INFO[0m [2methereum_transaction_pool_monitor::bot_runner[0m[2m:[0m 🤖 MEV Bot Stats | Uptime: 4.1h | Opportunities: 0 | Bundles: 0/0 (0.0%) | Profit: 0.0000 ETH | Rate: 0.00/h
[2m2025-12-11T07:56:46.458844Z[0m [32m INFO[0m [2methereum_transaction_pool_monitor::bot_runner[0m[2m:[0m 🤖 MEV Bot Stats | Uptime: 4.1h | Opportunities: 0 | Bundles: 0/0 (0.0%) | Profit: 0.0000 ETH | Rate: 0.00/h
[2m2025-12-11T07:56:56.460036Z[0m [32m INFO[0m [2methereum_transaction_pool_monitor::bot_runner[0m[2m:[0m 🤖 MEV Bot Stats | Uptime: 4.1h | Opportunities: 0 | Bundles: 0/0 (0.0%) | Profit: 0.0000 ETH | Rate: 0.00/h
[2m2025-12-11T07:57:01.534025Z[0m [32m INFO[0m [2methereum_transaction_pool_monitor::mempool_monitor[0m[2m:[0m 📊 Mempool Monitor Stats:
[2m2025-12-11T07:57:01.534077Z[0m [32m INFO[0m [2methereum_transaction_pool_monitor::mempool_monitor[0m[2m:[0m    Total transactions: 32623
[2m2025-12-11T07:57:01.534085Z[0m [32m INFO[0m [2methereum_transaction_pool_monitor::mempool_monitor[0m[2m:[0m    DEX transactions: 311 (1.0%)
[2m2025-12-11T07:57:01.534091Z[0m [32m INFO[0m [2methereum_transaction_pool_monitor::mempool_monitor[0m[2m:[0m    Opportunities detected: 0
[2m2025-12-11T07:57:01.534096Z[0m [32m INFO[0m [2methereum_transaction_pool_monitor::mempool_monitor[0m[2m:[0m    Profitable opportunities: 0 (0.0%)
[2m2025-12-11T07:57:06.459399Z[0m [32m INFO[0m [2methereum_transaction_pool_monitor::bot_runner[0m[2m:[0m 🤖 MEV Bot Stats | Uptime: 4.1h | Opportunities: 0 | Bundles: 0/0 (0.0%) | Profit: 0.0000 ETH | Rate: 0.00/h
[2m2025-12-11T07:57:16.459424Z[0m [32m INFO[0m [2methereum_transaction_pool_monitor::bot_runner[0m[2m:[0m 🤖 MEV Bot Stats | Uptime: 4.1h | Opportunities: 0 | Bundles: 0/0 (0.0%) | Profit: 0.0000 ETH | Rate: 0.00/h
[2m2025-12-11T07:57:26.459611Z[0m [32m INFO[0m [2methereum_transaction_pool_monitor::bot_runner[0m[2m:[0m 🤖 MEV Bot Stats | Uptime: 4.1h | Opportunities: 0 | Bundles: 0/0 (0.0%) | Profit: 0.0000 ETH | Rate: 0.00/h
[2m2025-12-11T07:57:31.536166Z[0m [32m INFO[0m [2methereum_transaction_pool_monitor::mempool_monitor[0m[2m:[0m 📊 Mempool Monitor Stats:
[2m2025-12-11T07:57:31.536213Z[0m [32m INFO[0m [2methereum_transaction_pool_monitor::mempool_monitor[0m[2m:[0m    Total transactions: 32623
[2m2025-12-11T07:57:31.536220Z[0m [32m INFO[0m [2methereum_transaction_pool_monitor::mempool_monitor[0m[2m:[0m    DEX transactions: 311 (1.0%)
[2m2025-12-11T07:57:31.536228Z[0m [32m INFO[0m [2methereum_transaction_pool_monitor::mempool_monitor[0m[2m:[0m    Opportunities detected: 0
[2m2025-12-11T07:57:31.536235Z[0m [32m INFO[0m [2methereum_transaction_pool_monitor::mempool_monitor[0m[2m:[0m    Profitable opportunities: 0 (0.0%)
[2m2025-12-11T07:57:36.460165Z[0m [32m INFO[0m [2methereum_transaction_pool_monitor::bot_runner[0m[2m:[0m 🤖 MEV Bot Stats | Uptime: 4.1h | Opportunities: 0 | Bundles: 0/0 (0.0%) | Profit: 0.0000 ETH | Rate: 0.00/h
[2m2025-12-11T07:57:46.460100Z[0m [32m INFO[0m [2methereum_transaction_pool_monitor::bot_runner[0m[2m:[0m 🤖 MEV Bot Stats | Uptime: 4.1h | Opportunities: 0 | Bundles: 0/0 (0.0%) | Profit: 0.0000 ETH | Rate: 0.00/h
[2m2025-12-11T07:57:56.460431Z[0m [32m INFO[0m [2methereum_transaction_pool_monitor::bot_runner[0m[2m:[0m 🤖 MEV Bot Stats | Uptime: 4.1h | Opportunities: 0 | Bundles: 0/0 (0.0%) | Profit: 0.0000 ETH | Rate: 0.00/h
[2m2025-12-11T07:58:01.537984Z[0m [32m INFO[0m [2methereum_transaction_pool_monitor::mempool_monitor[0m[2m:[0m 📊 Mempool Monitor Stats:
[2m2025-12-11T07:58:01.538030Z[0m [32m INFO[0m [2methereum_transaction_pool_monitor::mempool_monitor[0m[2m:[0m    Total transactions: 32623
[2m2025-12-11T07:58:01.538038Z[0m [32m INFO[0m [2methereum_transaction_pool_monitor::mempool_monitor[0m[2m:[0m    DEX transactions: 311 (1.0%)
[2m2025-12-11T07:58:01.538045Z[0m [32m INFO[0m [2methereum_transaction_pool_monitor::mempool_monitor[0m[2m:[0m    Opportunities detected: 0
[2m2025-12-11T07:58:01.538051Z[0m [32m INFO[0m [2methereum_transaction_pool_monitor::mempool_monitor[0m[2m:[0m    Profitable opportunities: 0 (0.0%)
[2m2025-12-11T07:58:06.460510Z[0m [32m INFO[0m [2methereum_transaction_pool_monitor::bot_runner[0m[2m:[0m 🤖 MEV Bot Stats | Uptime: 4.1h | Opportunities: 0 | Bundles: 0/0 (0.0%) | Profit: 0.0000 ETH | Rate: 0.00/h
[2m2025-12-11T07:58:16.460287Z[0m [32m INFO[0m [2methereum_transaction_pool_monitor::bot_runner[0m[2m:[0m 🤖 MEV Bot Stats | Uptime: 4.1h | Opportunities: 0 | Bundles: 0/0 (0.0%) | Profit: 0.0000 ETH | Rate: 0.00/h
[2m2025-12-11T07:58:26.461788Z[0m [32m INFO[0m [2methereum_transaction_pool_monitor::bot_runner[0m[2m:[0m 🤖 MEV Bot Stats | Uptime: 4.1h | Opportunities: 0 | Bundles: 0/0 (0.0%) | Profit: 0.0000 ETH | Rate: 0.00/h
[2m2025-12-11T07:58:31.541951Z[0m [32m INFO[0m [2methereum_transaction_pool_monitor::mempool_monitor[0m[2m:[0m 📊 Mempool Monitor Stats:
[2m2025-12-11T07:58:31.541998Z[0m [32m INFO[0m [2methereum_transaction_pool_monitor::mempool_monitor[0m[2m:[0m    Total transactions: 32623
[2m2025-12-11T07:58:31.542006Z[0m [32m INFO[0m [2methereum_transaction_pool_monitor::mempool_monitor[0m[2m:[0m    DEX transactions: 311 (1.0%)
[2m2025-12-11T07:58:31.542017Z[0m [32m INFO[0m [2methereum_transaction_pool_monitor::mempool_monitor[0m[2m:[0m    Opportunities detected: 0
[2m2025-12-11T07:58:31.542024Z[0m [32m INFO[0m [2methereum_transaction_pool_monitor::mempool_monitor[0m[2m:[0m    Profitable opportunities: 0 (0.0%)
[2m2025-12-11T07:58:36.459928Z[0m [32m INFO[0m [2methereum_transaction_pool_monitor::bot_runner[0m[2m:[0m 🤖 MEV Bot Stats | Uptime: 4.1h | Opportunities: 0 | Bundles: 0/0 (0.0%) | Profit: 0.0000 ETH | Rate: 0.00/h
[2m2025-12-11T07:58:46.460532Z[0m [32m INFO[0m [2methereum_transaction_pool_monitor::bot_runner[0m[2m:[0m 🤖 MEV Bot Stats | Uptime: 4.1h | Opportunities: 0 | Bundles: 0/0 (0.0%) | Profit: 0.0000 ETH | Rate: 0.00/h
[2m2025-12-11T07:58:56.462225Z[0m [32m INFO[0m [2methereum_transaction_pool_monitor::bot_runner[0m[2m:[0m 🤖 MEV Bot Stats | Uptime: 4.1h | Opportunities: 0 | Bundles: 0/0 (0.0%) | Profit: 0.0000 ETH | Rate: 0.00/h
[2m2025-12-11T07:59:01.545592Z[0m [32m INFO[0m [2methereum_transaction_pool_monitor::mempool_monitor[0m[2m:[0m 📊 Mempool Monitor Stats:
[2m2025-12-11T07:59:01.545642Z[0m [32m INFO[0m [2methereum_transaction_pool_monitor::mempool_monitor[0m[2m:[0m    Total transactions: 32623
[2m2025-12-11T07:59:01.545656Z[0m [32m INFO[0m [2methereum_transaction_pool_monitor::mempool_monitor[0m[2m:[0m    DEX transactions: 311 (1.0%)
[2m2025-12-11T07:59:01.545663Z[0m [32m INFO[0m [2methereum_transaction_pool_monitor::mempool_monitor[0m[2m:[0m    Opportunities detected: 0
[2m2025-12-11T07:59:01.545671Z[0m [32m INFO[0m [2methereum_transaction_pool_monitor::mempool_monitor[0m[2m:[0m    Profitable opportunities: 0 (0.0%)
[2m2025-12-11T07:59:06.462827Z[0m [32m INFO[0m [2methereum_transaction_pool_monitor::bot_runner[0m[2m:[0m 🤖 MEV Bot Stats | Uptime: 4.1h | Opportunities: 0 | Bundles: 0/0 (0.0%) | Profit: 0.0000 ETH | Rate: 0.00/h
[2m2025-12-11T07:59:16.462042Z[0m [32m INFO[0m [2methereum_transaction_pool_monitor::bot_runner[0m[2m:[0m 🤖 MEV Bot Stats | Uptime: 4.1h | Opportunities: 0 | Bundles: 0/0 (0.0%) | Profit: 0.0000 ETH | Rate: 0.00/h
[2m2025-12-11T07:59:26.461707Z[0m [32m INFO[0m [2methereum_transaction_pool_monitor::bot_runner[0m[2m:[0m 🤖 MEV Bot Stats | Uptime: 4.1h | Opportunities: 0 | Bundles: 0/0 (0.0%) | Profit: 0.0000 ETH | Rate: 0.00/h
[2m2025-12-11T07:59:31.547173Z[0m [32m INFO[0m [2methereum_transaction_pool_monitor::mempool_monitor[0m[2m:[0m 📊 Mempool Monitor Stats:
[2m2025-12-11T07:59:31.547222Z[0m [32m INFO[0m [2methereum_transaction_pool_monitor::mempool_monitor[0m[2m:[0m    Total transactions: 32623
[2m2025-12-11T07:59:31.547228Z[0m [32m INFO[0m [2methereum_transaction_pool_monitor::mempool_monitor[0m[2m:[0m    DEX transactions: 311 (1.0%)
[2m2025-12-11T07:59:31.547234Z[0m [32m INFO[0m [2methereum_transaction_pool_monitor::mempool_monitor[0m[2m:[0m    Opportunities detected: 0
[2m2025-12-11T07:59:31.547239Z[0m [32m INFO[0m [2methereum_transaction_pool_monitor::mempool_monitor[0m[2m:[0m    Profitable opportunities: 0 (0.0%)
[2m2025-12-11T07:59:36.461375Z[0m [32m INFO[0m [2methereum_transaction_pool_monitor::bot_runner[0m[2m:[0m 🤖 MEV Bot Stats | Uptime: 4.1h | Opportunities: 0 | Bundles: 0/0 (0.0%) | Profit: 0.0000 ETH | Rate: 0.00/h
[2m2025-12-11T07:59:46.462342Z[0m [32m INFO[0m [2methereum_transaction_pool_monitor::bot_runner[0m[2m:[0m 🤖 MEV Bot Stats | Uptime: 4.1h | Opportunities: 0 | Bundles: 0/0 (0.0%) | Profit: 0.0000 ETH | Rate: 0.00/h
[2m2025-12-11T07:59:56.461782Z[0m [32m INFO[0m [2methereum_transaction_pool_monitor::bot_runner[0m[2m:[0m 🤖 MEV Bot Stats | Uptime: 4.1h | Opportunities: 0 | Bundles: 0/0 (0.0%) | Profit: 0.0000 ETH | Rate: 0.00/h
[2m2025-12-11T08:00:01.549700Z[0m [32m INFO[0m [2methereum_transaction_pool_monitor::mempool_monitor[0m[2m:[0m 📊 Mempool Monitor Stats:
[2m2025-12-11T08:00:01.549750Z[0m [32m INFO[0m [2methereum_transaction_pool_monitor::mempool_monitor[0m[2m:[0m    Total transactions: 32623
[2m2025-12-11T08:00:01.549762Z[0m [32m INFO[0m [2methereum_transaction_pool_monitor::mempool_monitor[0m[2m:[0m    DEX transactions: 311 (1.0%)
[2m2025-12-11T08:00:01.549770Z[0m [32m INFO[0m [2methereum_transaction_pool_monitor::mempool_monitor[0m[2m:[0m    Opportunities detected: 0
[2m2025-12-11T08:00:01.549778Z[0m [32m INFO[0m [2methereum_transaction_pool_monitor::mempool_monitor[0m[2m:[0m    Profitable opportunities: 0 (0.0%)
[2m2025-12-11T08:00:06.462029Z[0m [32m INFO[0m [2methereum_transaction_pool_monitor::bot_runner[0m[2m:[0m 🤖 MEV Bot Stats | Uptime: 4.1h | Opportunities: 0 | Bundles: 0/0 (0.0%) | Profit: 0.0000 ETH | Rate: 0.00/h
[2m2025-12-11T08:00:16.462481Z[0m [32m INFO[0m [2methereum_transaction_pool_monitor::bot_runner[0m[2m:[0m 🤖 MEV Bot Stats | Uptime: 4.1h | Opportunities: 0 | Bundles: 0/0 (0.0%) | Profit: 0.0000 ETH | Rate: 0.00/h
[2m2025-12-11T08:00:26.461947Z[0m [32m INFO[0m [2methereum_transaction_pool_monitor::bot_runner[0m[2m:[0m 🤖 MEV Bot Stats | Uptime: 4.1h | Opportunities: 0 | Bundles: 0/0 (0.0%) | Profit: 0.0000 ETH | Rate: 0.00/h
[2m2025-12-11T08:00:31.552280Z[0m [32m INFO[0m [2methereum_transaction_pool_monitor::mempool_monitor[0m[2m:[0m 📊 Mempool Monitor Stats:
[2m2025-12-11T08:00:31.552321Z[0m [32m INFO[0m [2methereum_transaction_pool_monitor::mempool_monitor[0m[2m:[0m    Total transactions: 32623
[2m2025-12-11T08:00:31.552328Z[0m [32m INFO[0m [2methereum_transaction_pool_monitor::mempool_monitor[0m[2m:[0m    DEX transactions: 311 (1.0%)
[2m2025-12-11T08:00:31.552334Z[0m [32m INFO[0m [2methereum_transaction_pool_monitor::mempool_monitor[0m[2m:[0m    Opportunities detected: 0
[2m2025-12-11T08:00:31.552339Z[0m [32m INFO[0m [2methereum_transaction_pool_monitor::mempool_monitor[0m[2m:[0m    Profitable opportunities: 0 (0.0%)
[2m2025-12-11T08:00:36.463012Z[0m [32m INFO[0m [2methereum_transaction_pool_monitor::bot_runner[0m[2m:[0m 🤖 MEV Bot Stats | Uptime: 4.1h | Opportunities: 0 | Bundles: 0/0 (0.0%) | Profit: 0.0000 ETH | Rate: 0.00/h
[2m2025-12-11T08:00:46.461778Z[0m [32m INFO[0m [2methereum_transaction_pool_monitor::bot_runner[0m[2m:[0m 🤖 MEV Bot Stats | Uptime: 4.1h | Opportunities: 0 | Bundles: 0/0 (0.0%) | Profit: 0.0000 ETH | Rate: 0.00/h
[2m2025-12-11T08:00:56.462344Z[0m [32m INFO[0m [2methereum_transaction_pool_monitor::bot_runner[0m[2m:[0m 🤖 MEV Bot Stats | Uptime: 4.1h | Opportunities: 0 | Bundles: 0/0 (0.0%) | Profit: 0.0000 ETH | Rate: 0.00/h
[2m2025-12-11T08:01:01.554420Z[0m [32m INFO[0m [2methereum_transaction_pool_monitor::mempool_monitor[0m[2m:[0m 📊 Mempool Monitor Stats:
[2m2025-12-11T08:01:01.554462Z[0m [32m INFO[0m [2methereum_transaction_pool_monitor::mempool_monitor[0m[2m:[0m    Total transactions: 32623
[2m2025-12-11T08:01:01.554469Z[0m [32m INFO[0m [2methereum_transaction_pool_monitor::mempool_monitor[0m[2m:[0m    DEX transactions: 311 (1.0%)
[2m2025-12-11T08:01:01.554475Z[0m [32m INFO[0m [2methereum_transaction_pool_monitor::mempool_monitor[0m[2m:[0m    Opportunities detected: 0
[2m2025-12-11T08:01:01.554479Z[0m [32m INFO[0m [2methereum_transaction_pool_monitor::mempool_monitor[0m[2m:[0m    Profitable opportunities: 0 (0.0%)
[2m2025-12-11T08:01:06.463390Z[0m [32m INFO[0m [2methereum_transaction_pool_monitor::bot_runner[0m[2m:[0m 🤖 MEV Bot Stats | Uptime: 4.2h | Opportunities: 0 | Bundles: 0/0 (0.0%) | Profit: 0.0000 ETH | Rate: 0.00/h
[2m2025-12-11T08:01:16.463014Z[0m [32m INFO[0m [2methereum_transaction_pool_monitor::bot_runner[0m[2m:[0m 🤖 MEV Bot Stats | Uptime: 4.2h | Opportunities: 0 | Bundles: 0/0 (0.0%) | Profit: 0.0000 ETH | Rate: 0.00/h
[2m2025-12-11T08:01:26.462466Z[0m [32m INFO[0m [2methereum_transaction_pool_monitor::bot_runner[0m[2m:[0m 🤖 MEV Bot Stats | Uptime: 4.2h | Opportunities: 0 | Bundles: 0/0 (0.0%) | Profit: 0.0000 ETH | Rate: 0.00/h
[2m2025-12-11T08:01:31.556670Z[0m [32m INFO[0m [2methereum_transaction_pool_monitor::mempool_monitor[0m[2m:[0m 📊 Mempool Monitor Stats:
[2m2025-12-11T08:01:31.556727Z[0m [32m INFO[0m [2methereum_transaction_pool_monitor::mempool_monitor[0m[2m:[0m    Total transactions: 32623
[2m2025-12-11T08:01:31.556738Z[0m [32m INFO[0m [2methereum_transaction_pool_monitor::mempool_monitor[0m[2m:[0m    DEX transactions: 311 (1.0%)
[2m2025-12-11T08:01:31.556747Z[0m [32m INFO[0m [2methereum_transaction_pool_monitor::mempool_monitor[0m[2m:[0m    Opportunities detected: 0
[2m2025-12-11T08:01:31.556753Z[0m [32m INFO[0m [2methereum_transaction_pool_monitor::mempool_monitor[0m[2m:[0m    Profitable opportunities: 0 (0.0%)
[2m2025-12-11T08:01:36.463414Z[0m [32m INFO[0m [2methereum_transaction_pool_monitor::bot_runner[0m[2m:[0m 🤖 MEV Bot Stats | Uptime: 4.2h | Opportunities: 0 | Bundles: 0/0 (0.0%) | Profit: 0.0000 ETH | Rate: 0.00/h
[2m2025-12-11T08:01:46.463089Z[0m [32m INFO[0m [2methereum_transaction_pool_monitor::bot_runner[0m[2m:[0m 🤖 MEV Bot Stats | Uptime: 4.2h | Opportunities: 0 | Bundles: 0/0 (0.0%) | Profit: 0.0000 ETH | Rate: 0.00/h
[2m2025-12-11T08:01:56.463471Z[0m [32m INFO[0m [2methereum_transaction_pool_monitor::bot_runner[0m[2m:[0m 🤖 MEV Bot Stats | Uptime: 4.2h | Opportunities: 0 | Bundles: 0/0 (0.0%) | Profit: 0.0000 ETH | Rate: 0.00/h
[2m2025-12-11T08:02:01.560054Z[0m [32m INFO[0m [2methereum_transaction_pool_monitor::mempool_monitor[0m[2m:[0m 📊 Mempool Monitor Stats:
[2m2025-12-11T08:02:01.560101Z[0m [32m INFO[0m [2methereum_transaction_pool_monitor::mempool_monitor[0m[2m:[0m    Total transactions: 32623
[2m2025-12-11T08:02:01.560110Z[0m [32m INFO[0m [2methereum_transaction_pool_monitor::mempool_monitor[0m[2m:[0m    DEX transactions: 311 (1.0%)
[2m2025-12-11T08:02:01.560118Z[0m [32m INFO[0m [2methereum_transaction_pool_monitor::mempool_monitor[0m[2m:[0m    Opportunities detected: 0
[2m2025-12-11T08:02:01.560123Z[0m [32m INFO[0m [2methereum_transaction_pool_monitor::mempool_monitor[0m[2m:[0m    Profitable opportunities: 0 (0.0%)
[2m2025-12-11T08:02:06.463433Z[0m [32m INFO[0m [2methereum_transaction_pool_monitor::bot_runner[0m[2m:[0m 🤖 MEV Bot Stats | Uptime: 4.2h | Opportunities: 0 | Bundles: 0/0 (0.0%) | Profit: 0.0000 ETH | Rate: 0.00/h
[2m2025-12-11T08:02:16.464163Z[0m [32m INFO[0m [2methereum_transaction_pool_monitor::bot_runner[0m[2m:[0m 🤖 MEV Bot Stats | Uptime: 4.2h | Opportunities: 0 | Bundles: 0/0 (0.0%) | Profit: 0.0000 ETH | Rate: 0.00/h
[2m2025-12-11T08:02:26.463886Z[0m [32m INFO[0m [2methereum_transaction_pool_monitor::bot_runner[0m[2m:[0m 🤖 MEV Bot Stats | Uptime: 4.2h | Opportunities: 0 | Bundles: 0/0 (0.0%) | Profit: 0.0000 ETH | Rate: 0.00/h
[2m2025-12-11T08:02:31.562641Z[0m [32m INFO[0m [2methereum_transaction_pool_monitor::mempool_monitor[0m[2m:[0m 📊 Mempool Monitor Stats:
[2m2025-12-11T08:02:31.562694Z[0m [32m INFO[0m [2methereum_transaction_pool_monitor::mempool_monitor[0m[2m:[0m    Total transactions: 32623
[2m2025-12-11T08:02:31.562702Z[0m [32m INFO[0m [2methereum_transaction_pool_monitor::mempool_monitor[0m[2m:[0m    DEX transactions: 311 (1.0%)
[2m2025-12-11T08:02:31.562709Z[0m [32m INFO[0m [2methereum_transaction_pool_monitor::mempool_monitor[0m[2m:[0m    Opportunities detected: 0
[2m2025-12-11T08:02:31.562715Z[0m [32m INFO[0m [2methereum_transaction_pool_monitor::mempool_monitor[0m[2m:[0m    Profitable opportunities: 0 (0.0%)
[2m2025-12-11T08:02:36.464082Z[0m [32m INFO[0m [2methereum_transaction_pool_monitor::bot_runner[0m[2m:[0m 🤖 MEV Bot Stats | Uptime: 4.2h | Opportunities: 0 | Bundles: 0/0 (0.0%) | Profit: 0.0000 ETH | Rate: 0.00/h
[2m2025-12-11T08:02:46.463286Z[0m [32m INFO[0m [2methereum_transaction_pool_monitor::bot_runner[0m[2m:[0m 🤖 MEV Bot Stats | Uptime: 4.2h | Opportunities: 0 | Bundles: 0/0 (0.0%) | Profit: 0.0000 ETH | Rate: 0.00/h
[2m2025-12-11T08:02:56.463672Z[0m [32m INFO[0m [2methereum_transaction_pool_monitor::bot_runner[0m[2m:[0m 🤖 MEV Bot Stats | Uptime: 4.2h | Opportunities: 0 | Bundles: 0/0 (0.0%) | Profit: 0.0000 ETH | Rate: 0.00/h
[2m2025-12-11T08:03:01.564311Z[0m [32m INFO[0m [2methereum_transaction_pool_monitor::mempool_monitor[0m[2m:[0m 📊 Mempool Monitor Stats:
[2m2025-12-11T08:03:01.564359Z[0m [32m INFO[0m [2methereum_transaction_pool_monitor::mempool_monitor[0m[2m:[0m    Total transactions: 32623
[2m2025-12-11T08:03:01.564367Z[0m [32m INFO[0m [2methereum_transaction_pool_monitor::mempool_monitor[0m[2m:[0m    DEX transactions: 311 (1.0%)
[2m2025-12-11T08:03:01.564377Z[0m [32m INFO[0m [2methereum_transaction_pool_monitor::mempool_monitor[0m[2m:[0m    Opportunities detected: 0
[2m2025-12-11T08:03:01.564383Z[0m [32m INFO[0m [2methereum_transaction_pool_monitor::mempool_monitor[0m[2m:[0m    Profitable opportunities: 0 (0.0%)
[2m2025-12-11T08:03:06.464723Z[0m [32m INFO[0m [2methereum_transaction_pool_monitor::bot_runner[0m[2m:[0m 🤖 MEV Bot Stats | Uptime: 4.2h | Opportunities: 0 | Bundles: 0/0 (0.0%) | Profit: 0.0000 ETH | Rate: 0.00/h
[2m2025-12-11T08:03:16.464961Z[0m [32m INFO[0m [2methereum_transaction_pool_monitor::bot_runner[0m[2m:[0m 🤖 MEV Bot Stats | Uptime: 4.2h | Opportunities: 0 | Bundles: 0/0 (0.0%) | Profit: 0.0000 ETH | Rate: 0.00/h
[2m2025-12-11T08:03:26.464302Z[0m [32m INFO[0m [2methereum_transaction_pool_monitor::bot_runner[0m[2m:[0m 🤖 MEV Bot Stats | Uptime: 4.2h | Opportunities: 0 | Bundles: 0/0 (0.0%) | Profit: 0.0000 ETH | Rate: 0.00/h
[2m2025-12-11T08:03:31.565653Z[0m [32m INFO[0m [2methereum_transaction_pool_monitor::mempool_monitor[0m[2m:[0m 📊 Mempool Monitor Stats:
[2m2025-12-11T08:03:31.565703Z[0m [32m INFO[0m [2methereum_transaction_pool_monitor::mempool_monitor[0m[2m:[0m    Total transactions: 32623
[2m2025-12-11T08:03:31.565714Z[0m [32m INFO[0m [2methereum_transaction_pool_monitor::mempool_monitor[0m[2m:[0m    DEX transactions: 311 (1.0%)
[2m2025-12-11T08:03:31.565722Z[0m [32m INFO[0m [2methereum_transaction_pool_monitor::mempool_monitor[0m[2m:[0m    Opportunities detected: 0
[2m2025-12-11T08:03:31.565727Z[0m [32m INFO[0m [2methereum_transaction_pool_monitor::mempool_monitor[0m[2m:[0m    Profitable opportunities: 0 (0.0%)
[2m2025-12-11T08:03:36.465077Z[0m [32m INFO[0m [2methereum_transaction_pool_monitor::bot_runner[0m[2m:[0m 🤖 MEV Bot Stats | Uptime: 4.2h | Opportunities: 0 | Bundles: 0/0 (0.0%) | Profit: 0.0000 ETH | Rate: 0.00/h
[2m2025-12-11T08:03:46.464980Z[0m [32m INFO[0m [2methereum_transaction_pool_monitor::bot_runner[0m[2m:[0m 🤖 MEV Bot Stats | Uptime: 4.2h | Opportunities: 0 | Bundles: 0/0 (0.0%) | Profit: 0.0000 ETH | Rate: 0.00/h
[2m2025-12-11T08:03:56.464815Z[0m [32m INFO[0m [2methereum_transaction_pool_monitor::bot_runner[0m[2m:[0m 🤖 MEV Bot Stats | Uptime: 4.2h | Opportunities: 0 | Bundles: 0/0 (0.0%) | Profit: 0.0000 ETH | Rate: 0.00/h
[2m2025-12-11T08:04:01.567803Z[0m [32m INFO[0m [2methereum_transaction_pool_monitor::mempool_monitor[0m[2m:[0m 📊 Mempool Monitor Stats:
[2m2025-12-11T08:04:01.567841Z[0m [32m INFO[0m [2methereum_transaction_pool_monitor::mempool_monitor[0m[2m:[0m    Total transactions: 32623
[2m2025-12-11T08:04:01.567847Z[0m [32m INFO[0m [2methereum_transaction_pool_monitor::mempool_monitor[0m[2m:[0m    DEX transactions: 311 (1.0%)
[2m2025-12-11T08:04:01.567853Z[0m [32m INFO[0m [2methereum_transaction_pool_monitor::mempool_monitor[0m[2m:[0m    Opportunities detected: 0
[2m2025-12-11T08:04:01.567857Z[0m [32m INFO[0m [2methereum_transaction_pool_monitor::mempool_monitor[0m[2m:[0m    Profitable opportunities: 0 (0.0%)
[2m2025-12-11T08:04:06.464696Z[0m [32m INFO[0m [2methereum_transaction_pool_monitor::bot_runner[0m[2m:[0m 🤖 MEV Bot Stats | Uptime: 4.2h | Opportunities: 0 | Bundles: 0/0 (0.0%) | Profit: 0.0000 ETH | Rate: 0.00/h
[2m2025-12-11T08:04:16.464872Z[0m [32m INFO[0m [2methereum_transaction_pool_monitor::bot_runner[0m[2m:[0m 🤖 MEV Bot Stats | Uptime: 4.2h | Opportunities: 0 | Bundles: 0/0 (0.0%) | Profit: 0.0000 ETH | Rate: 0.00/h
[2m2025-12-11T08:04:26.465085Z[0m [32m INFO[0m [2methereum_transaction_pool_monitor::bot_runner[0m[2m:[0m 🤖 MEV Bot Stats | Uptime: 4.2h | Opportunities: 0 | Bundles: 0/0 (0.0%) | Profit: 0.0000 ETH | Rate: 0.00/h
[2m2025-12-11T08:04:31.569796Z[0m [32m INFO[0m [2methereum_transaction_pool_monitor::mempool_monitor[0m[2m:[0m 📊 Mempool Monitor Stats:
[2m2025-12-11T08:04:31.569842Z[0m [32m INFO[0m [2methereum_transaction_pool_monitor::mempool_monitor[0m[2m:[0m    Total transactions: 32623
[2m2025-12-11T08:04:31.569850Z[0m [32m INFO[0m [2methereum_transaction_pool_monitor::mempool_monitor[0m[2m:[0m    DEX transactions: 311 (1.0%)
[2m2025-12-11T08:04:31.569857Z[0m [32m INFO[0m [2methereum_transaction_pool_monitor::mempool_monitor[0m[2m:[0m    Opportunities detected: 0
[2m2025-12-11T08:04:31.569861Z[0m [32m INFO[0m [2methereum_transaction_pool_monitor::mempool_monitor[0m[2m:[0m    Profitable opportunities: 0 (0.0%)
[2m2025-12-11T08:04:36.465720Z[0m [32m INFO[0m [2methereum_transaction_pool_monitor::bot_runner[0m[2m:[0m 🤖 MEV Bot Stats | Uptime: 4.2h | Opportunities: 0 | Bundles: 0/0 (0.0%) | Profit: 0.0000 ETH | Rate: 0.00/h
[2m2025-12-11T08:04:46.465367Z[0m [32m INFO[0m [2methereum_transaction_pool_monitor::bot_runner[0m[2m:[0m 🤖 MEV Bot Stats | Uptime: 4.2h | Opportunities: 0 | Bundles: 0/0 (0.0%) | Profit: 0.0000 ETH | Rate: 0.00/h
[2m2025-12-11T08:04:56.465146Z[0m [32m INFO[0m [2methereum_transaction_pool_monitor::bot_runner[0m[2m:[0m 🤖 MEV Bot Stats | Uptime: 4.2h | Opportunities: 0 | Bundles: 0/0 (0.0%) | Profit: 0.0000 ETH | Rate: 0.00/h
[2m2025-12-11T08:05:01.570634Z[0m [32m INFO[0m [2methereum_transaction_pool_monitor::mempool_monitor[0m[2m:[0m 📊 Mempool Monitor Stats:
[2m2025-12-11T08:05:01.570690Z[0m [32m INFO[0m [2methereum_transaction_pool_monitor::mempool_monitor[0m[2m:[0m    Total transactions: 32623
[2m2025-12-11T08:05:01.570699Z[0m [32m INFO[0m [2methereum_transaction_pool_monitor::mempool_monitor[0m[2m:[0m    DEX transactions: 311 (1.0%)
[2m2025-12-11T08:05:01.570708Z[0m [32m INFO[0m [2methereum_transaction_pool_monitor::mempool_monitor[0m[2m:[0m    Opportunities detected: 0
[2m2025-12-11T08:05:01.570714Z[0m [32m INFO[0m [2methereum_transaction_pool_monitor::mempool_monitor[0m[2m:[0m    Profitable opportunities: 0 (0.0%)
[2m2025-12-11T08:05:06.465709Z[0m [32m INFO[0m [2methereum_transaction_pool_monitor::bot_runner[0m[2m:[0m 🤖 MEV Bot Stats | Uptime: 4.2h | Opportunities: 0 | Bundles: 0/0 (0.0%) | Profit: 0.0000 ETH | Rate: 0.00/h
[2m2025-12-11T08:05:16.465495Z[0m [32m INFO[0m [2methereum_transaction_pool_monitor::bot_runner[0m[2m:[0m 🤖 MEV Bot Stats | Uptime: 4.2h | Opportunities: 0 | Bundles: 0/0 (0.0%) | Profit: 0.0000 ETH | Rate: 0.00/h
[2m2025-12-11T08:05:26.465691Z[0m [32m INFO[0m [2methereum_transaction_pool_monitor::bot_runner[0m[2m:[0m 🤖 MEV Bot Stats | Uptime: 4.2h | Opportunities: 0 | Bundles: 0/0 (0.0%) | Profit: 0.0000 ETH | Rate: 0.00/h
[2m2025-12-11T08:05:31.572872Z[0m [32m INFO[0m [2methereum_transaction_pool_monitor::mempool_monitor[0m[2m:[0m 📊 Mempool Monitor Stats:
[2m2025-12-11T08:05:31.572922Z[0m [32m INFO[0m [2methereum_transaction_pool_monitor::mempool_monitor[0m[2m:[0m    Total transactions: 32623
[2m2025-12-11T08:05:31.572929Z[0m [32m INFO[0m [2methereum_transaction_pool_monitor::mempool_monitor[0m[2m:[0m    DEX transactions: 311 (1.0%)
[2m2025-12-11T08:05:31.572937Z[0m [32m INFO[0m [2methereum_transaction_pool_monitor::mempool_monitor[0m[2m:[0m    Opportunities detected: 0
[2m2025-12-11T08:05:31.572944Z[0m [32m INFO[0m [2methereum_transaction_pool_monitor::mempool_monitor[0m[2m:[0m    Profitable opportunities: 0 (0.0%)
[2m2025-12-11T08:05:36.466071Z[0m [32m INFO[0m [2methereum_transaction_pool_monitor::bot_runner[0m[2m:[0m 🤖 MEV Bot Stats | Uptime: 4.2h | Opportunities: 0 | Bundles: 0/0 (0.0%) | Profit: 0.0000 ETH | Rate: 0.00/h
[2m2025-12-11T08:05:46.466509Z[0m [32m INFO[0m [2methereum_transaction_pool_monitor::bot_runner[0m[2m:[0m 🤖 MEV Bot Stats | Uptime: 4.2h | Opportunities: 0 | Bundles: 0/0 (0.0%) | Profit: 0.0000 ETH | Rate: 0.00/h
[2m2025-12-11T08:05:56.466497Z[0m [32m INFO[0m [2methereum_transaction_pool_monitor::bot_runner[0m[2m:[0m 🤖 MEV Bot Stats | Uptime: 4.2h | Opportunities: 0 | Bundles: 0/0 (0.0%) | Profit: 0.0000 ETH | Rate: 0.00/h
[2m2025-12-11T08:06:01.574705Z[0m [32m INFO[0m [2methereum_transaction_pool_monitor::mempool_monitor[0m[2m:[0m 📊 Mempool Monitor Stats:
[2m2025-12-11T08:06:01.574748Z[0m [32m INFO[0m [2methereum_transaction_pool_monitor::mempool_monitor[0m[2m:[0m    Total transactions: 32623
[2m2025-12-11T08:06:01.574759Z[0m [32m INFO[0m [2methereum_transaction_pool_monitor::mempool_monitor[0m[2m:[0m    DEX transactions: 311 (1.0%)
[2m2025-12-11T08:06:01.574766Z[0m [32m INFO[0m [2methereum_transaction_pool_monitor::mempool_monitor[0m[2m:[0m    Opportunities detected: 0
[2m2025-12-11T08:06:01.574772Z[0m [32m INFO[0m [2methereum_transaction_pool_monitor::mempool_monitor[0m[2m:[0m    Profitable opportunities: 0 (0.0%)
[2m2025-12-11T08:06:06.465849Z[0m [32m INFO[0m [2methereum_transaction_pool_monitor::bot_runner[0m[2m:[0m 🤖 MEV Bot Stats | Uptime: 4.2h | Opportunities: 0 | Bundles: 0/0 (0.0%) | Profit: 0.0000 ETH | Rate: 0.00/h
[2m2025-12-11T08:06:16.466807Z[0m [32m INFO[0m [2methereum_transaction_pool_monitor::bot_runner[0m[2m:[0m 🤖 MEV Bot Stats | Uptime: 4.2h | Opportunities: 0 | Bundles: 0/0 (0.0%) | Profit: 0.0000 ETH | Rate: 0.00/h
[2m2025-12-11T08:06:26.467239Z[0m [32m INFO[0m [2methereum_transaction_pool_monitor::bot_runner[0m[2m:[0m 🤖 MEV Bot Stats | Uptime: 4.2h | Opportunities: 0 | Bundles: 0/0 (0.0%) | Profit: 0.0000 ETH | Rate: 0.00/h
[2m2025-12-11T08:06:31.576824Z[0m [32m INFO[0m [2methereum_transaction_pool_monitor::mempool_monitor[0m[2m:[0m 📊 Mempool Monitor Stats:
[2m2025-12-11T08:06:31.578016Z[0m [32m INFO[0m [2methereum_transaction_pool_monitor::mempool_monitor[0m[2m:[0m    Total transactions: 32623
[2m2025-12-11T08:06:31.578025Z[0m [32m INFO[0m [2methereum_transaction_pool_monitor::mempool_monitor[0m[2m:[0m    DEX transactions: 311 (1.0%)
[2m2025-12-11T08:06:31.578031Z[0m [32m INFO[0m [2methereum_transaction_pool_monitor::mempool_monitor[0m[2m:[0m    Opportunities detected: 0
[2m2025-12-11T08:06:31.578036Z[0m [32m INFO[0m [2methereum_transaction_pool_monitor::mempool_monitor[0m[2m:[0m    Profitable opportunities: 0 (0.0%)
[2m2025-12-11T08:06:36.466259Z[0m [32m INFO[0m [2methereum_transaction_pool_monitor::bot_runner[0m[2m:[0m 🤖 MEV Bot Stats | Uptime: 4.2h | Opportunities: 0 | Bundles: 0/0 (0.0%) | Profit: 0.0000 ETH | Rate: 0.00/h
[2m2025-12-11T08:06:46.466990Z[0m [32m INFO[0m [2methereum_transaction_pool_monitor::bot_runner[0m[2m:[0m 🤖 MEV Bot Stats | Uptime: 4.2h | Opportunities: 0 | Bundles: 0/0 (0.0%) | Profit: 0.0000 ETH | Rate: 0.00/h
[2m2025-12-11T08:06:56.466961Z[0m [32m INFO[0m [2methereum_transaction_pool_monitor::bot_runner[0m[2m:[0m 🤖 MEV Bot Stats | Uptime: 4.2h | Opportunities: 0 | Bundles: 0/0 (0.0%) | Profit: 0.0000 ETH | Rate: 0.00/h
[2m2025-12-11T08:07:01.580511Z[0m [32m INFO[0m [2methereum_transaction_pool_monitor::mempool_monitor[0m[2m:[0m 📊 Mempool Monitor Stats:
[2m2025-12-11T08:07:01.580558Z[0m [32m INFO[0m [2methereum_transaction_pool_monitor::mempool_monitor[0m[2m:[0m    Total transactions: 32623
[2m2025-12-11T08:07:01.580566Z[0m [32m INFO[0m [2methereum_transaction_pool_monitor::mempool_monitor[0m[2m:[0m    DEX transactions: 311 (1.0%)
[2m2025-12-11T08:07:01.580574Z[0m [32m INFO[0m [2methereum_transaction_pool_monitor::mempool_monitor[0m[2m:[0m    Opportunities detected: 0
[2m2025-12-11T08:07:01.580580Z[0m [32m INFO[0m [2methereum_transaction_pool_monitor::mempool_monitor[0m[2m:[0m    Profitable opportunities: 0 (0.0%)
[2m2025-12-11T08:07:06.467811Z[0m [32m INFO[0m [2methereum_transaction_pool_monitor::bot_runner[0m[2m:[0m 🤖 MEV Bot Stats | Uptime: 4.3h | Opportunities: 0 | Bundles: 0/0 (0.0%) | Profit: 0.0000 ETH | Rate: 0.00/h
[2m2025-12-11T08:07:16.468017Z[0m [32m INFO[0m [2methereum_transaction_pool_monitor::bot_runner[0m[2m:[0m 🤖 MEV Bot Stats | Uptime: 4.3h | Opportunities: 0 | Bundles: 0/0 (0.0%) | Profit: 0.0000 ETH | Rate: 0.00/h
[2m2025-12-11T08:07:26.467580Z[0m [32m INFO[0m [2methereum_transaction_pool_monitor::bot_runner[0m[2m:[0m 🤖 MEV Bot Stats | Uptime: 4.3h | Opportunities: 0 | Bundles: 0/0 (0.0%) | Profit: 0.0000 ETH | Rate: 0.00/h
[2m2025-12-11T08:07:31.583030Z[0m [32m INFO[0m [2methereum_transaction_pool_monitor::mempool_monitor[0m[2m:[0m 📊 Mempool Monitor Stats:
[2m2025-12-11T08:07:31.583075Z[0m [32m INFO[0m [2methereum_transaction_pool_monitor::mempool_monitor[0m[2m:[0m    Total transactions: 32623
[2m2025-12-11T08:07:31.583082Z[0m [32m INFO[0m [2methereum_transaction_pool_monitor::mempool_monitor[0m[2m:[0m    DEX transactions: 311 (1.0%)
[2m2025-12-11T08:07:31.583088Z[0m [32m INFO[0m [2methereum_transaction_pool_monitor::mempool_monitor[0m[2m:[0m    Opportunities detected: 0
[2m2025-12-11T08:07:31.583092Z[0m [32m INFO[0m [2methereum_transaction_pool_monitor::mempool_monitor[0m[2m:[0m    Profitable opportunities: 0 (0.0%)
[2m2025-12-11T08:07:36.467646Z[0m [32m INFO[0m [2methereum_transaction_pool_monitor::bot_runner[0m[2m:[0m 🤖 MEV Bot Stats | Uptime: 4.3h | Opportunities: 0 | Bundles: 0/0 (0.0%) | Profit: 0.0000 ETH | Rate: 0.00/h
[2m2025-12-11T08:07:46.467563Z[0m [32m INFO[0m [2methereum_transaction_pool_monitor::bot_runner[0m[2m:[0m 🤖 MEV Bot Stats | Uptime: 4.3h | Opportunities: 0 | Bundles: 0/0 (0.0%) | Profit: 0.0000 ETH | Rate: 0.00/h
[2m2025-12-11T08:07:56.467846Z[0m [32m INFO[0m [2methereum_transaction_pool_monitor::bot_runner[0m[2m:[0m 🤖 MEV Bot Stats | Uptime: 4.3h | Opportunities: 0 | Bundles: 0/0 (0.0%) | Profit: 0.0000 ETH | Rate: 0.00/h
[2m2025-12-11T08:08:01.585455Z[0m [32m INFO[0m [2methereum_transaction_pool_monitor::mempool_monitor[0m[2m:[0m 📊 Mempool Monitor Stats:
[2m2025-12-11T08:08:01.585501Z[0m [32m INFO[0m [2methereum_transaction_pool_monitor::mempool_monitor[0m[2m:[0m    Total transactions: 32623
[2m2025-12-11T08:08:01.585508Z[0m [32m INFO[0m [2methereum_transaction_pool_monitor::mempool_monitor[0m[2m:[0m    DEX transactions: 311 (1.0%)
[2m2025-12-11T08:08:01.585517Z[0m [32m INFO[0m [2methereum_transaction_pool_monitor::mempool_monitor[0m[2m:[0m    Opportunities detected: 0
[2m2025-12-11T08:08:01.585521Z[0m [32m INFO[0m [2methereum_transaction_pool_monitor::mempool_monitor[0m[2m:[0m    Profitable opportunities: 0 (0.0%)
[2m2025-12-11T08:08:06.467900Z[0m [32m INFO[0m [2methereum_transaction_pool_monitor::bot_runner[0m[2m:[0m 🤖 MEV Bot Stats | Uptime: 4.3h | Opportunities: 0 | Bundles: 0/0 (0.0%) | Profit: 0.0000 ETH | Rate: 0.00/h
[2m2025-12-11T08:08:16.467997Z[0m [32m INFO[0m [2methereum_transaction_pool_monitor::bot_runner[0m[2m:[0m 🤖 MEV Bot Stats | Uptime: 4.3h | Opportunities: 0 | Bundles: 0/0 (0.0%) | Profit: 0.0000 ETH | Rate: 0.00/h
[2m2025-12-11T08:08:26.468234Z[0m [32m INFO[0m [2methereum_transaction_pool_monitor::bot_runner[0m[2m:[0m 🤖 MEV Bot Stats | Uptime: 4.3h | Opportunities: 0 | Bundles: 0/0 (0.0%) | Profit: 0.0000 ETH | Rate: 0.00/h
[2m2025-12-11T08:08:31.587156Z[0m [32m INFO[0m [2methereum_transaction_pool_monitor::mempool_monitor[0m[2m:[0m 📊 Mempool Monitor Stats:
[2m2025-12-11T08:08:31.587202Z[0m [32m INFO[0m [2methereum_transaction_pool_monitor::mempool_monitor[0m[2m:[0m    Total transactions: 32623
[2m2025-12-11T08:08:31.587211Z[0m [32m INFO[0m [2methereum_transaction_pool_monitor::mempool_monitor[0m[2m:[0m    DEX transactions: 311 (1.0%)
[2m2025-12-11T08:08:31.587217Z[0m [32m INFO[0m [2methereum_transaction_pool_monitor::mempool_monitor[0m[2m:[0m    Opportunities detected: 0
[2m2025-12-11T08:08:31.587223Z[0m [32m INFO[0m [2methereum_transaction_pool_monitor::mempool_monitor[0m[2m:[0m    Profitable opportunities: 0 (0.0%)
[2m2025-12-11T08:08:36.468467Z[0m [32m INFO[0m [2methereum_transaction_pool_monitor::bot_runner[0m[2m:[0m 🤖 MEV Bot Stats | Uptime: 4.3h | Opportunities: 0 | Bundles: 0/0 (0.0%) | Profit: 0.0000 ETH | Rate: 0.00/h
[2m2025-12-11T08:08:46.468800Z[0m [32m INFO[0m [2methereum_transaction_pool_monitor::bot_runner[0m[2m:[0m 🤖 MEV Bot Stats | Uptime: 4.3h | Opportunities: 0 | Bundles: 0/0 (0.0%) | Profit: 0.0000 ETH | Rate: 0.00/h
[2m2025-12-11T08:08:56.469026Z[0m [32m INFO[0m [2methereum_transaction_pool_monitor::bot_runner[0m[2m:[0m 🤖 MEV Bot Stats | Uptime: 4.3h | Opportunities: 0 | Bundles: 0/0 (0.0%) | Profit: 0.0000 ETH | Rate: 0.00/h
[2m2025-12-11T08:09:01.589663Z[0m [32m INFO[0m [2methereum_transaction_pool_monitor::mempool_monitor[0m[2m:[0m 📊 Mempool Monitor Stats:
[2m2025-12-11T08:09:01.589713Z[0m [32m INFO[0m [2methereum_transaction_pool_monitor::mempool_monitor[0m[2m:[0m    Total transactions: 32623
[2m2025-12-11T08:09:01.589720Z[0m [32m INFO[0m [2methereum_transaction_pool_monitor::mempool_monitor[0m[2m:[0m    DEX transactions: 311 (1.0%)
[2m2025-12-11T08:09:01.589727Z[0m [32m INFO[0m [2methereum_transaction_pool_monitor::mempool_monitor[0m[2m:[0m    Opportunities detected: 0
[2m2025-12-11T08:09:01.589731Z[0m [32m INFO[0m [2methereum_transaction_pool_monitor::mempool_monitor[0m[2m:[0m    Profitable opportunities: 0 (0.0%)
[2m2025-12-11T08:09:06.469158Z[0m [32m INFO[0m [2methereum_transaction_pool_monitor::bot_runner[0m[2m:[0m 🤖 MEV Bot Stats | Uptime: 4.3h | Opportunities: 0 | Bundles: 0/0 (0.0%) | Profit: 0.0000 ETH | Rate: 0.00/h
[2m2025-12-11T08:09:16.469125Z[0m [32m INFO[0m [2methereum_transaction_pool_monitor::bot_runner[0m[2m:[0m 🤖 MEV Bot Stats | Uptime: 4.3h | Opportunities: 0 | Bundles: 0/0 (0.0%) | Profit: 0.0000 ETH | Rate: 0.00/h
[2m2025-12-11T08:09:26.469075Z[0m [32m INFO[0m [2methereum_transaction_pool_monitor::bot_runner[0m[2m:[0m 🤖 MEV Bot Stats | Uptime: 4.3h | Opportunities: 0 | Bundles: 0/0 (0.0%) | Profit: 0.0000 ETH | Rate: 0.00/h
[2m2025-12-11T08:09:31.591769Z[0m [32m INFO[0m [2methereum_transaction_pool_monitor::mempool_monitor[0m[2m:[0m 📊 Mempool Monitor Stats:
[2m2025-12-11T08:09:31.591816Z[0m [32m INFO[0m [2methereum_transaction_pool_monitor::mempool_monitor[0m[2m:[0m    Total transactions: 32623
[2m2025-12-11T08:09:31.591825Z[0m [32m INFO[0m [2methereum_transaction_pool_monitor::mempool_monitor[0m[2m:[0m    DEX transactions: 311 (1.0%)
[2m2025-12-11T08:09:31.591832Z[0m [32m INFO[0m [2methereum_transaction_pool_monitor::mempool_monitor[0m[2m:[0m    Opportunities detected: 0
[2m2025-12-11T08:09:31.591838Z[0m [32m INFO[0m [2methereum_transaction_pool_monitor::mempool_monitor[0m[2m:[0m    Profitable opportunities: 0 (0.0%)
[2m2025-12-11T08:09:36.469911Z[0m [32m INFO[0m [2methereum_transaction_pool_monitor::bot_runner[0m[2m:[0m 🤖 MEV Bot Stats | Uptime: 4.3h | Opportunities: 0 | Bundles: 0/0 (0.0%) | Profit: 0.0000 ETH | Rate: 0.00/h
[2m2025-12-11T08:09:46.469218Z[0m [32m INFO[0m [2methereum_transaction_pool_monitor::bot_runner[0m[2m:[0m 🤖 MEV Bot Stats | Uptime: 4.3h | Opportunities: 0 | Bundles: 0/0 (0.0%) | Profit: 0.0000 ETH | Rate: 0.00/h
[2m2025-12-11T08:09:56.469464Z[0m [32m INFO[0m [2methereum_transaction_pool_monitor::bot_runner[0m[2m:[0m 🤖 MEV Bot Stats | Uptime: 4.3h | Opportunities: 0 | Bundles: 0/0 (0.0%) | Profit: 0.0000 ETH | Rate: 0.00/h
[2m2025-12-11T08:10:01.593532Z[0m [32m INFO[0m [2methereum_transaction_pool_monitor::mempool_monitor[0m[2m:[0m 📊 Mempool Monitor Stats:
[2m2025-12-11T08:10:01.593584Z[0m [32m INFO[0m [2methereum_transaction_pool_monitor::mempool_monitor[0m[2m:[0m    Total transactions: 32623
[2m2025-12-11T08:10:01.593597Z[0m [32m INFO[0m [2methereum_transaction_pool_monitor::mempool_monitor[0m[2m:[0m    DEX transactions: 311 (1.0%)
[2m2025-12-11T08:10:01.593605Z[0m [32m INFO[0m [2methereum_transaction_pool_monitor::mempool_monitor[0m[2m:[0m    Opportunities detected: 0
[2m2025-12-11T08:10:01.593612Z[0m [32m INFO[0m [2methereum_transaction_pool_monitor::mempool_monitor[0m[2m:[0m    Profitable opportunities: 0 (0.0%)
[2m2025-12-11T08:10:06.469405Z[0m [32m INFO[0m [2methereum_transaction_pool_monitor::bot_runner[0m[2m:[0m 🤖 MEV Bot Stats | Uptime: 4.3h | Opportunities: 0 | Bundles: 0/0 (0.0%) | Profit: 0.0000 ETH | Rate: 0.00/h
[2m2025-12-11T08:10:16.469970Z[0m [32m INFO[0m [2methereum_transaction_pool_monitor::bot_runner[0m[2m:[0m 🤖 MEV Bot Stats | Uptime: 4.3h | Opportunities: 0 | Bundles: 0/0 (0.0%) | Profit: 0.0000 ETH | Rate: 0.00/h
[2m2025-12-11T08:10:26.470498Z[0m [32m INFO[0m [2methereum_transaction_pool_monitor::bot_runner[0m[2m:[0m 🤖 MEV Bot Stats | Uptime: 4.3h | Opportunities: 0 | Bundles: 0/0 (0.0%) | Profit: 0.0000 ETH | Rate: 0.00/h
[2m2025-12-11T08:10:31.596487Z[0m [32m INFO[0m [2methereum_transaction_pool_monitor::mempool_monitor[0m[2m:[0m 📊 Mempool Monitor Stats:
[2m2025-12-11T08:10:31.596537Z[0m [32m INFO[0m [2methereum_transaction_pool_monitor::mempool_monitor[0m[2m:[0m    Total transactions: 32623
[2m2025-12-11T08:10:31.596546Z[0m [32m INFO[0m [2methereum_transaction_pool_monitor::mempool_monitor[0m[2m:[0m    DEX transactions: 311 (1.0%)
[2m2025-12-11T08:10:31.596557Z[0m [32m INFO[0m [2methereum_transaction_pool_monitor::mempool_monitor[0m[2m:[0m    Opportunities detected: 0
[2m2025-12-11T08:10:31.596563Z[0m [32m INFO[0m [2methereum_transaction_pool_monitor::mempool_monitor[0m[2m:[0m    Profitable opportunities: 0 (0.0%)
[2m2025-12-11T08:10:36.470250Z[0m [32m INFO[0m [2methereum_transaction_pool_monitor::bot_runner[0m[2m:[0m 🤖 MEV Bot Stats | Uptime: 4.3h | Opportunities: 0 | Bundles: 0/0 (0.0%) | Profit: 0.0000 ETH | Rate: 0.00/h
[2m2025-12-11T08:10:46.469718Z[0m [32m INFO[0m [2methereum_transaction_pool_monitor::bot_runner[0m[2m:[0m 🤖 MEV Bot Stats | Uptime: 4.3h | Opportunities: 0 | Bundles: 0/0 (0.0%) | Profit: 0.0000 ETH | Rate: 0.00/h
[2m2025-12-11T08:10:56.470774Z[0m [32m INFO[0m [2methereum_transaction_pool_monitor::bot_runner[0m[2m:[0m 🤖 MEV Bot Stats | Uptime: 4.3h | Opportunities: 0 | Bundles: 0/0 (0.0%) | Profit: 0.0000 ETH | Rate: 0.00/h
[2m2025-12-11T08:11:01.598098Z[0m [32m INFO[0m [2methereum_transaction_pool_monitor::mempool_monitor[0m[2m:[0m 📊 Mempool Monitor Stats:
[2m2025-12-11T08:11:01.598145Z[0m [32m INFO[0m [2methereum_transaction_pool_monitor::mempool_monitor[0m[2m:[0m    Total transactions: 32623
[2m2025-12-11T08:11:01.598153Z[0m [32m INFO[0m [2methereum_transaction_pool_monitor::mempool_monitor[0m[2m:[0m    DEX transactions: 311 (1.0%)
[2m2025-12-11T08:11:01.598160Z[0m [32m INFO[0m [2methereum_transaction_pool_monitor::mempool_monitor[0m[2m:[0m    Opportunities detected: 0
[2m2025-12-11T08:11:01.598167Z[0m [32m INFO[0m [2methereum_transaction_pool_monitor::mempool_monitor[0m[2m:[0m    Profitable opportunities: 0 (0.0%)
[2m2025-12-11T08:11:06.471032Z[0m [32m INFO[0m [2methereum_transaction_pool_monitor::bot_runner[0m[2m:[0m 🤖 MEV Bot Stats | Uptime: 4.3h | Opportunities: 0 | Bundles: 0/0 (0.0%) | Profit: 0.0000 ETH | Rate: 0.00/h
[2m2025-12-11T08:11:16.470769Z[0m [32m INFO[0m [2methereum_transaction_pool_monitor::bot_runner[0m[2m:[0m 🤖 MEV Bot Stats | Uptime: 4.3h | Opportunities: 0 | Bundles: 0/0 (0.0%) | Profit: 0.0000 ETH | Rate: 0.00/h
[2m2025-12-11T08:11:26.470828Z[0m [32m INFO[0m [2methereum_transaction_pool_monitor::bot_runner[0m[2m:[0m 🤖 MEV Bot Stats | Uptime: 4.3h | Opportunities: 0 | Bundles: 0/0 (0.0%) | Profit: 0.0000 ETH | Rate: 0.00/h
[2m2025-12-11T08:11:31.600912Z[0m [32m INFO[0m [2methereum_transaction_pool_monitor::mempool_monitor[0m[2m:[0m 📊 Mempool Monitor Stats:
[2m2025-12-11T08:11:31.600965Z[0m [32m INFO[0m [2methereum_transaction_pool_monitor::mempool_monitor[0m[2m:[0m    Total transactions: 32623
[2m2025-12-11T08:11:31.600975Z[0m [32m INFO[0m [2methereum_transaction_pool_monitor::mempool_monitor[0m[2m:[0m    DEX transactions: 311 (1.0%)
[2m2025-12-11T08:11:31.600982Z[0m [32m INFO[0m [2methereum_transaction_pool_monitor::mempool_monitor[0m[2m:[0m    Opportunities detected: 0
[2m2025-12-11T08:11:31.600987Z[0m [32m INFO[0m [2methereum_transaction_pool_monitor::mempool_monitor[0m[2m:[0m    Profitable opportunities: 0 (0.0%)
[2m2025-12-11T08:11:36.470674Z[0m [32m INFO[0m [2methereum_transaction_pool_monitor::bot_runner[0m[2m:[0m 🤖 MEV Bot Stats | Uptime: 4.3h | Opportunities: 0 | Bundles: 0/0 (0.0%) | Profit: 0.0000 ETH | Rate: 0.00/h
[2m2025-12-11T08:11:46.471564Z[0m [32m INFO[0m [2methereum_transaction_pool_monitor::bot_runner[0m[2m:[0m 🤖 MEV Bot Stats | Uptime: 4.3h | Opportunities: 0 | Bundles: 0/0 (0.0%) | Profit: 0.0000 ETH | Rate: 0.00/h
[2m2025-12-11T08:11:56.471207Z[0m [32m INFO[0m [2methereum_transaction_pool_monitor::bot_runner[0m[2m:[0m 🤖 MEV Bot Stats | Uptime: 4.3h | Opportunities: 0 | Bundles: 0/0 (0.0%) | Profit: 0.0000 ETH | Rate: 0.00/h
[2m2025-12-11T08:12:01.602620Z[0m [32m INFO[0m [2methereum_transaction_pool_monitor::mempool_monitor[0m[2m:[0m 📊 Mempool Monitor Stats:
[2m2025-12-11T08:12:01.602670Z[0m [32m INFO[0m [2methereum_transaction_pool_monitor::mempool_monitor[0m[2m:[0m    Total transactions: 32623
[2m2025-12-11T08:12:01.602678Z[0m [32m INFO[0m [2methereum_transaction_pool_monitor::mempool_monitor[0m[2m:[0m    DEX transactions: 311 (1.0%)
[2m2025-12-11T08:12:01.602686Z[0m [32m INFO[0m [2methereum_transaction_pool_monitor::mempool_monitor[0m[2m:[0m    Opportunities detected: 0
[2m2025-12-11T08:12:01.602692Z[0m [32m INFO[0m [2methereum_transaction_pool_monitor::mempool_monitor[0m[2m:[0m    Profitable opportunities: 0 (0.0%)
[2m2025-12-11T08:12:06.471054Z[0m [32m INFO[0m [2methereum_transaction_pool_monitor::bot_runner[0m[2m:[0m 🤖 MEV Bot Stats | Uptime: 4.3h | Opportunities: 0 | Bundles: 0/0 (0.0%) | Profit: 0.0000 ETH | Rate: 0.00/h
[2m2025-12-11T08:12:16.471570Z[0m [32m INFO[0m [2methereum_transaction_pool_monitor::bot_runner[0m[2m:[0m 🤖 MEV Bot Stats | Uptime: 4.3h | Opportunities: 0 | Bundles: 0/0 (0.0%) | Profit: 0.0000 ETH | Rate: 0.00/h
[2m2025-12-11T08:12:26.471640Z[0m [32m INFO[0m [2methereum_transaction_pool_monitor::bot_runner[0m[2m:[0m 🤖 MEV Bot Stats | Uptime: 4.3h | Opportunities: 0 | Bundles: 0/0 (0.0%) | Profit: 0.0000 ETH | Rate: 0.00/h
[2m2025-12-11T08:12:31.605074Z[0m [32m INFO[0m [2methereum_transaction_pool_monitor::mempool_monitor[0m[2m:[0m 📊 Mempool Monitor Stats:
[2m2025-12-11T08:12:31.605127Z[0m [32m INFO[0m [2methereum_transaction_pool_monitor::mempool_monitor[0m[2m:[0m    Total transactions: 32623
[2m2025-12-11T08:12:31.605135Z[0m [32m INFO[0m [2methereum_transaction_pool_monitor::mempool_monitor[0m[2m:[0m    DEX transactions: 311 (1.0%)
[2m2025-12-11T08:12:31.605144Z[0m [32m INFO[0m [2methereum_transaction_pool_monitor::mempool_monitor[0m[2m:[0m    Opportunities detected: 0
[2m2025-12-11T08:12:31.605150Z[0m [32m INFO[0m [2methereum_transaction_pool_monitor::mempool_monitor[0m[2m:[0m    Profitable opportunities: 0 (0.0%)
[2m2025-12-11T08:12:36.471872Z[0m [32m INFO[0m [2methereum_transaction_pool_monitor::bot_runner[0m[2m:[0m 🤖 MEV Bot Stats | Uptime: 4.3h | Opportunities: 0 | Bundles: 0/0 (0.0%) | Profit: 0.0000 ETH | Rate: 0.00/h
[2m2025-12-11T08:12:46.471384Z[0m [32m INFO[0m [2methereum_transaction_pool_monitor::bot_runner[0m[2m:[0m 🤖 MEV Bot Stats | Uptime: 4.3h | Opportunities: 0 | Bundles: 0/0 (0.0%) | Profit: 0.0000 ETH | Rate: 0.00/h
[2m2025-12-11T08:12:56.471763Z[0m [32m INFO[0m [2methereum_transaction_pool_monitor::bot_runner[0m[2m:[0m 🤖 MEV Bot Stats | Uptime: 4.3h | Opportunities: 0 | Bundles: 0/0 (0.0%) | Profit: 0.0000 ETH | Rate: 0.00/h
[2m2025-12-11T08:13:01.606746Z[0m [32m INFO[0m [2methereum_transaction_pool_monitor::mempool_monitor[0m[2m:[0m 📊 Mempool Monitor Stats:
[2m2025-12-11T08:13:01.606788Z[0m [32m INFO[0m [2methereum_transaction_pool_monitor::mempool_monitor[0m[2m:[0m    Total transactions: 32623
[2m2025-12-11T08:13:01.606795Z[0m [32m INFO[0m [2methereum_transaction_pool_monitor::mempool_monitor[0m[2m:[0m    DEX transactions: 311 (1.0%)
[2m2025-12-11T08:13:01.606801Z[0m [32m INFO[0m [2methereum_transaction_pool_monitor::mempool_monitor[0m[2m:[0m    Opportunities detected: 0
[2m2025-12-11T08:13:01.606805Z[0m [32m INFO[0m [2methereum_transaction_pool_monitor::mempool_monitor[0m[2m:[0m    Profitable opportunities: 0 (0.0%)
[2m2025-12-11T08:13:06.472192Z[0m [32m INFO[0m [2methereum_transaction_pool_monitor::bot_runner[0m[2m:[0m 🤖 MEV Bot Stats | Uptime: 4.4h | Opportunities: 0 | Bundles: 0/0 (0.0%) | Profit: 0.0000 ETH | Rate: 0.00/h
[2m2025-12-11T08:13:16.473582Z[0m [32m INFO[0m [2methereum_transaction_pool_monitor::bot_runner[0m[2m:[0m 🤖 MEV Bot Stats | Uptime: 4.4h | Opportunities: 0 | Bundles: 0/0 (0.0%) | Profit: 0.0000 ETH | Rate: 0.00/h
[2m2025-12-11T08:13:26.473112Z[0m [32m INFO[0m [2methereum_transaction_pool_monitor::bot_runner[0m[2m:[0m 🤖 MEV Bot Stats | Uptime: 4.4h | Opportunities: 0 | Bundles: 0/0 (0.0%) | Profit: 0.0000 ETH | Rate: 0.00/h
[2m2025-12-11T08:13:31.610625Z[0m [32m INFO[0m [2methereum_transaction_pool_monitor::mempool_monitor[0m[2m:[0m 📊 Mempool Monitor Stats:
[2m2025-12-11T08:13:31.610679Z[0m [32m INFO[0m [2methereum_transaction_pool_monitor::mempool_monitor[0m[2m:[0m    Total transactions: 32623
[2m2025-12-11T08:13:31.610688Z[0m [32m INFO[0m [2methereum_transaction_pool_monitor::mempool_monitor[0m[2m:[0m    DEX transactions: 311 (1.0%)
[2m2025-12-11T08:13:31.610695Z[0m [32m INFO[0m [2methereum_transaction_pool_monitor::mempool_monitor[0m[2m:[0m    Opportunities detected: 0
[2m2025-12-11T08:13:31.610700Z[0m [32m INFO[0m [2methereum_transaction_pool_monitor::mempool_monitor[0m[2m:[0m    Profitable opportunities: 0 (0.0%)
[2m2025-12-11T08:13:36.471512Z[0m [32m INFO[0m [2methereum_transaction_pool_monitor::bot_runner[0m[2m:[0m 🤖 MEV Bot Stats | Uptime: 4.4h | Opportunities: 0 | Bundles: 0/0 (0.0%) | Profit: 0.0000 ETH | Rate: 0.00/h
[2m2025-12-11T08:13:46.474100Z[0m [32m INFO[0m [2methereum_transaction_pool_monitor::bot_runner[0m[2m:[0m 🤖 MEV Bot Stats | Uptime: 4.4h | Opportunities: 0 | Bundles: 0/0 (0.0%) | Profit: 0.0000 ETH | Rate: 0.00/h
[2m2025-12-11T08:13:56.474237Z[0m [32m INFO[0m [2methereum_transaction_pool_monitor::bot_runner[0m[2m:[0m 🤖 MEV Bot Stats | Uptime: 4.4h | Opportunities: 0 | Bundles: 0/0 (0.0%) | Profit: 0.0000 ETH | Rate: 0.00/h
[2m2025-12-11T08:14:01.613586Z[0m [32m INFO[0m [2methereum_transaction_pool_monitor::mempool_monitor[0m[2m:[0m 📊 Mempool Monitor Stats:
[2m2025-12-11T08:14:01.613632Z[0m [32m INFO[0m [2methereum_transaction_pool_monitor::mempool_monitor[0m[2m:[0m    Total transactions: 32623
[2m2025-12-11T08:14:01.613639Z[0m [32m INFO[0m [2methereum_transaction_pool_monitor::mempool_monitor[0m[2m:[0m    DEX transactions: 311 (1.0%)
[2m2025-12-11T08:14:01.613645Z[0m [32m INFO[0m [2methereum_transaction_pool_monitor::mempool_monitor[0m[2m:[0m    Opportunities detected: 0
[2m2025-12-11T08:14:01.613650Z[0m [32m INFO[0m [2methereum_transaction_pool_monitor::mempool_monitor[0m[2m:[0m    Profitable opportunities: 0 (0.0%)
[2m2025-12-11T08:14:06.472989Z[0m [32m INFO[0m [2methereum_transaction_pool_monitor::bot_runner[0m[2m:[0m 🤖 MEV Bot Stats | Uptime: 4.4h | Opportunities: 0 | Bundles: 0/0 (0.0%) | Profit: 0.0000 ETH | Rate: 0.00/h
[2m2025-12-11T08:14:16.474183Z[0m [32m INFO[0m [2methereum_transaction_pool_monitor::bot_runner[0m[2m:[0m 🤖 MEV Bot Stats | Uptime: 4.4h | Opportunities: 0 | Bundles: 0/0 (0.0%) | Profit: 0.0000 ETH | Rate: 0.00/h
[2m2025-12-11T08:14:26.474683Z[0m [32m INFO[0m [2methereum_transaction_pool_monitor::bot_runner[0m[2m:[0m 🤖 MEV Bot Stats | Uptime: 4.4h | Opportunities: 0 | Bundles: 0/0 (0.0%) | Profit: 0.0000 ETH | Rate: 0.00/h
[2m2025-12-11T08:14:31.616610Z[0m [32m INFO[0m [2methereum_transaction_pool_monitor::mempool_monitor[0m[2m:[0m 📊 Mempool Monitor Stats:
[2m2025-12-11T08:14:31.616681Z[0m [32m INFO[0m [2methereum_transaction_pool_monitor::mempool_monitor[0m[2m:[0m    Total transactions: 32623
[2m2025-12-11T08:14:31.616692Z[0m [32m INFO[0m [2methereum_transaction_pool_monitor::mempool_monitor[0m[2m:[0m    DEX transactions: 311 (1.0%)
[2m2025-12-11T08:14:31.616701Z[0m [32m INFO[0m [2methereum_transaction_pool_monitor::mempool_monitor[0m[2m:[0m    Opportunities detected: 0
[2m2025-12-11T08:14:31.616709Z[0m [32m INFO[0m [2methereum_transaction_pool_monitor::mempool_monitor[0m[2m:[0m    Profitable opportunities: 0 (0.0%)
[2m2025-12-11T08:14:36.474589Z[0m [32m INFO[0m [2methereum_transaction_pool_monitor::bot_runner[0m[2m:[0m 🤖 MEV Bot Stats | Uptime: 4.4h | Opportunities: 0 | Bundles: 0/0 (0.0%) | Profit: 0.0000 ETH | Rate: 0.00/h
[2m2025-12-11T08:14:46.472477Z[0m [32m INFO[0m [2methereum_transaction_pool_monitor::bot_runner[0m[2m:[0m 🤖 MEV Bot Stats | Uptime: 4.4h | Opportunities: 0 | Bundles: 0/0 (0.0%) | Profit: 0.0000 ETH | Rate: 0.00/h
[2m2025-12-11T08:14:56.474580Z[0m [32m INFO[0m [2methereum_transaction_pool_monitor::bot_runner[0m[2m:[0m 🤖 MEV Bot Stats | Uptime: 4.4h | Opportunities: 0 | Bundles: 0/0 (0.0%) | Profit: 0.0000 ETH | Rate: 0.00/h
[2m2025-12-11T08:15:01.619576Z[0m [32m INFO[0m [2methereum_transaction_pool_monitor::mempool_monitor[0m[2m:[0m 📊 Mempool Monitor Stats:
[2m2025-12-11T08:15:01.619626Z[0m [32m INFO[0m [2methereum_transaction_pool_monitor::mempool_monitor[0m[2m:[0m    Total transactions: 32623
[2m2025-12-11T08:15:01.619640Z[0m [32m INFO[0m [2methereum_transaction_pool_monitor::mempool_monitor[0m[2m:[0m    DEX transactions: 311 (1.0%)
[2m2025-12-11T08:15:01.619647Z[0m [32m INFO[0m [2methereum_transaction_pool_monitor::mempool_monitor[0m[2m:[0m    Opportunities detected: 0
[2m2025-12-11T08:15:01.619654Z[0m [32m INFO[0m [2methereum_transaction_pool_monitor::mempool_monitor[0m[2m:[0m    Profitable opportunities: 0 (0.0%)
[2m2025-12-11T08:15:06.474932Z[0m [32m INFO[0m [2methereum_transaction_pool_monitor::bot_runner[0m[2m:[0m 🤖 MEV Bot Stats | Uptime: 4.4h | Opportunities: 0 | Bundles: 0/0 (0.0%) | Profit: 0.0000 ETH | Rate: 0.00/h
[2m2025-12-11T08:15:16.474528Z[0m [32m INFO[0m [2methereum_transaction_pool_monitor::bot_runner[0m[2m:[0m 🤖 MEV Bot Stats | Uptime: 4.4h | Opportunities: 0 | Bundles: 0/0 (0.0%) | Profit: 0.0000 ETH | Rate: 0.00/h
[2m2025-12-11T08:15:26.473263Z[0m [32m INFO[0m [2methereum_transaction_pool_monitor::bot_runner[0m[2m:[0m 🤖 MEV Bot Stats | Uptime: 4.4h | Opportunities: 0 | Bundles: 0/0 (0.0%) | Profit: 0.0000 ETH | Rate: 0.00/h
[2m2025-12-11T08:15:31.622952Z[0m [32m INFO[0m [2methereum_transaction_pool_monitor::mempool_monitor[0m[2m:[0m 📊 Mempool Monitor Stats:
[2m2025-12-11T08:15:31.623047Z[0m [32m INFO[0m [2methereum_transaction_pool_monitor::mempool_monitor[0m[2m:[0m    Total transactions: 32623
[2m2025-12-11T08:15:31.623060Z[0m [32m INFO[0m [2methereum_transaction_pool_monitor::mempool_monitor[0m[2m:[0m    DEX transactions: 311 (1.0%)
[2m2025-12-11T08:15:31.623072Z[0m [32m INFO[0m [2methereum_transaction_pool_monitor::mempool_monitor[0m[2m:[0m    Opportunities detected: 0
[2m2025-12-11T08:15:31.623082Z[0m [32m INFO[0m [2methereum_transaction_pool_monitor::mempool_monitor[0m[2m:[0m    Profitable opportunities: 0 (0.0%)
[2m2025-12-11T08:15:36.475567Z[0m [32m INFO[0m [2methereum_transaction_pool_monitor::bot_runner[0m[2m:[0m 🤖 MEV Bot Stats | Uptime: 4.4h | Opportunities: 0 | Bundles: 0/0 (0.0%) | Profit: 0.0000 ETH | Rate: 0.00/h
[2m2025-12-11T08:15:46.475260Z[0m [32m INFO[0m [2methereum_transaction_pool_monitor::bot_runner[0m[2m:[0m 🤖 MEV Bot Stats | Uptime: 4.4h | Opportunities: 0 | Bundles: 0/0 (0.0%) | Profit: 0.0000 ETH | Rate: 0.00/h
[2m2025-12-11T08:15:56.475442Z[0m [32m INFO[0m [2methereum_transaction_pool_monitor::bot_runner[0m[2m:[0m 🤖 MEV Bot Stats | Uptime: 4.4h | Opportunities: 0 | Bundles: 0/0 (0.0%) | Profit: 0.0000 ETH | Rate: 0.00/h
[2m2025-12-11T08:16:01.625771Z[0m [32m INFO[0m [2methereum_transaction_pool_monitor::mempool_monitor[0m[2m:[0m 📊 Mempool Monitor Stats:
[2m2025-12-11T08:16:01.625820Z[0m [32m INFO[0m [2methereum_transaction_pool_monitor::mempool_monitor[0m[2m:[0m    Total transactions: 32623
[2m2025-12-11T08:16:01.625826Z[0m [32m INFO[0m [2methereum_transaction_pool_monitor::mempool_monitor[0m[2m:[0m    DEX transactions: 311 (1.0%)
[2m2025-12-11T08:16:01.625833Z[0m [32m INFO[0m [2methereum_transaction_pool_monitor::mempool_monitor[0m[2m:[0m    Opportunities detected: 0
[2m2025-12-11T08:16:01.625837Z[0m [32m INFO[0m [2methereum_transaction_pool_monitor::mempool_monitor[0m[2m:[0m    Profitable opportunities: 0 (0.0%)
[2m2025-12-11T08:16:06.474401Z[0m [32m INFO[0m [2methereum_transaction_pool_monitor::bot_runner[0m[2m:[0m 🤖 MEV Bot Stats | Uptime: 4.4h | Opportunities: 0 | Bundles: 0/0 (0.0%) | Profit: 0.0000 ETH | Rate: 0.00/h
[2m2025-12-11T08:16:16.473944Z[0m [32m INFO[0m [2methereum_transaction_pool_monitor::bot_runner[0m[2m:[0m 🤖 MEV Bot Stats | Uptime: 4.4h | Opportunities: 0 | Bundles: 0/0 (0.0%) | Profit: 0.0000 ETH | Rate: 0.00/h
[2m2025-12-11T08:16:26.475275Z[0m [32m INFO[0m [2methereum_transaction_pool_monitor::bot_runner[0m[2m:[0m 🤖 MEV Bot Stats | Uptime: 4.4h | Opportunities: 0 | Bundles: 0/0 (0.0%) | Profit: 0.0000 ETH | Rate: 0.00/h
[2m2025-12-11T08:16:31.628709Z[0m [32m INFO[0m [2methereum_transaction_pool_monitor::mempool_monitor[0m[2m:[0m 📊 Mempool Monitor Stats:
[2m2025-12-11T08:16:31.628755Z[0m [32m INFO[0m [2methereum_transaction_pool_monitor::mempool_monitor[0m[2m:[0m    Total transactions: 32623
[2m2025-12-11T08:16:31.628764Z[0m [32m INFO[0m [2methereum_transaction_pool_monitor::mempool_monitor[0m[2m:[0m    DEX transactions: 311 (1.0%)
[2m2025-12-11T08:16:31.628772Z[0m [32m INFO[0m [2methereum_transaction_pool_monitor::mempool_monitor[0m[2m:[0m    Opportunities detected: 0
[2m2025-12-11T08:16:31.628780Z[0m [32m INFO[0m [2methereum_transaction_pool_monitor::mempool_monitor[0m[2m:[0m    Profitable opportunities: 0 (0.0%)
[2m2025-12-11T08:16:36.476058Z[0m [32m INFO[0m [2methereum_transaction_pool_monitor::bot_runner[0m[2m:[0m 🤖 MEV Bot Stats | Uptime: 4.4h | Opportunities: 0 | Bundles: 0/0 (0.0%) | Profit: 0.0000 ETH | Rate: 0.00/h
[2m2025-12-11T08:16:46.474853Z[0m [32m INFO[0m [2methereum_transaction_pool_monitor::bot_runner[0m[2m:[0m 🤖 MEV Bot Stats | Uptime: 4.4h | Opportunities: 0 | Bundles: 0/0 (0.0%) | Profit: 0.0000 ETH | Rate: 0.00/h
[2m2025-12-11T08:16:56.476115Z[0m [32m INFO[0m [2methereum_transaction_pool_monitor::bot_runner[0m[2m:[0m 🤖 MEV Bot Stats | Uptime: 4.4h | Opportunities: 0 | Bundles: 0/0 (0.0%) | Profit: 0.0000 ETH | Rate: 0.00/h
[2m2025-12-11T08:17:01.631973Z[0m [32m INFO[0m [2methereum_transaction_pool_monitor::mempool_monitor[0m[2m:[0m 📊 Mempool Monitor Stats:
[2m2025-12-11T08:17:01.632018Z[0m [32m INFO[0m [2methereum_transaction_pool_monitor::mempool_monitor[0m[2m:[0m    Total transactions: 32623
[2m2025-12-11T08:17:01.632029Z[0m [32m INFO[0m [2methereum_transaction_pool_monitor::mempool_monitor[0m[2m:[0m    DEX transactions: 311 (1.0%)
[2m2025-12-11T08:17:01.632037Z[0m [32m INFO[0m [2methereum_transaction_pool_monitor::mempool_monitor[0m[2m:[0m    Opportunities detected: 0
[2m2025-12-11T08:17:01.632046Z[0m [32m INFO[0m [2methereum_transaction_pool_monitor::mempool_monitor[0m[2m:[0m    Profitable opportunities: 0 (0.0%)
[2m2025-12-11T08:17:06.476125Z[0m [32m INFO[0m [2methereum_transaction_pool_monitor::bot_runner[0m[2m:[0m 🤖 MEV Bot Stats | Uptime: 4.4h | Opportunities: 0 | Bundles: 0/0 (0.0%) | Profit: 0.0000 ETH | Rate: 0.00/h
[2m2025-12-11T08:17:16.475931Z[0m [32m INFO[0m [2methereum_transaction_pool_monitor::bot_runner[0m[2m:[0m 🤖 MEV Bot Stats | Uptime: 4.4h | Opportunities: 0 | Bundles: 0/0 (0.0%) | Profit: 0.0000 ETH | Rate: 0.00/h
[2m2025-12-11T08:17:26.475492Z[0m [32m INFO[0m [2methereum_transaction_pool_monitor::bot_runner[0m[2m:[0m 🤖 MEV Bot Stats | Uptime: 4.4h | Opportunities: 0 | Bundles: 0/0 (0.0%) | Profit: 0.0000 ETH | Rate: 0.00/h
[2m2025-12-11T08:17:31.635221Z[0m [32m INFO[0m [2methereum_transaction_pool_monitor::mempool_monitor[0m[2m:[0m 📊 Mempool Monitor Stats:
[2m2025-12-11T08:17:31.635267Z[0m [32m INFO[0m [2methereum_transaction_pool_monitor::mempool_monitor[0m[2m:[0m    Total transactions: 32623
[2m2025-12-11T08:17:31.635275Z[0m [32m INFO[0m [2methereum_transaction_pool_monitor::mempool_monitor[0m[2m:[0m    DEX transactions: 311 (1.0%)
[2m2025-12-11T08:17:31.635282Z[0m [32m INFO[0m [2methereum_transaction_pool_monitor::mempool_monitor[0m[2m:[0m    Opportunities detected: 0
[2m2025-12-11T08:17:31.635288Z[0m [32m INFO[0m [2methereum_transaction_pool_monitor::mempool_monitor[0m[2m:[0m    Profitable opportunities: 0 (0.0%)
[2m2025-12-11T08:17:36.477028Z[0m [32m INFO[0m [2methereum_transaction_pool_monitor::bot_runner[0m[2m:[0m 🤖 MEV Bot Stats | Uptime: 4.4h | Opportunities: 0 | Bundles: 0/0 (0.0%) | Profit: 0.0000 ETH | Rate: 0.00/h
[2m2025-12-11T08:17:46.477168Z[0m [32m INFO[0m [2methereum_transaction_pool_monitor::bot_runner[0m[2m:[0m 🤖 MEV Bot Stats | Uptime: 4.4h | Opportunities: 0 | Bundles: 0/0 (0.0%) | Profit: 0.0000 ETH | Rate: 0.00/h
[2m2025-12-11T08:17:56.477186Z[0m [32m INFO[0m [2methereum_transaction_pool_monitor::bot_runner[0m[2m:[0m 🤖 MEV Bot Stats | Uptime: 4.4h | Opportunities: 0 | Bundles: 0/0 (0.0%) | Profit: 0.0000 ETH | Rate: 0.00/h
[2m2025-12-11T08:18:01.638467Z[0m [32m INFO[0m [2methereum_transaction_pool_monitor::mempool_monitor[0m[2m:[0m 📊 Mempool Monitor Stats:
[2m2025-12-11T08:18:01.638514Z[0m [32m INFO[0m [2methereum_transaction_pool_monitor::mempool_monitor[0m[2m:[0m    Total transactions: 32623
[2m2025-12-11T08:18:01.638522Z[0m [32m INFO[0m [2methereum_transaction_pool_monitor::mempool_monitor[0m[2m:[0m    DEX transactions: 311 (1.0%)
[2m2025-12-11T08:18:01.638533Z[0m [32m INFO[0m [2methereum_transaction_pool_monitor::mempool_monitor[0m[2m:[0m    Opportunities detected: 0
[2m2025-12-11T08:18:01.638539Z[0m [32m INFO[0m [2methereum_transaction_pool_monitor::mempool_monitor[0m[2m:[0m    Profitable opportunities: 0 (0.0%)
[2m2025-12-11T08:18:06.475850Z[0m [32m INFO[0m [2methereum_transaction_pool_monitor::bot_runner[0m[2m:[0m 🤖 MEV Bot Stats | Uptime: 4.4h | Opportunities: 0 | Bundles: 0/0 (0.0%) | Profit: 0.0000 ETH | Rate: 0.00/h
[2m2025-12-11T08:18:16.476537Z[0m [32m INFO[0m [2methereum_transaction_pool_monitor::bot_runner[0m[2m:[0m 🤖 MEV Bot Stats | Uptime: 4.4h | Opportunities: 0 | Bundles: 0/0 (0.0%) | Profit: 0.0000 ETH | Rate: 0.00/h
[2m2025-12-11T08:18:26.477253Z[0m [32m INFO[0m [2methereum_transaction_pool_monitor::bot_runner[0m[2m:[0m 🤖 MEV Bot Stats | Uptime: 4.4h | Opportunities: 0 | Bundles: 0/0 (0.0%) | Profit: 0.0000 ETH | Rate: 0.00/h
[2m2025-12-11T08:18:31.642229Z[0m [32m INFO[0m [2methereum_transaction_pool_monitor::mempool_monitor[0m[2m:[0m 📊 Mempool Monitor Stats:
[2m2025-12-11T08:18:31.642278Z[0m [32m INFO[0m [2methereum_transaction_pool_monitor::mempool_monitor[0m[2m:[0m    Total transactions: 32623
[2m2025-12-11T08:18:31.642286Z[0m [32m INFO[0m [2methereum_transaction_pool_monitor::mempool_monitor[0m[2m:[0m    DEX transactions: 311 (1.0%)
[2m2025-12-11T08:18:31.642295Z[0m [32m INFO[0m [2methereum_transaction_pool_monitor::mempool_monitor[0m[2m:[0m    Opportunities detected: 0
[2m2025-12-11T08:18:31.642301Z[0m [32m INFO[0m [2methereum_transaction_pool_monitor::mempool_monitor[0m[2m:[0m    Profitable opportunities: 0 (0.0%)
[2m2025-12-11T08:18:36.475494Z[0m [32m INFO[0m [2methereum_transaction_pool_monitor::bot_runner[0m[2m:[0m 🤖 MEV Bot Stats | Uptime: 4.4h | Opportunities: 0 | Bundles: 0/0 (0.0%) | Profit: 0.0000 ETH | Rate: 0.00/h
[2m2025-12-11T08:18:46.476599Z[0m [32m INFO[0m [2methereum_transaction_pool_monitor::bot_runner[0m[2m:[0m 🤖 MEV Bot Stats | Uptime: 4.4h | Opportunities: 0 | Bundles: 0/0 (0.0%) | Profit: 0.0000 ETH | Rate: 0.00/h
[2m2025-12-11T08:18:56.477514Z[0m [32m INFO[0m [2methereum_transaction_pool_monitor::bot_runner[0m[2m:[0m 🤖 MEV Bot Stats | Uptime: 4.4h | Opportunities: 0 | Bundles: 0/0 (0.0%) | Profit: 0.0000 ETH | Rate: 0.00/h
[2m2025-12-11T08:19:01.644941Z[0m [32m INFO[0m [2methereum_transaction_pool_monitor::mempool_monitor[0m[2m:[0m 📊 Mempool Monitor Stats:
[2m2025-12-11T08:19:01.644984Z[0m [32m INFO[0m [2methereum_transaction_pool_monitor::mempool_monitor[0m[2m:[0m    Total transactions: 32623
[2m2025-12-11T08:19:01.644990Z[0m [32m INFO[0m [2methereum_transaction_pool_monitor::mempool_monitor[0m[2m:[0m    DEX transactions: 311 (1.0%)
[2m2025-12-11T08:19:01.644996Z[0m [32m INFO[0m [2methereum_transaction_pool_monitor::mempool_monitor[0m[2m:[0m    Opportunities detected: 0
[2m2025-12-11T08:19:01.645001Z[0m [32m INFO[0m [2methereum_transaction_pool_monitor::mempool_monitor[0m[2m:[0m    Profitable opportunities: 0 (0.0%)
[2m2025-12-11T08:19:06.477852Z[0m [32m INFO[0m [2methereum_transaction_pool_monitor::bot_runner[0m[2m:[0m 🤖 MEV Bot Stats | Uptime: 4.5h | Opportunities: 0 | Bundles: 0/0 (0.0%) | Profit: 0.0000 ETH | Rate: 0.00/h
[2m2025-12-11T08:19:16.477718Z[0m [32m INFO[0m [2methereum_transaction_pool_monitor::bot_runner[0m[2m:[0m 🤖 MEV Bot Stats | Uptime: 4.5h | Opportunities: 0 | Bundles: 0/0 (0.0%) | Profit: 0.0000 ETH | Rate: 0.00/h
[2m2025-12-11T08:19:26.476354Z[0m [32m INFO[0m [2methereum_transaction_pool_monitor::bot_runner[0m[2m:[0m 🤖 MEV Bot Stats | Uptime: 4.5h | Opportunities: 0 | Bundles: 0/0 (0.0%) | Profit: 0.0000 ETH | Rate: 0.00/h
[2m2025-12-11T08:19:31.645912Z[0m [32m INFO[0m [2methereum_transaction_pool_monitor::mempool_monitor[0m[2m:[0m 📊 Mempool Monitor Stats:
[2m2025-12-11T08:19:31.645963Z[0m [32m INFO[0m [2methereum_transaction_pool_monitor::mempool_monitor[0m[2m:[0m    Total transactions: 32623
[2m2025-12-11T08:19:31.645971Z[0m [32m INFO[0m [2methereum_transaction_pool_monitor::mempool_monitor[0m[2m:[0m    DEX transactions: 311 (1.0%)
[2m2025-12-11T08:19:31.645981Z[0m [32m INFO[0m [2methereum_transaction_pool_monitor::mempool_monitor[0m[2m:[0m    Opportunities detected: 0
[2m2025-12-11T08:19:31.645986Z[0m [32m INFO[0m [2methereum_transaction_pool_monitor::mempool_monitor[0m[2m:[0m    Profitable opportunities: 0 (0.0%)
[2m2025-12-11T08:19:36.475113Z[0m [32m INFO[0m [2methereum_transaction_pool_monitor::bot_runner[0m[2m:[0m 🤖 MEV Bot Stats | Uptime: 4.5h | Opportunities: 0 | Bundles: 0/0 (0.0%) | Profit: 0.0000 ETH | Rate: 0.00/h
[2m2025-12-11T08:19:46.474726Z[0m [32m INFO[0m [2methereum_transaction_pool_monitor::bot_runner[0m[2m:[0m 🤖 MEV Bot Stats | Uptime: 4.5h | Opportunities: 0 | Bundles: 0/0 (0.0%) | Profit: 0.0000 ETH | Rate: 0.00/h
[2m2025-12-11T08:19:56.474718Z[0m [32m INFO[0m [2methereum_transaction_pool_monitor::bot_runner[0m[2m:[0m 🤖 MEV Bot Stats | Uptime: 4.5h | Opportunities: 0 | Bundles: 0/0 (0.0%) | Profit: 0.0000 ETH | Rate: 0.00/h
[2m2025-12-11T08:20:01.646716Z[0m [32m INFO[0m [2methereum_transaction_pool_monitor::mempool_monitor[0m[2m:[0m 📊 Mempool Monitor Stats:
[2m2025-12-11T08:20:01.646768Z[0m [32m INFO[0m [2methereum_transaction_pool_monitor::mempool_monitor[0m[2m:[0m    Total transactions: 32623
[2m2025-12-11T08:20:01.646776Z[0m [32m INFO[0m [2methereum_transaction_pool_monitor::mempool_monitor[0m[2m:[0m    DEX transactions: 311 (1.0%)
[2m2025-12-11T08:20:01.646783Z[0m [32m INFO[0m [2methereum_transaction_pool_monitor::mempool_monitor[0m[2m:[0m    Opportunities detected: 0
[2m2025-12-11T08:20:01.646789Z[0m [32m INFO[0m [2methereum_transaction_pool_monitor::mempool_monitor[0m[2m:[0m    Profitable opportunities: 0 (0.0%)
[2m2025-12-11T08:20:06.474968Z[0m [32m INFO[0m [2methereum_transaction_pool_monitor::bot_runner[0m[2m:[0m 🤖 MEV Bot Stats | Uptime: 4.5h | Opportunities: 0 | Bundles: 0/0 (0.0%) | Profit: 0.0000 ETH | Rate: 0.00/h
[2m2025-12-11T08:20:16.475124Z[0m [32m INFO[0m [2methereum_transaction_pool_monitor::bot_runner[0m[2m:[0m 🤖 MEV Bot Stats | Uptime: 4.5h | Opportunities: 0 | Bundles: 0/0 (0.0%) | Profit: 0.0000 ETH | Rate: 0.00/h
[2m2025-12-11T08:20:26.474675Z[0m [32m INFO[0m [2methereum_transaction_pool_monitor::bot_runner[0m[2m:[0m 🤖 MEV Bot Stats | Uptime: 4.5h | Opportunities: 0 | Bundles: 0/0 (0.0%) | Profit: 0.0000 ETH | Rate: 0.00/h
[2m2025-12-11T08:20:31.649221Z[0m [32m INFO[0m [2methereum_transaction_pool_monitor::mempool_monitor[0m[2m:[0m 📊 Mempool Monitor Stats:
[2m2025-12-11T08:20:31.649267Z[0m [32m INFO[0m [2methereum_transaction_pool_monitor::mempool_monitor[0m[2m:[0m    Total transactions: 32623
[2m2025-12-11T08:20:31.649276Z[0m [32m INFO[0m [2methereum_transaction_pool_monitor::mempool_monitor[0m[2m:[0m    DEX transactions: 311 (1.0%)
[2m2025-12-11T08:20:31.649284Z[0m [32m INFO[0m [2methereum_transaction_pool_monitor::mempool_monitor[0m[2m:[0m    Opportunities detected: 0
[2m2025-12-11T08:20:31.649289Z[0m [32m INFO[0m [2methereum_transaction_pool_monitor::mempool_monitor[0m[2m:[0m    Profitable opportunities: 0 (0.0%)
[2m2025-12-11T08:20:36.475706Z[0m [32m INFO[0m [2methereum_transaction_pool_monitor::bot_runner[0m[2m:[0m 🤖 MEV Bot Stats | Uptime: 4.5h | Opportunities: 0 | Bundles: 0/0 (0.0%) | Profit: 0.0000 ETH | Rate: 0.00/h
[2m2025-12-11T08:20:46.475459Z[0m [32m INFO[0m [2methereum_transaction_pool_monitor::bot_runner[0m[2m:[0m 🤖 MEV Bot Stats | Uptime: 4.5h | Opportunities: 0 | Bundles: 0/0 (0.0%) | Profit: 0.0000 ETH | Rate: 0.00/h
[2m2025-12-11T08:20:56.475197Z[0m [32m INFO[0m [2methereum_transaction_pool_monitor::bot_runner[0m[2m:[0m 🤖 MEV Bot Stats | Uptime: 4.5h | Opportunities: 0 | Bundles: 0/0 (0.0%) | Profit: 0.0000 ETH | Rate: 0.00/h
[2m2025-12-11T08:21:01.651819Z[0m [32m INFO[0m [2methereum_transaction_pool_monitor::mempool_monitor[0m[2m:[0m 📊 Mempool Monitor Stats:
[2m2025-12-11T08:21:01.651863Z[0m [32m INFO[0m [2methereum_transaction_pool_monitor::mempool_monitor[0m[2m:[0m    Total transactions: 32623
[2m2025-12-11T08:21:01.651869Z[0m [32m INFO[0m [2methereum_transaction_pool_monitor::mempool_monitor[0m[2m:[0m    DEX transactions: 311 (1.0%)
[2m2025-12-11T08:21:01.651875Z[0m [32m INFO[0m [2methereum_transaction_pool_monitor::mempool_monitor[0m[2m:[0m    Opportunities detected: 0
[2m2025-12-11T08:21:01.651879Z[0m [32m INFO[0m [2methereum_transaction_pool_monitor::mempool_monitor[0m[2m:[0m    Profitable opportunities: 0 (0.0%)
[2m2025-12-11T08:21:06.475194Z[0m [32m INFO[0m [2methereum_transaction_pool_monitor::bot_runner[0m[2m:[0m 🤖 MEV Bot Stats | Uptime: 4.5h | Opportunities: 0 | Bundles: 0/0 (0.0%) | Profit: 0.0000 ETH | Rate: 0.00/h
[2m2025-12-11T08:21:16.475322Z[0m [32m INFO[0m [2methereum_transaction_pool_monitor::bot_runner[0m[2m:[0m 🤖 MEV Bot Stats | Uptime: 4.5h | Opportunities: 0 | Bundles: 0/0 (0.0%) | Profit: 0.0000 ETH | Rate: 0.00/h
[2m2025-12-11T08:21:26.475331Z[0m [32m INFO[0m [2methereum_transaction_pool_monitor::bot_runner[0m[2m:[0m 🤖 MEV Bot Stats | Uptime: 4.5h | Opportunities: 0 | Bundles: 0/0 (0.0%) | Profit: 0.0000 ETH | Rate: 0.00/h
[2m2025-12-11T08:21:31.653456Z[0m [32m INFO[0m [2methereum_transaction_pool_monitor::mempool_monitor[0m[2m:[0m 📊 Mempool Monitor Stats:
[2m2025-12-11T08:21:31.653518Z[0m [32m INFO[0m [2methereum_transaction_pool_monitor::mempool_monitor[0m[2m:[0m    Total transactions: 32623
[2m2025-12-11T08:21:31.653531Z[0m [32m INFO[0m [2methereum_transaction_pool_monitor::mempool_monitor[0m[2m:[0m    DEX transactions: 311 (1.0%)
[2m2025-12-11T08:21:31.653539Z[0m [32m INFO[0m [2methereum_transaction_pool_monitor::mempool_monitor[0m[2m:[0m    Opportunities detected: 0
[2m2025-12-11T08:21:31.653544Z[0m [32m INFO[0m [2methereum_transaction_pool_monitor::mempool_monitor[0m[2m:[0m    Profitable opportunities: 0 (0.0%)
[2m2025-12-11T08:21:36.476426Z[0m [32m INFO[0m [2methereum_transaction_pool_monitor::bot_runner[0m[2m:[0m 🤖 MEV Bot Stats | Uptime: 4.5h | Opportunities: 0 | Bundles: 0/0 (0.0%) | Profit: 0.0000 ETH | Rate: 0.00/h
[2m2025-12-11T08:21:46.475709Z[0m [32m INFO[0m [2methereum_transaction_pool_monitor::bot_runner[0m[2m:[0m 🤖 MEV Bot Stats | Uptime: 4.5h | Opportunities: 0 | Bundles: 0/0 (0.0%) | Profit: 0.0000 ETH | Rate: 0.00/h
[2m2025-12-11T08:21:56.476597Z[0m [32m INFO[0m [2methereum_transaction_pool_monitor::bot_runner[0m[2m:[0m 🤖 MEV Bot Stats | Uptime: 4.5h | Opportunities: 0 | Bundles: 0/0 (0.0%) | Profit: 0.0000 ETH | Rate: 0.00/h
[2m2025-12-11T08:22:01.656332Z[0m [32m INFO[0m [2methereum_transaction_pool_monitor::mempool_monitor[0m[2m:[0m 📊 Mempool Monitor Stats:
[2m2025-12-11T08:22:01.656368Z[0m [32m INFO[0m [2methereum_transaction_pool_monitor::mempool_monitor[0m[2m:[0m    Total transactions: 32623
[2m2025-12-11T08:22:01.656374Z[0m [32m INFO[0m [2methereum_transaction_pool_monitor::mempool_monitor[0m[2m:[0m    DEX transactions: 311 (1.0%)
[2m2025-12-11T08:22:01.656380Z[0m [32m INFO[0m [2methereum_transaction_pool_monitor::mempool_monitor[0m[2m:[0m    Opportunities detected: 0
[2m2025-12-11T08:22:01.656384Z[0m [32m INFO[0m [2methereum_transaction_pool_monitor::mempool_monitor[0m[2m:[0m    Profitable opportunities: 0 (0.0%)
[2m2025-12-11T08:22:06.476007Z[0m [32m INFO[0m [2methereum_transaction_pool_monitor::bot_runner[0m[2m:[0m 🤖 MEV Bot Stats | Uptime: 4.5h | Opportunities: 0 | Bundles: 0/0 (0.0%) | Profit: 0.0000 ETH | Rate: 0.00/h
[2m2025-12-11T08:22:16.476874Z[0m [32m INFO[0m [2methereum_transaction_pool_monitor::bot_runner[0m[2m:[0m 🤖 MEV Bot Stats | Uptime: 4.5h | Opportunities: 0 | Bundles: 0/0 (0.0%) | Profit: 0.0000 ETH | Rate: 0.00/h
[2m2025-12-11T08:22:26.476492Z[0m [32m INFO[0m [2methereum_transaction_pool_monitor::bot_runner[0m[2m:[0m 🤖 MEV Bot Stats | Uptime: 4.5h | Opportunities: 0 | Bundles: 0/0 (0.0%) | Profit: 0.0000 ETH | Rate: 0.00/h
[2m2025-12-11T08:22:31.658927Z[0m [32m INFO[0m [2methereum_transaction_pool_monitor::mempool_monitor[0m[2m:[0m 📊 Mempool Monitor Stats:
[2m2025-12-11T08:22:31.659001Z[0m [32m INFO[0m [2methereum_transaction_pool_monitor::mempool_monitor[0m[2m:[0m    Total transactions: 32623
[2m2025-12-11T08:22:31.659008Z[0m [32m INFO[0m [2methereum_transaction_pool_monitor::mempool_monitor[0m[2m:[0m    DEX transactions: 311 (1.0%)
[2m2025-12-11T08:22:31.659019Z[0m [32m INFO[0m [2methereum_transaction_pool_monitor::mempool_monitor[0m[2m:[0m    Opportunities detected: 0
[2m2025-12-11T08:22:31.659025Z[0m [32m INFO[0m [2methereum_transaction_pool_monitor::mempool_monitor[0m[2m:[0m    Profitable opportunities: 0 (0.0%)
[2m2025-12-11T08:22:36.476372Z[0m [32m INFO[0m [2methereum_transaction_pool_monitor::bot_runner[0m[2m:[0m 🤖 MEV Bot Stats | Uptime: 4.5h | Opportunities: 0 | Bundles: 0/0 (0.0%) | Profit: 0.0000 ETH | Rate: 0.00/h
[2m2025-12-11T08:22:46.476818Z[0m [32m INFO[0m [2methereum_transaction_pool_monitor::bot_runner[0m[2m:[0m 🤖 MEV Bot Stats | Uptime: 4.5h | Opportunities: 0 | Bundles: 0/0 (0.0%) | Profit: 0.0000 ETH | Rate: 0.00/h
[2m2025-12-11T08:22:56.477593Z[0m [32m INFO[0m [2methereum_transaction_pool_monitor::bot_runner[0m[2m:[0m 🤖 MEV Bot Stats | Uptime: 4.5h | Opportunities: 0 | Bundles: 0/0 (0.0%) | Profit: 0.0000 ETH | Rate: 0.00/h
[2m2025-12-11T08:23:01.660726Z[0m [32m INFO[0m [2methereum_transaction_pool_monitor::mempool_monitor[0m[2m:[0m 📊 Mempool Monitor Stats:
[2m2025-12-11T08:23:01.660827Z[0m [32m INFO[0m [2methereum_transaction_pool_monitor::mempool_monitor[0m[2m:[0m    Total transactions: 32623
[2m2025-12-11T08:23:01.660847Z[0m [32m INFO[0m [2methereum_transaction_pool_monitor::mempool_monitor[0m[2m:[0m    DEX transactions: 311 (1.0%)
[2m2025-12-11T08:23:01.660862Z[0m [32m INFO[0m [2methereum_transaction_pool_monitor::mempool_monitor[0m[2m:[0m    Opportunities detected: 0
[2m2025-12-11T08:23:01.660873Z[0m [32m INFO[0m [2methereum_transaction_pool_monitor::mempool_monitor[0m[2m:[0m    Profitable opportunities: 0 (0.0%)
[2m2025-12-11T08:23:06.477511Z[0m [32m INFO[0m [2methereum_transaction_pool_monitor::bot_runner[0m[2m:[0m 🤖 MEV Bot Stats | Uptime: 4.5h | Opportunities: 0 | Bundles: 0/0 (0.0%) | Profit: 0.0000 ETH | Rate: 0.00/h
[2m2025-12-11T08:23:16.477320Z[0m [32m INFO[0m [2methereum_transaction_pool_monitor::bot_runner[0m[2m:[0m 🤖 MEV Bot Stats | Uptime: 4.5h | Opportunities: 0 | Bundles: 0/0 (0.0%) | Profit: 0.0000 ETH | Rate: 0.00/h
[2m2025-12-11T08:23:26.476840Z[0m [32m INFO[0m [2methereum_transaction_pool_monitor::bot_runner[0m[2m:[0m 🤖 MEV Bot Stats | Uptime: 4.5h | Opportunities: 0 | Bundles: 0/0 (0.0%) | Profit: 0.0000 ETH | Rate: 0.00/h
[2m2025-12-11T08:23:31.662172Z[0m [32m INFO[0m [2methereum_transaction_pool_monitor::mempool_monitor[0m[2m:[0m 📊 Mempool Monitor Stats:
[2m2025-12-11T08:23:31.662328Z[0m [32m INFO[0m [2methereum_transaction_pool_monitor::mempool_monitor[0m[2m:[0m    Total transactions: 32623
[2m2025-12-11T08:23:31.662353Z[0m [32m INFO[0m [2methereum_transaction_pool_monitor::mempool_monitor[0m[2m:[0m    DEX transactions: 311 (1.0%)
[2m2025-12-11T08:23:31.662369Z[0m [32m INFO[0m [2methereum_transaction_pool_monitor::mempool_monitor[0m[2m:[0m    Opportunities detected: 0
[2m2025-12-11T08:23:31.662380Z[0m [32m INFO[0m [2methereum_transaction_pool_monitor::mempool_monitor[0m[2m:[0m    Profitable opportunities: 0 (0.0%)
[2m2025-12-11T08:23:36.477680Z[0m [32m INFO[0m [2methereum_transaction_pool_monitor::bot_runner[0m[2m:[0m 🤖 MEV Bot Stats | Uptime: 4.5h | Opportunities: 0 | Bundles: 0/0 (0.0%) | Profit: 0.0000 ETH | Rate: 0.00/h
[2m2025-12-11T08:23:46.477395Z[0m [32m INFO[0m [2methereum_transaction_pool_monitor::bot_runner[0m[2m:[0m 🤖 MEV Bot Stats | Uptime: 4.5h | Opportunities: 0 | Bundles: 0/0 (0.0%) | Profit: 0.0000 ETH | Rate: 0.00/h
[2m2025-12-11T08:23:56.478345Z[0m [32m INFO[0m [2methereum_transaction_pool_monitor::bot_runner[0m[2m:[0m 🤖 MEV Bot Stats | Uptime: 4.5h | Opportunities: 0 | Bundles: 0/0 (0.0%) | Profit: 0.0000 ETH | Rate: 0.00/h
[2m2025-12-11T08:24:01.663955Z[0m [32m INFO[0m [2methereum_transaction_pool_monitor::mempool_monitor[0m[2m:[0m 📊 Mempool Monitor Stats:
[2m2025-12-11T08:24:01.664007Z[0m [32m INFO[0m [2methereum_transaction_pool_monitor::mempool_monitor[0m[2m:[0m    Total transactions: 32623
[2m2025-12-11T08:24:01.664020Z[0m [32m INFO[0m [2methereum_transaction_pool_monitor::mempool_monitor[0m[2m:[0m    DEX transactions: 311 (1.0%)
[2m2025-12-11T08:24:01.664029Z[0m [32m INFO[0m [2methereum_transaction_pool_monitor::mempool_monitor[0m[2m:[0m    Opportunities detected: 0
[2m2025-12-11T08:24:01.664036Z[0m [32m INFO[0m [2methereum_transaction_pool_monitor::mempool_monitor[0m[2m:[0m    Profitable opportunities: 0 (0.0%)
[2m2025-12-11T08:24:06.477070Z[0m [32m INFO[0m [2methereum_transaction_pool_monitor::bot_runner[0m[2m:[0m 🤖 MEV Bot Stats | Uptime: 4.5h | Opportunities: 0 | Bundles: 0/0 (0.0%) | Profit: 0.0000 ETH | Rate: 0.00/h
[2m2025-12-11T08:24:16.478087Z[0m [32m INFO[0m [2methereum_transaction_pool_monitor::bot_runner[0m[2m:[0m 🤖 MEV Bot Stats | Uptime: 4.5h | Opportunities: 0 | Bundles: 0/0 (0.0%) | Profit: 0.0000 ETH | Rate: 0.00/h
[2m2025-12-11T08:24:26.477391Z[0m [32m INFO[0m [2methereum_transaction_pool_monitor::bot_runner[0m[2m:[0m 🤖 MEV Bot Stats | Uptime: 4.5h | Opportunities: 0 | Bundles: 0/0 (0.0%) | Profit: 0.0000 ETH | Rate: 0.00/h
[2m2025-12-11T08:24:31.666803Z[0m [32m INFO[0m [2methereum_transaction_pool_monitor::mempool_monitor[0m[2m:[0m 📊 Mempool Monitor Stats:
[2m2025-12-11T08:24:31.666989Z[0m [32m INFO[0m [2methereum_transaction_pool_monitor::mempool_monitor[0m[2m:[0m    Total transactions: 32623
[2m2025-12-11T08:24:31.667035Z[0m [32m INFO[0m [2methereum_transaction_pool_monitor::mempool_monitor[0m[2m:[0m    DEX transactions: 311 (1.0%)
[2m2025-12-11T08:24:31.667065Z[0m [32m INFO[0m [2methereum_transaction_pool_monitor::mempool_monitor[0m[2m:[0m    Opportunities detected: 0
[2m2025-12-11T08:24:31.667081Z[0m [32m INFO[0m [2methereum_transaction_pool_monitor::mempool_monitor[0m[2m:[0m    Profitable opportunities: 0 (0.0%)
[2m2025-12-11T08:24:36.478186Z[0m [32m INFO[0m [2methereum_transaction_pool_monitor::bot_runner[0m[2m:[0m 🤖 MEV Bot Stats | Uptime: 4.5h | Opportunities: 0 | Bundles: 0/0 (0.0%) | Profit: 0.0000 ETH | Rate: 0.00/h
[2m2025-12-11T08:24:46.478432Z[0m [32m INFO[0m [2methereum_transaction_pool_monitor::bot_runner[0m[2m:[0m 🤖 MEV Bot Stats | Uptime: 4.5h | Opportunities: 0 | Bundles: 0/0 (0.0%) | Profit: 0.0000 ETH | Rate: 0.00/h
[2m2025-12-11T08:24:56.478394Z[0m [32m INFO[0m [2methereum_transaction_pool_monitor::bot_runner[0m[2m:[0m 🤖 MEV Bot Stats | Uptime: 4.5h | Opportunities: 0 | Bundles: 0/0 (0.0%) | Profit: 0.0000 ETH | Rate: 0.00/h
