warning: variable `subscription_id` is assigned to, but never used
   --> src/eth_client.rs:825:29
    |
825 |                     let mut subscription_id: Option<String> = None;
    |                             ^^^^^^^^^^^^^^^
    |
    = note: consider using `_subscription_id` instead
    = note: `#[warn(unused_variables)]` on by default

warning: value assigned to `subscription_id` is never read
   --> src/eth_client.rs:840:49
    |
840 | ...                   subscription_id = Some(sub_id.to_string());
    |                       ^^^^^^^^^^^^^^^
    |
    = help: maybe it is overwritten before being read?
    = note: `#[warn(unused_assignments)]` on by default

warning: `ethereum-transaction-pool-monitor` (lib) generated 2 warnings
warning: `ethereum-transaction-pool-monitor` (bin "ethereum-transaction-pool-monitor") generated 2 warnings (2 duplicates)
    Finished `dev` profile [unoptimized + debuginfo] target(s) in 0.39s
     Running `target/debug/ethereum-transaction-pool-monitor bot --min-profit 0.001 --max-gas-price 50`
🤖 Continuous MEV Bot Runner
============================
🤖 Initializing MEV Bot Runner...
[2m2025-12-10T12:17:27.784486Z[0m [32m INFO[0m [2methereum_transaction_pool_monitor::eth_client[0m[2m:[0m 🔗 Initializing Ethereum client
[2m2025-12-10T12:17:27.784582Z[0m [34mDEBUG[0m [2methereum_transaction_pool_monitor::eth_client[0m[2m:[0m 📡 RPC URL: http://192.168.0.14:8545
[2m2025-12-10T12:17:27.791620Z[0m [34mDEBUG[0m [2mhyper::client::connect::http[0m[2m:[0m connecting to 192.168.0.14:8545
[2m2025-12-10T12:17:27.798648Z[0m [34mDEBUG[0m [2mhyper::client::connect::http[0m[2m:[0m connected to 192.168.0.14:8545
[2m2025-12-10T12:17:27.799354Z[0m [34mDEBUG[0m [2mhyper::proto::h1::io[0m[2m:[0m flushed 172 bytes
[2m2025-12-10T12:17:27.809463Z[0m [34mDEBUG[0m [2mhyper::proto::h1::io[0m[2m:[0m parsed 4 headers
[2m2025-12-10T12:17:27.809515Z[0m [34mDEBUG[0m [2mhyper::proto::h1::conn[0m[2m:[0m incoming body is content-length (45 bytes)
[2m2025-12-10T12:17:27.809547Z[0m [34mDEBUG[0m [2mhyper::proto::h1::conn[0m[2m:[0m incoming body completed
[2m2025-12-10T12:17:27.809612Z[0m [34mDEBUG[0m [2mhyper::client::pool[0m[2m:[0m pooling idle connection for ("http", 192.168.0.14:8545)
[2m2025-12-10T12:17:27.809846Z[0m [32m INFO[0m [2methereum_transaction_pool_monitor::eth_client[0m[2m:[0m ✅ Ethereum client connected - Current block: 23982254
[2m2025-12-10T12:17:27.809870Z[0m [34mDEBUG[0m [2methereum_transaction_pool_monitor::pool_db[0m[2m:[0m 🗄️  Opening database at path: ./dex_pools.db
[2m2025-12-10T12:17:27.810569Z[0m [32m INFO[0m [2methereum_transaction_pool_monitor::pool_db[0m[2m:[0m ✅ Database connection established successfully
[2m2025-12-10T12:17:27.810585Z[0m [34mDEBUG[0m [2methereum_transaction_pool_monitor::pool_db[0m[2m:[0m 🔧 Initializing database schema...
[2m2025-12-10T12:17:27.810603Z[0m [34mDEBUG[0m [2methereum_transaction_pool_monitor::pool_db[0m[2m:[0m 🔨 Creating database tables and indexes...
[2m2025-12-10T12:17:27.811089Z[0m [34mDEBUG[0m [2methereum_transaction_pool_monitor::pool_db[0m[2m:[0m ✅ Database schema creation completed
[2m2025-12-10T12:17:27.811100Z[0m [32m INFO[0m [2methereum_transaction_pool_monitor::pool_db[0m[2m:[0m ✅ Database schema initialized
[2m2025-12-10T12:17:27.812753Z[0m [32m INFO[0m [2methereum_transaction_pool_monitor::pool_db[0m[2m:[0m 📊 Database contains 545308 pools
📊 Loading pool database...
✅ Pool database loaded: 545308 pools
⚙️  Bot Configuration:
   • Min Profit: 0.0010 ETH
   • Max Gas Price: 50 gwei
   • Execution Mode: Simulation Only
   • Stats Interval: 30s
📝 Running in SIMULATION mode - no actual transactions will be sent
[2m2025-12-10T12:17:27.814780Z[0m [32m INFO[0m [2methereum_transaction_pool_monitor::bot_runner[0m[2m:[0m 🚀 Initializing MEV bot runner...
[2m2025-12-10T12:17:27.814799Z[0m [34mDEBUG[0m [2methereum_transaction_pool_monitor::bot_runner[0m[2m:[0m 🔧 Bot configuration: min_profit=0.0010 ETH, max_gas=50.0 gwei
[2m2025-12-10T12:17:27.814824Z[0m [34mDEBUG[0m [2methereum_transaction_pool_monitor::bot_runner[0m[2m:[0m 🔗 RPC URL: http://192.168.0.14:8545
[2m2025-12-10T12:17:27.814832Z[0m [34mDEBUG[0m [2methereum_transaction_pool_monitor::bot_runner[0m[2m:[0m 🗄️  Database: ./dex_pools.db
[2m2025-12-10T12:17:27.814853Z[0m [32m INFO[0m [2methereum_transaction_pool_monitor::bot_runner[0m[2m:[0m ✅ MEV bot runner initialized
[2m2025-12-10T12:17:27.814860Z[0m [34mDEBUG[0m [2methereum_transaction_pool_monitor::bot_runner[0m[2m:[0m 📊 Initial stats: uptime started, 0 transactions processed

🚀 Starting MEV bot runner...
   Press Ctrl+C to stop gracefully

[2m2025-12-10T12:17:27.814883Z[0m [32m INFO[0m [2methereum_transaction_pool_monitor::bot_runner[0m[2m:[0m Starting MEV bot runner...
[2m2025-12-10T12:17:27.814899Z[0m [32m INFO[0m [2methereum_transaction_pool_monitor::bot_runner[0m[2m:[0m ╔══════════════════════════════════════════════════════════════╗
[2m2025-12-10T12:17:27.814910Z[0m [32m INFO[0m [2methereum_transaction_pool_monitor::bot_runner[0m[2m:[0m ║                  MEV BOT RUNNER STARTED                     ║
[2m2025-12-10T12:17:27.814918Z[0m [32m INFO[0m [2methereum_transaction_pool_monitor::bot_runner[0m[2m:[0m ╠══════════════════════════════════════════════════════════════╣
[2m2025-12-10T12:17:27.814934Z[0m [32m INFO[0m [2methereum_transaction_pool_monitor::bot_runner[0m[2m:[0m ║ Min Profit Threshold: 0.0010 ETH                           ║
[2m2025-12-10T12:17:27.815044Z[0m [32m INFO[0m [2methereum_transaction_pool_monitor::bot_runner[0m[2m:[0m ║ Max Gas Price: 50 gwei                                  ║
[2m2025-12-10T12:17:27.815112Z[0m [32m INFO[0m [2methereum_transaction_pool_monitor::bot_runner[0m[2m:[0m ║ Max Concurrent Bundles: 5                                ║
[2m2025-12-10T12:17:27.815133Z[0m [32m INFO[0m [2methereum_transaction_pool_monitor::bot_runner[0m[2m:[0m ║ Flashbots Enabled: false                                    ║
[2m2025-12-10T12:17:27.818852Z[0m [32m INFO[0m [2methereum_transaction_pool_monitor::bot_runner[0m[2m:[0m ║ Pool Database: 545308 pools loaded                         ║
[2m2025-12-10T12:17:27.818894Z[0m [32m INFO[0m [2methereum_transaction_pool_monitor::bot_runner[0m[2m:[0m ╚══════════════════════════════════════════════════════════════╝
[2m2025-12-10T12:17:27.818970Z[0m [32m INFO[0m [2methereum_transaction_pool_monitor::mempool_monitor[0m[2m:[0m 🚀 Initializing MEV mempool monitor...
[2m2025-12-10T12:17:27.818982Z[0m [34mDEBUG[0m [2methereum_transaction_pool_monitor::mempool_monitor[0m[2m:[0m 🔗 Connecting to RPC: http://192.168.0.14:8545
[2m2025-12-10T12:17:27.818990Z[0m [34mDEBUG[0m [2methereum_transaction_pool_monitor::mempool_monitor[0m[2m:[0m 🗄️  Database path: ./dex_pools.db
[2m2025-12-10T12:17:27.818997Z[0m [32m INFO[0m [2methereum_transaction_pool_monitor::eth_client[0m[2m:[0m 🔗 Initializing Ethereum client
[2m2025-12-10T12:17:27.819005Z[0m [34mDEBUG[0m [2methereum_transaction_pool_monitor::eth_client[0m[2m:[0m 📡 RPC URL: http://192.168.0.14:8545
[2m2025-12-10T12:17:27.819159Z[0m [34mDEBUG[0m [2mhyper::client::connect::http[0m[2m:[0m connecting to 192.168.0.14:8545
[2m2025-12-10T12:17:27.829963Z[0m [34mDEBUG[0m [2mhyper::client::connect::http[0m[2m:[0m connected to 192.168.0.14:8545
[2m2025-12-10T12:17:27.830276Z[0m [34mDEBUG[0m [2mhyper::proto::h1::io[0m[2m:[0m flushed 172 bytes
[2m2025-12-10T12:17:27.841481Z[0m [34mDEBUG[0m [2mhyper::proto::h1::io[0m[2m:[0m parsed 4 headers
[2m2025-12-10T12:17:27.841533Z[0m [34mDEBUG[0m [2mhyper::proto::h1::conn[0m[2m:[0m incoming body is content-length (45 bytes)
[2m2025-12-10T12:17:27.841562Z[0m [34mDEBUG[0m [2mhyper::proto::h1::conn[0m[2m:[0m incoming body completed
[2m2025-12-10T12:17:27.841601Z[0m [34mDEBUG[0m [2mhyper::client::pool[0m[2m:[0m pooling idle connection for ("http", 192.168.0.14:8545)
[2m2025-12-10T12:17:27.841674Z[0m [32m INFO[0m [2methereum_transaction_pool_monitor::eth_client[0m[2m:[0m ✅ Ethereum client connected - Current block: 23982254
[2m2025-12-10T12:17:27.841695Z[0m [32m INFO[0m [2methereum_transaction_pool_monitor::mempool_monitor[0m[2m:[0m ✅ Ethereum client connected
[2m2025-12-10T12:17:27.841705Z[0m [34mDEBUG[0m [2methereum_transaction_pool_monitor::pool_db[0m[2m:[0m 🗄️  Opening database at path: ./dex_pools.db
[2m2025-12-10T12:17:27.841847Z[0m [32m INFO[0m [2methereum_transaction_pool_monitor::pool_db[0m[2m:[0m ✅ Database connection established successfully
[2m2025-12-10T12:17:27.841857Z[0m [34mDEBUG[0m [2methereum_transaction_pool_monitor::pool_db[0m[2m:[0m 🔧 Initializing database schema...
[2m2025-12-10T12:17:27.841864Z[0m [34mDEBUG[0m [2methereum_transaction_pool_monitor::pool_db[0m[2m:[0m 🔨 Creating database tables and indexes...
[2m2025-12-10T12:17:27.841999Z[0m [34mDEBUG[0m [2methereum_transaction_pool_monitor::pool_db[0m[2m:[0m ✅ Database schema creation completed
[2m2025-12-10T12:17:27.842015Z[0m [32m INFO[0m [2methereum_transaction_pool_monitor::pool_db[0m[2m:[0m ✅ Database schema initialized
[2m2025-12-10T12:17:27.843700Z[0m [32m INFO[0m [2methereum_transaction_pool_monitor::pool_db[0m[2m:[0m 📊 Database contains 545308 pools
[2m2025-12-10T12:17:27.843720Z[0m [32m INFO[0m [2methereum_transaction_pool_monitor::mempool_monitor[0m[2m:[0m ✅ Pool database loaded
[2m2025-12-10T12:17:27.843727Z[0m [34mDEBUG[0m [2methereum_transaction_pool_monitor::mempool_monitor[0m[2m:[0m 🧠 Initializing sandwich simulator...
[2m2025-12-10T12:17:27.843736Z[0m [34mDEBUG[0m [2methereum_transaction_pool_monitor::pool_db[0m[2m:[0m 🗄️  Opening database at path: ./dex_pools.db
[2m2025-12-10T12:17:27.843825Z[0m [32m INFO[0m [2methereum_transaction_pool_monitor::pool_db[0m[2m:[0m ✅ Database connection established successfully
[2m2025-12-10T12:17:27.843833Z[0m [34mDEBUG[0m [2methereum_transaction_pool_monitor::pool_db[0m[2m:[0m 🔧 Initializing database schema...
[2m2025-12-10T12:17:27.843840Z[0m [34mDEBUG[0m [2methereum_transaction_pool_monitor::pool_db[0m[2m:[0m 🔨 Creating database tables and indexes...
[2m2025-12-10T12:17:27.843939Z[0m [34mDEBUG[0m [2methereum_transaction_pool_monitor::pool_db[0m[2m:[0m ✅ Database schema creation completed
[2m2025-12-10T12:17:27.843947Z[0m [32m INFO[0m [2methereum_transaction_pool_monitor::pool_db[0m[2m:[0m ✅ Database schema initialized
[2m2025-12-10T12:17:27.845761Z[0m [32m INFO[0m [2methereum_transaction_pool_monitor::pool_db[0m[2m:[0m 📊 Database contains 545308 pools
[2m2025-12-10T12:17:27.845820Z[0m [32m INFO[0m [2methereum_transaction_pool_monitor::mempool_monitor[0m[2m:[0m ✅ Enhanced sandwich simulator ready
[2m2025-12-10T12:17:27.845830Z[0m [34mDEBUG[0m [2methereum_transaction_pool_monitor::mempool_monitor[0m[2m:[0m 📚 Loading known pool addresses for mempool filtering...
[2m2025-12-10T12:17:27.845998Z[0m [32m INFO[0m [2methereum_transaction_pool_monitor::mempool_monitor[0m[2m:[0m ✅ Loaded 0 known pool addresses for mempool filtering
[2m2025-12-10T12:17:27.846272Z[0m [32m INFO[0m [2methereum_transaction_pool_monitor::bot_runner[0m[2m:[0m All MEV bot components started successfully
[2m2025-12-10T12:17:27.846434Z[0m [32m INFO[0m [2methereum_transaction_pool_monitor::mempool_monitor[0m[2m:[0m 🔍 Starting real-time mempool monitoring for MEV opportunities
[2m2025-12-10T12:17:27.846543Z[0m [32m INFO[0m [2methereum_transaction_pool_monitor::mempool_monitor[0m[2m:[0m 📊 Config: min_value=$1000, max_gas=50 gwei, min_profit=0.001 ETH
[2m2025-12-10T12:17:27.846589Z[0m [32m INFO[0m [2methereum_transaction_pool_monitor::mempool_monitor[0m[2m:[0m 🎯 Monitoring 3 protocols: ["UniswapV2", "UniswapV3", "SushiSwap"]
[2m2025-12-10T12:17:27.846631Z[0m [34mDEBUG[0m [2methereum_transaction_pool_monitor::mempool_monitor[0m[2m:[0m 📡 Attempting to subscribe to pending transactions stream...
[2m2025-12-10T12:17:27.846665Z[0m [32m INFO[0m [2methereum_transaction_pool_monitor::eth_client[0m[2m:[0m 🔌 Setting up custom WebSocket subscription for pending transactions
[2m2025-12-10T12:17:27.846692Z[0m [34mDEBUG[0m [2methereum_transaction_pool_monitor::eth_client[0m[2m:[0m 📡 WebSocket URL: ws://192.168.0.14:8547
[2m2025-12-10T12:17:27.846722Z[0m [32m INFO[0m [2methereum_transaction_pool_monitor::mempool_monitor[0m[2m:[0m ✅ Successfully subscribed to mempool transactions
[2m2025-12-10T12:17:27.846753Z[0m [34mDEBUG[0m [2methereum_transaction_pool_monitor::eth_client[0m[2m:[0m 🔗 Establishing WebSocket connection...
[2m2025-12-10T12:17:27.847904Z[0m [32m INFO[0m [2methereum_transaction_pool_monitor::bot_runner[0m[2m:[0m 🤖 MEV Bot Stats | Uptime: 0.0h | Opportunities: 0 | Bundles: 0/0 (0.0%) | Profit: 0.0000 ETH | Rate: 0.00/h
[2m2025-12-10T12:17:27.847993Z[0m [34mDEBUG[0m [2mhyper::client::pool[0m[2m:[0m reuse idle connection for ("http", 192.168.0.14:8545)
[2m2025-12-10T12:17:27.848257Z[0m [34mDEBUG[0m [2mhyper::proto::h1::io[0m[2m:[0m flushed 172 bytes
[2m2025-12-10T12:17:27.852931Z[0m [34mDEBUG[0m [2mhyper::proto::h1::io[0m[2m:[0m parsed 4 headers
[2m2025-12-10T12:17:27.852963Z[0m [34mDEBUG[0m [2mhyper::proto::h1::conn[0m[2m:[0m incoming body is content-length (45 bytes)
[2m2025-12-10T12:17:27.852985Z[0m [34mDEBUG[0m [2mhyper::proto::h1::conn[0m[2m:[0m incoming body completed
[2m2025-12-10T12:17:27.853032Z[0m [34mDEBUG[0m [2mhyper::client::pool[0m[2m:[0m pooling idle connection for ("http", 192.168.0.14:8545)
[2m2025-12-10T12:17:27.857418Z[0m [32m INFO[0m [2methereum_transaction_pool_monitor::eth_client[0m[2m:[0m ✅ WebSocket connection established
[2m2025-12-10T12:17:27.857449Z[0m [34mDEBUG[0m [2methereum_transaction_pool_monitor::eth_client[0m[2m:[0m 📡 Sending subscription request...
[2m2025-12-10T12:17:27.857550Z[0m [32m INFO[0m [2methereum_transaction_pool_monitor::eth_client[0m[2m:[0m 🔄 Starting custom WebSocket message processing loop...
[2m2025-12-10T12:17:27.861340Z[0m [34mDEBUG[0m [2methereum_transaction_pool_monitor::eth_client[0m[2m:[0m 📨 Received WebSocket message: {"jsonrpc":"2.0","id":1,"result":"0xb60af543a4ead1cf1df939ac89b7e704"}
[2m2025-12-10T12:17:27.861384Z[0m [32m INFO[0m [2methereum_transaction_pool_monitor::eth_client[0m[2m:[0m ✅ WebSocket subscription established with ID: 0xb60af543a4ead1cf1df939ac89b7e704
[2m2025-12-10T12:17:27.948602Z[0m [34mDEBUG[0m [2mhyper::client::pool[0m[2m:[0m reuse idle connection for ("http", 192.168.0.14:8545)
[2m2025-12-10T12:17:27.948765Z[0m [34mDEBUG[0m [2mhyper::proto::h1::io[0m[2m:[0m flushed 172 bytes
[2m2025-12-10T12:17:27.955324Z[0m [34mDEBUG[0m [2mhyper::proto::h1::io[0m[2m:[0m parsed 4 headers
[2m2025-12-10T12:17:27.955371Z[0m [34mDEBUG[0m [2mhyper::proto::h1::conn[0m[2m:[0m incoming body is content-length (45 bytes)
[2m2025-12-10T12:17:27.955398Z[0m [34mDEBUG[0m [2mhyper::proto::h1::conn[0m[2m:[0m incoming body completed
[2m2025-12-10T12:17:27.955455Z[0m [34mDEBUG[0m [2mhyper::client::pool[0m[2m:[0m pooling idle connection for ("http", 192.168.0.14:8545)
[2m2025-12-10T12:17:28.047939Z[0m [34mDEBUG[0m [2mhyper::client::pool[0m[2m:[0m reuse idle connection for ("http", 192.168.0.14:8545)
[2m2025-12-10T12:17:28.048112Z[0m [34mDEBUG[0m [2mhyper::proto::h1::io[0m[2m:[0m flushed 172 bytes
[2m2025-12-10T12:17:28.089239Z[0m [34mDEBUG[0m [2mhyper::proto::h1::io[0m[2m:[0m parsed 4 headers
[2m2025-12-10T12:17:28.089304Z[0m [34mDEBUG[0m [2mhyper::proto::h1::conn[0m[2m:[0m incoming body is content-length (45 bytes)
[2m2025-12-10T12:17:28.089370Z[0m [34mDEBUG[0m [2mhyper::proto::h1::conn[0m[2m:[0m incoming body completed
[2m2025-12-10T12:17:28.089428Z[0m [34mDEBUG[0m [2mhyper::client::pool[0m[2m:[0m pooling idle connection for ("http", 192.168.0.14:8545)
[2m2025-12-10T12:17:28.148740Z[0m [34mDEBUG[0m [2mhyper::client::pool[0m[2m:[0m reuse idle connection for ("http", 192.168.0.14:8545)
[2m2025-12-10T12:17:28.148913Z[0m [34mDEBUG[0m [2mhyper::proto::h1::io[0m[2m:[0m flushed 172 bytes
[2m2025-12-10T12:17:28.153140Z[0m [34mDEBUG[0m [2mhyper::proto::h1::io[0m[2m:[0m parsed 4 headers
[2m2025-12-10T12:17:28.153185Z[0m [34mDEBUG[0m [2mhyper::proto::h1::conn[0m[2m:[0m incoming body is content-length (45 bytes)
[2m2025-12-10T12:17:28.153213Z[0m [34mDEBUG[0m [2mhyper::proto::h1::conn[0m[2m:[0m incoming body completed
[2m2025-12-10T12:17:28.153258Z[0m [34mDEBUG[0m [2mhyper::client::pool[0m[2m:[0m pooling idle connection for ("http", 192.168.0.14:8545)
[2m2025-12-10T12:17:28.222412Z[0m [34mDEBUG[0m [2methereum_transaction_pool_monitor::eth_client[0m[2m:[0m 📨 Received WebSocket message: {"jsonrpc":"2.0","method":"eth_subscription","params":{"subscription":"0xb60af543a4ead1cf1df939ac89b7e704","result":"0xd09c5e1e1759f94b07132e47bf8859962c592df5160a90637af59c0798be699c"}}
[2m2025-12-10T12:17:28.222494Z[0m [34mDEBUG[0m [2methereum_transaction_pool_monitor::eth_client[0m[2m:[0m 📨 Received pending transaction: 0xd09c5e1e1759f94b07132e47bf8859962c592df5160a90637af59c0798be699c
[2m2025-12-10T12:17:28.222530Z[0m [34mDEBUG[0m [2methereum_transaction_pool_monitor::mempool_monitor[0m[2m:[0m 📨 Processing new pending transaction: 0xd09c5e1e1759f94b07132e47bf8859962c592df5160a90637af59c0798be699c
[2m2025-12-10T12:17:28.222543Z[0m [34mDEBUG[0m [2methereum_transaction_pool_monitor::mempool_monitor[0m[2m:[0m 🔍 Fetching transaction details for: 0xd09c5e1e1759f94b07132e47bf8859962c592df5160a90637af59c0798be699c
[2m2025-12-10T12:17:28.222570Z[0m [34mDEBUG[0m [2methereum_transaction_pool_monitor::eth_client[0m[2m:[0m 🔍 Fetching transaction details for hash: 0xd09c5e1e1759f94b07132e47bf8859962c592df5160a90637af59c0798be699c
[2m2025-12-10T12:17:28.222692Z[0m [34mDEBUG[0m [2mhyper::client::pool[0m[2m:[0m reuse idle connection for ("http", 192.168.0.14:8545)
[2m2025-12-10T12:17:28.222797Z[0m [34mDEBUG[0m [2mhyper::proto::h1::io[0m[2m:[0m flushed 250 bytes
[2m2025-12-10T12:17:28.227605Z[0m [34mDEBUG[0m [2mhyper::proto::h1::io[0m[2m:[0m parsed 4 headers
[2m2025-12-10T12:17:28.227627Z[0m [34mDEBUG[0m [2mhyper::proto::h1::conn[0m[2m:[0m incoming body is content-length (777 bytes)
[2m2025-12-10T12:17:28.227647Z[0m [34mDEBUG[0m [2mhyper::proto::h1::conn[0m[2m:[0m incoming body completed
[2m2025-12-10T12:17:28.227682Z[0m [34mDEBUG[0m [2mhyper::client::pool[0m[2m:[0m pooling idle connection for ("http", 192.168.0.14:8545)
[2m2025-12-10T12:17:28.227705Z[0m [34mDEBUG[0m [2methereum_transaction_pool_monitor::eth_client[0m[2m:[0m 📡 Transaction fetch RPC completed in 5.120416ms
[2m2025-12-10T12:17:28.427258Z[0m [34mDEBUG[0m [2methereum_transaction_pool_monitor::eth_client[0m[2m:[0m ✅ Transaction 0xd09c5e1e1759f94b07132e47bf8859962c592df5160a90637af59c0798be699c fetched and parsed in 204.644375ms
[2m2025-12-10T12:17:28.427329Z[0m [34mDEBUG[0m [2methereum_transaction_pool_monitor::mempool_monitor[0m[2m:[0m 🔍 Skipping tx 0xd09c5e1e1759f94b07132e47bf8859962c592df5160a90637af59c0798be699c - not a DEX interaction (target: 0x57e114B691Db790C35207b2e685D4A43181e6061)
[2m2025-12-10T12:17:28.427515Z[0m [34mDEBUG[0m [2methereum_transaction_pool_monitor::eth_client[0m[2m:[0m 📨 Received WebSocket message: {"jsonrpc":"2.0","method":"eth_subscription","params":{"subscription":"0xb60af543a4ead1cf1df939ac89b7e704","result":"0x1f6f8111b0ea593a1b61076c1bd8c618003b0a289c80f1a597f638e11b973433"}}
[2m2025-12-10T12:17:28.427554Z[0m [34mDEBUG[0m [2methereum_transaction_pool_monitor::eth_client[0m[2m:[0m 📨 Received pending transaction: 0x1f6f8111b0ea593a1b61076c1bd8c618003b0a289c80f1a597f638e11b973433
[2m2025-12-10T12:17:28.427570Z[0m [34mDEBUG[0m [2mhyper::client::pool[0m[2m:[0m reuse idle connection for ("http", 192.168.0.14:8545)
[2m2025-12-10T12:17:28.427572Z[0m [34mDEBUG[0m [2methereum_transaction_pool_monitor::eth_client[0m[2m:[0m 📨 Received WebSocket message: {"jsonrpc":"2.0","method":"eth_subscription","params":{"subscription":"0xb60af543a4ead1cf1df939ac89b7e704","result":"0x4c5acdbce920b73d06bf25752a50777715747aa3b3df9ddef6c7ebfe1cc38b0a"}}
[2m2025-12-10T12:17:28.427591Z[0m [34mDEBUG[0m [2methereum_transaction_pool_monitor::eth_client[0m[2m:[0m 📨 Received pending transaction: 0x4c5acdbce920b73d06bf25752a50777715747aa3b3df9ddef6c7ebfe1cc38b0a
[2m2025-12-10T12:17:28.427603Z[0m [34mDEBUG[0m [2methereum_transaction_pool_monitor::eth_client[0m[2m:[0m 📨 Received WebSocket message: {"jsonrpc":"2.0","method":"eth_subscription","params":{"subscription":"0xb60af543a4ead1cf1df939ac89b7e704","result":"0xfa5967f67c50caf769d5323ac79f7f70cf533d89426919039b132e862749701d"}}
[2m2025-12-10T12:17:28.427619Z[0m [34mDEBUG[0m [2methereum_transaction_pool_monitor::eth_client[0m[2m:[0m 📨 Received pending transaction: 0xfa5967f67c50caf769d5323ac79f7f70cf533d89426919039b132e862749701d
[2m2025-12-10T12:17:28.427635Z[0m [34mDEBUG[0m [2mhyper::proto::h1::io[0m[2m:[0m flushed 172 bytes
[2m2025-12-10T12:17:28.427637Z[0m [34mDEBUG[0m [2methereum_transaction_pool_monitor::eth_client[0m[2m:[0m 📨 Received WebSocket message: {"jsonrpc":"2.0","method":"eth_subscription","params":{"subscription":"0xb60af543a4ead1cf1df939ac89b7e704","result":"0xdb79b9d6bbc201a16696459746566cae2cec3b6e715ab4815a27be722e83f099"}}
[2m2025-12-10T12:17:28.427655Z[0m [34mDEBUG[0m [2methereum_transaction_pool_monitor::eth_client[0m[2m:[0m 📨 Received pending transaction: 0xdb79b9d6bbc201a16696459746566cae2cec3b6e715ab4815a27be722e83f099
[2m2025-12-10T12:17:28.427666Z[0m [34mDEBUG[0m [2methereum_transaction_pool_monitor::eth_client[0m[2m:[0m 📨 Received WebSocket message: {"jsonrpc":"2.0","method":"eth_subscription","params":{"subscription":"0xb60af543a4ead1cf1df939ac89b7e704","result":"0x484d4213d47f970162b89534ebc321b1b7b04237e45b44330058eea26ba516fc"}}
[2m2025-12-10T12:17:28.427681Z[0m [34mDEBUG[0m [2methereum_transaction_pool_monitor::eth_client[0m[2m:[0m 📨 Received pending transaction: 0x484d4213d47f970162b89534ebc321b1b7b04237e45b44330058eea26ba516fc
[2m2025-12-10T12:17:28.427692Z[0m [34mDEBUG[0m [2methereum_transaction_pool_monitor::eth_client[0m[2m:[0m 📨 Received WebSocket message: {"jsonrpc":"2.0","method":"eth_subscription","params":{"subscription":"0xb60af543a4ead1cf1df939ac89b7e704","result":"0xc432d022d5a04710165f49e1448c5664551a2678c95a201975a6754e6c875f25"}}
[2m2025-12-10T12:17:28.427707Z[0m [34mDEBUG[0m [2methereum_transaction_pool_monitor::eth_client[0m[2m:[0m 📨 Received pending transaction: 0xc432d022d5a04710165f49e1448c5664551a2678c95a201975a6754e6c875f25
[2m2025-12-10T12:17:28.427721Z[0m [34mDEBUG[0m [2methereum_transaction_pool_monitor::eth_client[0m[2m:[0m 📨 Received WebSocket message: {"jsonrpc":"2.0","method":"eth_subscription","params":{"subscription":"0xb60af543a4ead1cf1df939ac89b7e704","result":"0x386e09703574767740f3509ab2d4b4a7ebf0bcd2a5383a0610e13e9dc8499fcf"}}
[2m2025-12-10T12:17:28.427737Z[0m [34mDEBUG[0m [2methereum_transaction_pool_monitor::eth_client[0m[2m:[0m 📨 Received pending transaction: 0x386e09703574767740f3509ab2d4b4a7ebf0bcd2a5383a0610e13e9dc8499fcf
[2m2025-12-10T12:17:28.427747Z[0m [34mDEBUG[0m [2methereum_transaction_pool_monitor::eth_client[0m[2m:[0m 📨 Received WebSocket message: {"jsonrpc":"2.0","method":"eth_subscription","params":{"subscription":"0xb60af543a4ead1cf1df939ac89b7e704","result":"0xd422aac69ea55b426177b6e5d78c088c24168b68c0a3d711b56cc2822d98c1c5"}}
[2m2025-12-10T12:17:28.427766Z[0m [34mDEBUG[0m [2methereum_transaction_pool_monitor::eth_client[0m[2m:[0m 📨 Received pending transaction: 0xd422aac69ea55b426177b6e5d78c088c24168b68c0a3d711b56cc2822d98c1c5
[2m2025-12-10T12:17:28.427782Z[0m [34mDEBUG[0m [2methereum_transaction_pool_monitor::eth_client[0m[2m:[0m 📨 Received WebSocket message: {"jsonrpc":"2.0","method":"eth_subscription","params":{"subscription":"0xb60af543a4ead1cf1df939ac89b7e704","result":"0x273f14ed4fb1470b47b936e91641e7e2166667681c8719f5ca54ba73867ab70b"}}
[2m2025-12-10T12:17:28.427797Z[0m [34mDEBUG[0m [2methereum_transaction_pool_monitor::eth_client[0m[2m:[0m 📨 Received pending transaction: 0x273f14ed4fb1470b47b936e91641e7e2166667681c8719f5ca54ba73867ab70b
[2m2025-12-10T12:17:28.427807Z[0m [34mDEBUG[0m [2methereum_transaction_pool_monitor::eth_client[0m[2m:[0m 📨 Received WebSocket message: {"jsonrpc":"2.0","method":"eth_subscription","params":{"subscription":"0xb60af543a4ead1cf1df939ac89b7e704","result":"0xea4e7ec87eb1e166d68032a8c74a61c7fa880c5e36aab7d8588592fcca029b4d"}}
[2m2025-12-10T12:17:28.427823Z[0m [34mDEBUG[0m [2methereum_transaction_pool_monitor::eth_client[0m[2m:[0m 📨 Received pending transaction: 0xea4e7ec87eb1e166d68032a8c74a61c7fa880c5e36aab7d8588592fcca029b4d
[2m2025-12-10T12:17:28.427853Z[0m [34mDEBUG[0m [2methereum_transaction_pool_monitor::mempool_monitor[0m[2m:[0m 📨 Processing new pending transaction: 0x1f6f8111b0ea593a1b61076c1bd8c618003b0a289c80f1a597f638e11b973433
[2m2025-12-10T12:17:28.427867Z[0m [34mDEBUG[0m [2methereum_transaction_pool_monitor::mempool_monitor[0m[2m:[0m 🔍 Fetching transaction details for: 0x1f6f8111b0ea593a1b61076c1bd8c618003b0a289c80f1a597f638e11b973433
[2m2025-12-10T12:17:28.427876Z[0m [34mDEBUG[0m [2methereum_transaction_pool_monitor::eth_client[0m[2m:[0m 🔍 Fetching transaction details for hash: 0x1f6f8111b0ea593a1b61076c1bd8c618003b0a289c80f1a597f638e11b973433
[2m2025-12-10T12:17:28.427926Z[0m [34mDEBUG[0m [2mhyper::client::pool[0m[2m:[0m reuse idle connection for ("http", 192.168.0.14:8545)
[2m2025-12-10T12:17:28.427964Z[0m [34mDEBUG[0m [2mhyper::proto::h1::io[0m[2m:[0m flushed 250 bytes
[2m2025-12-10T12:17:28.434327Z[0m [34mDEBUG[0m [2mhyper::proto::h1::io[0m[2m:[0m parsed 4 headers
[2m2025-12-10T12:17:28.434344Z[0m [34mDEBUG[0m [2mhyper::proto::h1::conn[0m[2m:[0m incoming body is content-length (45 bytes)
[2m2025-12-10T12:17:28.434363Z[0m [34mDEBUG[0m [2mhyper::proto::h1::conn[0m[2m:[0m incoming body completed
[2m2025-12-10T12:17:28.434396Z[0m [34mDEBUG[0m [2mhyper::client::pool[0m[2m:[0m pooling idle connection for ("http", 192.168.0.14:8545)
[2m2025-12-10T12:17:28.434477Z[0m [34mDEBUG[0m [2mhyper::client::pool[0m[2m:[0m reuse idle connection for ("http", 192.168.0.14:8545)
[2m2025-12-10T12:17:28.434517Z[0m [34mDEBUG[0m [2mhyper::proto::h1::io[0m[2m:[0m flushed 172 bytes
[2m2025-12-10T12:17:28.434978Z[0m [34mDEBUG[0m [2mhyper::proto::h1::io[0m[2m:[0m parsed 4 headers
[2m2025-12-10T12:17:28.434989Z[0m [34mDEBUG[0m [2mhyper::proto::h1::conn[0m[2m:[0m incoming body is content-length (647 bytes)
[2m2025-12-10T12:17:28.435002Z[0m [34mDEBUG[0m [2mhyper::proto::h1::conn[0m[2m:[0m incoming body completed
[2m2025-12-10T12:17:28.435022Z[0m [34mDEBUG[0m [2mhyper::client::pool[0m[2m:[0m pooling idle connection for ("http", 192.168.0.14:8545)
[2m2025-12-10T12:17:28.435035Z[0m [34mDEBUG[0m [2methereum_transaction_pool_monitor::eth_client[0m[2m:[0m 📡 Transaction fetch RPC completed in 7.1495ms
[2m2025-12-10T12:17:28.624333Z[0m [34mDEBUG[0m [2methereum_transaction_pool_monitor::eth_client[0m[2m:[0m ✅ Transaction 0x1f6f8111b0ea593a1b61076c1bd8c618003b0a289c80f1a597f638e11b973433 fetched and parsed in 196.442959ms
[2m2025-12-10T12:17:28.624396Z[0m [34mDEBUG[0m [2methereum_transaction_pool_monitor::mempool_monitor[0m[2m:[0m 🔍 Skipping tx 0x1f6f8111b0ea593a1b61076c1bd8c618003b0a289c80f1a597f638e11b973433 - not a DEX interaction (target: 0xEEFE464714FC40328668c9434bc014349a260920)
[2m2025-12-10T12:17:28.624483Z[0m [34mDEBUG[0m [2methereum_transaction_pool_monitor::mempool_monitor[0m[2m:[0m 📨 Processing new pending transaction: 0x4c5acdbce920b73d06bf25752a50777715747aa3b3df9ddef6c7ebfe1cc38b0a
[2m2025-12-10T12:17:28.624497Z[0m [34mDEBUG[0m [2methereum_transaction_pool_monitor::mempool_monitor[0m[2m:[0m 🔍 Fetching transaction details for: 0x4c5acdbce920b73d06bf25752a50777715747aa3b3df9ddef6c7ebfe1cc38b0a
[2m2025-12-10T12:17:28.624509Z[0m [34mDEBUG[0m [2methereum_transaction_pool_monitor::eth_client[0m[2m:[0m 🔍 Fetching transaction details for hash: 0x4c5acdbce920b73d06bf25752a50777715747aa3b3df9ddef6c7ebfe1cc38b0a
[2m2025-12-10T12:17:28.624607Z[0m [34mDEBUG[0m [2mhyper::client::pool[0m[2m:[0m reuse idle connection for ("http", 192.168.0.14:8545)
[2m2025-12-10T12:17:28.624720Z[0m [34mDEBUG[0m [2mhyper::proto::h1::io[0m[2m:[0m flushed 250 bytes
[2m2025-12-10T12:17:28.624779Z[0m [34mDEBUG[0m [2methereum_transaction_pool_monitor::eth_client[0m[2m:[0m 📨 Received WebSocket message: {"jsonrpc":"2.0","method":"eth_subscription","params":{"subscription":"0xb60af543a4ead1cf1df939ac89b7e704","result":"0xc4cb04e81e056f008f96c70c4aa19834f3d306455f1a9bcd7d43a643456dd386"}}
[2m2025-12-10T12:17:28.624799Z[0m [34mDEBUG[0m [2mhyper::proto::h1::io[0m[2m:[0m parsed 4 headers
[2m2025-12-10T12:17:28.624804Z[0m [34mDEBUG[0m [2methereum_transaction_pool_monitor::eth_client[0m[2m:[0m 📨 Received pending transaction: 0xc4cb04e81e056f008f96c70c4aa19834f3d306455f1a9bcd7d43a643456dd386
[2m2025-12-10T12:17:28.625054Z[0m [34mDEBUG[0m [2mhyper::proto::h1::conn[0m[2m:[0m incoming body is content-length (45 bytes)
[2m2025-12-10T12:17:28.625068Z[0m [34mDEBUG[0m [2methereum_transaction_pool_monitor::eth_client[0m[2m:[0m 📨 Received WebSocket message: {"jsonrpc":"2.0","method":"eth_subscription","params":{"subscription":"0xb60af543a4ead1cf1df939ac89b7e704","result":"0x51739044d78b513d12cc0599add204913a8be8c7563741282ae32d7c3635d18e"}}
[2m2025-12-10T12:17:28.625077Z[0m [34mDEBUG[0m [2mhyper::proto::h1::conn[0m[2m:[0m incoming body completed
[2m2025-12-10T12:17:28.625087Z[0m [34mDEBUG[0m [2methereum_transaction_pool_monitor::eth_client[0m[2m:[0m 📨 Received pending transaction: 0x51739044d78b513d12cc0599add204913a8be8c7563741282ae32d7c3635d18e
[2m2025-12-10T12:17:28.625111Z[0m [34mDEBUG[0m [2mhyper::client::pool[0m[2m:[0m pooling idle connection for ("http", 192.168.0.14:8545)
[2m2025-12-10T12:17:28.625185Z[0m [34mDEBUG[0m [2mhyper::client::pool[0m[2m:[0m reuse idle connection for ("http", 192.168.0.14:8545)
[2m2025-12-10T12:17:28.625240Z[0m [34mDEBUG[0m [2mhyper::proto::h1::io[0m[2m:[0m flushed 172 bytes
[2m2025-12-10T12:17:28.630523Z[0m [34mDEBUG[0m [2mhyper::proto::h1::io[0m[2m:[0m parsed 4 headers
[2m2025-12-10T12:17:28.630536Z[0m [34mDEBUG[0m [2mhyper::proto::h1::conn[0m[2m:[0m incoming body is content-length (45 bytes)
[2m2025-12-10T12:17:28.630550Z[0m [34mDEBUG[0m [2mhyper::proto::h1::conn[0m[2m:[0m incoming body completed
[2m2025-12-10T12:17:28.630571Z[0m [34mDEBUG[0m [2mhyper::client::pool[0m[2m:[0m pooling idle connection for ("http", 192.168.0.14:8545)
[2m2025-12-10T12:17:28.630632Z[0m [34mDEBUG[0m [2mhyper::client::pool[0m[2m:[0m reuse idle connection for ("http", 192.168.0.14:8545)
[2m2025-12-10T12:17:28.630679Z[0m [34mDEBUG[0m [2mhyper::proto::h1::io[0m[2m:[0m flushed 172 bytes
[2m2025-12-10T12:17:28.634132Z[0m [34mDEBUG[0m [2mhyper::proto::h1::io[0m[2m:[0m parsed 4 headers
[2m2025-12-10T12:17:28.634141Z[0m [34mDEBUG[0m [2mhyper::proto::h1::conn[0m[2m:[0m incoming body is content-length (772 bytes)
[2m2025-12-10T12:17:28.634153Z[0m [34mDEBUG[0m [2mhyper::proto::h1::conn[0m[2m:[0m incoming body completed
[2m2025-12-10T12:17:28.634172Z[0m [34mDEBUG[0m [2mhyper::client::pool[0m[2m:[0m pooling idle connection for ("http", 192.168.0.14:8545)
[2m2025-12-10T12:17:28.634193Z[0m [34mDEBUG[0m [2methereum_transaction_pool_monitor::eth_client[0m[2m:[0m 📡 Transaction fetch RPC completed in 9.672458ms
[2m2025-12-10T12:17:28.833469Z[0m [34mDEBUG[0m [2methereum_transaction_pool_monitor::eth_client[0m[2m:[0m ✅ Transaction 0x4c5acdbce920b73d06bf25752a50777715747aa3b3df9ddef6c7ebfe1cc38b0a fetched and parsed in 208.944041ms
[2m2025-12-10T12:17:28.833786Z[0m [34mDEBUG[0m [2methereum_transaction_pool_monitor::mempool_monitor[0m[2m:[0m 🔍 Skipping tx 0x4c5acdbce920b73d06bf25752a50777715747aa3b3df9ddef6c7ebfe1cc38b0a - not a DEX interaction (target: 0x45804880De22913dAFE09f4980848ECE6EcbAf78)
[2m2025-12-10T12:17:28.833859Z[0m [34mDEBUG[0m [2methereum_transaction_pool_monitor::mempool_monitor[0m[2m:[0m 📨 Processing new pending transaction: 0xfa5967f67c50caf769d5323ac79f7f70cf533d89426919039b132e862749701d
[2m2025-12-10T12:17:28.833870Z[0m [34mDEBUG[0m [2methereum_transaction_pool_monitor::mempool_monitor[0m[2m:[0m 🔍 Fetching transaction details for: 0xfa5967f67c50caf769d5323ac79f7f70cf533d89426919039b132e862749701d
[2m2025-12-10T12:17:28.833880Z[0m [34mDEBUG[0m [2methereum_transaction_pool_monitor::eth_client[0m[2m:[0m 🔍 Fetching transaction details for hash: 0xfa5967f67c50caf769d5323ac79f7f70cf533d89426919039b132e862749701d
[2m2025-12-10T12:17:28.833976Z[0m [34mDEBUG[0m [2mhyper::client::pool[0m[2m:[0m reuse idle connection for ("http", 192.168.0.14:8545)
[2m2025-12-10T12:17:28.834099Z[0m [34mDEBUG[0m [2mhyper::proto::h1::io[0m[2m:[0m flushed 250 bytes
[2m2025-12-10T12:17:28.834157Z[0m [34mDEBUG[0m [2methereum_transaction_pool_monitor::eth_client[0m[2m:[0m 📨 Received WebSocket message: {"jsonrpc":"2.0","method":"eth_subscription","params":{"subscription":"0xb60af543a4ead1cf1df939ac89b7e704","result":"0x51ba9525cf9889eb62bd29892aae2e00f53d91c6d9aa09bc2ed86afb3a71c283"}}
[2m2025-12-10T12:17:28.834174Z[0m [34mDEBUG[0m [2mhyper::proto::h1::io[0m[2m:[0m parsed 4 headers
[2m2025-12-10T12:17:28.834179Z[0m [34mDEBUG[0m [2methereum_transaction_pool_monitor::eth_client[0m[2m:[0m 📨 Received pending transaction: 0x51ba9525cf9889eb62bd29892aae2e00f53d91c6d9aa09bc2ed86afb3a71c283
[2m2025-12-10T12:17:28.834188Z[0m [34mDEBUG[0m [2mhyper::proto::h1::conn[0m[2m:[0m incoming body is content-length (45 bytes)
[2m2025-12-10T12:17:28.834195Z[0m [34mDEBUG[0m [2methereum_transaction_pool_monitor::eth_client[0m[2m:[0m 📨 Received WebSocket message: {"jsonrpc":"2.0","method":"eth_subscription","params":{"subscription":"0xb60af543a4ead1cf1df939ac89b7e704","result":"0xa9f1d23f4e2f3bafa88206b5d2fcfdcc9e02eb0f0474060c97697402e775a8a4"}}
[2m2025-12-10T12:17:28.834206Z[0m [34mDEBUG[0m [2mhyper::proto::h1::conn[0m[2m:[0m incoming body completed
[2m2025-12-10T12:17:28.834213Z[0m [34mDEBUG[0m [2methereum_transaction_pool_monitor::eth_client[0m[2m:[0m 📨 Received pending transaction: 0xa9f1d23f4e2f3bafa88206b5d2fcfdcc9e02eb0f0474060c97697402e775a8a4
[2m2025-12-10T12:17:28.834236Z[0m [34mDEBUG[0m [2mhyper::client::pool[0m[2m:[0m pooling idle connection for ("http", 192.168.0.14:8545)
[2m2025-12-10T12:17:28.834314Z[0m [34mDEBUG[0m [2mhyper::client::pool[0m[2m:[0m reuse idle connection for ("http", 192.168.0.14:8545)
[2m2025-12-10T12:17:28.834364Z[0m [34mDEBUG[0m [2mhyper::proto::h1::io[0m[2m:[0m flushed 172 bytes
[2m2025-12-10T12:17:28.839435Z[0m [34mDEBUG[0m [2mhyper::proto::h1::io[0m[2m:[0m parsed 4 headers
[2m2025-12-10T12:17:28.839449Z[0m [34mDEBUG[0m [2mhyper::proto::h1::conn[0m[2m:[0m incoming body is content-length (45 bytes)
[2m2025-12-10T12:17:28.839464Z[0m [34mDEBUG[0m [2mhyper::proto::h1::conn[0m[2m:[0m incoming body completed
[2m2025-12-10T12:17:28.839492Z[0m [34mDEBUG[0m [2mhyper::client::pool[0m[2m:[0m pooling idle connection for ("http", 192.168.0.14:8545)
[2m2025-12-10T12:17:28.839571Z[0m [34mDEBUG[0m [2mhyper::client::pool[0m[2m:[0m reuse idle connection for ("http", 192.168.0.14:8545)
[2m2025-12-10T12:17:28.839630Z[0m [34mDEBUG[0m [2mhyper::proto::h1::io[0m[2m:[0m flushed 172 bytes
[2m2025-12-10T12:17:28.847649Z[0m [34mDEBUG[0m [2mhyper::proto::h1::io[0m[2m:[0m parsed 4 headers
[2m2025-12-10T12:17:28.847673Z[0m [34mDEBUG[0m [2mhyper::proto::h1::conn[0m[2m:[0m incoming body is content-length (1730 bytes)
[2m2025-12-10T12:17:28.847717Z[0m [34mDEBUG[0m [2methereum_transaction_pool_monitor::eth_client[0m[2m:[0m 📡 Transaction fetch RPC completed in 13.827583ms
[2m2025-12-10T12:17:28.849431Z[0m [34mDEBUG[0m [2mhyper::proto::h1::conn[0m[2m:[0m incoming body completed
[2m2025-12-10T12:17:28.849468Z[0m [34mDEBUG[0m [2mhyper::client::pool[0m[2m:[0m pooling idle connection for ("http", 192.168.0.14:8545)
[2m2025-12-10T12:17:28.849494Z[0m [34mDEBUG[0m [2mhyper::proto::h1::io[0m[2m:[0m parsed 4 headers
[2m2025-12-10T12:17:28.849503Z[0m [34mDEBUG[0m [2mhyper::proto::h1::conn[0m[2m:[0m incoming body is content-length (45 bytes)
[2m2025-12-10T12:17:28.849514Z[0m [34mDEBUG[0m [2mhyper::proto::h1::conn[0m[2m:[0m incoming body completed
[2m2025-12-10T12:17:28.849535Z[0m [34mDEBUG[0m [2mhyper::client::pool[0m[2m:[0m pooling idle connection for ("http", 192.168.0.14:8545)
[2m2025-12-10T12:17:28.849614Z[0m [34mDEBUG[0m [2mhyper::client::pool[0m[2m:[0m reuse idle connection for ("http", 192.168.0.14:8545)
[2m2025-12-10T12:17:28.849670Z[0m [34mDEBUG[0m [2mhyper::proto::h1::io[0m[2m:[0m flushed 172 bytes
[2m2025-12-10T12:17:28.853592Z[0m [34mDEBUG[0m [2mhyper::proto::h1::io[0m[2m:[0m parsed 4 headers
[2m2025-12-10T12:17:28.853604Z[0m [34mDEBUG[0m [2mhyper::proto::h1::conn[0m[2m:[0m incoming body is content-length (45 bytes)
[2m2025-12-10T12:17:28.853617Z[0m [34mDEBUG[0m [2mhyper::proto::h1::conn[0m[2m:[0m incoming body completed
[2m2025-12-10T12:17:28.853640Z[0m [34mDEBUG[0m [2mhyper::client::pool[0m[2m:[0m pooling idle connection for ("http", 192.168.0.14:8545)
[2m2025-12-10T12:17:28.884475Z[0m [34mDEBUG[0m [2methereum_transaction_pool_monitor::eth_client[0m[2m:[0m 📨 Received WebSocket message: {"jsonrpc":"2.0","method":"eth_subscription","params":{"subscription":"0xb60af543a4ead1cf1df939ac89b7e704","result":"0xa359482357bef25b16af579a57e7a3e015302a030fcb76391b8bc34562557689"}}
[2m2025-12-10T12:17:28.884521Z[0m [34mDEBUG[0m [2methereum_transaction_pool_monitor::eth_client[0m[2m:[0m 📨 Received pending transaction: 0xa359482357bef25b16af579a57e7a3e015302a030fcb76391b8bc34562557689
[2m2025-12-10T12:17:28.947163Z[0m [34mDEBUG[0m [2mhyper::client::pool[0m[2m:[0m reuse idle connection for ("http", 192.168.0.14:8545)
[2m2025-12-10T12:17:28.947318Z[0m [34mDEBUG[0m [2mhyper::proto::h1::io[0m[2m:[0m flushed 172 bytes
[2m2025-12-10T12:17:28.951268Z[0m [34mDEBUG[0m [2mhyper::proto::h1::io[0m[2m:[0m parsed 4 headers
[2m2025-12-10T12:17:28.951284Z[0m [34mDEBUG[0m [2mhyper::proto::h1::conn[0m[2m:[0m incoming body is content-length (45 bytes)
[2m2025-12-10T12:17:28.951306Z[0m [34mDEBUG[0m [2mhyper::proto::h1::conn[0m[2m:[0m incoming body completed
[2m2025-12-10T12:17:28.951338Z[0m [34mDEBUG[0m [2mhyper::client::pool[0m[2m:[0m pooling idle connection for ("http", 192.168.0.14:8545)
[2m2025-12-10T12:17:28.978278Z[0m [34mDEBUG[0m [2methereum_transaction_pool_monitor::eth_client[0m[2m:[0m 📨 Received WebSocket message: {"jsonrpc":"2.0","method":"eth_subscription","params":{"subscription":"0xb60af543a4ead1cf1df939ac89b7e704","result":"0xe80b1b206a8b940d1b07cf9a0924127d6e4067dc8a0f64a2b6b16e42763c45e9"}}
[2m2025-12-10T12:17:28.978389Z[0m [34mDEBUG[0m [2methereum_transaction_pool_monitor::eth_client[0m[2m:[0m 📨 Received pending transaction: 0xe80b1b206a8b940d1b07cf9a0924127d6e4067dc8a0f64a2b6b16e42763c45e9
[2m2025-12-10T12:17:29.048590Z[0m [34mDEBUG[0m [2mhyper::client::pool[0m[2m:[0m reuse idle connection for ("http", 192.168.0.14:8545)
[2m2025-12-10T12:17:29.050732Z[0m [34mDEBUG[0m [2mhyper::proto::h1::io[0m[2m:[0m flushed 172 bytes
[2m2025-12-10T12:17:29.054741Z[0m [34mDEBUG[0m [2mhyper::proto::h1::io[0m[2m:[0m parsed 4 headers
[2m2025-12-10T12:17:29.054751Z[0m [34mDEBUG[0m [2mhyper::proto::h1::conn[0m[2m:[0m incoming body is content-length (45 bytes)
[2m2025-12-10T12:17:29.054770Z[0m [34mDEBUG[0m [2mhyper::proto::h1::conn[0m[2m:[0m incoming body completed
[2m2025-12-10T12:17:29.054799Z[0m [34mDEBUG[0m [2mhyper::client::pool[0m[2m:[0m pooling idle connection for ("http", 192.168.0.14:8545)
[2m2025-12-10T12:17:29.062096Z[0m [34mDEBUG[0m [2methereum_transaction_pool_monitor::eth_client[0m[2m:[0m ✅ Transaction 0xfa5967f67c50caf769d5323ac79f7f70cf533d89426919039b132e862749701d fetched and parsed in 228.205166ms
[2m2025-12-10T12:17:29.062135Z[0m [34mDEBUG[0m [2methereum_transaction_pool_monitor::mempool_monitor[0m[2m:[0m 🔍 Skipping tx 0xfa5967f67c50caf769d5323ac79f7f70cf533d89426919039b132e862749701d - not a DEX interaction (target: 0x601a2aD6CB5949f0529735254189Ba3194221EDF)
[2m2025-12-10T12:17:29.062193Z[0m [34mDEBUG[0m [2methereum_transaction_pool_monitor::mempool_monitor[0m[2m:[0m 📨 Processing new pending transaction: 0xdb79b9d6bbc201a16696459746566cae2cec3b6e715ab4815a27be722e83f099
[2m2025-12-10T12:17:29.062203Z[0m [34mDEBUG[0m [2methereum_transaction_pool_monitor::mempool_monitor[0m[2m:[0m 🔍 Fetching transaction details for: 0xdb79b9d6bbc201a16696459746566cae2cec3b6e715ab4815a27be722e83f099
[2m2025-12-10T12:17:29.062223Z[0m [34mDEBUG[0m [2methereum_transaction_pool_monitor::eth_client[0m[2m:[0m 🔍 Fetching transaction details for hash: 0xdb79b9d6bbc201a16696459746566cae2cec3b6e715ab4815a27be722e83f099
[2m2025-12-10T12:17:29.062292Z[0m [34mDEBUG[0m [2mhyper::client::pool[0m[2m:[0m reuse idle connection for ("http", 192.168.0.14:8545)
[2m2025-12-10T12:17:29.062372Z[0m [34mDEBUG[0m [2mhyper::proto::h1::io[0m[2m:[0m flushed 250 bytes
[2m2025-12-10T12:17:29.068241Z[0m [34mDEBUG[0m [2mhyper::proto::h1::io[0m[2m:[0m parsed 4 headers
[2m2025-12-10T12:17:29.068256Z[0m [34mDEBUG[0m [2mhyper::proto::h1::conn[0m[2m:[0m incoming body is content-length (709 bytes)
[2m2025-12-10T12:17:29.068274Z[0m [34mDEBUG[0m [2mhyper::proto::h1::conn[0m[2m:[0m incoming body completed
[2m2025-12-10T12:17:29.068307Z[0m [34mDEBUG[0m [2mhyper::client::pool[0m[2m:[0m pooling idle connection for ("http", 192.168.0.14:8545)
[2m2025-12-10T12:17:29.068321Z[0m [34mDEBUG[0m [2methereum_transaction_pool_monitor::eth_client[0m[2m:[0m 📡 Transaction fetch RPC completed in 6.089ms
[2m2025-12-10T12:17:29.266690Z[0m [34mDEBUG[0m [2methereum_transaction_pool_monitor::eth_client[0m[2m:[0m ✅ Transaction 0xdb79b9d6bbc201a16696459746566cae2cec3b6e715ab4815a27be722e83f099 fetched and parsed in 204.452667ms
[2m2025-12-10T12:17:29.272940Z[0m [34mDEBUG[0m [2methereum_transaction_pool_monitor::mempool_monitor[0m[2m:[0m 🔍 Skipping tx 0xdb79b9d6bbc201a16696459746566cae2cec3b6e715ab4815a27be722e83f099 - not a DEX interaction (target: 0x74590d3d54A3d94Ee2A841110cD0796E1750D560)
[2m2025-12-10T12:17:29.273039Z[0m [34mDEBUG[0m [2methereum_transaction_pool_monitor::mempool_monitor[0m[2m:[0m 📨 Processing new pending transaction: 0x484d4213d47f970162b89534ebc321b1b7b04237e45b44330058eea26ba516fc
[2m2025-12-10T12:17:29.273059Z[0m [34mDEBUG[0m [2methereum_transaction_pool_monitor::mempool_monitor[0m[2m:[0m 🔍 Fetching transaction details for: 0x484d4213d47f970162b89534ebc321b1b7b04237e45b44330058eea26ba516fc
[2m2025-12-10T12:17:29.273069Z[0m [34mDEBUG[0m [2methereum_transaction_pool_monitor::eth_client[0m[2m:[0m 🔍 Fetching transaction details for hash: 0x484d4213d47f970162b89534ebc321b1b7b04237e45b44330058eea26ba516fc
[2m2025-12-10T12:17:29.273179Z[0m [34mDEBUG[0m [2mhyper::client::pool[0m[2m:[0m reuse idle connection for ("http", 192.168.0.14:8545)
[2m2025-12-10T12:17:29.273293Z[0m [34mDEBUG[0m [2mhyper::proto::h1::io[0m[2m:[0m flushed 250 bytes
[2m2025-12-10T12:17:29.273397Z[0m [34mDEBUG[0m [2mhyper::client::pool[0m[2m:[0m reuse idle connection for ("http", 192.168.0.14:8545)
[2m2025-12-10T12:17:29.273440Z[0m [34mDEBUG[0m [2mhyper::proto::h1::io[0m[2m:[0m flushed 172 bytes
[2m2025-12-10T12:17:29.273437Z[0m [34mDEBUG[0m [2methereum_transaction_pool_monitor::eth_client[0m[2m:[0m 📨 Received WebSocket message: {"jsonrpc":"2.0","method":"eth_subscription","params":{"subscription":"0xb60af543a4ead1cf1df939ac89b7e704","result":"0xd7e19e89045ff7c8245648d294149af3719a1eb1422c0a7e64497d3b64d5e1c7"}}
[2m2025-12-10T12:17:29.273482Z[0m [34mDEBUG[0m [2methereum_transaction_pool_monitor::eth_client[0m[2m:[0m 📨 Received pending transaction: 0xd7e19e89045ff7c8245648d294149af3719a1eb1422c0a7e64497d3b64d5e1c7
[2m2025-12-10T12:17:29.273503Z[0m [34mDEBUG[0m [2methereum_transaction_pool_monitor::eth_client[0m[2m:[0m 📨 Received WebSocket message: {"jsonrpc":"2.0","method":"eth_subscription","params":{"subscription":"0xb60af543a4ead1cf1df939ac89b7e704","result":"0x1a22d1ee69945d10605b0c2732b6de37f8f481525c802c211fb0001f157dd8f3"}}
[2m2025-12-10T12:17:29.273519Z[0m [34mDEBUG[0m [2methereum_transaction_pool_monitor::eth_client[0m[2m:[0m 📨 Received pending transaction: 0x1a22d1ee69945d10605b0c2732b6de37f8f481525c802c211fb0001f157dd8f3
[2m2025-12-10T12:17:29.273531Z[0m [34mDEBUG[0m [2methereum_transaction_pool_monitor::eth_client[0m[2m:[0m 📨 Received WebSocket message: {"jsonrpc":"2.0","method":"eth_subscription","params":{"subscription":"0xb60af543a4ead1cf1df939ac89b7e704","result":"0x03abac56edb7cff30f04fab02702338b5bad525314f73e7514b9ae2ffc47b6e3"}}
[2m2025-12-10T12:17:29.273554Z[0m [34mDEBUG[0m [2methereum_transaction_pool_monitor::eth_client[0m[2m:[0m 📨 Received pending transaction: 0x03abac56edb7cff30f04fab02702338b5bad525314f73e7514b9ae2ffc47b6e3
[2m2025-12-10T12:17:29.273565Z[0m [34mDEBUG[0m [2methereum_transaction_pool_monitor::eth_client[0m[2m:[0m 📨 Received WebSocket message: {"jsonrpc":"2.0","method":"eth_subscription","params":{"subscription":"0xb60af543a4ead1cf1df939ac89b7e704","result":"0x32c5aaf369a6409d2cf7a32cba1b664527828416823961971c3fa7f623ae8edf"}}
[2m2025-12-10T12:17:29.273580Z[0m [34mDEBUG[0m [2methereum_transaction_pool_monitor::eth_client[0m[2m:[0m 📨 Received pending transaction: 0x32c5aaf369a6409d2cf7a32cba1b664527828416823961971c3fa7f623ae8edf
[2m2025-12-10T12:17:29.278106Z[0m [34mDEBUG[0m [2mhyper::proto::h1::io[0m[2m:[0m parsed 4 headers
[2m2025-12-10T12:17:29.278120Z[0m [34mDEBUG[0m [2mhyper::proto::h1::conn[0m[2m:[0m incoming body is content-length (766 bytes)
[2m2025-12-10T12:17:29.278139Z[0m [34mDEBUG[0m [2mhyper::proto::h1::conn[0m[2m:[0m incoming body completed
[2m2025-12-10T12:17:29.278176Z[0m [34mDEBUG[0m [2mhyper::client::pool[0m[2m:[0m pooling idle connection for ("http", 192.168.0.14:8545)
[2m2025-12-10T12:17:29.278191Z[0m [34mDEBUG[0m [2methereum_transaction_pool_monitor::eth_client[0m[2m:[0m 📡 Transaction fetch RPC completed in 5.112875ms
[2m2025-12-10T12:17:29.488064Z[0m [34mDEBUG[0m [2methereum_transaction_pool_monitor::eth_client[0m[2m:[0m ✅ Transaction 0x484d4213d47f970162b89534ebc321b1b7b04237e45b44330058eea26ba516fc fetched and parsed in 214.981708ms
[2m2025-12-10T12:17:29.488119Z[0m [34mDEBUG[0m [2methereum_transaction_pool_monitor::mempool_monitor[0m[2m:[0m 🔍 Skipping tx 0x484d4213d47f970162b89534ebc321b1b7b04237e45b44330058eea26ba516fc - not a DEX interaction (target: 0xA0b86991c6218b36c1d19D4a2e9Eb0cE3606eB48)
[2m2025-12-10T12:17:29.488200Z[0m [34mDEBUG[0m [2methereum_transaction_pool_monitor::mempool_monitor[0m[2m:[0m 📨 Processing new pending transaction: 0xc432d022d5a04710165f49e1448c5664551a2678c95a201975a6754e6c875f25
[2m2025-12-10T12:17:29.488211Z[0m [34mDEBUG[0m [2methereum_transaction_pool_monitor::mempool_monitor[0m[2m:[0m 🔍 Fetching transaction details for: 0xc432d022d5a04710165f49e1448c5664551a2678c95a201975a6754e6c875f25
[2m2025-12-10T12:17:29.488230Z[0m [34mDEBUG[0m [2methereum_transaction_pool_monitor::eth_client[0m[2m:[0m 🔍 Fetching transaction details for hash: 0xc432d022d5a04710165f49e1448c5664551a2678c95a201975a6754e6c875f25
[2m2025-12-10T12:17:29.488318Z[0m [34mDEBUG[0m [2mhyper::client::pool[0m[2m:[0m reuse idle connection for ("http", 192.168.0.14:8545)
[2m2025-12-10T12:17:29.488419Z[0m [34mDEBUG[0m [2mhyper::proto::h1::io[0m[2m:[0m flushed 250 bytes
[2m2025-12-10T12:17:29.488467Z[0m [34mDEBUG[0m [2mhyper::proto::h1::io[0m[2m:[0m parsed 4 headers
[2m2025-12-10T12:17:29.488475Z[0m [34mDEBUG[0m [2mhyper::proto::h1::conn[0m[2m:[0m incoming body is content-length (45 bytes)
[2m2025-12-10T12:17:29.488491Z[0m [34mDEBUG[0m [2mhyper::proto::h1::conn[0m[2m:[0m incoming body completed
[2m2025-12-10T12:17:29.488518Z[0m [34mDEBUG[0m [2mhyper::client::pool[0m[2m:[0m pooling idle connection for ("http", 192.168.0.14:8545)
[2m2025-12-10T12:17:29.488583Z[0m [34mDEBUG[0m [2mhyper::client::pool[0m[2m:[0m reuse idle connection for ("http", 192.168.0.14:8545)
[2m2025-12-10T12:17:29.488626Z[0m [34mDEBUG[0m [2mhyper::proto::h1::io[0m[2m:[0m flushed 172 bytes
[2m2025-12-10T12:17:29.495135Z[0m [34mDEBUG[0m [2mhyper::proto::h1::io[0m[2m:[0m parsed 4 headers
[2m2025-12-10T12:17:29.495145Z[0m [34mDEBUG[0m [2mhyper::proto::h1::conn[0m[2m:[0m incoming body is content-length (45 bytes)
[2m2025-12-10T12:17:29.495157Z[0m [34mDEBUG[0m [2mhyper::proto::h1::conn[0m[2m:[0m incoming body completed
[2m2025-12-10T12:17:29.495184Z[0m [34mDEBUG[0m [2mhyper::client::pool[0m[2m:[0m pooling idle connection for ("http", 192.168.0.14:8545)
[2m2025-12-10T12:17:29.495238Z[0m [34mDEBUG[0m [2mhyper::client::pool[0m[2m:[0m reuse idle connection for ("http", 192.168.0.14:8545)
[2m2025-12-10T12:17:29.495277Z[0m [34mDEBUG[0m [2mhyper::proto::h1::io[0m[2m:[0m flushed 172 bytes
[2m2025-12-10T12:17:29.497926Z[0m [34mDEBUG[0m [2mhyper::proto::h1::io[0m[2m:[0m parsed 4 headers
[2m2025-12-10T12:17:29.497935Z[0m [34mDEBUG[0m [2mhyper::proto::h1::conn[0m[2m:[0m incoming body is content-length (710 bytes)
[2m2025-12-10T12:17:29.497947Z[0m [34mDEBUG[0m [2mhyper::proto::h1::conn[0m[2m:[0m incoming body completed
[2m2025-12-10T12:17:29.497967Z[0m [34mDEBUG[0m [2mhyper::client::pool[0m[2m:[0m pooling idle connection for ("http", 192.168.0.14:8545)
[2m2025-12-10T12:17:29.497978Z[0m [34mDEBUG[0m [2methereum_transaction_pool_monitor::eth_client[0m[2m:[0m 📡 Transaction fetch RPC completed in 9.739167ms
[2m2025-12-10T12:17:29.692782Z[0m [34mDEBUG[0m [2methereum_transaction_pool_monitor::eth_client[0m[2m:[0m ✅ Transaction 0xc432d022d5a04710165f49e1448c5664551a2678c95a201975a6754e6c875f25 fetched and parsed in 204.537125ms
[2m2025-12-10T12:17:29.692844Z[0m [34mDEBUG[0m [2methereum_transaction_pool_monitor::mempool_monitor[0m[2m:[0m 🔍 Skipping tx 0xc432d022d5a04710165f49e1448c5664551a2678c95a201975a6754e6c875f25 - not a DEX interaction (target: 0x1A991c190d0f598026e019ba9B1F9B9D45d0DD08)
[2m2025-12-10T12:17:29.692922Z[0m [34mDEBUG[0m [2methereum_transaction_pool_monitor::mempool_monitor[0m[2m:[0m 📨 Processing new pending transaction: 0x386e09703574767740f3509ab2d4b4a7ebf0bcd2a5383a0610e13e9dc8499fcf
[2m2025-12-10T12:17:29.692934Z[0m [34mDEBUG[0m [2methereum_transaction_pool_monitor::mempool_monitor[0m[2m:[0m 🔍 Fetching transaction details for: 0x386e09703574767740f3509ab2d4b4a7ebf0bcd2a5383a0610e13e9dc8499fcf
[2m2025-12-10T12:17:29.692945Z[0m [34mDEBUG[0m [2methereum_transaction_pool_monitor::eth_client[0m[2m:[0m 🔍 Fetching transaction details for hash: 0x386e09703574767740f3509ab2d4b4a7ebf0bcd2a5383a0610e13e9dc8499fcf
[2m2025-12-10T12:17:29.693045Z[0m [34mDEBUG[0m [2mhyper::client::pool[0m[2m:[0m reuse idle connection for ("http", 192.168.0.14:8545)
[2m2025-12-10T12:17:29.693158Z[0m [34mDEBUG[0m [2mhyper::proto::h1::io[0m[2m:[0m flushed 250 bytes
[2m2025-12-10T12:17:29.693233Z[0m [34mDEBUG[0m [2methereum_transaction_pool_monitor::eth_client[0m[2m:[0m 📨 Received WebSocket message: {"jsonrpc":"2.0","method":"eth_subscription","params":{"subscription":"0xb60af543a4ead1cf1df939ac89b7e704","result":"0x7f2cdeb06a8f360b7176eec6c790d3fd0a231f70dff1b6a433f8c535e51a6ad0"}}
[2m2025-12-10T12:17:29.693242Z[0m [34mDEBUG[0m [2mhyper::proto::h1::io[0m[2m:[0m parsed 4 headers
[2m2025-12-10T12:17:29.693256Z[0m [34mDEBUG[0m [2methereum_transaction_pool_monitor::eth_client[0m[2m:[0m 📨 Received pending transaction: 0x7f2cdeb06a8f360b7176eec6c790d3fd0a231f70dff1b6a433f8c535e51a6ad0
[2m2025-12-10T12:17:29.693258Z[0m [34mDEBUG[0m [2mhyper::proto::h1::conn[0m[2m:[0m incoming body is content-length (45 bytes)
[2m2025-12-10T12:17:29.693273Z[0m [34mDEBUG[0m [2methereum_transaction_pool_monitor::eth_client[0m[2m:[0m 📨 Received WebSocket message: {"jsonrpc":"2.0","method":"eth_subscription","params":{"subscription":"0xb60af543a4ead1cf1df939ac89b7e704","result":"0xb7d267ff9418a18faa7c269871f3beb611271a7d10bb593d14f855de32d95822"}}
[2m2025-12-10T12:17:29.693279Z[0m [34mDEBUG[0m [2mhyper::proto::h1::conn[0m[2m:[0m incoming body completed
[2m2025-12-10T12:17:29.693291Z[0m [34mDEBUG[0m [2methereum_transaction_pool_monitor::eth_client[0m[2m:[0m 📨 Received pending transaction: 0xb7d267ff9418a18faa7c269871f3beb611271a7d10bb593d14f855de32d95822
[2m2025-12-10T12:17:29.693303Z[0m [34mDEBUG[0m [2methereum_transaction_pool_monitor::eth_client[0m[2m:[0m 📨 Received WebSocket message: {"jsonrpc":"2.0","method":"eth_subscription","params":{"subscription":"0xb60af543a4ead1cf1df939ac89b7e704","result":"0x919b6135d33f25f675c659932eddb1d88bd373b5ea3c323c0cc9dfa24c8b6014"}}
[2m2025-12-10T12:17:29.693313Z[0m [34mDEBUG[0m [2mhyper::client::pool[0m[2m:[0m pooling idle connection for ("http", 192.168.0.14:8545)
[2m2025-12-10T12:17:29.693326Z[0m [34mDEBUG[0m [2methereum_transaction_pool_monitor::eth_client[0m[2m:[0m 📨 Received pending transaction: 0x919b6135d33f25f675c659932eddb1d88bd373b5ea3c323c0cc9dfa24c8b6014
[2m2025-12-10T12:17:29.693337Z[0m [34mDEBUG[0m [2methereum_transaction_pool_monitor::eth_client[0m[2m:[0m 📨 Received WebSocket message: {"jsonrpc":"2.0","method":"eth_subscription","params":{"subscription":"0xb60af543a4ead1cf1df939ac89b7e704","result":"0x33f5b0a217aa5f4dbadd655ee7a30d600658a599f3284ee9f13b17527713121d"}}
[2m2025-12-10T12:17:29.693353Z[0m [34mDEBUG[0m [2methereum_transaction_pool_monitor::eth_client[0m[2m:[0m 📨 Received pending transaction: 0x33f5b0a217aa5f4dbadd655ee7a30d600658a599f3284ee9f13b17527713121d
[2m2025-12-10T12:17:29.693385Z[0m [34mDEBUG[0m [2mhyper::client::pool[0m[2m:[0m reuse idle connection for ("http", 192.168.0.14:8545)
[2m2025-12-10T12:17:29.693426Z[0m [34mDEBUG[0m [2mhyper::proto::h1::io[0m[2m:[0m flushed 172 bytes
[2m2025-12-10T12:17:29.698478Z[0m [34mDEBUG[0m [2mhyper::proto::h1::io[0m[2m:[0m parsed 4 headers
[2m2025-12-10T12:17:29.701133Z[0m [34mDEBUG[0m [2mhyper::proto::h1::conn[0m[2m:[0m incoming body is content-length (45 bytes)
[2m2025-12-10T12:17:29.701150Z[0m [34mDEBUG[0m [2mhyper::proto::h1::conn[0m[2m:[0m incoming body completed
[2m2025-12-10T12:17:29.701173Z[0m [34mDEBUG[0m [2mhyper::client::pool[0m[2m:[0m pooling idle connection for ("http", 192.168.0.14:8545)
[2m2025-12-10T12:17:29.701238Z[0m [34mDEBUG[0m [2mhyper::client::pool[0m[2m:[0m reuse idle connection for ("http", 192.168.0.14:8545)
[2m2025-12-10T12:17:29.701283Z[0m [34mDEBUG[0m [2mhyper::proto::h1::io[0m[2m:[0m flushed 172 bytes
[2m2025-12-10T12:17:29.701982Z[0m [34mDEBUG[0m [2mhyper::proto::h1::io[0m[2m:[0m parsed 4 headers
[2m2025-12-10T12:17:29.701989Z[0m [34mDEBUG[0m [2mhyper::proto::h1::conn[0m[2m:[0m incoming body is content-length (765 bytes)
[2m2025-12-10T12:17:29.701999Z[0m [34mDEBUG[0m [2mhyper::proto::h1::conn[0m[2m:[0m incoming body completed
[2m2025-12-10T12:17:29.702015Z[0m [34mDEBUG[0m [2mhyper::client::pool[0m[2m:[0m pooling idle connection for ("http", 192.168.0.14:8545)
[2m2025-12-10T12:17:29.702030Z[0m [34mDEBUG[0m [2methereum_transaction_pool_monitor::eth_client[0m[2m:[0m 📡 Transaction fetch RPC completed in 9.076083ms
[2m2025-12-10T12:17:29.893953Z[0m [34mDEBUG[0m [2methereum_transaction_pool_monitor::eth_client[0m[2m:[0m ✅ Transaction 0x386e09703574767740f3509ab2d4b4a7ebf0bcd2a5383a0610e13e9dc8499fcf fetched and parsed in 200.994666ms
[2m2025-12-10T12:17:29.894000Z[0m [34mDEBUG[0m [2methereum_transaction_pool_monitor::mempool_monitor[0m[2m:[0m 🔍 Skipping tx 0x386e09703574767740f3509ab2d4b4a7ebf0bcd2a5383a0610e13e9dc8499fcf - not a DEX interaction (target: 0xA0b86991c6218b36c1d19D4a2e9Eb0cE3606eB48)
[2m2025-12-10T12:17:29.894067Z[0m [34mDEBUG[0m [2methereum_transaction_pool_monitor::mempool_monitor[0m[2m:[0m 📨 Processing new pending transaction: 0xd422aac69ea55b426177b6e5d78c088c24168b68c0a3d711b56cc2822d98c1c5
[2m2025-12-10T12:17:29.894080Z[0m [34mDEBUG[0m [2methereum_transaction_pool_monitor::mempool_monitor[0m[2m:[0m 🔍 Fetching transaction details for: 0xd422aac69ea55b426177b6e5d78c088c24168b68c0a3d711b56cc2822d98c1c5
[2m2025-12-10T12:17:29.894090Z[0m [34mDEBUG[0m [2methereum_transaction_pool_monitor::eth_client[0m[2m:[0m 🔍 Fetching transaction details for hash: 0xd422aac69ea55b426177b6e5d78c088c24168b68c0a3d711b56cc2822d98c1c5
[2m2025-12-10T12:17:29.894175Z[0m [34mDEBUG[0m [2mhyper::client::pool[0m[2m:[0m reuse idle connection for ("http", 192.168.0.14:8545)
[2m2025-12-10T12:17:29.894276Z[0m [34mDEBUG[0m [2mhyper::proto::h1::io[0m[2m:[0m flushed 250 bytes
[2m2025-12-10T12:17:29.894327Z[0m [34mDEBUG[0m [2methereum_transaction_pool_monitor::eth_client[0m[2m:[0m 📨 Received WebSocket message: {"jsonrpc":"2.0","method":"eth_subscription","params":{"subscription":"0xb60af543a4ead1cf1df939ac89b7e704","result":"0x299c337056f910b53c3c4b13463a48ff5380a6045bf286e2346419975be6f341"}}
[2m2025-12-10T12:17:29.894343Z[0m [34mDEBUG[0m [2mhyper::proto::h1::io[0m[2m:[0m parsed 4 headers
[2m2025-12-10T12:17:29.894350Z[0m [34mDEBUG[0m [2methereum_transaction_pool_monitor::eth_client[0m[2m:[0m 📨 Received pending transaction: 0x299c337056f910b53c3c4b13463a48ff5380a6045bf286e2346419975be6f341
[2m2025-12-10T12:17:29.894354Z[0m [34mDEBUG[0m [2mhyper::proto::h1::conn[0m[2m:[0m incoming body is content-length (45 bytes)
[2m2025-12-10T12:17:29.894366Z[0m [34mDEBUG[0m [2methereum_transaction_pool_monitor::eth_client[0m[2m:[0m 📨 Received WebSocket message: {"jsonrpc":"2.0","method":"eth_subscription","params":{"subscription":"0xb60af543a4ead1cf1df939ac89b7e704","result":"0xf4fd30a32b12b0b9a94d4c22a5177aa1890f04b29d57bc41bfb7f1b7cca19b53"}}
[2m2025-12-10T12:17:29.894372Z[0m [34mDEBUG[0m [2mhyper::proto::h1::conn[0m[2m:[0m incoming body completed
[2m2025-12-10T12:17:29.894384Z[0m [34mDEBUG[0m [2methereum_transaction_pool_monitor::eth_client[0m[2m:[0m 📨 Received pending transaction: 0xf4fd30a32b12b0b9a94d4c22a5177aa1890f04b29d57bc41bfb7f1b7cca19b53
[2m2025-12-10T12:17:29.894396Z[0m [34mDEBUG[0m [2methereum_transaction_pool_monitor::eth_client[0m[2m:[0m 📨 Received WebSocket message: {"jsonrpc":"2.0","method":"eth_subscription","params":{"subscription":"0xb60af543a4ead1cf1df939ac89b7e704","result":"0x3bc607a5176e728b1515babd277d6f4697ae644ced290100f5804c34a1d825e2"}}
[2m2025-12-10T12:17:29.894403Z[0m [34mDEBUG[0m [2mhyper::client::pool[0m[2m:[0m pooling idle connection for ("http", 192.168.0.14:8545)
[2m2025-12-10T12:17:29.894412Z[0m [34mDEBUG[0m [2methereum_transaction_pool_monitor::eth_client[0m[2m:[0m 📨 Received pending transaction: 0x3bc607a5176e728b1515babd277d6f4697ae644ced290100f5804c34a1d825e2
[2m2025-12-10T12:17:29.894474Z[0m [34mDEBUG[0m [2mhyper::client::pool[0m[2m:[0m reuse idle connection for ("http", 192.168.0.14:8545)
[2m2025-12-10T12:17:29.894519Z[0m [34mDEBUG[0m [2mhyper::proto::h1::io[0m[2m:[0m flushed 172 bytes
[2m2025-12-10T12:17:29.899511Z[0m [34mDEBUG[0m [2mhyper::proto::h1::io[0m[2m:[0m parsed 4 headers
[2m2025-12-10T12:17:29.899521Z[0m [34mDEBUG[0m [2mhyper::proto::h1::conn[0m[2m:[0m incoming body is content-length (45 bytes)
[2m2025-12-10T12:17:29.899534Z[0m [34mDEBUG[0m [2mhyper::proto::h1::conn[0m[2m:[0m incoming body completed
[2m2025-12-10T12:17:29.899552Z[0m [34mDEBUG[0m [2mhyper::client::pool[0m[2m:[0m pooling idle connection for ("http", 192.168.0.14:8545)
[2m2025-12-10T12:17:29.899604Z[0m [34mDEBUG[0m [2mhyper::client::pool[0m[2m:[0m reuse idle connection for ("http", 192.168.0.14:8545)
[2m2025-12-10T12:17:29.899648Z[0m [34mDEBUG[0m [2mhyper::proto::h1::io[0m[2m:[0m flushed 172 bytes
[2m2025-12-10T12:17:29.907642Z[0m [34mDEBUG[0m [2mhyper::proto::h1::io[0m[2m:[0m parsed 4 headers
[2m2025-12-10T12:17:29.907649Z[0m [34mDEBUG[0m [2mhyper::proto::h1::conn[0m[2m:[0m incoming body is content-length (764 bytes)
[2m2025-12-10T12:17:29.907661Z[0m [34mDEBUG[0m [2mhyper::proto::h1::conn[0m[2m:[0m incoming body completed
[2m2025-12-10T12:17:29.907679Z[0m [34mDEBUG[0m [2mhyper::client::pool[0m[2m:[0m pooling idle connection for ("http", 192.168.0.14:8545)
[2m2025-12-10T12:17:29.907690Z[0m [34mDEBUG[0m [2methereum_transaction_pool_monitor::eth_client[0m[2m:[0m 📡 Transaction fetch RPC completed in 13.591209ms
[2m2025-12-10T12:17:30.101104Z[0m [34mDEBUG[0m [2methereum_transaction_pool_monitor::eth_client[0m[2m:[0m ✅ Transaction 0xd422aac69ea55b426177b6e5d78c088c24168b68c0a3d711b56cc2822d98c1c5 fetched and parsed in 207.000709ms
[2m2025-12-10T12:17:30.101155Z[0m [34mDEBUG[0m [2methereum_transaction_pool_monitor::mempool_monitor[0m[2m:[0m 🔍 Skipping tx 0xd422aac69ea55b426177b6e5d78c088c24168b68c0a3d711b56cc2822d98c1c5 - not a DEX interaction (target: 0xA0b86991c6218b36c1d19D4a2e9Eb0cE3606eB48)
[2m2025-12-10T12:17:30.101221Z[0m [34mDEBUG[0m [2methereum_transaction_pool_monitor::mempool_monitor[0m[2m:[0m 📨 Processing new pending transaction: 0x273f14ed4fb1470b47b936e91641e7e2166667681c8719f5ca54ba73867ab70b
[2m2025-12-10T12:17:30.101232Z[0m [34mDEBUG[0m [2methereum_transaction_pool_monitor::mempool_monitor[0m[2m:[0m 🔍 Fetching transaction details for: 0x273f14ed4fb1470b47b936e91641e7e2166667681c8719f5ca54ba73867ab70b
[2m2025-12-10T12:17:30.101241Z[0m [34mDEBUG[0m [2methereum_transaction_pool_monitor::eth_client[0m[2m:[0m 🔍 Fetching transaction details for hash: 0x273f14ed4fb1470b47b936e91641e7e2166667681c8719f5ca54ba73867ab70b
[2m2025-12-10T12:17:30.101319Z[0m [34mDEBUG[0m [2mhyper::client::pool[0m[2m:[0m reuse idle connection for ("http", 192.168.0.14:8545)
[2m2025-12-10T12:17:30.101404Z[0m [34mDEBUG[0m [2mhyper::proto::h1::io[0m[2m:[0m flushed 250 bytes
[2m2025-12-10T12:17:30.101453Z[0m [34mDEBUG[0m [2methereum_transaction_pool_monitor::eth_client[0m[2m:[0m 📨 Received WebSocket message: {"jsonrpc":"2.0","method":"eth_subscription","params":{"subscription":"0xb60af543a4ead1cf1df939ac89b7e704","result":"0x81ba8b9f651c1399cfc05daaca0b7760eeee33955f90df483e9182a743210fac"}}
[2m2025-12-10T12:17:30.101465Z[0m [34mDEBUG[0m [2mhyper::proto::h1::io[0m[2m:[0m parsed 4 headers
[2m2025-12-10T12:17:30.101475Z[0m [34mDEBUG[0m [2methereum_transaction_pool_monitor::eth_client[0m[2m:[0m 📨 Received pending transaction: 0x81ba8b9f651c1399cfc05daaca0b7760eeee33955f90df483e9182a743210fac
[2m2025-12-10T12:17:30.101476Z[0m [34mDEBUG[0m [2mhyper::proto::h1::conn[0m[2m:[0m incoming body is content-length (45 bytes)
[2m2025-12-10T12:17:30.101492Z[0m [34mDEBUG[0m [2methereum_transaction_pool_monitor::eth_client[0m[2m:[0m 📨 Received WebSocket message: {"jsonrpc":"2.0","method":"eth_subscription","params":{"subscription":"0xb60af543a4ead1cf1df939ac89b7e704","result":"0xf798d43d31208027e0ae5670bd2e23e2c4378f68c72a1a0805f253acee663697"}}
[2m2025-12-10T12:17:30.101497Z[0m [34mDEBUG[0m [2mhyper::proto::h1::conn[0m[2m:[0m incoming body completed
[2m2025-12-10T12:17:30.101510Z[0m [34mDEBUG[0m [2methereum_transaction_pool_monitor::eth_client[0m[2m:[0m 📨 Received pending transaction: 0xf798d43d31208027e0ae5670bd2e23e2c4378f68c72a1a0805f253acee663697
[2m2025-12-10T12:17:30.101522Z[0m [34mDEBUG[0m [2methereum_transaction_pool_monitor::eth_client[0m[2m:[0m 📨 Received WebSocket message: {"jsonrpc":"2.0","method":"eth_subscription","params":{"subscription":"0xb60af543a4ead1cf1df939ac89b7e704","result":"0xc49ed841657075fc0f29d25c44364e1df3db25275185b08852086ca6dce35914"}}
[2m2025-12-10T12:17:30.101530Z[0m [34mDEBUG[0m [2mhyper::client::pool[0m[2m:[0m pooling idle connection for ("http", 192.168.0.14:8545)
[2m2025-12-10T12:17:30.101538Z[0m [34mDEBUG[0m [2methereum_transaction_pool_monitor::eth_client[0m[2m:[0m 📨 Received pending transaction: 0xc49ed841657075fc0f29d25c44364e1df3db25275185b08852086ca6dce35914
[2m2025-12-10T12:17:30.101592Z[0m [34mDEBUG[0m [2mhyper::client::pool[0m[2m:[0m reuse idle connection for ("http", 192.168.0.14:8545)
[2m2025-12-10T12:17:30.101634Z[0m [34mDEBUG[0m [2mhyper::proto::h1::io[0m[2m:[0m flushed 172 bytes
[2m2025-12-10T12:17:30.108610Z[0m [34mDEBUG[0m [2mhyper::proto::h1::io[0m[2m:[0m parsed 4 headers
[2m2025-12-10T12:17:30.108623Z[0m [34mDEBUG[0m [2mhyper::proto::h1::conn[0m[2m:[0m incoming body is content-length (45 bytes)
[2m2025-12-10T12:17:30.108639Z[0m [34mDEBUG[0m [2mhyper::proto::h1::conn[0m[2m:[0m incoming body completed
[2m2025-12-10T12:17:30.108671Z[0m [34mDEBUG[0m [2mhyper::client::pool[0m[2m:[0m pooling idle connection for ("http", 192.168.0.14:8545)
[2m2025-12-10T12:17:30.108725Z[0m [34mDEBUG[0m [2mhyper::client::pool[0m[2m:[0m reuse idle connection for ("http", 192.168.0.14:8545)
[2m2025-12-10T12:17:30.108764Z[0m [34mDEBUG[0m [2mhyper::proto::h1::io[0m[2m:[0m flushed 172 bytes
[2m2025-12-10T12:17:30.112626Z[0m [34mDEBUG[0m [2mhyper::proto::h1::io[0m[2m:[0m parsed 4 headers
[2m2025-12-10T12:17:30.112636Z[0m [34mDEBUG[0m [2mhyper::proto::h1::conn[0m[2m:[0m incoming body is content-length (766 bytes)
[2m2025-12-10T12:17:30.112647Z[0m [34mDEBUG[0m [2mhyper::proto::h1::conn[0m[2m:[0m incoming body completed
[2m2025-12-10T12:17:30.112666Z[0m [34mDEBUG[0m [2mhyper::client::pool[0m[2m:[0m pooling idle connection for ("http", 192.168.0.14:8545)
[2m2025-12-10T12:17:30.112678Z[0m [34mDEBUG[0m [2methereum_transaction_pool_monitor::eth_client[0m[2m:[0m 📡 Transaction fetch RPC completed in 11.427542ms
[2m2025-12-10T12:17:30.304721Z[0m [34mDEBUG[0m [2methereum_transaction_pool_monitor::eth_client[0m[2m:[0m ✅ Transaction 0x273f14ed4fb1470b47b936e91641e7e2166667681c8719f5ca54ba73867ab70b fetched and parsed in 203.46725ms
[2m2025-12-10T12:17:30.304767Z[0m [34mDEBUG[0m [2methereum_transaction_pool_monitor::mempool_monitor[0m[2m:[0m 🔍 Skipping tx 0x273f14ed4fb1470b47b936e91641e7e2166667681c8719f5ca54ba73867ab70b - not a DEX interaction (target: 0xA0b86991c6218b36c1d19D4a2e9Eb0cE3606eB48)
[2m2025-12-10T12:17:30.304827Z[0m [34mDEBUG[0m [2methereum_transaction_pool_monitor::mempool_monitor[0m[2m:[0m 📨 Processing new pending transaction: 0xea4e7ec87eb1e166d68032a8c74a61c7fa880c5e36aab7d8588592fcca029b4d
[2m2025-12-10T12:17:30.304838Z[0m [34mDEBUG[0m [2methereum_transaction_pool_monitor::mempool_monitor[0m[2m:[0m 🔍 Fetching transaction details for: 0xea4e7ec87eb1e166d68032a8c74a61c7fa880c5e36aab7d8588592fcca029b4d
[2m2025-12-10T12:17:30.304848Z[0m [34mDEBUG[0m [2methereum_transaction_pool_monitor::eth_client[0m[2m:[0m 🔍 Fetching transaction details for hash: 0xea4e7ec87eb1e166d68032a8c74a61c7fa880c5e36aab7d8588592fcca029b4d
[2m2025-12-10T12:17:30.304928Z[0m [34mDEBUG[0m [2mhyper::client::pool[0m[2m:[0m reuse idle connection for ("http", 192.168.0.14:8545)
[2m2025-12-10T12:17:30.305022Z[0m [34mDEBUG[0m [2mhyper::proto::h1::io[0m[2m:[0m flushed 250 bytes
[2m2025-12-10T12:17:30.305069Z[0m [34mDEBUG[0m [2methereum_transaction_pool_monitor::eth_client[0m[2m:[0m 📨 Received WebSocket message: {"jsonrpc":"2.0","method":"eth_subscription","params":{"subscription":"0xb60af543a4ead1cf1df939ac89b7e704","result":"0xa98db3040cabacb44ec34d269ddcf4c33fc72a95c00d1dbe69ef5ad7f11a4564"}}
[2m2025-12-10T12:17:30.305086Z[0m [34mDEBUG[0m [2mhyper::proto::h1::io[0m[2m:[0m parsed 4 headers
[2m2025-12-10T12:17:30.305097Z[0m [34mDEBUG[0m [2mhyper::proto::h1::conn[0m[2m:[0m incoming body is content-length (45 bytes)
[2m2025-12-10T12:17:30.305098Z[0m [34mDEBUG[0m [2methereum_transaction_pool_monitor::eth_client[0m[2m:[0m 📨 Received pending transaction: 0xa98db3040cabacb44ec34d269ddcf4c33fc72a95c00d1dbe69ef5ad7f11a4564
[2m2025-12-10T12:17:30.305115Z[0m [34mDEBUG[0m [2mhyper::proto::h1::conn[0m[2m:[0m incoming body completed
[2m2025-12-10T12:17:30.305114Z[0m [34mDEBUG[0m [2methereum_transaction_pool_monitor::eth_client[0m[2m:[0m 📨 Received WebSocket message: {"jsonrpc":"2.0","method":"eth_subscription","params":{"subscription":"0xb60af543a4ead1cf1df939ac89b7e704","result":"0xa5d187a3a3f51506bc58797231126e98ece710e1e992f7f9821f35a2f391d85a"}}
[2m2025-12-10T12:17:30.305135Z[0m [34mDEBUG[0m [2methereum_transaction_pool_monitor::eth_client[0m[2m:[0m 📨 Received pending transaction: 0xa5d187a3a3f51506bc58797231126e98ece710e1e992f7f9821f35a2f391d85a
[2m2025-12-10T12:17:30.305143Z[0m [34mDEBUG[0m [2mhyper::client::pool[0m[2m:[0m pooling idle connection for ("http", 192.168.0.14:8545)
[2m2025-12-10T12:17:30.305149Z[0m [34mDEBUG[0m [2methereum_transaction_pool_monitor::eth_client[0m[2m:[0m 📨 Received WebSocket message: {"jsonrpc":"2.0","method":"eth_subscription","params":{"subscription":"0xb60af543a4ead1cf1df939ac89b7e704","result":"0x5de69f531156dc95e05a8194f8d6912f3325b5bed5d57d5b4a1d7fa356c86cdf"}}
[2m2025-12-10T12:17:30.305166Z[0m [34mDEBUG[0m [2methereum_transaction_pool_monitor::eth_client[0m[2m:[0m 📨 Received pending transaction: 0x5de69f531156dc95e05a8194f8d6912f3325b5bed5d57d5b4a1d7fa356c86cdf
[2m2025-12-10T12:17:30.305176Z[0m [34mDEBUG[0m [2methereum_transaction_pool_monitor::eth_client[0m[2m:[0m 📨 Received WebSocket message: {"jsonrpc":"2.0","method":"eth_subscription","params":{"subscription":"0xb60af543a4ead1cf1df939ac89b7e704","result":"0x2f7680cf5c6d92b5e87da70934e901b1b99a21eb9ff689ad7b13432ff9a021b0"}}
[2m2025-12-10T12:17:30.305192Z[0m [34mDEBUG[0m [2methereum_transaction_pool_monitor::eth_client[0m[2m:[0m 📨 Received pending transaction: 0x2f7680cf5c6d92b5e87da70934e901b1b99a21eb9ff689ad7b13432ff9a021b0
[2m2025-12-10T12:17:30.305211Z[0m [34mDEBUG[0m [2mhyper::client::pool[0m[2m:[0m reuse idle connection for ("http", 192.168.0.14:8545)
[2m2025-12-10T12:17:30.305251Z[0m [34mDEBUG[0m [2mhyper::proto::h1::io[0m[2m:[0m flushed 172 bytes
[2m2025-12-10T12:17:30.309328Z[0m [34mDEBUG[0m [2mhyper::proto::h1::io[0m[2m:[0m parsed 4 headers
[2m2025-12-10T12:17:30.309337Z[0m [34mDEBUG[0m [2mhyper::proto::h1::conn[0m[2m:[0m incoming body is content-length (766 bytes)
[2m2025-12-10T12:17:30.309350Z[0m [34mDEBUG[0m [2mhyper::proto::h1::conn[0m[2m:[0m incoming body completed
[2m2025-12-10T12:17:30.309369Z[0m [34mDEBUG[0m [2mhyper::client::pool[0m[2m:[0m pooling idle connection for ("http", 192.168.0.14:8545)
[2m2025-12-10T12:17:30.309381Z[0m [34mDEBUG[0m [2methereum_transaction_pool_monitor::eth_client[0m[2m:[0m 📡 Transaction fetch RPC completed in 4.523041ms
[2m2025-12-10T12:17:30.502566Z[0m [34mDEBUG[0m [2methereum_transaction_pool_monitor::eth_client[0m[2m:[0m ✅ Transaction 0xea4e7ec87eb1e166d68032a8c74a61c7fa880c5e36aab7d8588592fcca029b4d fetched and parsed in 197.705208ms
[2m2025-12-10T12:17:30.502609Z[0m [34mDEBUG[0m [2methereum_transaction_pool_monitor::mempool_monitor[0m[2m:[0m 🔍 Skipping tx 0xea4e7ec87eb1e166d68032a8c74a61c7fa880c5e36aab7d8588592fcca029b4d - not a DEX interaction (target: 0xA0b86991c6218b36c1d19D4a2e9Eb0cE3606eB48)
[2m2025-12-10T12:17:30.502677Z[0m [34mDEBUG[0m [2methereum_transaction_pool_monitor::mempool_monitor[0m[2m:[0m 📨 Processing new pending transaction: 0xc4cb04e81e056f008f96c70c4aa19834f3d306455f1a9bcd7d43a643456dd386
[2m2025-12-10T12:17:30.502688Z[0m [34mDEBUG[0m [2methereum_transaction_pool_monitor::mempool_monitor[0m[2m:[0m 🔍 Fetching transaction details for: 0xc4cb04e81e056f008f96c70c4aa19834f3d306455f1a9bcd7d43a643456dd386
[2m2025-12-10T12:17:30.502697Z[0m [34mDEBUG[0m [2methereum_transaction_pool_monitor::eth_client[0m[2m:[0m 🔍 Fetching transaction details for hash: 0xc4cb04e81e056f008f96c70c4aa19834f3d306455f1a9bcd7d43a643456dd386
[2m2025-12-10T12:17:30.502781Z[0m [34mDEBUG[0m [2mhyper::client::pool[0m[2m:[0m reuse idle connection for ("http", 192.168.0.14:8545)
[2m2025-12-10T12:17:30.502865Z[0m [34mDEBUG[0m [2mhyper::proto::h1::io[0m[2m:[0m flushed 250 bytes
[2m2025-12-10T12:17:30.502911Z[0m [34mDEBUG[0m [2methereum_transaction_pool_monitor::eth_client[0m[2m:[0m 📨 Received WebSocket message: {"jsonrpc":"2.0","method":"eth_subscription","params":{"subscription":"0xb60af543a4ead1cf1df939ac89b7e704","result":"0x3d624a18af4888f2b5e5967531d3c5da7c2a0100b9c679becaf49ca89746d1c9"}}
[2m2025-12-10T12:17:30.502926Z[0m [34mDEBUG[0m [2mhyper::proto::h1::io[0m[2m:[0m parsed 4 headers
[2m2025-12-10T12:17:30.502933Z[0m [34mDEBUG[0m [2methereum_transaction_pool_monitor::eth_client[0m[2m:[0m 📨 Received pending transaction: 0x3d624a18af4888f2b5e5967531d3c5da7c2a0100b9c679becaf49ca89746d1c9
[2m2025-12-10T12:17:30.502937Z[0m [34mDEBUG[0m [2mhyper::proto::h1::conn[0m[2m:[0m incoming body is content-length (45 bytes)
[2m2025-12-10T12:17:30.502948Z[0m [34mDEBUG[0m [2methereum_transaction_pool_monitor::eth_client[0m[2m:[0m 📨 Received WebSocket message: {"jsonrpc":"2.0","method":"eth_subscription","params":{"subscription":"0xb60af543a4ead1cf1df939ac89b7e704","result":"0x466a2d6c653b76deb3d44132f9c5ae08b7941594bcfaa07b7ecb1333835a94d4"}}
[2m2025-12-10T12:17:30.502954Z[0m [34mDEBUG[0m [2mhyper::proto::h1::conn[0m[2m:[0m incoming body completed
[2m2025-12-10T12:17:30.502966Z[0m [34mDEBUG[0m [2methereum_transaction_pool_monitor::eth_client[0m[2m:[0m 📨 Received pending transaction: 0x466a2d6c653b76deb3d44132f9c5ae08b7941594bcfaa07b7ecb1333835a94d4
[2m2025-12-10T12:17:30.502979Z[0m [34mDEBUG[0m [2methereum_transaction_pool_monitor::eth_client[0m[2m:[0m 📨 Received WebSocket message: {"jsonrpc":"2.0","method":"eth_subscription","params":{"subscription":"0xb60af543a4ead1cf1df939ac89b7e704","result":"0xd34d381ba364d9191065b9473c5ae1bc9898fbbe1b3dbde174b0e827b63da3c2"}}
[2m2025-12-10T12:17:30.502983Z[0m [34mDEBUG[0m [2mhyper::client::pool[0m[2m:[0m pooling idle connection for ("http", 192.168.0.14:8545)
[2m2025-12-10T12:17:30.502995Z[0m [34mDEBUG[0m [2methereum_transaction_pool_monitor::eth_client[0m[2m:[0m 📨 Received pending transaction: 0xd34d381ba364d9191065b9473c5ae1bc9898fbbe1b3dbde174b0e827b63da3c2
[2m2025-12-10T12:17:30.503007Z[0m [34mDEBUG[0m [2methereum_transaction_pool_monitor::eth_client[0m[2m:[0m 📨 Received WebSocket message: {"jsonrpc":"2.0","method":"eth_subscription","params":{"subscription":"0xb60af543a4ead1cf1df939ac89b7e704","result":"0x9dcefb93c84999e1475eb606247bd9cd27f9f425c3d6d8424c41deb84f7c8138"}}
[2m2025-12-10T12:17:30.503022Z[0m [34mDEBUG[0m [2methereum_transaction_pool_monitor::eth_client[0m[2m:[0m 📨 Received pending transaction: 0x9dcefb93c84999e1475eb606247bd9cd27f9f425c3d6d8424c41deb84f7c8138
[2m2025-12-10T12:17:30.503033Z[0m [34mDEBUG[0m [2methereum_transaction_pool_monitor::eth_client[0m[2m:[0m 📨 Received WebSocket message: {"jsonrpc":"2.0","method":"eth_subscription","params":{"subscription":"0xb60af543a4ead1cf1df939ac89b7e704","result":"0x48fab9c5043862acd9141380d0daa68839a1b2ab2889bd8f92bc5c9263eff363"}}
[2m2025-12-10T12:17:30.503042Z[0m [34mDEBUG[0m [2mhyper::client::pool[0m[2m:[0m reuse idle connection for ("http", 192.168.0.14:8545)
[2m2025-12-10T12:17:30.503049Z[0m [34mDEBUG[0m [2methereum_transaction_pool_monitor::eth_client[0m[2m:[0m 📨 Received pending transaction: 0x48fab9c5043862acd9141380d0daa68839a1b2ab2889bd8f92bc5c9263eff363
[2m2025-12-10T12:17:30.503061Z[0m [34mDEBUG[0m [2methereum_transaction_pool_monitor::eth_client[0m[2m:[0m 📨 Received WebSocket message: {"jsonrpc":"2.0","method":"eth_subscription","params":{"subscription":"0xb60af543a4ead1cf1df939ac89b7e704","result":"0x6c38df3bdcdd83eecc50a4da3eedd03ba39292c5110a93817fd49102bcaa1061"}}
[2m2025-12-10T12:17:30.503076Z[0m [34mDEBUG[0m [2methereum_transaction_pool_monitor::eth_client[0m[2m:[0m 📨 Received pending transaction: 0x6c38df3bdcdd83eecc50a4da3eedd03ba39292c5110a93817fd49102bcaa1061
[2m2025-12-10T12:17:30.503081Z[0m [34mDEBUG[0m [2mhyper::proto::h1::io[0m[2m:[0m flushed 172 bytes
[2m2025-12-10T12:17:30.507587Z[0m [34mDEBUG[0m [2mhyper::proto::h1::io[0m[2m:[0m parsed 4 headers
[2m2025-12-10T12:17:30.507596Z[0m [34mDEBUG[0m [2mhyper::proto::h1::conn[0m[2m:[0m incoming body is content-length (766 bytes)
[2m2025-12-10T12:17:30.507607Z[0m [34mDEBUG[0m [2mhyper::proto::h1::conn[0m[2m:[0m incoming body completed
[2m2025-12-10T12:17:30.507625Z[0m [34mDEBUG[0m [2mhyper::client::pool[0m[2m:[0m pooling idle connection for ("http", 192.168.0.14:8545)
[2m2025-12-10T12:17:30.507636Z[0m [34mDEBUG[0m [2methereum_transaction_pool_monitor::eth_client[0m[2m:[0m 📡 Transaction fetch RPC completed in 4.928958ms
[2m2025-12-10T12:17:30.699983Z[0m [34mDEBUG[0m [2methereum_transaction_pool_monitor::eth_client[0m[2m:[0m ✅ Transaction 0xc4cb04e81e056f008f96c70c4aa19834f3d306455f1a9bcd7d43a643456dd386 fetched and parsed in 197.271458ms
[2m2025-12-10T12:17:30.700035Z[0m [34mDEBUG[0m [2methereum_transaction_pool_monitor::mempool_monitor[0m[2m:[0m 🔍 Skipping tx 0xc4cb04e81e056f008f96c70c4aa19834f3d306455f1a9bcd7d43a643456dd386 - not a DEX interaction (target: 0xA0b86991c6218b36c1d19D4a2e9Eb0cE3606eB48)
[2m2025-12-10T12:17:30.700104Z[0m [34mDEBUG[0m [2methereum_transaction_pool_monitor::mempool_monitor[0m[2m:[0m 📨 Processing new pending transaction: 0x51739044d78b513d12cc0599add204913a8be8c7563741282ae32d7c3635d18e
[2m2025-12-10T12:17:30.700116Z[0m [34mDEBUG[0m [2methereum_transaction_pool_monitor::mempool_monitor[0m[2m:[0m 🔍 Fetching transaction details for: 0x51739044d78b513d12cc0599add204913a8be8c7563741282ae32d7c3635d18e
[2m2025-12-10T12:17:30.700125Z[0m [34mDEBUG[0m [2methereum_transaction_pool_monitor::eth_client[0m[2m:[0m 🔍 Fetching transaction details for hash: 0x51739044d78b513d12cc0599add204913a8be8c7563741282ae32d7c3635d18e
[2m2025-12-10T12:17:30.700209Z[0m [34mDEBUG[0m [2mhyper::client::pool[0m[2m:[0m reuse idle connection for ("http", 192.168.0.14:8545)
[2m2025-12-10T12:17:30.700305Z[0m [34mDEBUG[0m [2mhyper::proto::h1::io[0m[2m:[0m flushed 250 bytes
[2m2025-12-10T12:17:30.700354Z[0m [34mDEBUG[0m [2methereum_transaction_pool_monitor::eth_client[0m[2m:[0m 📨 Received WebSocket message: {"jsonrpc":"2.0","method":"eth_subscription","params":{"subscription":"0xb60af543a4ead1cf1df939ac89b7e704","result":"0x94f04c0256b959f6e141c1a695654294238008f7f35c19e1d10518678f6d14aa"}}
[2m2025-12-10T12:17:30.700368Z[0m [34mDEBUG[0m [2mhyper::proto::h1::io[0m[2m:[0m parsed 4 headers
[2m2025-12-10T12:17:30.700377Z[0m [34mDEBUG[0m [2methereum_transaction_pool_monitor::eth_client[0m[2m:[0m 📨 Received pending transaction: 0x94f04c0256b959f6e141c1a695654294238008f7f35c19e1d10518678f6d14aa
[2m2025-12-10T12:17:30.700380Z[0m [34mDEBUG[0m [2mhyper::proto::h1::conn[0m[2m:[0m incoming body is content-length (45 bytes)
[2m2025-12-10T12:17:30.700397Z[0m [34mDEBUG[0m [2mhyper::proto::h1::conn[0m[2m:[0m incoming body completed
[2m2025-12-10T12:17:30.700422Z[0m [34mDEBUG[0m [2mhyper::client::pool[0m[2m:[0m pooling idle connection for ("http", 192.168.0.14:8545)
[2m2025-12-10T12:17:30.700481Z[0m [34mDEBUG[0m [2mhyper::client::pool[0m[2m:[0m reuse idle connection for ("http", 192.168.0.14:8545)
[2m2025-12-10T12:17:30.700522Z[0m [34mDEBUG[0m [2mhyper::proto::h1::io[0m[2m:[0m flushed 172 bytes
[2m2025-12-10T12:17:30.704357Z[0m [34mDEBUG[0m [2mhyper::proto::h1::io[0m[2m:[0m parsed 4 headers
[2m2025-12-10T12:17:30.704367Z[0m [34mDEBUG[0m [2mhyper::proto::h1::conn[0m[2m:[0m incoming body is content-length (45 bytes)
[2m2025-12-10T12:17:30.704380Z[0m [34mDEBUG[0m [2mhyper::proto::h1::conn[0m[2m:[0m incoming body completed
[2m2025-12-10T12:17:30.704400Z[0m [34mDEBUG[0m [2mhyper::client::pool[0m[2m:[0m pooling idle connection for ("http", 192.168.0.14:8545)
[2m2025-12-10T12:17:30.704454Z[0m [34mDEBUG[0m [2mhyper::client::pool[0m[2m:[0m reuse idle connection for ("http", 192.168.0.14:8545)
[2m2025-12-10T12:17:30.704495Z[0m [34mDEBUG[0m [2mhyper::proto::h1::io[0m[2m:[0m flushed 172 bytes
[2m2025-12-10T12:17:30.708154Z[0m [34mDEBUG[0m [2mhyper::proto::h1::io[0m[2m:[0m parsed 4 headers
[2m2025-12-10T12:17:30.708162Z[0m [34mDEBUG[0m [2mhyper::proto::h1::conn[0m[2m:[0m incoming body is content-length (45 bytes)
[2m2025-12-10T12:17:30.708172Z[0m [34mDEBUG[0m [2mhyper::proto::h1::conn[0m[2m:[0m incoming body completed
[2m2025-12-10T12:17:30.708186Z[0m [34mDEBUG[0m [2mhyper::client::pool[0m[2m:[0m pooling idle connection for ("http", 192.168.0.14:8545)
[2m2025-12-10T12:17:30.708227Z[0m [34mDEBUG[0m [2mhyper::client::pool[0m[2m:[0m reuse idle connection for ("http", 192.168.0.14:8545)
[2m2025-12-10T12:17:30.708271Z[0m [34mDEBUG[0m [2mhyper::proto::h1::io[0m[2m:[0m flushed 172 bytes
[2m2025-12-10T12:17:30.709894Z[0m [34mDEBUG[0m [2mhyper::proto::h1::io[0m[2m:[0m parsed 4 headers
[2m2025-12-10T12:17:30.709900Z[0m [34mDEBUG[0m [2mhyper::proto::h1::conn[0m[2m:[0m incoming body is content-length (764 bytes)
[2m2025-12-10T12:17:30.709910Z[0m [34mDEBUG[0m [2mhyper::proto::h1::conn[0m[2m:[0m incoming body completed
[2m2025-12-10T12:17:30.709925Z[0m [34mDEBUG[0m [2mhyper::client::pool[0m[2m:[0m pooling idle connection for ("http", 192.168.0.14:8545)
[2m2025-12-10T12:17:30.709935Z[0m [34mDEBUG[0m [2methereum_transaction_pool_monitor::eth_client[0m[2m:[0m 📡 Transaction fetch RPC completed in 9.800583ms
[2m2025-12-10T12:17:30.709976Z[0m [34mDEBUG[0m [2methereum_transaction_pool_monitor::eth_client[0m[2m:[0m DeFi transaction detected - Address: 0xdac17f958d2ee523a2206206994597c13d831ec7, Type: Stablecoin, Value: 0 ETH, Gas: 0.17 Gwei
[2m2025-12-10T12:17:30.710070Z[0m [34mDEBUG[0m [2methereum_transaction_pool_monitor::eth_client[0m[2m:[0m ✅ Transaction 0x51739044d78b513d12cc0599add204913a8be8c7563741282ae32d7c3635d18e fetched and parsed in 9.935916ms
[2m2025-12-10T12:17:30.710087Z[0m [34mDEBUG[0m [2methereum_transaction_pool_monitor::mempool_monitor[0m[2m:[0m 🔍 Skipping tx 0x51739044d78b513d12cc0599add204913a8be8c7563741282ae32d7c3635d18e - not a DEX interaction (target: 0xdAC17F958D2ee523a2206206994597C13D831ec7)
[2m2025-12-10T12:17:30.710136Z[0m [34mDEBUG[0m [2methereum_transaction_pool_monitor::mempool_monitor[0m[2m:[0m 📨 Processing new pending transaction: 0x51ba9525cf9889eb62bd29892aae2e00f53d91c6d9aa09bc2ed86afb3a71c283
[2m2025-12-10T12:17:30.710145Z[0m [34mDEBUG[0m [2methereum_transaction_pool_monitor::mempool_monitor[0m[2m:[0m 🔍 Fetching transaction details for: 0x51ba9525cf9889eb62bd29892aae2e00f53d91c6d9aa09bc2ed86afb3a71c283
[2m2025-12-10T12:17:30.710154Z[0m [34mDEBUG[0m [2methereum_transaction_pool_monitor::eth_client[0m[2m:[0m 🔍 Fetching transaction details for hash: 0x51ba9525cf9889eb62bd29892aae2e00f53d91c6d9aa09bc2ed86afb3a71c283
[2m2025-12-10T12:17:30.710182Z[0m [34mDEBUG[0m [2mhyper::client::pool[0m[2m:[0m reuse idle connection for ("http", 192.168.0.14:8545)
[2m2025-12-10T12:17:30.710209Z[0m [34mDEBUG[0m [2mhyper::proto::h1::io[0m[2m:[0m flushed 250 bytes
[2m2025-12-10T12:17:30.714046Z[0m [34mDEBUG[0m [2mhyper::proto::h1::io[0m[2m:[0m parsed 4 headers
[2m2025-12-10T12:17:30.714053Z[0m [34mDEBUG[0m [2mhyper::proto::h1::conn[0m[2m:[0m incoming body is content-length (45 bytes)
[2m2025-12-10T12:17:30.714062Z[0m [34mDEBUG[0m [2mhyper::proto::h1::conn[0m[2m:[0m incoming body completed
[2m2025-12-10T12:17:30.714075Z[0m [34mDEBUG[0m [2mhyper::client::pool[0m[2m:[0m pooling idle connection for ("http", 192.168.0.14:8545)
[2m2025-12-10T12:17:30.714110Z[0m [34mDEBUG[0m [2mhyper::client::pool[0m[2m:[0m reuse idle connection for ("http", 192.168.0.14:8545)
[2m2025-12-10T12:17:30.714140Z[0m [34mDEBUG[0m [2mhyper::proto::h1::io[0m[2m:[0m flushed 172 bytes
[2m2025-12-10T12:17:30.714872Z[0m [34mDEBUG[0m [2mhyper::proto::h1::io[0m[2m:[0m parsed 4 headers
[2m2025-12-10T12:17:30.714878Z[0m [34mDEBUG[0m [2mhyper::proto::h1::conn[0m[2m:[0m incoming body is content-length (828 bytes)
[2m2025-12-10T12:17:30.714887Z[0m [34mDEBUG[0m [2mhyper::proto::h1::conn[0m[2m:[0m incoming body completed
[2m2025-12-10T12:17:30.714900Z[0m [34mDEBUG[0m [2mhyper::client::pool[0m[2m:[0m pooling idle connection for ("http", 192.168.0.14:8545)
[2m2025-12-10T12:17:30.714909Z[0m [34mDEBUG[0m [2methereum_transaction_pool_monitor::eth_client[0m[2m:[0m 📡 Transaction fetch RPC completed in 4.746708ms
[2m2025-12-10T12:17:30.907127Z[0m [34mDEBUG[0m [2methereum_transaction_pool_monitor::eth_client[0m[2m:[0m ✅ Transaction 0x51ba9525cf9889eb62bd29892aae2e00f53d91c6d9aa09bc2ed86afb3a71c283 fetched and parsed in 196.961083ms
[2m2025-12-10T12:17:30.907177Z[0m [34mDEBUG[0m [2methereum_transaction_pool_monitor::mempool_monitor[0m[2m:[0m 🔍 Skipping tx 0x51ba9525cf9889eb62bd29892aae2e00f53d91c6d9aa09bc2ed86afb3a71c283 - not a DEX interaction (target: 0x51C03A791e0F22D66F17edA5a897c108d5CF7ce7)
[2m2025-12-10T12:17:30.907247Z[0m [34mDEBUG[0m [2methereum_transaction_pool_monitor::mempool_monitor[0m[2m:[0m 📨 Processing new pending transaction: 0xa9f1d23f4e2f3bafa88206b5d2fcfdcc9e02eb0f0474060c97697402e775a8a4
[2m2025-12-10T12:17:30.907259Z[0m [34mDEBUG[0m [2methereum_transaction_pool_monitor::mempool_monitor[0m[2m:[0m 🔍 Fetching transaction details for: 0xa9f1d23f4e2f3bafa88206b5d2fcfdcc9e02eb0f0474060c97697402e775a8a4
[2m2025-12-10T12:17:30.907269Z[0m [34mDEBUG[0m [2methereum_transaction_pool_monitor::eth_client[0m[2m:[0m 🔍 Fetching transaction details for hash: 0xa9f1d23f4e2f3bafa88206b5d2fcfdcc9e02eb0f0474060c97697402e775a8a4
[2m2025-12-10T12:17:30.907361Z[0m [34mDEBUG[0m [2mhyper::client::pool[0m[2m:[0m reuse idle connection for ("http", 192.168.0.14:8545)
[2m2025-12-10T12:17:30.907443Z[0m [34mDEBUG[0m [2mhyper::proto::h1::io[0m[2m:[0m flushed 250 bytes
[2m2025-12-10T12:17:30.907488Z[0m [34mDEBUG[0m [2mhyper::proto::h1::io[0m[2m:[0m parsed 4 headers
[2m2025-12-10T12:17:30.907494Z[0m [34mDEBUG[0m [2mhyper::proto::h1::conn[0m[2m:[0m incoming body is content-length (45 bytes)
[2m2025-12-10T12:17:30.907509Z[0m [34mDEBUG[0m [2mhyper::proto::h1::conn[0m[2m:[0m incoming body completed
[2m2025-12-10T12:17:30.907534Z[0m [34mDEBUG[0m [2mhyper::client::pool[0m[2m:[0m pooling idle connection for ("http", 192.168.0.14:8545)
[2m2025-12-10T12:17:30.907597Z[0m [34mDEBUG[0m [2mhyper::client::pool[0m[2m:[0m reuse idle connection for ("http", 192.168.0.14:8545)
[2m2025-12-10T12:17:30.907634Z[0m [34mDEBUG[0m [2mhyper::proto::h1::io[0m[2m:[0m flushed 172 bytes
[2m2025-12-10T12:17:30.907966Z[0m [34mDEBUG[0m [2methereum_transaction_pool_monitor::eth_client[0m[2m:[0m 📨 Received WebSocket message: {"jsonrpc":"2.0","method":"eth_subscription","params":{"subscription":"0xb60af543a4ead1cf1df939ac89b7e704","result":"0x1b0b2e1112d3885e4879efb873589b93d8c960dcf2b6f68e640a26fb10e65c21"}}
[2m2025-12-10T12:17:30.907989Z[0m [34mDEBUG[0m [2methereum_transaction_pool_monitor::eth_client[0m[2m:[0m 📨 Received pending transaction: 0x1b0b2e1112d3885e4879efb873589b93d8c960dcf2b6f68e640a26fb10e65c21
[2m2025-12-10T12:17:30.912158Z[0m [34mDEBUG[0m [2mhyper::proto::h1::io[0m[2m:[0m parsed 4 headers
[2m2025-12-10T12:17:30.912165Z[0m [34mDEBUG[0m [2mhyper::proto::h1::conn[0m[2m:[0m incoming body is content-length (45 bytes)
[2m2025-12-10T12:17:30.912176Z[0m [34mDEBUG[0m [2mhyper::proto::h1::conn[0m[2m:[0m incoming body completed
[2m2025-12-10T12:17:30.912193Z[0m [34mDEBUG[0m [2mhyper::client::pool[0m[2m:[0m pooling idle connection for ("http", 192.168.0.14:8545)
[2m2025-12-10T12:17:30.912244Z[0m [34mDEBUG[0m [2mhyper::client::pool[0m[2m:[0m reuse idle connection for ("http", 192.168.0.14:8545)
[2m2025-12-10T12:17:30.912283Z[0m [34mDEBUG[0m [2mhyper::proto::h1::io[0m[2m:[0m flushed 172 bytes
[2m2025-12-10T12:17:30.912393Z[0m [34mDEBUG[0m [2mhyper::proto::h1::io[0m[2m:[0m parsed 4 headers
[2m2025-12-10T12:17:30.912399Z[0m [34mDEBUG[0m [2mhyper::proto::h1::conn[0m[2m:[0m incoming body is content-length (840 bytes)
[2m2025-12-10T12:17:30.912409Z[0m [34mDEBUG[0m [2mhyper::proto::h1::conn[0m[2m:[0m incoming body completed
[2m2025-12-10T12:17:30.912424Z[0m [34mDEBUG[0m [2mhyper::client::pool[0m[2m:[0m pooling idle connection for ("http", 192.168.0.14:8545)
[2m2025-12-10T12:17:30.912434Z[0m [34mDEBUG[0m [2methereum_transaction_pool_monitor::eth_client[0m[2m:[0m 📡 Transaction fetch RPC completed in 5.155875ms
[2m2025-12-10T12:17:31.102237Z[0m [34mDEBUG[0m [2methereum_transaction_pool_monitor::eth_client[0m[2m:[0m ✅ Transaction 0xa9f1d23f4e2f3bafa88206b5d2fcfdcc9e02eb0f0474060c97697402e775a8a4 fetched and parsed in 194.954666ms
[2m2025-12-10T12:17:31.102279Z[0m [34mDEBUG[0m [2methereum_transaction_pool_monitor::mempool_monitor[0m[2m:[0m 🔍 Skipping tx 0xa9f1d23f4e2f3bafa88206b5d2fcfdcc9e02eb0f0474060c97697402e775a8a4 - not a DEX interaction (target: 0xA0b86991c6218b36c1d19D4a2e9Eb0cE3606eB48)
[2m2025-12-10T12:17:31.102340Z[0m [34mDEBUG[0m [2methereum_transaction_pool_monitor::mempool_monitor[0m[2m:[0m 📨 Processing new pending transaction: 0xa359482357bef25b16af579a57e7a3e015302a030fcb76391b8bc34562557689
[2m2025-12-10T12:17:31.102350Z[0m [34mDEBUG[0m [2methereum_transaction_pool_monitor::mempool_monitor[0m[2m:[0m 🔍 Fetching transaction details for: 0xa359482357bef25b16af579a57e7a3e015302a030fcb76391b8bc34562557689
[2m2025-12-10T12:17:31.102360Z[0m [34mDEBUG[0m [2methereum_transaction_pool_monitor::eth_client[0m[2m:[0m 🔍 Fetching transaction details for hash: 0xa359482357bef25b16af579a57e7a3e015302a030fcb76391b8bc34562557689
[2m2025-12-10T12:17:31.102441Z[0m [34mDEBUG[0m [2mhyper::client::pool[0m[2m:[0m reuse idle connection for ("http", 192.168.0.14:8545)
[2m2025-12-10T12:17:31.102520Z[0m [34mDEBUG[0m [2mhyper::proto::h1::io[0m[2m:[0m flushed 250 bytes
[2m2025-12-10T12:17:31.102570Z[0m [34mDEBUG[0m [2methereum_transaction_pool_monitor::eth_client[0m[2m:[0m 📨 Received WebSocket message: {"jsonrpc":"2.0","method":"eth_subscription","params":{"subscription":"0xb60af543a4ead1cf1df939ac89b7e704","result":"0xbffa293730c7a568e1b559f358a6f5c2914815cafb40186c7dbcf6e092f70b71"}}
[2m2025-12-10T12:17:31.102581Z[0m [34mDEBUG[0m [2mhyper::proto::h1::io[0m[2m:[0m parsed 4 headers
[2m2025-12-10T12:17:31.102592Z[0m [34mDEBUG[0m [2mhyper::proto::h1::conn[0m[2m:[0m incoming body is content-length (45 bytes)
[2m2025-12-10T12:17:31.102591Z[0m [34mDEBUG[0m [2methereum_transaction_pool_monitor::eth_client[0m[2m:[0m 📨 Received pending transaction: 0xbffa293730c7a568e1b559f358a6f5c2914815cafb40186c7dbcf6e092f70b71
[2m2025-12-10T12:17:31.102608Z[0m [34mDEBUG[0m [2mhyper::proto::h1::conn[0m[2m:[0m incoming body completed
[2m2025-12-10T12:17:31.102633Z[0m [34mDEBUG[0m [2mhyper::client::pool[0m[2m:[0m pooling idle connection for ("http", 192.168.0.14:8545)
[2m2025-12-10T12:17:31.102690Z[0m [34mDEBUG[0m [2mhyper::client::pool[0m[2m:[0m reuse idle connection for ("http", 192.168.0.14:8545)
[2m2025-12-10T12:17:31.102727Z[0m [34mDEBUG[0m [2mhyper::proto::h1::io[0m[2m:[0m flushed 172 bytes
[2m2025-12-10T12:17:31.107544Z[0m [34mDEBUG[0m [2mhyper::proto::h1::io[0m[2m:[0m parsed 4 headers
[2m2025-12-10T12:17:31.107551Z[0m [34mDEBUG[0m [2mhyper::proto::h1::conn[0m[2m:[0m incoming body is content-length (33535 bytes)
[2m2025-12-10T12:17:31.107583Z[0m [34mDEBUG[0m [2methereum_transaction_pool_monitor::eth_client[0m[2m:[0m 📡 Transaction fetch RPC completed in 5.214417ms
[2m2025-12-10T12:17:31.110750Z[0m [34mDEBUG[0m [2mhyper::proto::h1::io[0m[2m:[0m parsed 4 headers
[2m2025-12-10T12:17:31.110758Z[0m [34mDEBUG[0m [2mhyper::proto::h1::conn[0m[2m:[0m incoming body is content-length (45 bytes)
[2m2025-12-10T12:17:31.110767Z[0m [34mDEBUG[0m [2mhyper::proto::h1::conn[0m[2m:[0m incoming body completed
[2m2025-12-10T12:17:31.110783Z[0m [34mDEBUG[0m [2mhyper::client::pool[0m[2m:[0m pooling idle connection for ("http", 192.168.0.14:8545)
[2m2025-12-10T12:17:31.110832Z[0m [34mDEBUG[0m [2mhyper::client::pool[0m[2m:[0m reuse idle connection for ("http", 192.168.0.14:8545)
[2m2025-12-10T12:17:31.110863Z[0m [34mDEBUG[0m [2mhyper::proto::h1::io[0m[2m:[0m flushed 172 bytes
[2m2025-12-10T12:17:31.133736Z[0m [34mDEBUG[0m [2mhyper::proto::h1::conn[0m[2m:[0m incoming body completed
[2m2025-12-10T12:17:31.133790Z[0m [34mDEBUG[0m [2mhyper::client::pool[0m[2m:[0m pooling idle connection for ("http", 192.168.0.14:8545)
[2m2025-12-10T12:17:31.133821Z[0m [34mDEBUG[0m [2mhyper::proto::h1::io[0m[2m:[0m parsed 4 headers
[2m2025-12-10T12:17:31.133822Z[0m [34mDEBUG[0m [2methereum_transaction_pool_monitor::eth_client[0m[2m:[0m 📨 Received WebSocket message: {"jsonrpc":"2.0","method":"eth_subscription","params":{"subscription":"0xb60af543a4ead1cf1df939ac89b7e704","result":"0x633036e57a628902191fccaa4271ecb2ddba53e212b14032033305d625e1ab30"}}
[2m2025-12-10T12:17:31.133832Z[0m [34mDEBUG[0m [2mhyper::proto::h1::conn[0m[2m:[0m incoming body is content-length (45 bytes)
[2m2025-12-10T12:17:31.133844Z[0m [34mDEBUG[0m [2mhyper::proto::h1::conn[0m[2m:[0m incoming body completed
[2m2025-12-10T12:17:31.133843Z[0m [34mDEBUG[0m [2methereum_transaction_pool_monitor::eth_client[0m[2m:[0m 📨 Received pending transaction: 0x633036e57a628902191fccaa4271ecb2ddba53e212b14032033305d625e1ab30
[2m2025-12-10T12:17:31.133862Z[0m [34mDEBUG[0m [2mhyper::client::pool[0m[2m:[0m pooling idle connection for ("http", 192.168.0.14:8545)
[2m2025-12-10T12:17:31.133916Z[0m [34mDEBUG[0m [2mhyper::client::pool[0m[2m:[0m reuse idle connection for ("http", 192.168.0.14:8545)
[2m2025-12-10T12:17:31.133948Z[0m [34mDEBUG[0m [2mhyper::proto::h1::io[0m[2m:[0m flushed 172 bytes
[2m2025-12-10T12:17:31.148297Z[0m [34mDEBUG[0m [2mhyper::proto::h1::io[0m[2m:[0m parsed 4 headers
[2m2025-12-10T12:17:31.148310Z[0m [34mDEBUG[0m [2mhyper::proto::h1::conn[0m[2m:[0m incoming body is content-length (45 bytes)
[2m2025-12-10T12:17:31.148323Z[0m [34mDEBUG[0m [2mhyper::proto::h1::conn[0m[2m:[0m incoming body completed
[2m2025-12-10T12:17:31.148344Z[0m [34mDEBUG[0m [2mhyper::client::pool[0m[2m:[0m pooling idle connection for ("http", 192.168.0.14:8545)
[2m2025-12-10T12:17:31.148401Z[0m [34mDEBUG[0m [2mhyper::client::pool[0m[2m:[0m reuse idle connection for ("http", 192.168.0.14:8545)
[2m2025-12-10T12:17:31.148440Z[0m [34mDEBUG[0m [2mhyper::proto::h1::io[0m[2m:[0m flushed 172 bytes
[2m2025-12-10T12:17:31.153587Z[0m [34mDEBUG[0m [2mhyper::proto::h1::io[0m[2m:[0m parsed 4 headers
[2m2025-12-10T12:17:31.153594Z[0m [34mDEBUG[0m [2mhyper::proto::h1::conn[0m[2m:[0m incoming body is content-length (45 bytes)
[2m2025-12-10T12:17:31.153604Z[0m [34mDEBUG[0m [2mhyper::proto::h1::conn[0m[2m:[0m incoming body completed
[2m2025-12-10T12:17:31.153618Z[0m [34mDEBUG[0m [2mhyper::client::pool[0m[2m:[0m pooling idle connection for ("http", 192.168.0.14:8545)
[2m2025-12-10T12:17:31.212194Z[0m [34mDEBUG[0m [2methereum_transaction_pool_monitor::eth_client[0m[2m:[0m 📨 Received WebSocket message: {"jsonrpc":"2.0","method":"eth_subscription","params":{"subscription":"0xb60af543a4ead1cf1df939ac89b7e704","result":"0x32808ebf899e418426b9a2e759a06729692f274600ee629a4fd309fd9e8faadd"}}
[2m2025-12-10T12:17:31.212240Z[0m [34mDEBUG[0m [2methereum_transaction_pool_monitor::eth_client[0m[2m:[0m 📨 Received pending transaction: 0x32808ebf899e418426b9a2e759a06729692f274600ee629a4fd309fd9e8faadd
[2m2025-12-10T12:17:31.218191Z[0m [34mDEBUG[0m [2methereum_transaction_pool_monitor::eth_client[0m[2m:[0m 📨 Received WebSocket message: {"jsonrpc":"2.0","method":"eth_subscription","params":{"subscription":"0xb60af543a4ead1cf1df939ac89b7e704","result":"0xedd2336ac4390f07ca255f8a9a3724a97a738da2e3af89b2220236e308605d5d"}}
[2m2025-12-10T12:17:31.218222Z[0m [34mDEBUG[0m [2methereum_transaction_pool_monitor::eth_client[0m[2m:[0m 📨 Received pending transaction: 0xedd2336ac4390f07ca255f8a9a3724a97a738da2e3af89b2220236e308605d5d
[2m2025-12-10T12:17:31.248333Z[0m [34mDEBUG[0m [2mhyper::client::pool[0m[2m:[0m reuse idle connection for ("http", 192.168.0.14:8545)
[2m2025-12-10T12:17:31.248421Z[0m [34mDEBUG[0m [2mhyper::proto::h1::io[0m[2m:[0m flushed 172 bytes
[2m2025-12-10T12:17:31.253200Z[0m [34mDEBUG[0m [2mhyper::proto::h1::io[0m[2m:[0m parsed 4 headers
[2m2025-12-10T12:17:31.253208Z[0m [34mDEBUG[0m [2mhyper::proto::h1::conn[0m[2m:[0m incoming body is content-length (45 bytes)
[2m2025-12-10T12:17:31.253225Z[0m [34mDEBUG[0m [2mhyper::proto::h1::conn[0m[2m:[0m incoming body completed
[2m2025-12-10T12:17:31.253253Z[0m [34mDEBUG[0m [2mhyper::client::pool[0m[2m:[0m pooling idle connection for ("http", 192.168.0.14:8545)
[2m2025-12-10T12:17:31.284001Z[0m [34mDEBUG[0m [2methereum_transaction_pool_monitor::eth_client[0m[2m:[0m 📨 Received WebSocket message: {"jsonrpc":"2.0","method":"eth_subscription","params":{"subscription":"0xb60af543a4ead1cf1df939ac89b7e704","result":"0x17c558f64b340ab1af60c9bd63c62e97fc6b3d18b87006ec6583f8744e4fa761"}}
[2m2025-12-10T12:17:31.284033Z[0m [34mDEBUG[0m [2methereum_transaction_pool_monitor::eth_client[0m[2m:[0m 📨 Received pending transaction: 0x17c558f64b340ab1af60c9bd63c62e97fc6b3d18b87006ec6583f8744e4fa761
[2m2025-12-10T12:17:31.319343Z[0m [34mDEBUG[0m [2methereum_transaction_pool_monitor::eth_client[0m[2m:[0m ✅ Transaction 0xa359482357bef25b16af579a57e7a3e015302a030fcb76391b8bc34562557689 fetched and parsed in 216.972333ms
[2m2025-12-10T12:17:31.319382Z[0m [34mDEBUG[0m [2methereum_transaction_pool_monitor::mempool_monitor[0m[2m:[0m 🔍 Skipping tx 0xa359482357bef25b16af579a57e7a3e015302a030fcb76391b8bc34562557689 - not a DEX interaction (target: 0x603bb2c05D474794ea97805e8De69bCcFb3bCA12)
[2m2025-12-10T12:17:31.319447Z[0m [34mDEBUG[0m [2methereum_transaction_pool_monitor::mempool_monitor[0m[2m:[0m 📨 Processing new pending transaction: 0xe80b1b206a8b940d1b07cf9a0924127d6e4067dc8a0f64a2b6b16e42763c45e9
[2m2025-12-10T12:17:31.319457Z[0m [34mDEBUG[0m [2methereum_transaction_pool_monitor::mempool_monitor[0m[2m:[0m 🔍 Fetching transaction details for: 0xe80b1b206a8b940d1b07cf9a0924127d6e4067dc8a0f64a2b6b16e42763c45e9
[2m2025-12-10T12:17:31.319466Z[0m [34mDEBUG[0m [2methereum_transaction_pool_monitor::eth_client[0m[2m:[0m 🔍 Fetching transaction details for hash: 0xe80b1b206a8b940d1b07cf9a0924127d6e4067dc8a0f64a2b6b16e42763c45e9
[2m2025-12-10T12:17:31.319539Z[0m [34mDEBUG[0m [2mhyper::client::pool[0m[2m:[0m reuse idle connection for ("http", 192.168.0.14:8545)
[2m2025-12-10T12:17:31.319592Z[0m [34mDEBUG[0m [2mhyper::proto::h1::io[0m[2m:[0m flushed 250 bytes
[2m2025-12-10T12:17:31.330891Z[0m [34mDEBUG[0m [2mhyper::proto::h1::io[0m[2m:[0m parsed 4 headers
[2m2025-12-10T12:17:31.330899Z[0m [34mDEBUG[0m [2mhyper::proto::h1::conn[0m[2m:[0m incoming body is content-length (643 bytes)
[2m2025-12-10T12:17:31.330913Z[0m [34mDEBUG[0m [2mhyper::proto::h1::conn[0m[2m:[0m incoming body completed
[2m2025-12-10T12:17:31.330943Z[0m [34mDEBUG[0m [2mhyper::client::pool[0m[2m:[0m pooling idle connection for ("http", 192.168.0.14:8545)
[2m2025-12-10T12:17:31.330956Z[0m [34mDEBUG[0m [2methereum_transaction_pool_monitor::eth_client[0m[2m:[0m 📡 Transaction fetch RPC completed in 11.48075ms
[2m2025-12-10T12:17:31.517911Z[0m [34mDEBUG[0m [2methereum_transaction_pool_monitor::eth_client[0m[2m:[0m ✅ Transaction 0xe80b1b206a8b940d1b07cf9a0924127d6e4067dc8a0f64a2b6b16e42763c45e9 fetched and parsed in 198.433167ms
[2m2025-12-10T12:17:31.517950Z[0m [34mDEBUG[0m [2methereum_transaction_pool_monitor::mempool_monitor[0m[2m:[0m 🔍 Skipping tx 0xe80b1b206a8b940d1b07cf9a0924127d6e4067dc8a0f64a2b6b16e42763c45e9 - not a DEX interaction (target: 0x0b8CE61ca026587107d13B1D947CC3C23529C55d)
[2m2025-12-10T12:17:31.518015Z[0m [34mDEBUG[0m [2methereum_transaction_pool_monitor::mempool_monitor[0m[2m:[0m 📨 Processing new pending transaction: 0xd7e19e89045ff7c8245648d294149af3719a1eb1422c0a7e64497d3b64d5e1c7
[2m2025-12-10T12:17:31.518026Z[0m [34mDEBUG[0m [2methereum_transaction_pool_monitor::mempool_monitor[0m[2m:[0m 🔍 Fetching transaction details for: 0xd7e19e89045ff7c8245648d294149af3719a1eb1422c0a7e64497d3b64d5e1c7
[2m2025-12-10T12:17:31.518035Z[0m [34mDEBUG[0m [2methereum_transaction_pool_monitor::eth_client[0m[2m:[0m 🔍 Fetching transaction details for hash: 0xd7e19e89045ff7c8245648d294149af3719a1eb1422c0a7e64497d3b64d5e1c7
[2m2025-12-10T12:17:31.518105Z[0m [34mDEBUG[0m [2mhyper::client::pool[0m[2m:[0m reuse idle connection for ("http", 192.168.0.14:8545)
[2m2025-12-10T12:17:31.518165Z[0m [34mDEBUG[0m [2mhyper::proto::h1::io[0m[2m:[0m flushed 250 bytes
[2m2025-12-10T12:17:31.518214Z[0m [34mDEBUG[0m [2mhyper::client::pool[0m[2m:[0m reuse idle connection for ("http", 192.168.0.14:8545)
[2m2025-12-10T12:17:31.518219Z[0m [34mDEBUG[0m [2methereum_transaction_pool_monitor::eth_client[0m[2m:[0m 📨 Received WebSocket message: {"jsonrpc":"2.0","method":"eth_subscription","params":{"subscription":"0xb60af543a4ead1cf1df939ac89b7e704","result":"0xc3c95ec5e9b1674ae5ffb80b96f9e6d7aa511646a112f752a929c4c93a17600c"}}
[2m2025-12-10T12:17:31.518239Z[0m [34mDEBUG[0m [2mhyper::proto::h1::io[0m[2m:[0m flushed 172 bytes
[2m2025-12-10T12:17:31.518245Z[0m [34mDEBUG[0m [2methereum_transaction_pool_monitor::eth_client[0m[2m:[0m 📨 Received pending transaction: 0xc3c95ec5e9b1674ae5ffb80b96f9e6d7aa511646a112f752a929c4c93a17600c
[2m2025-12-10T12:17:31.518261Z[0m [34mDEBUG[0m [2methereum_transaction_pool_monitor::eth_client[0m[2m:[0m 📨 Received WebSocket message: {"jsonrpc":"2.0","method":"eth_subscription","params":{"subscription":"0xb60af543a4ead1cf1df939ac89b7e704","result":"0x5b2ed74df4d3a2179530d84c87a4018d045ce4aa57da3f756003d3a6b6d955c9"}}
[2m2025-12-10T12:17:31.518277Z[0m [34mDEBUG[0m [2methereum_transaction_pool_monitor::eth_client[0m[2m:[0m 📨 Received pending transaction: 0x5b2ed74df4d3a2179530d84c87a4018d045ce4aa57da3f756003d3a6b6d955c9
[2m2025-12-10T12:17:31.518289Z[0m [34mDEBUG[0m [2methereum_transaction_pool_monitor::eth_client[0m[2m:[0m 📨 Received WebSocket message: {"jsonrpc":"2.0","method":"eth_subscription","params":{"subscription":"0xb60af543a4ead1cf1df939ac89b7e704","result":"0x0bed2148b54dd6b3feb47dfc45fc1baf113ad826016e139f2877e22d1df13466"}}
[2m2025-12-10T12:17:31.518305Z[0m [34mDEBUG[0m [2methereum_transaction_pool_monitor::eth_client[0m[2m:[0m 📨 Received pending transaction: 0x0bed2148b54dd6b3feb47dfc45fc1baf113ad826016e139f2877e22d1df13466
[2m2025-12-10T12:17:31.518315Z[0m [34mDEBUG[0m [2methereum_transaction_pool_monitor::eth_client[0m[2m:[0m 📨 Received WebSocket message: {"jsonrpc":"2.0","method":"eth_subscription","params":{"subscription":"0xb60af543a4ead1cf1df939ac89b7e704","result":"0x7a0505ed81d9ff7f119f50a712e1e76723bc6641f1ed111fd836dc95ec759bc2"}}
[2m2025-12-10T12:17:31.518331Z[0m [34mDEBUG[0m [2methereum_transaction_pool_monitor::eth_client[0m[2m:[0m 📨 Received pending transaction: 0x7a0505ed81d9ff7f119f50a712e1e76723bc6641f1ed111fd836dc95ec759bc2
[2m2025-12-10T12:17:31.518342Z[0m [34mDEBUG[0m [2methereum_transaction_pool_monitor::eth_client[0m[2m:[0m 📨 Received WebSocket message: {"jsonrpc":"2.0","method":"eth_subscription","params":{"subscription":"0xb60af543a4ead1cf1df939ac89b7e704","result":"0x018f187d1b16b4c295d7f0160b4bded7d418cbd1071401bfe7188a8f2d856129"}}
[2m2025-12-10T12:17:31.518357Z[0m [34mDEBUG[0m [2methereum_transaction_pool_monitor::eth_client[0m[2m:[0m 📨 Received pending transaction: 0x018f187d1b16b4c295d7f0160b4bded7d418cbd1071401bfe7188a8f2d856129
[2m2025-12-10T12:17:31.518368Z[0m [34mDEBUG[0m [2methereum_transaction_pool_monitor::eth_client[0m[2m:[0m 📨 Received WebSocket message: {"jsonrpc":"2.0","method":"eth_subscription","params":{"subscription":"0xb60af543a4ead1cf1df939ac89b7e704","result":"0x158ffb092f53f4bd7557eb6afa0593b841894a55f03b75a28f11dfbffe76734f"}}
[2m2025-12-10T12:17:31.518383Z[0m [34mDEBUG[0m [2methereum_transaction_pool_monitor::eth_client[0m[2m:[0m 📨 Received pending transaction: 0x158ffb092f53f4bd7557eb6afa0593b841894a55f03b75a28f11dfbffe76734f
[2m2025-12-10T12:17:31.518393Z[0m [34mDEBUG[0m [2methereum_transaction_pool_monitor::eth_client[0m[2m:[0m 📨 Received WebSocket message: {"jsonrpc":"2.0","method":"eth_subscription","params":{"subscription":"0xb60af543a4ead1cf1df939ac89b7e704","result":"0xe8f6349fc9085898fd706f3a2ced5fd72e1f0e24252eb6cc21c5c231fb5071ad"}}
[2m2025-12-10T12:17:31.518410Z[0m [34mDEBUG[0m [2methereum_transaction_pool_monitor::eth_client[0m[2m:[0m 📨 Received pending transaction: 0xe8f6349fc9085898fd706f3a2ced5fd72e1f0e24252eb6cc21c5c231fb5071ad
[2m2025-12-10T12:17:31.524235Z[0m [34mDEBUG[0m [2mhyper::proto::h1::io[0m[2m:[0m parsed 4 headers
[2m2025-12-10T12:17:31.524245Z[0m [34mDEBUG[0m [2mhyper::proto::h1::conn[0m[2m:[0m incoming body is content-length (45 bytes)
[2m2025-12-10T12:17:31.524260Z[0m [34mDEBUG[0m [2mhyper::proto::h1::conn[0m[2m:[0m incoming body completed
[2m2025-12-10T12:17:31.524283Z[0m [34mDEBUG[0m [2mhyper::client::pool[0m[2m:[0m pooling idle connection for ("http", 192.168.0.14:8545)
[2m2025-12-10T12:17:31.524337Z[0m [34mDEBUG[0m [2mhyper::client::pool[0m[2m:[0m reuse idle connection for ("http", 192.168.0.14:8545)
[2m2025-12-10T12:17:31.524368Z[0m [34mDEBUG[0m [2mhyper::proto::h1::io[0m[2m:[0m flushed 172 bytes
[2m2025-12-10T12:17:31.525464Z[0m [34mDEBUG[0m [2mhyper::proto::h1::io[0m[2m:[0m parsed 4 headers
[2m2025-12-10T12:17:31.525471Z[0m [34mDEBUG[0m [2mhyper::proto::h1::conn[0m[2m:[0m incoming body is content-length (762 bytes)
[2m2025-12-10T12:17:31.525482Z[0m [34mDEBUG[0m [2mhyper::proto::h1::conn[0m[2m:[0m incoming body completed
[2m2025-12-10T12:17:31.525498Z[0m [34mDEBUG[0m [2mhyper::client::pool[0m[2m:[0m pooling idle connection for ("http", 192.168.0.14:8545)
[2m2025-12-10T12:17:31.525509Z[0m [34mDEBUG[0m [2methereum_transaction_pool_monitor::eth_client[0m[2m:[0m 📡 Transaction fetch RPC completed in 7.464875ms
[2m2025-12-10T12:17:31.525545Z[0m [34mDEBUG[0m [2methereum_transaction_pool_monitor::eth_client[0m[2m:[0m DeFi transaction detected - Address: 0xdac17f958d2ee523a2206206994597c13d831ec7, Type: Stablecoin, Value: 0 ETH, Gas: 0.20 Gwei
[2m2025-12-10T12:17:31.525587Z[0m [34mDEBUG[0m [2methereum_transaction_pool_monitor::eth_client[0m[2m:[0m ✅ Transaction 0xd7e19e89045ff7c8245648d294149af3719a1eb1422c0a7e64497d3b64d5e1c7 fetched and parsed in 7.543333ms
[2m2025-12-10T12:17:31.525603Z[0m [34mDEBUG[0m [2methereum_transaction_pool_monitor::mempool_monitor[0m[2m:[0m 🔍 Skipping tx 0xd7e19e89045ff7c8245648d294149af3719a1eb1422c0a7e64497d3b64d5e1c7 - not a DEX interaction (target: 0xdAC17F958D2ee523a2206206994597C13D831ec7)
[2m2025-12-10T12:17:31.525648Z[0m [34mDEBUG[0m [2methereum_transaction_pool_monitor::mempool_monitor[0m[2m:[0m 📨 Processing new pending transaction: 0x1a22d1ee69945d10605b0c2732b6de37f8f481525c802c211fb0001f157dd8f3
[2m2025-12-10T12:17:31.525657Z[0m [34mDEBUG[0m [2methereum_transaction_pool_monitor::mempool_monitor[0m[2m:[0m 🔍 Fetching transaction details for: 0x1a22d1ee69945d10605b0c2732b6de37f8f481525c802c211fb0001f157dd8f3
[2m2025-12-10T12:17:31.525665Z[0m [34mDEBUG[0m [2methereum_transaction_pool_monitor::eth_client[0m[2m:[0m 🔍 Fetching transaction details for hash: 0x1a22d1ee69945d10605b0c2732b6de37f8f481525c802c211fb0001f157dd8f3
[2m2025-12-10T12:17:31.525692Z[0m [34mDEBUG[0m [2mhyper::client::pool[0m[2m:[0m reuse idle connection for ("http", 192.168.0.14:8545)
[2m2025-12-10T12:17:31.525717Z[0m [34mDEBUG[0m [2mhyper::proto::h1::io[0m[2m:[0m flushed 250 bytes
[2m2025-12-10T12:17:31.529151Z[0m [34mDEBUG[0m [2mhyper::proto::h1::io[0m[2m:[0m parsed 4 headers
[2m2025-12-10T12:17:31.529158Z[0m [34mDEBUG[0m [2mhyper::proto::h1::conn[0m[2m:[0m incoming body is content-length (45 bytes)
[2m2025-12-10T12:17:31.529167Z[0m [34mDEBUG[0m [2mhyper::proto::h1::conn[0m[2m:[0m incoming body completed
[2m2025-12-10T12:17:31.529180Z[0m [34mDEBUG[0m [2mhyper::client::pool[0m[2m:[0m pooling idle connection for ("http", 192.168.0.14:8545)
[2m2025-12-10T12:17:31.532571Z[0m [34mDEBUG[0m [2mhyper::proto::h1::io[0m[2m:[0m parsed 4 headers
[2m2025-12-10T12:17:31.532578Z[0m [34mDEBUG[0m [2mhyper::proto::h1::conn[0m[2m:[0m incoming body is content-length (765 bytes)
[2m2025-12-10T12:17:31.532587Z[0m [34mDEBUG[0m [2mhyper::proto::h1::conn[0m[2m:[0m incoming body completed
[2m2025-12-10T12:17:31.532599Z[0m [34mDEBUG[0m [2mhyper::client::pool[0m[2m:[0m pooling idle connection for ("http", 192.168.0.14:8545)
[2m2025-12-10T12:17:31.532608Z[0m [34mDEBUG[0m [2methereum_transaction_pool_monitor::eth_client[0m[2m:[0m 📡 Transaction fetch RPC completed in 6.934708ms
[2m2025-12-10T12:17:31.721976Z[0m [34mDEBUG[0m [2methereum_transaction_pool_monitor::eth_client[0m[2m:[0m ✅ Transaction 0x1a22d1ee69945d10605b0c2732b6de37f8f481525c802c211fb0001f157dd8f3 fetched and parsed in 196.300125ms
[2m2025-12-10T12:17:31.722015Z[0m [34mDEBUG[0m [2methereum_transaction_pool_monitor::mempool_monitor[0m[2m:[0m 🔍 Skipping tx 0x1a22d1ee69945d10605b0c2732b6de37f8f481525c802c211fb0001f157dd8f3 - not a DEX interaction (target: 0xA0b86991c6218b36c1d19D4a2e9Eb0cE3606eB48)
[2m2025-12-10T12:17:31.722077Z[0m [34mDEBUG[0m [2methereum_transaction_pool_monitor::mempool_monitor[0m[2m:[0m 📨 Processing new pending transaction: 0x03abac56edb7cff30f04fab02702338b5bad525314f73e7514b9ae2ffc47b6e3
[2m2025-12-10T12:17:31.722087Z[0m [34mDEBUG[0m [2methereum_transaction_pool_monitor::mempool_monitor[0m[2m:[0m 🔍 Fetching transaction details for: 0x03abac56edb7cff30f04fab02702338b5bad525314f73e7514b9ae2ffc47b6e3
[2m2025-12-10T12:17:31.722096Z[0m [34mDEBUG[0m [2methereum_transaction_pool_monitor::eth_client[0m[2m:[0m 🔍 Fetching transaction details for hash: 0x03abac56edb7cff30f04fab02702338b5bad525314f73e7514b9ae2ffc47b6e3
[2m2025-12-10T12:17:31.722164Z[0m [34mDEBUG[0m [2mhyper::client::pool[0m[2m:[0m reuse idle connection for ("http", 192.168.0.14:8545)
[2m2025-12-10T12:17:31.722225Z[0m [34mDEBUG[0m [2mhyper::proto::h1::io[0m[2m:[0m flushed 250 bytes
[2m2025-12-10T12:17:31.722274Z[0m [34mDEBUG[0m [2mhyper::client::pool[0m[2m:[0m reuse idle connection for ("http", 192.168.0.14:8545)
[2m2025-12-10T12:17:31.722277Z[0m [34mDEBUG[0m [2methereum_transaction_pool_monitor::eth_client[0m[2m:[0m 📨 Received WebSocket message: {"jsonrpc":"2.0","method":"eth_subscription","params":{"subscription":"0xb60af543a4ead1cf1df939ac89b7e704","result":"0x836c1a9e030cd674f23b0e76b8ab96e2015e086e108f92da49860c56a758071e"}}
[2m2025-12-10T12:17:31.722298Z[0m [34mDEBUG[0m [2mhyper::proto::h1::io[0m[2m:[0m flushed 172 bytes
[2m2025-12-10T12:17:31.722304Z[0m [34mDEBUG[0m [2methereum_transaction_pool_monitor::eth_client[0m[2m:[0m 📨 Received pending transaction: 0x836c1a9e030cd674f23b0e76b8ab96e2015e086e108f92da49860c56a758071e
[2m2025-12-10T12:17:31.730775Z[0m [34mDEBUG[0m [2mhyper::proto::h1::io[0m[2m:[0m parsed 4 headers
[2m2025-12-10T12:17:31.730792Z[0m [34mDEBUG[0m [2mhyper::proto::h1::conn[0m[2m:[0m incoming body is content-length (45 bytes)
[2m2025-12-10T12:17:31.730809Z[0m [34mDEBUG[0m [2mhyper::proto::h1::conn[0m[2m:[0m incoming body completed
[2m2025-12-10T12:17:31.730839Z[0m [34mDEBUG[0m [2mhyper::client::pool[0m[2m:[0m pooling idle connection for ("http", 192.168.0.14:8545)
[2m2025-12-10T12:17:31.730909Z[0m [34mDEBUG[0m [2mhyper::client::pool[0m[2m:[0m reuse idle connection for ("http", 192.168.0.14:8545)
[2m2025-12-10T12:17:31.730954Z[0m [34mDEBUG[0m [2mhyper::proto::h1::io[0m[2m:[0m flushed 172 bytes
[2m2025-12-10T12:17:31.731291Z[0m [34mDEBUG[0m [2mhyper::proto::h1::io[0m[2m:[0m parsed 4 headers
[2m2025-12-10T12:17:31.731299Z[0m [34mDEBUG[0m [2mhyper::proto::h1::conn[0m[2m:[0m incoming body is content-length (33534 bytes)
[2m2025-12-10T12:17:31.731319Z[0m [34mDEBUG[0m [2methereum_transaction_pool_monitor::eth_client[0m[2m:[0m 📡 Transaction fetch RPC completed in 9.213958ms
[2m2025-12-10T12:17:31.734758Z[0m [34mDEBUG[0m [2mhyper::proto::h1::conn[0m[2m:[0m incoming body completed
[2m2025-12-10T12:17:31.734774Z[0m [34mDEBUG[0m [2mhyper::client::pool[0m[2m:[0m pooling idle connection for ("http", 192.168.0.14:8545)
[2m2025-12-10T12:17:31.736072Z[0m [34mDEBUG[0m [2mhyper::proto::h1::io[0m[2m:[0m parsed 4 headers
[2m2025-12-10T12:17:31.736083Z[0m [34mDEBUG[0m [2mhyper::proto::h1::conn[0m[2m:[0m incoming body is content-length (45 bytes)
[2m2025-12-10T12:17:31.736094Z[0m [34mDEBUG[0m [2mhyper::proto::h1::conn[0m[2m:[0m incoming body completed
[2m2025-12-10T12:17:31.736110Z[0m [34mDEBUG[0m [2mhyper::client::pool[0m[2m:[0m pooling idle connection for ("http", 192.168.0.14:8545)
[2m2025-12-10T12:17:31.748093Z[0m [34mDEBUG[0m [2mhyper::client::pool[0m[2m:[0m reuse idle connection for ("http", 192.168.0.14:8545)
[2m2025-12-10T12:17:31.748151Z[0m [34mDEBUG[0m [2mhyper::proto::h1::io[0m[2m:[0m flushed 172 bytes
[2m2025-12-10T12:17:31.754260Z[0m [34mDEBUG[0m [2mhyper::proto::h1::io[0m[2m:[0m parsed 4 headers
[2m2025-12-10T12:17:31.754275Z[0m [34mDEBUG[0m [2mhyper::proto::h1::conn[0m[2m:[0m incoming body is content-length (45 bytes)
[2m2025-12-10T12:17:31.754292Z[0m [34mDEBUG[0m [2mhyper::proto::h1::conn[0m[2m:[0m incoming body completed
[2m2025-12-10T12:17:31.754319Z[0m [34mDEBUG[0m [2mhyper::client::pool[0m[2m:[0m pooling idle connection for ("http", 192.168.0.14:8545)
[2m2025-12-10T12:17:31.848480Z[0m [34mDEBUG[0m [2mhyper::client::pool[0m[2m:[0m reuse idle connection for ("http", 192.168.0.14:8545)
[2m2025-12-10T12:17:31.848584Z[0m [34mDEBUG[0m [2mhyper::proto::h1::io[0m[2m:[0m flushed 172 bytes
[2m2025-12-10T12:17:31.853786Z[0m [34mDEBUG[0m [2mhyper::proto::h1::io[0m[2m:[0m parsed 4 headers
[2m2025-12-10T12:17:31.853804Z[0m [34mDEBUG[0m [2mhyper::proto::h1::conn[0m[2m:[0m incoming body is content-length (45 bytes)
[2m2025-12-10T12:17:31.853822Z[0m [34mDEBUG[0m [2mhyper::proto::h1::conn[0m[2m:[0m incoming body completed
[2m2025-12-10T12:17:31.853852Z[0m [34mDEBUG[0m [2mhyper::client::pool[0m[2m:[0m pooling idle connection for ("http", 192.168.0.14:8545)
[2m2025-12-10T12:17:31.922935Z[0m [34mDEBUG[0m [2methereum_transaction_pool_monitor::eth_client[0m[2m:[0m ✅ Transaction 0x03abac56edb7cff30f04fab02702338b5bad525314f73e7514b9ae2ffc47b6e3 fetched and parsed in 200.824917ms
[2m2025-12-10T12:17:31.922980Z[0m [34mDEBUG[0m [2methereum_transaction_pool_monitor::mempool_monitor[0m[2m:[0m 🔍 Skipping tx 0x03abac56edb7cff30f04fab02702338b5bad525314f73e7514b9ae2ffc47b6e3 - not a DEX interaction (target: 0x603bb2c05D474794ea97805e8De69bCcFb3bCA12)
[2m2025-12-10T12:17:31.923047Z[0m [34mDEBUG[0m [2methereum_transaction_pool_monitor::mempool_monitor[0m[2m:[0m 📨 Processing new pending transaction: 0x32c5aaf369a6409d2cf7a32cba1b664527828416823961971c3fa7f623ae8edf
[2m2025-12-10T12:17:31.923058Z[0m [34mDEBUG[0m [2methereum_transaction_pool_monitor::mempool_monitor[0m[2m:[0m 🔍 Fetching transaction details for: 0x32c5aaf369a6409d2cf7a32cba1b664527828416823961971c3fa7f623ae8edf
[2m2025-12-10T12:17:31.923067Z[0m [34mDEBUG[0m [2methereum_transaction_pool_monitor::eth_client[0m[2m:[0m 🔍 Fetching transaction details for hash: 0x32c5aaf369a6409d2cf7a32cba1b664527828416823961971c3fa7f623ae8edf
[2m2025-12-10T12:17:31.923145Z[0m [34mDEBUG[0m [2mhyper::client::pool[0m[2m:[0m reuse idle connection for ("http", 192.168.0.14:8545)
[2m2025-12-10T12:17:31.923222Z[0m [34mDEBUG[0m [2mhyper::proto::h1::io[0m[2m:[0m flushed 250 bytes
[2m2025-12-10T12:17:31.928931Z[0m [34mDEBUG[0m [2mhyper::proto::h1::io[0m[2m:[0m parsed 4 headers
[2m2025-12-10T12:17:31.928940Z[0m [34mDEBUG[0m [2mhyper::proto::h1::conn[0m[2m:[0m incoming body is content-length (644 bytes)
[2m2025-12-10T12:17:31.928957Z[0m [34mDEBUG[0m [2mhyper::proto::h1::conn[0m[2m:[0m incoming body completed
[2m2025-12-10T12:17:31.928983Z[0m [34mDEBUG[0m [2mhyper::client::pool[0m[2m:[0m pooling idle connection for ("http", 192.168.0.14:8545)
[2m2025-12-10T12:17:31.928997Z[0m [34mDEBUG[0m [2methereum_transaction_pool_monitor::eth_client[0m[2m:[0m 📡 Transaction fetch RPC completed in 5.921709ms
[2m2025-12-10T12:17:32.121117Z[0m [34mDEBUG[0m [2methereum_transaction_pool_monitor::eth_client[0m[2m:[0m ✅ Transaction 0x32c5aaf369a6409d2cf7a32cba1b664527828416823961971c3fa7f623ae8edf fetched and parsed in 198.039167ms
[2m2025-12-10T12:17:32.121160Z[0m [34mDEBUG[0m [2methereum_transaction_pool_monitor::mempool_monitor[0m[2m:[0m 🔍 Skipping tx 0x32c5aaf369a6409d2cf7a32cba1b664527828416823961971c3fa7f623ae8edf - not a DEX interaction (target: 0xD8c60541a7dA549E13b24eeE682c844f02dCB7DA)
[2m2025-12-10T12:17:32.121225Z[0m [34mDEBUG[0m [2methereum_transaction_pool_monitor::mempool_monitor[0m[2m:[0m 📨 Processing new pending transaction: 0x7f2cdeb06a8f360b7176eec6c790d3fd0a231f70dff1b6a433f8c535e51a6ad0
[2m2025-12-10T12:17:32.121235Z[0m [34mDEBUG[0m [2methereum_transaction_pool_monitor::mempool_monitor[0m[2m:[0m 🔍 Fetching transaction details for: 0x7f2cdeb06a8f360b7176eec6c790d3fd0a231f70dff1b6a433f8c535e51a6ad0
[2m2025-12-10T12:17:32.121245Z[0m [34mDEBUG[0m [2methereum_transaction_pool_monitor::eth_client[0m[2m:[0m 🔍 Fetching transaction details for hash: 0x7f2cdeb06a8f360b7176eec6c790d3fd0a231f70dff1b6a433f8c535e51a6ad0
[2m2025-12-10T12:17:32.121320Z[0m [34mDEBUG[0m [2mhyper::client::pool[0m[2m:[0m reuse idle connection for ("http", 192.168.0.14:8545)
[2m2025-12-10T12:17:32.121395Z[0m [34mDEBUG[0m [2mhyper::proto::h1::io[0m[2m:[0m flushed 250 bytes
[2m2025-12-10T12:17:32.121447Z[0m [34mDEBUG[0m [2mhyper::client::pool[0m[2m:[0m reuse idle connection for ("http", 192.168.0.14:8545)
[2m2025-12-10T12:17:32.121450Z[0m [34mDEBUG[0m [2methereum_transaction_pool_monitor::eth_client[0m[2m:[0m 📨 Received WebSocket message: {"jsonrpc":"2.0","method":"eth_subscription","params":{"subscription":"0xb60af543a4ead1cf1df939ac89b7e704","result":"0x52a29d68a8e79aa7e2a126681259aac46c09cd570b7ddb39fe47e1a3370c5c47"}}
[2m2025-12-10T12:17:32.121474Z[0m [34mDEBUG[0m [2mhyper::proto::h1::io[0m[2m:[0m flushed 172 bytes
[2m2025-12-10T12:17:32.121475Z[0m [34mDEBUG[0m [2methereum_transaction_pool_monitor::eth_client[0m[2m:[0m 📨 Received pending transaction: 0x52a29d68a8e79aa7e2a126681259aac46c09cd570b7ddb39fe47e1a3370c5c47
[2m2025-12-10T12:17:32.135009Z[0m [34mDEBUG[0m [2methereum_transaction_pool_monitor::eth_client[0m[2m:[0m 📨 Received WebSocket message: {"jsonrpc":"2.0","method":"eth_subscription","params":{"subscription":"0xb60af543a4ead1cf1df939ac89b7e704","result":"0x24ce83ec25112d7d44f79422536d5583abbaf58abcc02351ccb1bc4183f75d96"}}
[2m2025-12-10T12:17:32.135030Z[0m [34mDEBUG[0m [2methereum_transaction_pool_monitor::eth_client[0m[2m:[0m 📨 Received pending transaction: 0x24ce83ec25112d7d44f79422536d5583abbaf58abcc02351ccb1bc4183f75d96
[2m2025-12-10T12:17:32.135826Z[0m [34mDEBUG[0m [2mhyper::proto::h1::io[0m[2m:[0m parsed 4 headers
[2m2025-12-10T12:17:32.135833Z[0m [34mDEBUG[0m [2mhyper::proto::h1::conn[0m[2m:[0m incoming body is content-length (45 bytes)
[2m2025-12-10T12:17:32.135847Z[0m [34mDEBUG[0m [2mhyper::proto::h1::conn[0m[2m:[0m incoming body completed
[2m2025-12-10T12:17:32.135872Z[0m [34mDEBUG[0m [2mhyper::client::pool[0m[2m:[0m pooling idle connection for ("http", 192.168.0.14:8545)
[2m2025-12-10T12:17:32.135927Z[0m [34mDEBUG[0m [2mhyper::client::pool[0m[2m:[0m reuse idle connection for ("http", 192.168.0.14:8545)
[2m2025-12-10T12:17:32.135960Z[0m [34mDEBUG[0m [2mhyper::proto::h1::io[0m[2m:[0m flushed 172 bytes
[2m2025-12-10T12:17:32.136801Z[0m [34mDEBUG[0m [2mhyper::proto::h1::io[0m[2m:[0m parsed 4 headers
[2m2025-12-10T12:17:32.136809Z[0m [34mDEBUG[0m [2mhyper::proto::h1::conn[0m[2m:[0m incoming body is content-length (762 bytes)
[2m2025-12-10T12:17:32.136820Z[0m [34mDEBUG[0m [2mhyper::proto::h1::conn[0m[2m:[0m incoming body completed
[2m2025-12-10T12:17:32.136836Z[0m [34mDEBUG[0m [2mhyper::client::pool[0m[2m:[0m pooling idle connection for ("http", 192.168.0.14:8545)
[2m2025-12-10T12:17:32.136848Z[0m [34mDEBUG[0m [2methereum_transaction_pool_monitor::eth_client[0m[2m:[0m 📡 Transaction fetch RPC completed in 15.594208ms
[2m2025-12-10T12:17:32.136885Z[0m [34mDEBUG[0m [2methereum_transaction_pool_monitor::eth_client[0m[2m:[0m DeFi transaction detected - Address: 0xdac17f958d2ee523a2206206994597c13d831ec7, Type: Stablecoin, Value: 0 ETH, Gas: 0.20 Gwei
[2m2025-12-10T12:17:32.136929Z[0m [34mDEBUG[0m [2methereum_transaction_pool_monitor::eth_client[0m[2m:[0m ✅ Transaction 0x7f2cdeb06a8f360b7176eec6c790d3fd0a231f70dff1b6a433f8c535e51a6ad0 fetched and parsed in 15.675958ms
[2m2025-12-10T12:17:32.136946Z[0m [34mDEBUG[0m [2methereum_transaction_pool_monitor::mempool_monitor[0m[2m:[0m 🔍 Skipping tx 0x7f2cdeb06a8f360b7176eec6c790d3fd0a231f70dff1b6a433f8c535e51a6ad0 - not a DEX interaction (target: 0xdAC17F958D2ee523a2206206994597C13D831ec7)
[2m2025-12-10T12:17:32.136995Z[0m [34mDEBUG[0m [2methereum_transaction_pool_monitor::mempool_monitor[0m[2m:[0m 📨 Processing new pending transaction: 0xb7d267ff9418a18faa7c269871f3beb611271a7d10bb593d14f855de32d95822
[2m2025-12-10T12:17:32.137004Z[0m [34mDEBUG[0m [2methereum_transaction_pool_monitor::mempool_monitor[0m[2m:[0m 🔍 Fetching transaction details for: 0xb7d267ff9418a18faa7c269871f3beb611271a7d10bb593d14f855de32d95822
[2m2025-12-10T12:17:32.137012Z[0m [34mDEBUG[0m [2methereum_transaction_pool_monitor::eth_client[0m[2m:[0m 🔍 Fetching transaction details for hash: 0xb7d267ff9418a18faa7c269871f3beb611271a7d10bb593d14f855de32d95822
[2m2025-12-10T12:17:32.137049Z[0m [34mDEBUG[0m [2mhyper::client::pool[0m[2m:[0m reuse idle connection for ("http", 192.168.0.14:8545)
[2m2025-12-10T12:17:32.137082Z[0m [34mDEBUG[0m [2mhyper::proto::h1::io[0m[2m:[0m flushed 250 bytes
[2m2025-12-10T12:17:32.142864Z[0m [34mDEBUG[0m [2mhyper::proto::h1::io[0m[2m:[0m parsed 4 headers
[2m2025-12-10T12:17:32.142875Z[0m [34mDEBUG[0m [2mhyper::proto::h1::conn[0m[2m:[0m incoming body is content-length (45 bytes)
[2m2025-12-10T12:17:32.142887Z[0m [34mDEBUG[0m [2mhyper::proto::h1::conn[0m[2m:[0m incoming body completed
[2m2025-12-10T12:17:32.142905Z[0m [34mDEBUG[0m [2mhyper::client::pool[0m[2m:[0m pooling idle connection for ("http", 192.168.0.14:8545)
[2m2025-12-10T12:17:32.145191Z[0m [34mDEBUG[0m [2mhyper::proto::h1::io[0m[2m:[0m parsed 4 headers
[2m2025-12-10T12:17:32.145198Z[0m [34mDEBUG[0m [2mhyper::proto::h1::conn[0m[2m:[0m incoming body is content-length (828 bytes)
[2m2025-12-10T12:17:32.145207Z[0m [34mDEBUG[0m [2mhyper::proto::h1::conn[0m[2m:[0m incoming body completed
[2m2025-12-10T12:17:32.145220Z[0m [34mDEBUG[0m [2mhyper::client::pool[0m[2m:[0m pooling idle connection for ("http", 192.168.0.14:8545)
[2m2025-12-10T12:17:32.145231Z[0m [34mDEBUG[0m [2methereum_transaction_pool_monitor::eth_client[0m[2m:[0m 📡 Transaction fetch RPC completed in 8.209666ms
[2m2025-12-10T12:17:32.338518Z[0m [34mDEBUG[0m [2methereum_transaction_pool_monitor::eth_client[0m[2m:[0m ✅ Transaction 0xb7d267ff9418a18faa7c269871f3beb611271a7d10bb593d14f855de32d95822 fetched and parsed in 201.494041ms
[2m2025-12-10T12:17:32.338559Z[0m [34mDEBUG[0m [2methereum_transaction_pool_monitor::mempool_monitor[0m[2m:[0m 🔍 Skipping tx 0xb7d267ff9418a18faa7c269871f3beb611271a7d10bb593d14f855de32d95822 - not a DEX interaction (target: 0xDDaef92FA7888eb8A8a684F72F5e8e9Ee6045490)
[2m2025-12-10T12:17:32.338624Z[0m [34mDEBUG[0m [2methereum_transaction_pool_monitor::mempool_monitor[0m[2m:[0m 📨 Processing new pending transaction: 0x919b6135d33f25f675c659932eddb1d88bd373b5ea3c323c0cc9dfa24c8b6014
[2m2025-12-10T12:17:32.338634Z[0m [34mDEBUG[0m [2methereum_transaction_pool_monitor::mempool_monitor[0m[2m:[0m 🔍 Fetching transaction details for: 0x919b6135d33f25f675c659932eddb1d88bd373b5ea3c323c0cc9dfa24c8b6014
[2m2025-12-10T12:17:32.338643Z[0m [34mDEBUG[0m [2methereum_transaction_pool_monitor::eth_client[0m[2m:[0m 🔍 Fetching transaction details for hash: 0x919b6135d33f25f675c659932eddb1d88bd373b5ea3c323c0cc9dfa24c8b6014
[2m2025-12-10T12:17:32.338722Z[0m [34mDEBUG[0m [2mhyper::client::pool[0m[2m:[0m reuse idle connection for ("http", 192.168.0.14:8545)
[2m2025-12-10T12:17:32.338808Z[0m [34mDEBUG[0m [2mhyper::proto::h1::io[0m[2m:[0m flushed 250 bytes
[2m2025-12-10T12:17:32.338863Z[0m [34mDEBUG[0m [2mhyper::client::pool[0m[2m:[0m reuse idle connection for ("http", 192.168.0.14:8545)
[2m2025-12-10T12:17:32.338862Z[0m [34mDEBUG[0m [2methereum_transaction_pool_monitor::eth_client[0m[2m:[0m 📨 Received WebSocket message: {"jsonrpc":"2.0","method":"eth_subscription","params":{"subscription":"0xb60af543a4ead1cf1df939ac89b7e704","result":"0xf14f178241d16e8cb0b70937aa4bdc9bff3a9b1d29d31f3f46290f53d8e40e1e"}}
[2m2025-12-10T12:17:32.338887Z[0m [34mDEBUG[0m [2methereum_transaction_pool_monitor::eth_client[0m[2m:[0m 📨 Received pending transaction: 0xf14f178241d16e8cb0b70937aa4bdc9bff3a9b1d29d31f3f46290f53d8e40e1e
[2m2025-12-10T12:17:32.338893Z[0m [34mDEBUG[0m [2mhyper::proto::h1::io[0m[2m:[0m flushed 172 bytes
[2m2025-12-10T12:17:32.344260Z[0m [34mDEBUG[0m [2mhyper::proto::h1::io[0m[2m:[0m parsed 4 headers
[2m2025-12-10T12:17:32.344270Z[0m [34mDEBUG[0m [2mhyper::proto::h1::conn[0m[2m:[0m incoming body is content-length (45 bytes)
[2m2025-12-10T12:17:32.344286Z[0m [34mDEBUG[0m [2mhyper::proto::h1::conn[0m[2m:[0m incoming body completed
[2m2025-12-10T12:17:32.344310Z[0m [34mDEBUG[0m [2mhyper::client::pool[0m[2m:[0m pooling idle connection for ("http", 192.168.0.14:8545)
[2m2025-12-10T12:17:32.344368Z[0m [34mDEBUG[0m [2mhyper::client::pool[0m[2m:[0m reuse idle connection for ("http", 192.168.0.14:8545)
[2m2025-12-10T12:17:32.344408Z[0m [34mDEBUG[0m [2mhyper::proto::h1::io[0m[2m:[0m flushed 172 bytes
[2m2025-12-10T12:17:32.349630Z[0m [34mDEBUG[0m [2mhyper::proto::h1::io[0m[2m:[0m parsed 4 headers
[2m2025-12-10T12:17:32.349638Z[0m [34mDEBUG[0m [2mhyper::proto::h1::conn[0m[2m:[0m incoming body is content-length (45 bytes)
[2m2025-12-10T12:17:32.349649Z[0m [34mDEBUG[0m [2mhyper::proto::h1::conn[0m[2m:[0m incoming body completed
[2m2025-12-10T12:17:32.349664Z[0m [34mDEBUG[0m [2mhyper::client::pool[0m[2m:[0m pooling idle connection for ("http", 192.168.0.14:8545)
[2m2025-12-10T12:17:32.349706Z[0m [34mDEBUG[0m [2mhyper::client::pool[0m[2m:[0m reuse idle connection for ("http", 192.168.0.14:8545)
[2m2025-12-10T12:17:32.349738Z[0m [34mDEBUG[0m [2mhyper::proto::h1::io[0m[2m:[0m flushed 172 bytes
[2m2025-12-10T12:17:32.350344Z[0m [34mDEBUG[0m [2mhyper::proto::h1::io[0m[2m:[0m parsed 4 headers
[2m2025-12-10T12:17:32.350354Z[0m [34mDEBUG[0m [2mhyper::proto::h1::conn[0m[2m:[0m incoming body is content-length (774 bytes)
[2m2025-12-10T12:17:32.350364Z[0m [34mDEBUG[0m [2mhyper::proto::h1::conn[0m[2m:[0m incoming body completed
[2m2025-12-10T12:17:32.350379Z[0m [34mDEBUG[0m [2mhyper::client::pool[0m[2m:[0m pooling idle connection for ("http", 192.168.0.14:8545)
[2m2025-12-10T12:17:32.350389Z[0m [34mDEBUG[0m [2methereum_transaction_pool_monitor::eth_client[0m[2m:[0m 📡 Transaction fetch RPC completed in 11.736667ms
[2m2025-12-10T12:17:32.539029Z[0m [34mDEBUG[0m [2methereum_transaction_pool_monitor::eth_client[0m[2m:[0m ✅ Transaction 0x919b6135d33f25f675c659932eddb1d88bd373b5ea3c323c0cc9dfa24c8b6014 fetched and parsed in 200.372833ms
[2m2025-12-10T12:17:32.539068Z[0m [34mDEBUG[0m [2methereum_transaction_pool_monitor::mempool_monitor[0m[2m:[0m 🔍 Skipping tx 0x919b6135d33f25f675c659932eddb1d88bd373b5ea3c323c0cc9dfa24c8b6014 - not a DEX interaction (target: 0xA0b86991c6218b36c1d19D4a2e9Eb0cE3606eB48)
[2m2025-12-10T12:17:32.539130Z[0m [34mDEBUG[0m [2methereum_transaction_pool_monitor::mempool_monitor[0m[2m:[0m 📨 Processing new pending transaction: 0x33f5b0a217aa5f4dbadd655ee7a30d600658a599f3284ee9f13b17527713121d
[2m2025-12-10T12:17:32.539140Z[0m [34mDEBUG[0m [2methereum_transaction_pool_monitor::mempool_monitor[0m[2m:[0m 🔍 Fetching transaction details for: 0x33f5b0a217aa5f4dbadd655ee7a30d600658a599f3284ee9f13b17527713121d
[2m2025-12-10T12:17:32.539151Z[0m [34mDEBUG[0m [2methereum_transaction_pool_monitor::eth_client[0m[2m:[0m 🔍 Fetching transaction details for hash: 0x33f5b0a217aa5f4dbadd655ee7a30d600658a599f3284ee9f13b17527713121d
[2m2025-12-10T12:17:32.539226Z[0m [34mDEBUG[0m [2mhyper::client::pool[0m[2m:[0m reuse idle connection for ("http", 192.168.0.14:8545)
[2m2025-12-10T12:17:32.539291Z[0m [34mDEBUG[0m [2mhyper::proto::h1::io[0m[2m:[0m flushed 250 bytes
[2m2025-12-10T12:17:32.539333Z[0m [34mDEBUG[0m [2methereum_transaction_pool_monitor::eth_client[0m[2m:[0m 📨 Received WebSocket message: {"jsonrpc":"2.0","method":"eth_subscription","params":{"subscription":"0xb60af543a4ead1cf1df939ac89b7e704","result":"0x71d8668e7fedeb9eba35ac117ef28069cd2fe7a9f4f844752aa006ae829fb536"}}
[2m2025-12-10T12:17:32.539347Z[0m [34mDEBUG[0m [2mhyper::proto::h1::io[0m[2m:[0m parsed 4 headers
[2m2025-12-10T12:17:32.539355Z[0m [34mDEBUG[0m [2methereum_transaction_pool_monitor::eth_client[0m[2m:[0m 📨 Received pending transaction: 0x71d8668e7fedeb9eba35ac117ef28069cd2fe7a9f4f844752aa006ae829fb536
[2m2025-12-10T12:17:32.539357Z[0m [34mDEBUG[0m [2mhyper::proto::h1::conn[0m[2m:[0m incoming body is content-length (45 bytes)
[2m2025-12-10T12:17:32.539369Z[0m [34mDEBUG[0m [2methereum_transaction_pool_monitor::eth_client[0m[2m:[0m 📨 Received WebSocket message: {"jsonrpc":"2.0","method":"eth_subscription","params":{"subscription":"0xb60af543a4ead1cf1df939ac89b7e704","result":"0x744f114382ded71319f5fe0b0aea90ea4fe098753be31b00298995164b0508ce"}}
[2m2025-12-10T12:17:32.539373Z[0m [34mDEBUG[0m [2mhyper::proto::h1::conn[0m[2m:[0m incoming body completed
[2m2025-12-10T12:17:32.539390Z[0m [34mDEBUG[0m [2methereum_transaction_pool_monitor::eth_client[0m[2m:[0m 📨 Received pending transaction: 0x744f114382ded71319f5fe0b0aea90ea4fe098753be31b00298995164b0508ce
[2m2025-12-10T12:17:32.539399Z[0m [34mDEBUG[0m [2mhyper::client::pool[0m[2m:[0m pooling idle connection for ("http", 192.168.0.14:8545)
[2m2025-12-10T12:17:32.539401Z[0m [34mDEBUG[0m [2methereum_transaction_pool_monitor::eth_client[0m[2m:[0m 📨 Received WebSocket message: {"jsonrpc":"2.0","method":"eth_subscription","params":{"subscription":"0xb60af543a4ead1cf1df939ac89b7e704","result":"0x4723a88e6bd526d1724a13950bcae802d18376772ce66602f57217b67c690799"}}
[2m2025-12-10T12:17:32.539418Z[0m [34mDEBUG[0m [2methereum_transaction_pool_monitor::eth_client[0m[2m:[0m 📨 Received pending transaction: 0x4723a88e6bd526d1724a13950bcae802d18376772ce66602f57217b67c690799
[2m2025-12-10T12:17:32.539437Z[0m [34mDEBUG[0m [2methereum_transaction_pool_monitor::eth_client[0m[2m:[0m 📨 Received WebSocket message: {"jsonrpc":"2.0","method":"eth_subscription","params":{"subscription":"0xb60af543a4ead1cf1df939ac89b7e704","result":"0xb50d369277ef1718b5c3213f185b0b36427b07af7715aaf5f625f167d2b0d13d"}}
[2m2025-12-10T12:17:32.539452Z[0m [34mDEBUG[0m [2methereum_transaction_pool_monitor::eth_client[0m[2m:[0m 📨 Received pending transaction: 0xb50d369277ef1718b5c3213f185b0b36427b07af7715aaf5f625f167d2b0d13d
[2m2025-12-10T12:17:32.539455Z[0m [34mDEBUG[0m [2mhyper::client::pool[0m[2m:[0m reuse idle connection for ("http", 192.168.0.14:8545)
[2m2025-12-10T12:17:32.539463Z[0m [34mDEBUG[0m [2methereum_transaction_pool_monitor::eth_client[0m[2m:[0m 📨 Received WebSocket message: {"jsonrpc":"2.0","method":"eth_subscription","params":{"subscription":"0xb60af543a4ead1cf1df939ac89b7e704","result":"0xe34c4ac70aae4a04b21fe34c107a83713cb3960cecc53c831308918992455b83"}}
[2m2025-12-10T12:17:32.539479Z[0m [34mDEBUG[0m [2methereum_transaction_pool_monitor::eth_client[0m[2m:[0m 📨 Received pending transaction: 0xe34c4ac70aae4a04b21fe34c107a83713cb3960cecc53c831308918992455b83
[2m2025-12-10T12:17:32.539488Z[0m [34mDEBUG[0m [2mhyper::proto::h1::io[0m[2m:[0m flushed 172 bytes
[2m2025-12-10T12:17:32.543445Z[0m [34mDEBUG[0m [2mhyper::proto::h1::io[0m[2m:[0m parsed 4 headers
[2m2025-12-10T12:17:32.543467Z[0m [34mDEBUG[0m [2mhyper::proto::h1::conn[0m[2m:[0m incoming body is content-length (45 bytes)
[2m2025-12-10T12:17:32.543478Z[0m [34mDEBUG[0m [2mhyper::proto::h1::conn[0m[2m:[0m incoming body completed
[2m2025-12-10T12:17:32.543494Z[0m [34mDEBUG[0m [2mhyper::client::pool[0m[2m:[0m pooling idle connection for ("http", 192.168.0.14:8545)
[2m2025-12-10T12:17:32.548077Z[0m [34mDEBUG[0m [2mhyper::client::pool[0m[2m:[0m reuse idle connection for ("http", 192.168.0.14:8545)
[2m2025-12-10T12:17:32.548115Z[0m [34mDEBUG[0m [2mhyper::proto::h1::io[0m[2m:[0m flushed 172 bytes
[2m2025-12-10T12:17:32.550006Z[0m [34mDEBUG[0m [2mhyper::proto::h1::io[0m[2m:[0m parsed 4 headers
[2m2025-12-10T12:17:32.550013Z[0m [34mDEBUG[0m [2mhyper::proto::h1::conn[0m[2m:[0m incoming body is content-length (770 bytes)
[2m2025-12-10T12:17:32.550023Z[0m [34mDEBUG[0m [2mhyper::proto::h1::conn[0m[2m:[0m incoming body completed
[2m2025-12-10T12:17:32.550039Z[0m [34mDEBUG[0m [2mhyper::client::pool[0m[2m:[0m pooling idle connection for ("http", 192.168.0.14:8545)
[2m2025-12-10T12:17:32.550049Z[0m [34mDEBUG[0m [2methereum_transaction_pool_monitor::eth_client[0m[2m:[0m 📡 Transaction fetch RPC completed in 10.888375ms
[2m2025-12-10T12:17:32.741141Z[0m [34mDEBUG[0m [2methereum_transaction_pool_monitor::eth_client[0m[2m:[0m ✅ Transaction 0x33f5b0a217aa5f4dbadd655ee7a30d600658a599f3284ee9f13b17527713121d fetched and parsed in 201.97725ms
[2m2025-12-10T12:17:32.741186Z[0m [34mDEBUG[0m [2methereum_transaction_pool_monitor::mempool_monitor[0m[2m:[0m 🔍 Skipping tx 0x33f5b0a217aa5f4dbadd655ee7a30d600658a599f3284ee9f13b17527713121d - not a DEX interaction (target: 0xA0b86991c6218b36c1d19D4a2e9Eb0cE3606eB48)
[2m2025-12-10T12:17:32.741253Z[0m [34mDEBUG[0m [2methereum_transaction_pool_monitor::mempool_monitor[0m[2m:[0m 📨 Processing new pending transaction: 0x299c337056f910b53c3c4b13463a48ff5380a6045bf286e2346419975be6f341
[2m2025-12-10T12:17:32.741263Z[0m [34mDEBUG[0m [2methereum_transaction_pool_monitor::mempool_monitor[0m[2m:[0m 🔍 Fetching transaction details for: 0x299c337056f910b53c3c4b13463a48ff5380a6045bf286e2346419975be6f341
[2m2025-12-10T12:17:32.741271Z[0m [34mDEBUG[0m [2methereum_transaction_pool_monitor::eth_client[0m[2m:[0m 🔍 Fetching transaction details for hash: 0x299c337056f910b53c3c4b13463a48ff5380a6045bf286e2346419975be6f341
[2m2025-12-10T12:17:32.741345Z[0m [34mDEBUG[0m [2mhyper::client::pool[0m[2m:[0m reuse idle connection for ("http", 192.168.0.14:8545)
[2m2025-12-10T12:17:32.741414Z[0m [34mDEBUG[0m [2mhyper::proto::h1::io[0m[2m:[0m flushed 250 bytes
[2m2025-12-10T12:17:32.741451Z[0m [34mDEBUG[0m [2mhyper::proto::h1::io[0m[2m:[0m parsed 4 headers
[2m2025-12-10T12:17:32.741458Z[0m [34mDEBUG[0m [2mhyper::proto::h1::conn[0m[2m:[0m incoming body is content-length (45 bytes)
[2m2025-12-10T12:17:32.741472Z[0m [34mDEBUG[0m [2mhyper::proto::h1::conn[0m[2m:[0m incoming body completed
[2m2025-12-10T12:17:32.741493Z[0m [34mDEBUG[0m [2mhyper::client::pool[0m[2m:[0m pooling idle connection for ("http", 192.168.0.14:8545)
[2m2025-12-10T12:17:32.741542Z[0m [34mDEBUG[0m [2mhyper::client::pool[0m[2m:[0m reuse idle connection for ("http", 192.168.0.14:8545)
[2m2025-12-10T12:17:32.741576Z[0m [34mDEBUG[0m [2mhyper::proto::h1::io[0m[2m:[0m flushed 172 bytes
[2m2025-12-10T12:17:32.745315Z[0m [34mDEBUG[0m [2mhyper::proto::h1::io[0m[2m:[0m parsed 4 headers
[2m2025-12-10T12:17:32.745328Z[0m [34mDEBUG[0m [2mhyper::proto::h1::conn[0m[2m:[0m incoming body is content-length (45 bytes)
[2m2025-12-10T12:17:32.745341Z[0m [34mDEBUG[0m [2mhyper::proto::h1::conn[0m[2m:[0m incoming body completed
[2m2025-12-10T12:17:32.745360Z[0m [34mDEBUG[0m [2mhyper::client::pool[0m[2m:[0m pooling idle connection for ("http", 192.168.0.14:8545)
[2m2025-12-10T12:17:32.747680Z[0m [34mDEBUG[0m [2mhyper::client::pool[0m[2m:[0m reuse idle connection for ("http", 192.168.0.14:8545)
[2m2025-12-10T12:17:32.747716Z[0m [34mDEBUG[0m [2mhyper::proto::h1::io[0m[2m:[0m flushed 172 bytes
[2m2025-12-10T12:17:32.750745Z[0m [34mDEBUG[0m [2mhyper::proto::h1::io[0m[2m:[0m parsed 4 headers
[2m2025-12-10T12:17:32.750751Z[0m [34mDEBUG[0m [2mhyper::proto::h1::conn[0m[2m:[0m incoming body is content-length (771 bytes)
[2m2025-12-10T12:17:32.750761Z[0m [34mDEBUG[0m [2mhyper::proto::h1::conn[0m[2m:[0m incoming body completed
[2m2025-12-10T12:17:32.750777Z[0m [34mDEBUG[0m [2mhyper::client::pool[0m[2m:[0m pooling idle connection for ("http", 192.168.0.14:8545)
[2m2025-12-10T12:17:32.750787Z[0m [34mDEBUG[0m [2methereum_transaction_pool_monitor::eth_client[0m[2m:[0m 📡 Transaction fetch RPC completed in 9.506417ms
[2m2025-12-10T12:17:32.750824Z[0m [34mDEBUG[0m [2methereum_transaction_pool_monitor::eth_client[0m[2m:[0m DeFi transaction detected - Address: 0xdac17f958d2ee523a2206206994597c13d831ec7, Type: Stablecoin, Value: 0 ETH, Gas: 5.73 Gwei
[2m2025-12-10T12:17:32.750868Z[0m [34mDEBUG[0m [2methereum_transaction_pool_monitor::eth_client[0m[2m:[0m ✅ Transaction 0x299c337056f910b53c3c4b13463a48ff5380a6045bf286e2346419975be6f341 fetched and parsed in 9.586958ms
[2m2025-12-10T12:17:32.750884Z[0m [34mDEBUG[0m [2methereum_transaction_pool_monitor::mempool_monitor[0m[2m:[0m 🔍 Skipping tx 0x299c337056f910b53c3c4b13463a48ff5380a6045bf286e2346419975be6f341 - not a DEX interaction (target: 0xdAC17F958D2ee523a2206206994597C13D831ec7)
[2m2025-12-10T12:17:32.750929Z[0m [34mDEBUG[0m [2methereum_transaction_pool_monitor::mempool_monitor[0m[2m:[0m 📨 Processing new pending transaction: 0xf4fd30a32b12b0b9a94d4c22a5177aa1890f04b29d57bc41bfb7f1b7cca19b53
[2m2025-12-10T12:17:32.750938Z[0m [34mDEBUG[0m [2methereum_transaction_pool_monitor::mempool_monitor[0m[2m:[0m 🔍 Fetching transaction details for: 0xf4fd30a32b12b0b9a94d4c22a5177aa1890f04b29d57bc41bfb7f1b7cca19b53
[2m2025-12-10T12:17:32.750947Z[0m [34mDEBUG[0m [2methereum_transaction_pool_monitor::eth_client[0m[2m:[0m 🔍 Fetching transaction details for hash: 0xf4fd30a32b12b0b9a94d4c22a5177aa1890f04b29d57bc41bfb7f1b7cca19b53
[2m2025-12-10T12:17:32.750977Z[0m [34mDEBUG[0m [2mhyper::client::pool[0m[2m:[0m reuse idle connection for ("http", 192.168.0.14:8545)
[2m2025-12-10T12:17:32.751005Z[0m [34mDEBUG[0m [2mhyper::proto::h1::io[0m[2m:[0m flushed 250 bytes
[2m2025-12-10T12:17:32.751277Z[0m [34mDEBUG[0m [2mhyper::proto::h1::io[0m[2m:[0m parsed 4 headers
[2m2025-12-10T12:17:32.751284Z[0m [34mDEBUG[0m [2mhyper::proto::h1::conn[0m[2m:[0m incoming body is content-length (45 bytes)
[2m2025-12-10T12:17:32.751293Z[0m [34mDEBUG[0m [2mhyper::proto::h1::conn[0m[2m:[0m incoming body completed
[2m2025-12-10T12:17:32.751306Z[0m [34mDEBUG[0m [2mhyper::client::pool[0m[2m:[0m pooling idle connection for ("http", 192.168.0.14:8545)
[2m2025-12-10T12:17:32.757649Z[0m [34mDEBUG[0m [2mhyper::proto::h1::io[0m[2m:[0m parsed 4 headers
[2m2025-12-10T12:17:32.757658Z[0m [34mDEBUG[0m [2mhyper::proto::h1::conn[0m[2m:[0m incoming body is content-length (675 bytes)
[2m2025-12-10T12:17:32.757669Z[0m [34mDEBUG[0m [2mhyper::proto::h1::conn[0m[2m:[0m incoming body completed
[2m2025-12-10T12:17:32.757685Z[0m [34mDEBUG[0m [2mhyper::client::pool[0m[2m:[0m pooling idle connection for ("http", 192.168.0.14:8545)
[2m2025-12-10T12:17:32.757695Z[0m [34mDEBUG[0m [2methereum_transaction_pool_monitor::eth_client[0m[2m:[0m 📡 Transaction fetch RPC completed in 6.740209ms
[2m2025-12-10T12:17:32.946013Z[0m [34mDEBUG[0m [2methereum_transaction_pool_monitor::eth_client[0m[2m:[0m ✅ Transaction 0xf4fd30a32b12b0b9a94d4c22a5177aa1890f04b29d57bc41bfb7f1b7cca19b53 fetched and parsed in 195.055292ms
[2m2025-12-10T12:17:32.946052Z[0m [34mDEBUG[0m [2methereum_transaction_pool_monitor::mempool_monitor[0m[2m:[0m 🔍 Skipping tx 0xf4fd30a32b12b0b9a94d4c22a5177aa1890f04b29d57bc41bfb7f1b7cca19b53 - not a DEX interaction (target: 0xe53EC727dbDEB9E2d5456c3be40cFF031AB40A55)
[2m2025-12-10T12:17:32.946114Z[0m [34mDEBUG[0m [2methereum_transaction_pool_monitor::mempool_monitor[0m[2m:[0m 📨 Processing new pending transaction: 0x3bc607a5176e728b1515babd277d6f4697ae644ced290100f5804c34a1d825e2
[2m2025-12-10T12:17:32.946124Z[0m [34mDEBUG[0m [2methereum_transaction_pool_monitor::mempool_monitor[0m[2m:[0m 🔍 Fetching transaction details for: 0x3bc607a5176e728b1515babd277d6f4697ae644ced290100f5804c34a1d825e2
[2m2025-12-10T12:17:32.946133Z[0m [34mDEBUG[0m [2methereum_transaction_pool_monitor::eth_client[0m[2m:[0m 🔍 Fetching transaction details for hash: 0x3bc607a5176e728b1515babd277d6f4697ae644ced290100f5804c34a1d825e2
[2m2025-12-10T12:17:32.946205Z[0m [34mDEBUG[0m [2mhyper::client::pool[0m[2m:[0m reuse idle connection for ("http", 192.168.0.14:8545)
[2m2025-12-10T12:17:32.946281Z[0m [34mDEBUG[0m [2mhyper::proto::h1::io[0m[2m:[0m flushed 250 bytes
[2m2025-12-10T12:17:32.946331Z[0m [34mDEBUG[0m [2mhyper::client::pool[0m[2m:[0m reuse idle connection for ("http", 192.168.0.14:8545)
[2m2025-12-10T12:17:32.946335Z[0m [34mDEBUG[0m [2methereum_transaction_pool_monitor::eth_client[0m[2m:[0m 📨 Received WebSocket message: {"jsonrpc":"2.0","method":"eth_subscription","params":{"subscription":"0xb60af543a4ead1cf1df939ac89b7e704","result":"0xddff4da607e64cf2830d45dd6992c3effb2a4a799788c9fe30adca391ae86aeb"}}
[2m2025-12-10T12:17:32.946360Z[0m [34mDEBUG[0m [2mhyper::proto::h1::io[0m[2m:[0m flushed 172 bytes
[2m2025-12-10T12:17:32.946361Z[0m [34mDEBUG[0m [2methereum_transaction_pool_monitor::eth_client[0m[2m:[0m 📨 Received pending transaction: 0xddff4da607e64cf2830d45dd6992c3effb2a4a799788c9fe30adca391ae86aeb
[2m2025-12-10T12:17:32.946380Z[0m [34mDEBUG[0m [2methereum_transaction_pool_monitor::eth_client[0m[2m:[0m 📨 Received WebSocket message: {"jsonrpc":"2.0","method":"eth_subscription","params":{"subscription":"0xb60af543a4ead1cf1df939ac89b7e704","result":"0xab55687c0de8fdf603806554179ad73cd83285e00077f11578949103d4f44f5f"}}
[2m2025-12-10T12:17:32.946397Z[0m [34mDEBUG[0m [2methereum_transaction_pool_monitor::eth_client[0m[2m:[0m 📨 Received pending transaction: 0xab55687c0de8fdf603806554179ad73cd83285e00077f11578949103d4f44f5f
[2m2025-12-10T12:17:32.946408Z[0m [34mDEBUG[0m [2methereum_transaction_pool_monitor::eth_client[0m[2m:[0m 📨 Received WebSocket message: {"jsonrpc":"2.0","method":"eth_subscription","params":{"subscription":"0xb60af543a4ead1cf1df939ac89b7e704","result":"0x60b6e1ea5346ce0a19bcb5ebfd443481fa801d46d8cdded8dbfe61c0f0e8eec2"}}
[2m2025-12-10T12:17:32.946426Z[0m [34mDEBUG[0m [2methereum_transaction_pool_monitor::eth_client[0m[2m:[0m 📨 Received pending transaction: 0x60b6e1ea5346ce0a19bcb5ebfd443481fa801d46d8cdded8dbfe61c0f0e8eec2
[2m2025-12-10T12:17:32.953124Z[0m [34mDEBUG[0m [2mhyper::proto::h1::io[0m[2m:[0m parsed 4 headers
[2m2025-12-10T12:17:32.955701Z[0m [34mDEBUG[0m [2mhyper::proto::h1::conn[0m[2m:[0m incoming body is content-length (45 bytes)
[2m2025-12-10T12:17:32.955721Z[0m [34mDEBUG[0m [2mhyper::proto::h1::conn[0m[2m:[0m incoming body completed
[2m2025-12-10T12:17:32.955751Z[0m [34mDEBUG[0m [2mhyper::client::pool[0m[2m:[0m pooling idle connection for ("http", 192.168.0.14:8545)
[2m2025-12-10T12:17:32.955823Z[0m [34mDEBUG[0m [2mhyper::client::pool[0m[2m:[0m reuse idle connection for ("http", 192.168.0.14:8545)
[2m2025-12-10T12:17:32.955870Z[0m [34mDEBUG[0m [2mhyper::proto::h1::io[0m[2m:[0m parsed 4 headers
[2m2025-12-10T12:17:32.955872Z[0m [34mDEBUG[0m [2mhyper::proto::h1::io[0m[2m:[0m flushed 172 bytes
[2m2025-12-10T12:17:32.955879Z[0m [34mDEBUG[0m [2mhyper::proto::h1::conn[0m[2m:[0m incoming body is content-length (771 bytes)
[2m2025-12-10T12:17:32.955890Z[0m [34mDEBUG[0m [2mhyper::proto::h1::conn[0m[2m:[0m incoming body completed
[2m2025-12-10T12:17:32.955904Z[0m [34mDEBUG[0m [2mhyper::client::pool[0m[2m:[0m pooling idle connection for ("http", 192.168.0.14:8545)
[2m2025-12-10T12:17:32.955916Z[0m [34mDEBUG[0m [2methereum_transaction_pool_monitor::eth_client[0m[2m:[0m 📡 Transaction fetch RPC completed in 9.773875ms
[2m2025-12-10T12:17:32.955950Z[0m [34mDEBUG[0m [2methereum_transaction_pool_monitor::eth_client[0m[2m:[0m DeFi transaction detected - Address: 0xdac17f958d2ee523a2206206994597c13d831ec7, Type: Stablecoin, Value: 0 ETH, Gas: 5.73 Gwei
[2m2025-12-10T12:17:32.955996Z[0m [34mDEBUG[0m [2methereum_transaction_pool_monitor::eth_client[0m[2m:[0m ✅ Transaction 0x3bc607a5176e728b1515babd277d6f4697ae644ced290100f5804c34a1d825e2 fetched and parsed in 9.853625ms
[2m2025-12-10T12:17:32.956012Z[0m [34mDEBUG[0m [2methereum_transaction_pool_monitor::mempool_monitor[0m[2m:[0m 🔍 Skipping tx 0x3bc607a5176e728b1515babd277d6f4697ae644ced290100f5804c34a1d825e2 - not a DEX interaction (target: 0xdAC17F958D2ee523a2206206994597C13D831ec7)
[2m2025-12-10T12:17:32.956057Z[0m [34mDEBUG[0m [2methereum_transaction_pool_monitor::mempool_monitor[0m[2m:[0m 📨 Processing new pending transaction: 0x81ba8b9f651c1399cfc05daaca0b7760eeee33955f90df483e9182a743210fac
[2m2025-12-10T12:17:32.956066Z[0m [34mDEBUG[0m [2methereum_transaction_pool_monitor::mempool_monitor[0m[2m:[0m 🔍 Fetching transaction details for: 0x81ba8b9f651c1399cfc05daaca0b7760eeee33955f90df483e9182a743210fac
[2m2025-12-10T12:17:32.956074Z[0m [34mDEBUG[0m [2methereum_transaction_pool_monitor::eth_client[0m[2m:[0m 🔍 Fetching transaction details for hash: 0x81ba8b9f651c1399cfc05daaca0b7760eeee33955f90df483e9182a743210fac
[2m2025-12-10T12:17:32.956100Z[0m [34mDEBUG[0m [2mhyper::client::pool[0m[2m:[0m reuse idle connection for ("http", 192.168.0.14:8545)
[2m2025-12-10T12:17:32.956124Z[0m [34mDEBUG[0m [2mhyper::proto::h1::io[0m[2m:[0m flushed 250 bytes
[2m2025-12-10T12:17:32.960881Z[0m [34mDEBUG[0m [2mhyper::proto::h1::io[0m[2m:[0m parsed 4 headers
[2m2025-12-10T12:17:32.960889Z[0m [34mDEBUG[0m [2mhyper::proto::h1::conn[0m[2m:[0m incoming body is content-length (45 bytes)
[2m2025-12-10T12:17:32.960899Z[0m [34mDEBUG[0m [2mhyper::proto::h1::conn[0m[2m:[0m incoming body completed
[2m2025-12-10T12:17:32.960913Z[0m [34mDEBUG[0m [2mhyper::client::pool[0m[2m:[0m pooling idle connection for ("http", 192.168.0.14:8545)
[2m2025-12-10T12:17:32.962970Z[0m [34mDEBUG[0m [2mhyper::proto::h1::io[0m[2m:[0m parsed 4 headers
[2m2025-12-10T12:17:32.962977Z[0m [34mDEBUG[0m [2mhyper::proto::h1::conn[0m[2m:[0m incoming body is content-length (762 bytes)
[2m2025-12-10T12:17:32.962985Z[0m [34mDEBUG[0m [2mhyper::proto::h1::conn[0m[2m:[0m incoming body completed
[2m2025-12-10T12:17:32.962998Z[0m [34mDEBUG[0m [2mhyper::client::pool[0m[2m:[0m pooling idle connection for ("http", 192.168.0.14:8545)
[2m2025-12-10T12:17:32.963007Z[0m [34mDEBUG[0m [2methereum_transaction_pool_monitor::eth_client[0m[2m:[0m 📡 Transaction fetch RPC completed in 6.925083ms
[2m2025-12-10T12:17:32.963040Z[0m [34mDEBUG[0m [2methereum_transaction_pool_monitor::eth_client[0m[2m:[0m DeFi transaction detected - Address: 0xdac17f958d2ee523a2206206994597c13d831ec7, Type: Stablecoin, Value: 0 ETH, Gas: 0.21 Gwei
[2m2025-12-10T12:17:32.963083Z[0m [34mDEBUG[0m [2methereum_transaction_pool_monitor::eth_client[0m[2m:[0m ✅ Transaction 0x81ba8b9f651c1399cfc05daaca0b7760eeee33955f90df483e9182a743210fac fetched and parsed in 7.001ms
[2m2025-12-10T12:17:32.963099Z[0m [34mDEBUG[0m [2methereum_transaction_pool_monitor::mempool_monitor[0m[2m:[0m 🔍 Skipping tx 0x81ba8b9f651c1399cfc05daaca0b7760eeee33955f90df483e9182a743210fac - not a DEX interaction (target: 0xdAC17F958D2ee523a2206206994597C13D831ec7)
[2m2025-12-10T12:17:32.963144Z[0m [34mDEBUG[0m [2methereum_transaction_pool_monitor::mempool_monitor[0m[2m:[0m 📨 Processing new pending transaction: 0xf798d43d31208027e0ae5670bd2e23e2c4378f68c72a1a0805f253acee663697
[2m2025-12-10T12:17:32.963153Z[0m [34mDEBUG[0m [2methereum_transaction_pool_monitor::mempool_monitor[0m[2m:[0m 🔍 Fetching transaction details for: 0xf798d43d31208027e0ae5670bd2e23e2c4378f68c72a1a0805f253acee663697
[2m2025-12-10T12:17:32.963161Z[0m [34mDEBUG[0m [2methereum_transaction_pool_monitor::eth_client[0m[2m:[0m 🔍 Fetching transaction details for hash: 0xf798d43d31208027e0ae5670bd2e23e2c4378f68c72a1a0805f253acee663697
[2m2025-12-10T12:17:32.963191Z[0m [34mDEBUG[0m [2mhyper::client::pool[0m[2m:[0m reuse idle connection for ("http", 192.168.0.14:8545)
[2m2025-12-10T12:17:32.963219Z[0m [34mDEBUG[0m [2mhyper::proto::h1::io[0m[2m:[0m flushed 250 bytes
[2m2025-12-10T12:17:32.968245Z[0m [34mDEBUG[0m [2mhyper::proto::h1::io[0m[2m:[0m parsed 4 headers
[2m2025-12-10T12:17:32.968251Z[0m [34mDEBUG[0m [2mhyper::proto::h1::conn[0m[2m:[0m incoming body is content-length (655 bytes)
[2m2025-12-10T12:17:32.968260Z[0m [34mDEBUG[0m [2mhyper::proto::h1::conn[0m[2m:[0m incoming body completed
[2m2025-12-10T12:17:32.968272Z[0m [34mDEBUG[0m [2mhyper::client::pool[0m[2m:[0m pooling idle connection for ("http", 192.168.0.14:8545)
[2m2025-12-10T12:17:32.968281Z[0m [34mDEBUG[0m [2methereum_transaction_pool_monitor::eth_client[0m[2m:[0m 📡 Transaction fetch RPC completed in 5.111667ms
[2m2025-12-10T12:17:33.156777Z[0m [34mDEBUG[0m [2methereum_transaction_pool_monitor::eth_client[0m[2m:[0m ✅ Transaction 0xf798d43d31208027e0ae5670bd2e23e2c4378f68c72a1a0805f253acee663697 fetched and parsed in 193.603792ms
[2m2025-12-10T12:17:33.156814Z[0m [34mDEBUG[0m [2methereum_transaction_pool_monitor::mempool_monitor[0m[2m:[0m 🔍 Skipping tx 0xf798d43d31208027e0ae5670bd2e23e2c4378f68c72a1a0805f253acee663697 - not a DEX interaction (target: 0x543C0fE15d495444b1260EE3B5583C608e7ff967)
[2m2025-12-10T12:17:33.156868Z[0m [34mDEBUG[0m [2methereum_transaction_pool_monitor::mempool_monitor[0m[2m:[0m 📨 Processing new pending transaction: 0xc49ed841657075fc0f29d25c44364e1df3db25275185b08852086ca6dce35914
[2m2025-12-10T12:17:33.156878Z[0m [34mDEBUG[0m [2methereum_transaction_pool_monitor::mempool_monitor[0m[2m:[0m 🔍 Fetching transaction details for: 0xc49ed841657075fc0f29d25c44364e1df3db25275185b08852086ca6dce35914
[2m2025-12-10T12:17:33.156887Z[0m [34mDEBUG[0m [2methereum_transaction_pool_monitor::eth_client[0m[2m:[0m 🔍 Fetching transaction details for hash: 0xc49ed841657075fc0f29d25c44364e1df3db25275185b08852086ca6dce35914
[2m2025-12-10T12:17:33.156955Z[0m [34mDEBUG[0m [2mhyper::client::pool[0m[2m:[0m reuse idle connection for ("http", 192.168.0.14:8545)
[2m2025-12-10T12:17:33.157030Z[0m [34mDEBUG[0m [2mhyper::proto::h1::io[0m[2m:[0m flushed 250 bytes
[2m2025-12-10T12:17:33.157096Z[0m [34mDEBUG[0m [2mhyper::client::pool[0m[2m:[0m reuse idle connection for ("http", 192.168.0.14:8545)
[2m2025-12-10T12:17:33.157097Z[0m [34mDEBUG[0m [2methereum_transaction_pool_monitor::eth_client[0m[2m:[0m 📨 Received WebSocket message: {"jsonrpc":"2.0","method":"eth_subscription","params":{"subscription":"0xb60af543a4ead1cf1df939ac89b7e704","result":"0xe5e124f9014e1089916037ad2f51fcaaf4e06bafe32b8ede57501caaf94be1b2"}}
[2m2025-12-10T12:17:33.157120Z[0m [34mDEBUG[0m [2methereum_transaction_pool_monitor::eth_client[0m[2m:[0m 📨 Received pending transaction: 0xe5e124f9014e1089916037ad2f51fcaaf4e06bafe32b8ede57501caaf94be1b2
[2m2025-12-10T12:17:33.157124Z[0m [34mDEBUG[0m [2mhyper::proto::h1::io[0m[2m:[0m flushed 172 bytes
[2m2025-12-10T12:17:33.157134Z[0m [34mDEBUG[0m [2methereum_transaction_pool_monitor::eth_client[0m[2m:[0m 📨 Received WebSocket message: {"jsonrpc":"2.0","method":"eth_subscription","params":{"subscription":"0xb60af543a4ead1cf1df939ac89b7e704","result":"0xf791b9a21871e3c41c4fd01dfd5f8be04cd28ad0b366ef438268526d104b074c"}}
[2m2025-12-10T12:17:33.157150Z[0m [34mDEBUG[0m [2methereum_transaction_pool_monitor::eth_client[0m[2m:[0m 📨 Received pending transaction: 0xf791b9a21871e3c41c4fd01dfd5f8be04cd28ad0b366ef438268526d104b074c
[2m2025-12-10T12:17:33.164901Z[0m [34mDEBUG[0m [2mhyper::proto::h1::io[0m[2m:[0m parsed 4 headers
[2m2025-12-10T12:17:33.164913Z[0m [34mDEBUG[0m [2mhyper::proto::h1::conn[0m[2m:[0m incoming body is content-length (45 bytes)
[2m2025-12-10T12:17:33.164929Z[0m [34mDEBUG[0m [2mhyper::proto::h1::conn[0m[2m:[0m incoming body completed
[2m2025-12-10T12:17:33.164954Z[0m [34mDEBUG[0m [2mhyper::client::pool[0m[2m:[0m pooling idle connection for ("http", 192.168.0.14:8545)
[2m2025-12-10T12:17:33.165014Z[0m [34mDEBUG[0m [2mhyper::client::pool[0m[2m:[0m reuse idle connection for ("http", 192.168.0.14:8545)
[2m2025-12-10T12:17:33.165051Z[0m [34mDEBUG[0m [2mhyper::proto::h1::io[0m[2m:[0m flushed 172 bytes
[2m2025-12-10T12:17:33.165942Z[0m [34mDEBUG[0m [2mhyper::proto::h1::io[0m[2m:[0m parsed 4 headers
[2m2025-12-10T12:17:33.165949Z[0m [34mDEBUG[0m [2mhyper::proto::h1::conn[0m[2m:[0m incoming body is content-length (776 bytes)
[2m2025-12-10T12:17:33.165958Z[0m [34mDEBUG[0m [2mhyper::proto::h1::conn[0m[2m:[0m incoming body completed
[2m2025-12-10T12:17:33.165972Z[0m [34mDEBUG[0m [2mhyper::client::pool[0m[2m:[0m pooling idle connection for ("http", 192.168.0.14:8545)
[2m2025-12-10T12:17:33.165981Z[0m [34mDEBUG[0m [2methereum_transaction_pool_monitor::eth_client[0m[2m:[0m 📡 Transaction fetch RPC completed in 9.085875ms
[2m2025-12-10T12:17:33.166015Z[0m [34mDEBUG[0m [2methereum_transaction_pool_monitor::eth_client[0m[2m:[0m DeFi transaction detected - Address: 0xdac17f958d2ee523a2206206994597c13d831ec7, Type: Stablecoin, Value: 0 ETH, Gas: 12.00 Gwei
[2m2025-12-10T12:17:33.166054Z[0m [34mDEBUG[0m [2methereum_transaction_pool_monitor::eth_client[0m[2m:[0m ✅ Transaction 0xc49ed841657075fc0f29d25c44364e1df3db25275185b08852086ca6dce35914 fetched and parsed in 9.158875ms
[2m2025-12-10T12:17:33.166069Z[0m [34mDEBUG[0m [2methereum_transaction_pool_monitor::mempool_monitor[0m[2m:[0m 🔍 Skipping tx 0xc49ed841657075fc0f29d25c44364e1df3db25275185b08852086ca6dce35914 - not a DEX interaction (target: 0xdAC17F958D2ee523a2206206994597C13D831ec7)
[2m2025-12-10T12:17:33.166114Z[0m [34mDEBUG[0m [2methereum_transaction_pool_monitor::mempool_monitor[0m[2m:[0m 📨 Processing new pending transaction: 0xa98db3040cabacb44ec34d269ddcf4c33fc72a95c00d1dbe69ef5ad7f11a4564
[2m2025-12-10T12:17:33.166123Z[0m [34mDEBUG[0m [2methereum_transaction_pool_monitor::mempool_monitor[0m[2m:[0m 🔍 Fetching transaction details for: 0xa98db3040cabacb44ec34d269ddcf4c33fc72a95c00d1dbe69ef5ad7f11a4564
[2m2025-12-10T12:17:33.166131Z[0m [34mDEBUG[0m [2methereum_transaction_pool_monitor::eth_client[0m[2m:[0m 🔍 Fetching transaction details for hash: 0xa98db3040cabacb44ec34d269ddcf4c33fc72a95c00d1dbe69ef5ad7f11a4564
[2m2025-12-10T12:17:33.166157Z[0m [34mDEBUG[0m [2mhyper::client::pool[0m[2m:[0m reuse idle connection for ("http", 192.168.0.14:8545)
[2m2025-12-10T12:17:33.166187Z[0m [34mDEBUG[0m [2mhyper::proto::h1::io[0m[2m:[0m flushed 250 bytes
[2m2025-12-10T12:17:33.173709Z[0m [34mDEBUG[0m [2mhyper::proto::h1::io[0m[2m:[0m parsed 4 headers
[2m2025-12-10T12:17:33.173843Z[0m [34mDEBUG[0m [2mhyper::proto::h1::conn[0m[2m:[0m incoming body is content-length (45 bytes)
[2m2025-12-10T12:17:33.173856Z[0m [34mDEBUG[0m [2mhyper::proto::h1::conn[0m[2m:[0m incoming body completed
[2m2025-12-10T12:17:33.173872Z[0m [34mDEBUG[0m [2mhyper::client::pool[0m[2m:[0m pooling idle connection for ("http", 192.168.0.14:8545)
[2m2025-12-10T12:17:33.174445Z[0m [34mDEBUG[0m [2mhyper::proto::h1::io[0m[2m:[0m parsed 4 headers
[2m2025-12-10T12:17:33.174453Z[0m [34mDEBUG[0m [2mhyper::proto::h1::conn[0m[2m:[0m incoming body is content-length (828 bytes)
[2m2025-12-10T12:17:33.174462Z[0m [34mDEBUG[0m [2mhyper::proto::h1::conn[0m[2m:[0m incoming body completed
[2m2025-12-10T12:17:33.174476Z[0m [34mDEBUG[0m [2mhyper::client::pool[0m[2m:[0m pooling idle connection for ("http", 192.168.0.14:8545)
[2m2025-12-10T12:17:33.174486Z[0m [34mDEBUG[0m [2methereum_transaction_pool_monitor::eth_client[0m[2m:[0m 📡 Transaction fetch RPC completed in 8.3465ms
[2m2025-12-10T12:17:33.364581Z[0m [34mDEBUG[0m [2methereum_transaction_pool_monitor::eth_client[0m[2m:[0m ✅ Transaction 0xa98db3040cabacb44ec34d269ddcf4c33fc72a95c00d1dbe69ef5ad7f11a4564 fetched and parsed in 198.438416ms
[2m2025-12-10T12:17:33.364623Z[0m [34mDEBUG[0m [2methereum_transaction_pool_monitor::mempool_monitor[0m[2m:[0m 🔍 Skipping tx 0xa98db3040cabacb44ec34d269ddcf4c33fc72a95c00d1dbe69ef5ad7f11a4564 - not a DEX interaction (target: 0xDDaef92FA7888eb8A8a684F72F5e8e9Ee6045490)
[2m2025-12-10T12:17:33.364692Z[0m [34mDEBUG[0m [2methereum_transaction_pool_monitor::mempool_monitor[0m[2m:[0m 📨 Processing new pending transaction: 0xa5d187a3a3f51506bc58797231126e98ece710e1e992f7f9821f35a2f391d85a
[2m2025-12-10T12:17:33.364704Z[0m [34mDEBUG[0m [2methereum_transaction_pool_monitor::mempool_monitor[0m[2m:[0m 🔍 Fetching transaction details for: 0xa5d187a3a3f51506bc58797231126e98ece710e1e992f7f9821f35a2f391d85a
[2m2025-12-10T12:17:33.364715Z[0m [34mDEBUG[0m [2methereum_transaction_pool_monitor::eth_client[0m[2m:[0m 🔍 Fetching transaction details for hash: 0xa5d187a3a3f51506bc58797231126e98ece710e1e992f7f9821f35a2f391d85a
[2m2025-12-10T12:17:33.364789Z[0m [34mDEBUG[0m [2mhyper::client::pool[0m[2m:[0m reuse idle connection for ("http", 192.168.0.14:8545)
[2m2025-12-10T12:17:33.364875Z[0m [34mDEBUG[0m [2mhyper::proto::h1::io[0m[2m:[0m flushed 250 bytes
[2m2025-12-10T12:17:33.364931Z[0m [34mDEBUG[0m [2mhyper::client::pool[0m[2m:[0m reuse idle connection for ("http", 192.168.0.14:8545)
[2m2025-12-10T12:17:33.364935Z[0m [34mDEBUG[0m [2methereum_transaction_pool_monitor::eth_client[0m[2m:[0m 📨 Received WebSocket message: {"jsonrpc":"2.0","method":"eth_subscription","params":{"subscription":"0xb60af543a4ead1cf1df939ac89b7e704","result":"0x41c27468964fd76b4b3ac49a644ce362e7b931a0c9c58f04227b231f5988482e"}}
[2m2025-12-10T12:17:33.364962Z[0m [34mDEBUG[0m [2mhyper::proto::h1::io[0m[2m:[0m flushed 172 bytes
[2m2025-12-10T12:17:33.364963Z[0m [34mDEBUG[0m [2methereum_transaction_pool_monitor::eth_client[0m[2m:[0m 📨 Received pending transaction: 0x41c27468964fd76b4b3ac49a644ce362e7b931a0c9c58f04227b231f5988482e
[2m2025-12-10T12:17:33.364981Z[0m [34mDEBUG[0m [2methereum_transaction_pool_monitor::eth_client[0m[2m:[0m 📨 Received WebSocket message: {"jsonrpc":"2.0","method":"eth_subscription","params":{"subscription":"0xb60af543a4ead1cf1df939ac89b7e704","result":"0x160470b4800b5ac04284707240e0d54ddcdea9ec2ee20ee1d89ea08be58f5e40"}}
[2m2025-12-10T12:17:33.365001Z[0m [34mDEBUG[0m [2methereum_transaction_pool_monitor::eth_client[0m[2m:[0m 📨 Received pending transaction: 0x160470b4800b5ac04284707240e0d54ddcdea9ec2ee20ee1d89ea08be58f5e40
[2m2025-12-10T12:17:33.365013Z[0m [34mDEBUG[0m [2methereum_transaction_pool_monitor::eth_client[0m[2m:[0m 📨 Received WebSocket message: {"jsonrpc":"2.0","method":"eth_subscription","params":{"subscription":"0xb60af543a4ead1cf1df939ac89b7e704","result":"0x987c74b0ed4faff9c961f98ad774986a70e3c92c97300a226552747d1a2d2d1c"}}
[2m2025-12-10T12:17:33.365030Z[0m [34mDEBUG[0m [2methereum_transaction_pool_monitor::eth_client[0m[2m:[0m 📨 Received pending transaction: 0x987c74b0ed4faff9c961f98ad774986a70e3c92c97300a226552747d1a2d2d1c
[2m2025-12-10T12:17:33.365042Z[0m [34mDEBUG[0m [2methereum_transaction_pool_monitor::eth_client[0m[2m:[0m 📨 Received WebSocket message: {"jsonrpc":"2.0","method":"eth_subscription","params":{"subscription":"0xb60af543a4ead1cf1df939ac89b7e704","result":"0xb5a9276fc55c02852f1591a6716be8077ae5c6353405b1664008ca50504893f2"}}
[2m2025-12-10T12:17:33.365057Z[0m [34mDEBUG[0m [2methereum_transaction_pool_monitor::eth_client[0m[2m:[0m 📨 Received pending transaction: 0xb5a9276fc55c02852f1591a6716be8077ae5c6353405b1664008ca50504893f2
[2m2025-12-10T12:17:33.365068Z[0m [34mDEBUG[0m [2methereum_transaction_pool_monitor::eth_client[0m[2m:[0m 📨 Received WebSocket message: {"jsonrpc":"2.0","method":"eth_subscription","params":{"subscription":"0xb60af543a4ead1cf1df939ac89b7e704","result":"0xd320557bf6d553aaa52e26c67b4adacec55606c92d5342aa7ca228eb58521aa1"}}
[2m2025-12-10T12:17:33.365086Z[0m [34mDEBUG[0m [2methereum_transaction_pool_monitor::eth_client[0m[2m:[0m 📨 Received pending transaction: 0xd320557bf6d553aaa52e26c67b4adacec55606c92d5342aa7ca228eb58521aa1
[2m2025-12-10T12:17:33.365096Z[0m [34mDEBUG[0m [2methereum_transaction_pool_monitor::eth_client[0m[2m:[0m 📨 Received WebSocket message: {"jsonrpc":"2.0","method":"eth_subscription","params":{"subscription":"0xb60af543a4ead1cf1df939ac89b7e704","result":"0x2db1fa506d0715e7a67d1cff8d4607edb302fdec153e5a57d3bb797ef8545242"}}
[2m2025-12-10T12:17:33.365111Z[0m [34mDEBUG[0m [2methereum_transaction_pool_monitor::eth_client[0m[2m:[0m 📨 Received pending transaction: 0x2db1fa506d0715e7a67d1cff8d4607edb302fdec153e5a57d3bb797ef8545242
[2m2025-12-10T12:17:33.365123Z[0m [34mDEBUG[0m [2methereum_transaction_pool_monitor::eth_client[0m[2m:[0m 📨 Received WebSocket message: {"jsonrpc":"2.0","method":"eth_subscription","params":{"subscription":"0xb60af543a4ead1cf1df939ac89b7e704","result":"0xc20f415c03803645628abbe7c4c002d2e685106e00d2b0a08828ed0b417ca290"}}
[2m2025-12-10T12:17:33.365138Z[0m [34mDEBUG[0m [2methereum_transaction_pool_monitor::eth_client[0m[2m:[0m 📨 Received pending transaction: 0xc20f415c03803645628abbe7c4c002d2e685106e00d2b0a08828ed0b417ca290
[2m2025-12-10T12:17:33.365149Z[0m [34mDEBUG[0m [2methereum_transaction_pool_monitor::eth_client[0m[2m:[0m 📨 Received WebSocket message: {"jsonrpc":"2.0","method":"eth_subscription","params":{"subscription":"0xb60af543a4ead1cf1df939ac89b7e704","result":"0x4836dfa152f1a54d0e2fe3750a306d95b86fb92c82b39b767e959de7b4950b8b"}}
[2m2025-12-10T12:17:33.365164Z[0m [34mDEBUG[0m [2methereum_transaction_pool_monitor::eth_client[0m[2m:[0m 📨 Received pending transaction: 0x4836dfa152f1a54d0e2fe3750a306d95b86fb92c82b39b767e959de7b4950b8b
[2m2025-12-10T12:17:33.365175Z[0m [34mDEBUG[0m [2methereum_transaction_pool_monitor::eth_client[0m[2m:[0m 📨 Received WebSocket message: {"jsonrpc":"2.0","method":"eth_subscription","params":{"subscription":"0xb60af543a4ead1cf1df939ac89b7e704","result":"0x669bd605a43706b60c37755c727ca1b6d6448e41a286e13925cba022dcb997e0"}}
[2m2025-12-10T12:17:33.365190Z[0m [34mDEBUG[0m [2methereum_transaction_pool_monitor::eth_client[0m[2m:[0m 📨 Received pending transaction: 0x669bd605a43706b60c37755c727ca1b6d6448e41a286e13925cba022dcb997e0
[2m2025-12-10T12:17:33.365200Z[0m [34mDEBUG[0m [2methereum_transaction_pool_monitor::eth_client[0m[2m:[0m 📨 Received WebSocket message: {"jsonrpc":"2.0","method":"eth_subscription","params":{"subscription":"0xb60af543a4ead1cf1df939ac89b7e704","result":"0x30db370bbaf55656060912d382f5a326e23ece8b9317b6ded3fd0d091c7129e1"}}
[2m2025-12-10T12:17:33.365215Z[0m [34mDEBUG[0m [2methereum_transaction_pool_monitor::eth_client[0m[2m:[0m 📨 Received pending transaction: 0x30db370bbaf55656060912d382f5a326e23ece8b9317b6ded3fd0d091c7129e1
[2m2025-12-10T12:17:33.365225Z[0m [34mDEBUG[0m [2methereum_transaction_pool_monitor::eth_client[0m[2m:[0m 📨 Received WebSocket message: {"jsonrpc":"2.0","method":"eth_subscription","params":{"subscription":"0xb60af543a4ead1cf1df939ac89b7e704","result":"0x8e4be510fe396176644a5b25fb48b908d4ebf0ff7c71f474664f26f30f0a57cd"}}
[2m2025-12-10T12:17:33.365241Z[0m [34mDEBUG[0m [2methereum_transaction_pool_monitor::eth_client[0m[2m:[0m 📨 Received pending transaction: 0x8e4be510fe396176644a5b25fb48b908d4ebf0ff7c71f474664f26f30f0a57cd
[2m2025-12-10T12:17:33.365252Z[0m [34mDEBUG[0m [2methereum_transaction_pool_monitor::eth_client[0m[2m:[0m 📨 Received WebSocket message: {"jsonrpc":"2.0","method":"eth_subscription","params":{"subscription":"0xb60af543a4ead1cf1df939ac89b7e704","result":"0xb57ce8bc956994b81f71fc1d83cc07a2595d16235016426f0d25ef121a5fecb8"}}
[2m2025-12-10T12:17:33.365267Z[0m [34mDEBUG[0m [2methereum_transaction_pool_monitor::eth_client[0m[2m:[0m 📨 Received pending transaction: 0xb57ce8bc956994b81f71fc1d83cc07a2595d16235016426f0d25ef121a5fecb8
[2m2025-12-10T12:17:33.365278Z[0m [34mDEBUG[0m [2methereum_transaction_pool_monitor::eth_client[0m[2m:[0m 📨 Received WebSocket message: {"jsonrpc":"2.0","method":"eth_subscription","params":{"subscription":"0xb60af543a4ead1cf1df939ac89b7e704","result":"0x1ccafb67d73275388d8521c84dbbed441369b4a3125140f76cb2a90edcd5b545"}}
[2m2025-12-10T12:17:33.365294Z[0m [34mDEBUG[0m [2methereum_transaction_pool_monitor::eth_client[0m[2m:[0m 📨 Received pending transaction: 0x1ccafb67d73275388d8521c84dbbed441369b4a3125140f76cb2a90edcd5b545
[2m2025-12-10T12:17:33.365303Z[0m [34mDEBUG[0m [2methereum_transaction_pool_monitor::eth_client[0m[2m:[0m 📨 Received WebSocket message: {"jsonrpc":"2.0","method":"eth_subscription","params":{"subscription":"0xb60af543a4ead1cf1df939ac89b7e704","result":"0x30f9c93cb5956c22921138d397aa36bd5abf66beda20c605931532dcaa70b6e1"}}
[2m2025-12-10T12:17:33.365318Z[0m [34mDEBUG[0m [2methereum_transaction_pool_monitor::eth_client[0m[2m:[0m 📨 Received pending transaction: 0x30f9c93cb5956c22921138d397aa36bd5abf66beda20c605931532dcaa70b6e1
[2m2025-12-10T12:17:33.365328Z[0m [34mDEBUG[0m [2methereum_transaction_pool_monitor::eth_client[0m[2m:[0m 📨 Received WebSocket message: {"jsonrpc":"2.0","method":"eth_subscription","params":{"subscription":"0xb60af543a4ead1cf1df939ac89b7e704","result":"0xd4ab364e52c3d919f11d1426c4162a122984442ec840ec21d52b2ab943695702"}}
[2m2025-12-10T12:17:33.365344Z[0m [34mDEBUG[0m [2methereum_transaction_pool_monitor::eth_client[0m[2m:[0m 📨 Received pending transaction: 0xd4ab364e52c3d919f11d1426c4162a122984442ec840ec21d52b2ab943695702
[2m2025-12-10T12:17:33.365353Z[0m [34mDEBUG[0m [2methereum_transaction_pool_monitor::eth_client[0m[2m:[0m 📨 Received WebSocket message: {"jsonrpc":"2.0","method":"eth_subscription","params":{"subscription":"0xb60af543a4ead1cf1df939ac89b7e704","result":"0x2ba5468d1b1b083c6b17b2877a25509906e7317ff2ce1e72d017cb93cc75db63"}}
[2m2025-12-10T12:17:33.365369Z[0m [34mDEBUG[0m [2methereum_transaction_pool_monitor::eth_client[0m[2m:[0m 📨 Received pending transaction: 0x2ba5468d1b1b083c6b17b2877a25509906e7317ff2ce1e72d017cb93cc75db63
[2m2025-12-10T12:17:33.365382Z[0m [34mDEBUG[0m [2methereum_transaction_pool_monitor::eth_client[0m[2m:[0m 📨 Received WebSocket message: {"jsonrpc":"2.0","method":"eth_subscription","params":{"subscription":"0xb60af543a4ead1cf1df939ac89b7e704","result":"0xf9cb34aeef6e419fdae5b058a9fc89b29b16605d88686e6e82615c87919d1c54"}}
[2m2025-12-10T12:17:33.365397Z[0m [34mDEBUG[0m [2methereum_transaction_pool_monitor::eth_client[0m[2m:[0m 📨 Received pending transaction: 0xf9cb34aeef6e419fdae5b058a9fc89b29b16605d88686e6e82615c87919d1c54
[2m2025-12-10T12:17:33.365407Z[0m [34mDEBUG[0m [2methereum_transaction_pool_monitor::eth_client[0m[2m:[0m 📨 Received WebSocket message: {"jsonrpc":"2.0","method":"eth_subscription","params":{"subscription":"0xb60af543a4ead1cf1df939ac89b7e704","result":"0xaf6f53519f356fb043d8a271842b68a8d56a0a7ad79fbaf63dcf31a62c1a2573"}}
[2m2025-12-10T12:17:33.365422Z[0m [34mDEBUG[0m [2methereum_transaction_pool_monitor::eth_client[0m[2m:[0m 📨 Received pending transaction: 0xaf6f53519f356fb043d8a271842b68a8d56a0a7ad79fbaf63dcf31a62c1a2573
[2m2025-12-10T12:17:33.365432Z[0m [34mDEBUG[0m [2methereum_transaction_pool_monitor::eth_client[0m[2m:[0m 📨 Received WebSocket message: {"jsonrpc":"2.0","method":"eth_subscription","params":{"subscription":"0xb60af543a4ead1cf1df939ac89b7e704","result":"0x7113368c9a3041ccdb4cbc9830c31b55af94628dbc2be66bc57c8468551d7563"}}
[2m2025-12-10T12:17:33.365449Z[0m [34mDEBUG[0m [2methereum_transaction_pool_monitor::eth_client[0m[2m:[0m 📨 Received pending transaction: 0x7113368c9a3041ccdb4cbc9830c31b55af94628dbc2be66bc57c8468551d7563
[2m2025-12-10T12:17:33.365459Z[0m [34mDEBUG[0m [2methereum_transaction_pool_monitor::eth_client[0m[2m:[0m 📨 Received WebSocket message: {"jsonrpc":"2.0","method":"eth_subscription","params":{"subscription":"0xb60af543a4ead1cf1df939ac89b7e704","result":"0x907f4aacb8dcfd2f9357c8dcf93a87658381de9a141101544e54ee27c32432a1"}}
[2m2025-12-10T12:17:33.365474Z[0m [34mDEBUG[0m [2methereum_transaction_pool_monitor::eth_client[0m[2m:[0m 📨 Received pending transaction: 0x907f4aacb8dcfd2f9357c8dcf93a87658381de9a141101544e54ee27c32432a1
[2m2025-12-10T12:17:33.365484Z[0m [34mDEBUG[0m [2methereum_transaction_pool_monitor::eth_client[0m[2m:[0m 📨 Received WebSocket message: {"jsonrpc":"2.0","method":"eth_subscription","params":{"subscription":"0xb60af543a4ead1cf1df939ac89b7e704","result":"0x7266c068b71923d8115c63f88b82b010fbd34793e6529db55d89b54f4cc7d78a"}}
[2m2025-12-10T12:17:33.365498Z[0m [34mDEBUG[0m [2methereum_transaction_pool_monitor::eth_client[0m[2m:[0m 📨 Received pending transaction: 0x7266c068b71923d8115c63f88b82b010fbd34793e6529db55d89b54f4cc7d78a
[2m2025-12-10T12:17:33.365542Z[0m [34mDEBUG[0m [2methereum_transaction_pool_monitor::eth_client[0m[2m:[0m 📨 Received WebSocket message: {"jsonrpc":"2.0","method":"eth_subscription","params":{"subscription":"0xb60af543a4ead1cf1df939ac89b7e704","result":"0x3c9933f881609bd369fdf7033d60b5ec07439967b8d290a7bf1831538e78f3d7"}}
[2m2025-12-10T12:17:33.365559Z[0m [34mDEBUG[0m [2methereum_transaction_pool_monitor::eth_client[0m[2m:[0m 📨 Received pending transaction: 0x3c9933f881609bd369fdf7033d60b5ec07439967b8d290a7bf1831538e78f3d7
[2m2025-12-10T12:17:33.365570Z[0m [34mDEBUG[0m [2methereum_transaction_pool_monitor::eth_client[0m[2m:[0m 📨 Received WebSocket message: {"jsonrpc":"2.0","method":"eth_subscription","params":{"subscription":"0xb60af543a4ead1cf1df939ac89b7e704","result":"0xee5f05d3538ec990aa178ea469652925b98b436adf15c50fd17e6111f490ffa6"}}
[2m2025-12-10T12:17:33.365585Z[0m [34mDEBUG[0m [2methereum_transaction_pool_monitor::eth_client[0m[2m:[0m 📨 Received pending transaction: 0xee5f05d3538ec990aa178ea469652925b98b436adf15c50fd17e6111f490ffa6
[2m2025-12-10T12:17:33.365595Z[0m [34mDEBUG[0m [2methereum_transaction_pool_monitor::eth_client[0m[2m:[0m 📨 Received WebSocket message: {"jsonrpc":"2.0","method":"eth_subscription","params":{"subscription":"0xb60af543a4ead1cf1df939ac89b7e704","result":"0x9e3d74955f387cca1b3370c0c06e0a0a82656488378cbd29c3baa2e2e8354a26"}}
[2m2025-12-10T12:17:33.365609Z[0m [34mDEBUG[0m [2methereum_transaction_pool_monitor::eth_client[0m[2m:[0m 📨 Received pending transaction: 0x9e3d74955f387cca1b3370c0c06e0a0a82656488378cbd29c3baa2e2e8354a26
[2m2025-12-10T12:17:33.365619Z[0m [34mDEBUG[0m [2methereum_transaction_pool_monitor::eth_client[0m[2m:[0m 📨 Received WebSocket message: {"jsonrpc":"2.0","method":"eth_subscription","params":{"subscription":"0xb60af543a4ead1cf1df939ac89b7e704","result":"0xa4b2c58927df3abb8a1a02fbf7ba37dc98a83ada1fc97bd297062ede04bdd8b0"}}
[2m2025-12-10T12:17:33.365634Z[0m [34mDEBUG[0m [2methereum_transaction_pool_monitor::eth_client[0m[2m:[0m 📨 Received pending transaction: 0xa4b2c58927df3abb8a1a02fbf7ba37dc98a83ada1fc97bd297062ede04bdd8b0
[2m2025-12-10T12:17:33.365643Z[0m [34mDEBUG[0m [2methereum_transaction_pool_monitor::eth_client[0m[2m:[0m 📨 Received WebSocket message: {"jsonrpc":"2.0","method":"eth_subscription","params":{"subscription":"0xb60af543a4ead1cf1df939ac89b7e704","result":"0x19b29a22a74d671fe7b44d22d846f69441a6d0e4dd71b82149e81669213c42c7"}}
[2m2025-12-10T12:17:33.365658Z[0m [34mDEBUG[0m [2methereum_transaction_pool_monitor::eth_client[0m[2m:[0m 📨 Received pending transaction: 0x19b29a22a74d671fe7b44d22d846f69441a6d0e4dd71b82149e81669213c42c7
[2m2025-12-10T12:17:33.365668Z[0m [34mDEBUG[0m [2methereum_transaction_pool_monitor::eth_client[0m[2m:[0m 📨 Received WebSocket message: {"jsonrpc":"2.0","method":"eth_subscription","params":{"subscription":"0xb60af543a4ead1cf1df939ac89b7e704","result":"0x73f154445390d9a43e273be275ea84d78b1f06f358b0bccc72e75e7100f7b18b"}}
[2m2025-12-10T12:17:33.365683Z[0m [34mDEBUG[0m [2methereum_transaction_pool_monitor::eth_client[0m[2m:[0m 📨 Received pending transaction: 0x73f154445390d9a43e273be275ea84d78b1f06f358b0bccc72e75e7100f7b18b
[2m2025-12-10T12:17:33.365692Z[0m [34mDEBUG[0m [2methereum_transaction_pool_monitor::eth_client[0m[2m:[0m 📨 Received WebSocket message: {"jsonrpc":"2.0","method":"eth_subscription","params":{"subscription":"0xb60af543a4ead1cf1df939ac89b7e704","result":"0x61e87045c2a4189ddd5f070c6a2a9caf6e9161684bb73dc78f770fb7732c8fb8"}}
[2m2025-12-10T12:17:33.365708Z[0m [34mDEBUG[0m [2methereum_transaction_pool_monitor::eth_client[0m[2m:[0m 📨 Received pending transaction: 0x61e87045c2a4189ddd5f070c6a2a9caf6e9161684bb73dc78f770fb7732c8fb8
[2m2025-12-10T12:17:33.365722Z[0m [34mDEBUG[0m [2methereum_transaction_pool_monitor::eth_client[0m[2m:[0m 📨 Received WebSocket message: {"jsonrpc":"2.0","method":"eth_subscription","params":{"subscription":"0xb60af543a4ead1cf1df939ac89b7e704","result":"0x3331783de87767441f1aa127f8f2a8edc7fb5748b083beadc88dbeb6fe7d572d"}}
[2m2025-12-10T12:17:33.365737Z[0m [34mDEBUG[0m [2methereum_transaction_pool_monitor::eth_client[0m[2m:[0m 📨 Received pending transaction: 0x3331783de87767441f1aa127f8f2a8edc7fb5748b083beadc88dbeb6fe7d572d
[2m2025-12-10T12:17:33.365746Z[0m [34mDEBUG[0m [2methereum_transaction_pool_monitor::eth_client[0m[2m:[0m 📨 Received WebSocket message: {"jsonrpc":"2.0","method":"eth_subscription","params":{"subscription":"0xb60af543a4ead1cf1df939ac89b7e704","result":"0xbc7325e026f80dfb95f28393e3ae6dacfc15c0c0bd3c93db8723853def22fe41"}}
[2m2025-12-10T12:17:33.365761Z[0m [34mDEBUG[0m [2methereum_transaction_pool_monitor::eth_client[0m[2m:[0m 📨 Received pending transaction: 0xbc7325e026f80dfb95f28393e3ae6dacfc15c0c0bd3c93db8723853def22fe41
[2m2025-12-10T12:17:33.365771Z[0m [34mDEBUG[0m [2methereum_transaction_pool_monitor::eth_client[0m[2m:[0m 📨 Received WebSocket message: {"jsonrpc":"2.0","method":"eth_subscription","params":{"subscription":"0xb60af543a4ead1cf1df939ac89b7e704","result":"0x162940cec84311f52847010cea469b1cfee0a52237212a347fe87c44469404d3"}}
[2m2025-12-10T12:17:33.365786Z[0m [34mDEBUG[0m [2methereum_transaction_pool_monitor::eth_client[0m[2m:[0m 📨 Received pending transaction: 0x162940cec84311f52847010cea469b1cfee0a52237212a347fe87c44469404d3
[2m2025-12-10T12:17:33.365796Z[0m [34mDEBUG[0m [2methereum_transaction_pool_monitor::eth_client[0m[2m:[0m 📨 Received WebSocket message: {"jsonrpc":"2.0","method":"eth_subscription","params":{"subscription":"0xb60af543a4ead1cf1df939ac89b7e704","result":"0x090baaf93d48d2cd8af710be58adb0ec619c92f3f5602979c3ec1719a150f7a8"}}
[2m2025-12-10T12:17:33.365811Z[0m [34mDEBUG[0m [2methereum_transaction_pool_monitor::eth_client[0m[2m:[0m 📨 Received pending transaction: 0x090baaf93d48d2cd8af710be58adb0ec619c92f3f5602979c3ec1719a150f7a8
[2m2025-12-10T12:17:33.365821Z[0m [34mDEBUG[0m [2methereum_transaction_pool_monitor::eth_client[0m[2m:[0m 📨 Received WebSocket message: {"jsonrpc":"2.0","method":"eth_subscription","params":{"subscription":"0xb60af543a4ead1cf1df939ac89b7e704","result":"0xa9bf4a7caf15a28bda4a3056bce9522ac59bb49bb507bc6e20d4234fcb7cb0eb"}}
[2m2025-12-10T12:17:33.365836Z[0m [34mDEBUG[0m [2methereum_transaction_pool_monitor::eth_client[0m[2m:[0m 📨 Received pending transaction: 0xa9bf4a7caf15a28bda4a3056bce9522ac59bb49bb507bc6e20d4234fcb7cb0eb
[2m2025-12-10T12:17:33.365845Z[0m [34mDEBUG[0m [2methereum_transaction_pool_monitor::eth_client[0m[2m:[0m 📨 Received WebSocket message: {"jsonrpc":"2.0","method":"eth_subscription","params":{"subscription":"0xb60af543a4ead1cf1df939ac89b7e704","result":"0xebd89f843f1bf7403ef26fc8b1c8319bb6814c1e9f3678d27799b0a8a2785592"}}
[2m2025-12-10T12:17:33.365863Z[0m [34mDEBUG[0m [2methereum_transaction_pool_monitor::eth_client[0m[2m:[0m 📨 Received pending transaction: 0xebd89f843f1bf7403ef26fc8b1c8319bb6814c1e9f3678d27799b0a8a2785592
[2m2025-12-10T12:17:33.365874Z[0m [34mDEBUG[0m [2methereum_transaction_pool_monitor::eth_client[0m[2m:[0m 📨 Received WebSocket message: {"jsonrpc":"2.0","method":"eth_subscription","params":{"subscription":"0xb60af543a4ead1cf1df939ac89b7e704","result":"0x8107b456613819382390b005fd68ea67ba7a7e2b5e6e9863c5a2573c885e8ed2"}}
[2m2025-12-10T12:17:33.365889Z[0m [34mDEBUG[0m [2methereum_transaction_pool_monitor::eth_client[0m[2m:[0m 📨 Received pending transaction: 0x8107b456613819382390b005fd68ea67ba7a7e2b5e6e9863c5a2573c885e8ed2
[2m2025-12-10T12:17:33.365899Z[0m [34mDEBUG[0m [2methereum_transaction_pool_monitor::eth_client[0m[2m:[0m 📨 Received WebSocket message: {"jsonrpc":"2.0","method":"eth_subscription","params":{"subscription":"0xb60af543a4ead1cf1df939ac89b7e704","result":"0x8d228eb8be92baeac29b86e7f0412e90e221dedcca2ce01b48925b23609ae4a7"}}
[2m2025-12-10T12:17:33.365914Z[0m [34mDEBUG[0m [2methereum_transaction_pool_monitor::eth_client[0m[2m:[0m 📨 Received pending transaction: 0x8d228eb8be92baeac29b86e7f0412e90e221dedcca2ce01b48925b23609ae4a7
[2m2025-12-10T12:17:33.365923Z[0m [34mDEBUG[0m [2methereum_transaction_pool_monitor::eth_client[0m[2m:[0m 📨 Received WebSocket message: {"jsonrpc":"2.0","method":"eth_subscription","params":{"subscription":"0xb60af543a4ead1cf1df939ac89b7e704","result":"0x449daebc977f0e329991639fdc6833a688615600ec5c586a655e646b4cfe32e2"}}
[2m2025-12-10T12:17:33.365938Z[0m [34mDEBUG[0m [2methereum_transaction_pool_monitor::eth_client[0m[2m:[0m 📨 Received pending transaction: 0x449daebc977f0e329991639fdc6833a688615600ec5c586a655e646b4cfe32e2
[2m2025-12-10T12:17:33.365947Z[0m [34mDEBUG[0m [2methereum_transaction_pool_monitor::eth_client[0m[2m:[0m 📨 Received WebSocket message: {"jsonrpc":"2.0","method":"eth_subscription","params":{"subscription":"0xb60af543a4ead1cf1df939ac89b7e704","result":"0x991fe53a64a659c5465b7078b7f08b3a88ada7c7c35f43355c856383f42bdcfd"}}
[2m2025-12-10T12:17:33.365963Z[0m [34mDEBUG[0m [2methereum_transaction_pool_monitor::eth_client[0m[2m:[0m 📨 Received pending transaction: 0x991fe53a64a659c5465b7078b7f08b3a88ada7c7c35f43355c856383f42bdcfd
[2m2025-12-10T12:17:33.365972Z[0m [34mDEBUG[0m [2methereum_transaction_pool_monitor::eth_client[0m[2m:[0m 📨 Received WebSocket message: {"jsonrpc":"2.0","method":"eth_subscription","params":{"subscription":"0xb60af543a4ead1cf1df939ac89b7e704","result":"0x067458ced840f1cef8f580a20b07f334025866ffa0c43fb4867dff1ffd4fac6c"}}
[2m2025-12-10T12:17:33.365987Z[0m [34mDEBUG[0m [2methereum_transaction_pool_monitor::eth_client[0m[2m:[0m 📨 Received pending transaction: 0x067458ced840f1cef8f580a20b07f334025866ffa0c43fb4867dff1ffd4fac6c
[2m2025-12-10T12:17:33.365997Z[0m [34mDEBUG[0m [2methereum_transaction_pool_monitor::eth_client[0m[2m:[0m 📨 Received WebSocket message: {"jsonrpc":"2.0","method":"eth_subscription","params":{"subscription":"0xb60af543a4ead1cf1df939ac89b7e704","result":"0xe90f46dae71d6f3fd18c1ae47d9d781c1ae5674213a50b033b3d136a38ba16c6"}}
[2m2025-12-10T12:17:33.366012Z[0m [34mDEBUG[0m [2methereum_transaction_pool_monitor::eth_client[0m[2m:[0m 📨 Received pending transaction: 0xe90f46dae71d6f3fd18c1ae47d9d781c1ae5674213a50b033b3d136a38ba16c6
[2m2025-12-10T12:17:33.366023Z[0m [34mDEBUG[0m [2methereum_transaction_pool_monitor::eth_client[0m[2m:[0m 📨 Received WebSocket message: {"jsonrpc":"2.0","method":"eth_subscription","params":{"subscription":"0xb60af543a4ead1cf1df939ac89b7e704","result":"0xd3919f8750016834c96babeef275f0a36a4017386ea825c4f49884ae12bf8106"}}
[2m2025-12-10T12:17:33.366037Z[0m [34mDEBUG[0m [2methereum_transaction_pool_monitor::eth_client[0m[2m:[0m 📨 Received pending transaction: 0xd3919f8750016834c96babeef275f0a36a4017386ea825c4f49884ae12bf8106
[2m2025-12-10T12:17:33.366046Z[0m [34mDEBUG[0m [2methereum_transaction_pool_monitor::eth_client[0m[2m:[0m 📨 Received WebSocket message: {"jsonrpc":"2.0","method":"eth_subscription","params":{"subscription":"0xb60af543a4ead1cf1df939ac89b7e704","result":"0x1f5f0c9a912641f846d5f5f19bd0fdce11fd23e70e8ab83129e7fb31302b7fa4"}}
[2m2025-12-10T12:17:33.366061Z[0m [34mDEBUG[0m [2methereum_transaction_pool_monitor::eth_client[0m[2m:[0m 📨 Received pending transaction: 0x1f5f0c9a912641f846d5f5f19bd0fdce11fd23e70e8ab83129e7fb31302b7fa4
[2m2025-12-10T12:17:33.366071Z[0m [34mDEBUG[0m [2methereum_transaction_pool_monitor::eth_client[0m[2m:[0m 📨 Received WebSocket message: {"jsonrpc":"2.0","method":"eth_subscription","params":{"subscription":"0xb60af543a4ead1cf1df939ac89b7e704","result":"0x912a7e46e5fbde1fd38820f7bbaa310983e04011745c406809350344dd53304d"}}
[2m2025-12-10T12:17:33.366087Z[0m [34mDEBUG[0m [2methereum_transaction_pool_monitor::eth_client[0m[2m:[0m 📨 Received pending transaction: 0x912a7e46e5fbde1fd38820f7bbaa310983e04011745c406809350344dd53304d
[2m2025-12-10T12:17:33.366127Z[0m [34mDEBUG[0m [2methereum_transaction_pool_monitor::eth_client[0m[2m:[0m 📨 Received WebSocket message: {"jsonrpc":"2.0","method":"eth_subscription","params":{"subscription":"0xb60af543a4ead1cf1df939ac89b7e704","result":"0xf73bc052687db5e62b13188082793f4fdf2e817646dc07d0675cddc603efd01b"}}
[2m2025-12-10T12:17:33.366143Z[0m [34mDEBUG[0m [2methereum_transaction_pool_monitor::eth_client[0m[2m:[0m 📨 Received pending transaction: 0xf73bc052687db5e62b13188082793f4fdf2e817646dc07d0675cddc603efd01b
[2m2025-12-10T12:17:33.366152Z[0m [34mDEBUG[0m [2methereum_transaction_pool_monitor::eth_client[0m[2m:[0m 📨 Received WebSocket message: {"jsonrpc":"2.0","method":"eth_subscription","params":{"subscription":"0xb60af543a4ead1cf1df939ac89b7e704","result":"0x9fc57b143bd4314edc67962a6efc0ff73b8874507a41f9eb2c90bceb24045447"}}
[2m2025-12-10T12:17:33.366167Z[0m [34mDEBUG[0m [2methereum_transaction_pool_monitor::eth_client[0m[2m:[0m 📨 Received pending transaction: 0x9fc57b143bd4314edc67962a6efc0ff73b8874507a41f9eb2c90bceb24045447
[2m2025-12-10T12:17:33.366177Z[0m [34mDEBUG[0m [2methereum_transaction_pool_monitor::eth_client[0m[2m:[0m 📨 Received WebSocket message: {"jsonrpc":"2.0","method":"eth_subscription","params":{"subscription":"0xb60af543a4ead1cf1df939ac89b7e704","result":"0x928c88d16cfb685a10c788ec57560b09954c06d0d0e0d4aacfe33c8eef8ead62"}}
[2m2025-12-10T12:17:33.366192Z[0m [34mDEBUG[0m [2methereum_transaction_pool_monitor::eth_client[0m[2m:[0m 📨 Received pending transaction: 0x928c88d16cfb685a10c788ec57560b09954c06d0d0e0d4aacfe33c8eef8ead62
[2m2025-12-10T12:17:33.366201Z[0m [34mDEBUG[0m [2methereum_transaction_pool_monitor::eth_client[0m[2m:[0m 📨 Received WebSocket message: {"jsonrpc":"2.0","method":"eth_subscription","params":{"subscription":"0xb60af543a4ead1cf1df939ac89b7e704","result":"0x4982618213842a9d2a77858ac34fc035a88711e9ea23b07389dbaea585187c73"}}
[2m2025-12-10T12:17:33.366216Z[0m [34mDEBUG[0m [2methereum_transaction_pool_monitor::eth_client[0m[2m:[0m 📨 Received pending transaction: 0x4982618213842a9d2a77858ac34fc035a88711e9ea23b07389dbaea585187c73
[2m2025-12-10T12:17:33.366225Z[0m [34mDEBUG[0m [2methereum_transaction_pool_monitor::eth_client[0m[2m:[0m 📨 Received WebSocket message: {"jsonrpc":"2.0","method":"eth_subscription","params":{"subscription":"0xb60af543a4ead1cf1df939ac89b7e704","result":"0x21a073364816448ebaafeb2816e99edfbdb4bbd2c41602bc4a3fff40d76e4e4d"}}
[2m2025-12-10T12:17:33.366240Z[0m [34mDEBUG[0m [2methereum_transaction_pool_monitor::eth_client[0m[2m:[0m 📨 Received pending transaction: 0x21a073364816448ebaafeb2816e99edfbdb4bbd2c41602bc4a3fff40d76e4e4d
[2m2025-12-10T12:17:33.366249Z[0m [34mDEBUG[0m [2methereum_transaction_pool_monitor::eth_client[0m[2m:[0m 📨 Received WebSocket message: {"jsonrpc":"2.0","method":"eth_subscription","params":{"subscription":"0xb60af543a4ead1cf1df939ac89b7e704","result":"0xbd36e90db84e1ae8f05f894a6d708098c353938f24ac942f9c73abbc8edcf5a6"}}
[2m2025-12-10T12:17:33.366264Z[0m [34mDEBUG[0m [2methereum_transaction_pool_monitor::eth_client[0m[2m:[0m 📨 Received pending transaction: 0xbd36e90db84e1ae8f05f894a6d708098c353938f24ac942f9c73abbc8edcf5a6
[2m2025-12-10T12:17:33.366274Z[0m [34mDEBUG[0m [2methereum_transaction_pool_monitor::eth_client[0m[2m:[0m 📨 Received WebSocket message: {"jsonrpc":"2.0","method":"eth_subscription","params":{"subscription":"0xb60af543a4ead1cf1df939ac89b7e704","result":"0x2409ff60024cf1d424782b826aa6d8516ebfd89cf20b924d06076e98ae6e6c24"}}
[2m2025-12-10T12:17:33.366289Z[0m [34mDEBUG[0m [2methereum_transaction_pool_monitor::eth_client[0m[2m:[0m 📨 Received pending transaction: 0x2409ff60024cf1d424782b826aa6d8516ebfd89cf20b924d06076e98ae6e6c24
[2m2025-12-10T12:17:33.366298Z[0m [34mDEBUG[0m [2methereum_transaction_pool_monitor::eth_client[0m[2m:[0m 📨 Received WebSocket message: {"jsonrpc":"2.0","method":"eth_subscription","params":{"subscription":"0xb60af543a4ead1cf1df939ac89b7e704","result":"0x514304f95c71978078246c2133fa741571d5a8d0225ff0081523527e3aa787db"}}
[2m2025-12-10T12:17:33.366313Z[0m [34mDEBUG[0m [2methereum_transaction_pool_monitor::eth_client[0m[2m:[0m 📨 Received pending transaction: 0x514304f95c71978078246c2133fa741571d5a8d0225ff0081523527e3aa787db
[2m2025-12-10T12:17:33.366323Z[0m [34mDEBUG[0m [2methereum_transaction_pool_monitor::eth_client[0m[2m:[0m 📨 Received WebSocket message: {"jsonrpc":"2.0","method":"eth_subscription","params":{"subscription":"0xb60af543a4ead1cf1df939ac89b7e704","result":"0x0c8e4f8e6b7cd403f3661363c83ef109b862e054fd59bbf136956c16dd958bdd"}}
[2m2025-12-10T12:17:33.366338Z[0m [34mDEBUG[0m [2methereum_transaction_pool_monitor::eth_client[0m[2m:[0m 📨 Received pending transaction: 0x0c8e4f8e6b7cd403f3661363c83ef109b862e054fd59bbf136956c16dd958bdd
[2m2025-12-10T12:17:33.366347Z[0m [34mDEBUG[0m [2methereum_transaction_pool_monitor::eth_client[0m[2m:[0m 📨 Received WebSocket message: {"jsonrpc":"2.0","method":"eth_subscription","params":{"subscription":"0xb60af543a4ead1cf1df939ac89b7e704","result":"0x2f1d8578030e7a4f50ec0c6b0b9b9b7b344752bea04f8db7cfb5e6075a3c2368"}}
[2m2025-12-10T12:17:33.366363Z[0m [34mDEBUG[0m [2methereum_transaction_pool_monitor::eth_client[0m[2m:[0m 📨 Received pending transaction: 0x2f1d8578030e7a4f50ec0c6b0b9b9b7b344752bea04f8db7cfb5e6075a3c2368
[2m2025-12-10T12:17:33.366373Z[0m [34mDEBUG[0m [2methereum_transaction_pool_monitor::eth_client[0m[2m:[0m 📨 Received WebSocket message: {"jsonrpc":"2.0","method":"eth_subscription","params":{"subscription":"0xb60af543a4ead1cf1df939ac89b7e704","result":"0xe18c78f6afb1c5ab4f01f26ce60f8be9e45e7e78c6783b988cf41ac1a2aa1246"}}
[2m2025-12-10T12:17:33.366388Z[0m [34mDEBUG[0m [2methereum_transaction_pool_monitor::eth_client[0m[2m:[0m 📨 Received pending transaction: 0xe18c78f6afb1c5ab4f01f26ce60f8be9e45e7e78c6783b988cf41ac1a2aa1246
[2m2025-12-10T12:17:33.366398Z[0m [34mDEBUG[0m [2methereum_transaction_pool_monitor::eth_client[0m[2m:[0m 📨 Received WebSocket message: {"jsonrpc":"2.0","method":"eth_subscription","params":{"subscription":"0xb60af543a4ead1cf1df939ac89b7e704","result":"0x7aa3b73361e89ebdf6afecb31d696e71136d848858c7ed189c51766585393717"}}
[2m2025-12-10T12:17:33.366412Z[0m [34mDEBUG[0m [2methereum_transaction_pool_monitor::eth_client[0m[2m:[0m 📨 Received pending transaction: 0x7aa3b73361e89ebdf6afecb31d696e71136d848858c7ed189c51766585393717
[2m2025-12-10T12:17:33.366422Z[0m [34mDEBUG[0m [2methereum_transaction_pool_monitor::eth_client[0m[2m:[0m 📨 Received WebSocket message: {"jsonrpc":"2.0","method":"eth_subscription","params":{"subscription":"0xb60af543a4ead1cf1df939ac89b7e704","result":"0x8d5ec8e2336cb92399106d43488e98dd3cc54c3b04b321ce4c116878680b5a44"}}
[2m2025-12-10T12:17:33.366437Z[0m [34mDEBUG[0m [2methereum_transaction_pool_monitor::eth_client[0m[2m:[0m 📨 Received pending transaction: 0x8d5ec8e2336cb92399106d43488e98dd3cc54c3b04b321ce4c116878680b5a44
[2m2025-12-10T12:17:33.366447Z[0m [34mDEBUG[0m [2methereum_transaction_pool_monitor::eth_client[0m[2m:[0m 📨 Received WebSocket message: {"jsonrpc":"2.0","method":"eth_subscription","params":{"subscription":"0xb60af543a4ead1cf1df939ac89b7e704","result":"0x356c9ebaca9e44fe2cb384b7f2b281a82681a0065c74feaf8d225b61b63da16b"}}
[2m2025-12-10T12:17:33.366462Z[0m [34mDEBUG[0m [2methereum_transaction_pool_monitor::eth_client[0m[2m:[0m 📨 Received pending transaction: 0x356c9ebaca9e44fe2cb384b7f2b281a82681a0065c74feaf8d225b61b63da16b
[2m2025-12-10T12:17:33.366472Z[0m [34mDEBUG[0m [2methereum_transaction_pool_monitor::eth_client[0m[2m:[0m 📨 Received WebSocket message: {"jsonrpc":"2.0","method":"eth_subscription","params":{"subscription":"0xb60af543a4ead1cf1df939ac89b7e704","result":"0x3b866ab0f43a1002c82f3f7b1a0eed368f52a9c3ac92f66d149831efc90009da"}}
[2m2025-12-10T12:17:33.366486Z[0m [34mDEBUG[0m [2methereum_transaction_pool_monitor::eth_client[0m[2m:[0m 📨 Received pending transaction: 0x3b866ab0f43a1002c82f3f7b1a0eed368f52a9c3ac92f66d149831efc90009da
[2m2025-12-10T12:17:33.366496Z[0m [34mDEBUG[0m [2methereum_transaction_pool_monitor::eth_client[0m[2m:[0m 📨 Received WebSocket message: {"jsonrpc":"2.0","method":"eth_subscription","params":{"subscription":"0xb60af543a4ead1cf1df939ac89b7e704","result":"0xf21647531d5f97578ab06614d86759593caec74e3abd1b6c178673f2c2b9d4e0"}}
[2m2025-12-10T12:17:33.366510Z[0m [34mDEBUG[0m [2methereum_transaction_pool_monitor::eth_client[0m[2m:[0m 📨 Received pending transaction: 0xf21647531d5f97578ab06614d86759593caec74e3abd1b6c178673f2c2b9d4e0
[2m2025-12-10T12:17:33.366520Z[0m [34mDEBUG[0m [2methereum_transaction_pool_monitor::eth_client[0m[2m:[0m 📨 Received WebSocket message: {"jsonrpc":"2.0","method":"eth_subscription","params":{"subscription":"0xb60af543a4ead1cf1df939ac89b7e704","result":"0x215ce655e138dee48e78dfdc0c9afc305e7df260ee008cad5cd0906e74c9cd3f"}}
[2m2025-12-10T12:17:33.366535Z[0m [34mDEBUG[0m [2methereum_transaction_pool_monitor::eth_client[0m[2m:[0m 📨 Received pending transaction: 0x215ce655e138dee48e78dfdc0c9afc305e7df260ee008cad5cd0906e74c9cd3f
[2m2025-12-10T12:17:33.366546Z[0m [34mDEBUG[0m [2methereum_transaction_pool_monitor::eth_client[0m[2m:[0m 📨 Received WebSocket message: {"jsonrpc":"2.0","method":"eth_subscription","params":{"subscription":"0xb60af543a4ead1cf1df939ac89b7e704","result":"0x3b59fe056108e84c158a48511205f4cb436787599476b9040fc6d39f4c890e80"}}
[2m2025-12-10T12:17:33.366562Z[0m [34mDEBUG[0m [2methereum_transaction_pool_monitor::eth_client[0m[2m:[0m 📨 Received pending transaction: 0x3b59fe056108e84c158a48511205f4cb436787599476b9040fc6d39f4c890e80
[2m2025-12-10T12:17:33.366573Z[0m [34mDEBUG[0m [2methereum_transaction_pool_monitor::eth_client[0m[2m:[0m 📨 Received WebSocket message: {"jsonrpc":"2.0","method":"eth_subscription","params":{"subscription":"0xb60af543a4ead1cf1df939ac89b7e704","result":"0x51e9669cf31df5b0365e506de846020e30f068fc23fdb30681c57bfc45ea8f9a"}}
[2m2025-12-10T12:17:33.366588Z[0m [34mDEBUG[0m [2methereum_transaction_pool_monitor::eth_client[0m[2m:[0m 📨 Received pending transaction: 0x51e9669cf31df5b0365e506de846020e30f068fc23fdb30681c57bfc45ea8f9a
[2m2025-12-10T12:17:33.366598Z[0m [34mDEBUG[0m [2methereum_transaction_pool_monitor::eth_client[0m[2m:[0m 📨 Received WebSocket message: {"jsonrpc":"2.0","method":"eth_subscription","params":{"subscription":"0xb60af543a4ead1cf1df939ac89b7e704","result":"0x26decc32b37ed6ee98f3adceae88fdf2bcec73ec33f47b40d8f1bcad1f7cbe78"}}
[2m2025-12-10T12:17:33.366613Z[0m [34mDEBUG[0m [2methereum_transaction_pool_monitor::eth_client[0m[2m:[0m 📨 Received pending transaction: 0x26decc32b37ed6ee98f3adceae88fdf2bcec73ec33f47b40d8f1bcad1f7cbe78
[2m2025-12-10T12:17:33.366623Z[0m [34mDEBUG[0m [2methereum_transaction_pool_monitor::eth_client[0m[2m:[0m 📨 Received WebSocket message: {"jsonrpc":"2.0","method":"eth_subscription","params":{"subscription":"0xb60af543a4ead1cf1df939ac89b7e704","result":"0xd41d74a4e4254bf1db9b62705e45b3b04299894968e65fed194ff5286695bdc6"}}
[2m2025-12-10T12:17:33.366638Z[0m [34mDEBUG[0m [2methereum_transaction_pool_monitor::eth_client[0m[2m:[0m 📨 Received pending transaction: 0xd41d74a4e4254bf1db9b62705e45b3b04299894968e65fed194ff5286695bdc6
[2m2025-12-10T12:17:33.366676Z[0m [34mDEBUG[0m [2methereum_transaction_pool_monitor::eth_client[0m[2m:[0m 📨 Received WebSocket message: {"jsonrpc":"2.0","method":"eth_subscription","params":{"subscription":"0xb60af543a4ead1cf1df939ac89b7e704","result":"0xb4038fe452d07d9af6eaa233af9e6257a5344dbf8907f74fa191c5015890649a"}}
[2m2025-12-10T12:17:33.366693Z[0m [34mDEBUG[0m [2methereum_transaction_pool_monitor::eth_client[0m[2m:[0m 📨 Received pending transaction: 0xb4038fe452d07d9af6eaa233af9e6257a5344dbf8907f74fa191c5015890649a
[2m2025-12-10T12:17:33.366702Z[0m [34mDEBUG[0m [2methereum_transaction_pool_monitor::eth_client[0m[2m:[0m 📨 Received WebSocket message: {"jsonrpc":"2.0","method":"eth_subscription","params":{"subscription":"0xb60af543a4ead1cf1df939ac89b7e704","result":"0x02f81eb26641bee96e1d5d5f1a3430dfe97c3808a4ea7a8b88607dd8d834ead1"}}
[2m2025-12-10T12:17:33.366717Z[0m [34mDEBUG[0m [2methereum_transaction_pool_monitor::eth_client[0m[2m:[0m 📨 Received pending transaction: 0x02f81eb26641bee96e1d5d5f1a3430dfe97c3808a4ea7a8b88607dd8d834ead1
[2m2025-12-10T12:17:33.366727Z[0m [34mDEBUG[0m [2methereum_transaction_pool_monitor::eth_client[0m[2m:[0m 📨 Received WebSocket message: {"jsonrpc":"2.0","method":"eth_subscription","params":{"subscription":"0xb60af543a4ead1cf1df939ac89b7e704","result":"0x695d4812f8617dd6237ec2006085bb8cd85a02fd66363fe82627dfed90de7862"}}
[2m2025-12-10T12:17:33.366741Z[0m [34mDEBUG[0m [2methereum_transaction_pool_monitor::eth_client[0m[2m:[0m 📨 Received pending transaction: 0x695d4812f8617dd6237ec2006085bb8cd85a02fd66363fe82627dfed90de7862
[2m2025-12-10T12:17:33.366751Z[0m [34mDEBUG[0m [2methereum_transaction_pool_monitor::eth_client[0m[2m:[0m 📨 Received WebSocket message: {"jsonrpc":"2.0","method":"eth_subscription","params":{"subscription":"0xb60af543a4ead1cf1df939ac89b7e704","result":"0x447ea435665c14f05fc753d5be39a7473404f03f401aa83c9b7526f7ef3724de"}}
[2m2025-12-10T12:17:33.366766Z[0m [34mDEBUG[0m [2methereum_transaction_pool_monitor::eth_client[0m[2m:[0m 📨 Received pending transaction: 0x447ea435665c14f05fc753d5be39a7473404f03f401aa83c9b7526f7ef3724de
[2m2025-12-10T12:17:33.366775Z[0m [34mDEBUG[0m [2methereum_transaction_pool_monitor::eth_client[0m[2m:[0m 📨 Received WebSocket message: {"jsonrpc":"2.0","method":"eth_subscription","params":{"subscription":"0xb60af543a4ead1cf1df939ac89b7e704","result":"0xde862a2e7880b00128c8fdcc2eb2d9b47f1b78625c2708bc93948941dc4ad4a3"}}
[2m2025-12-10T12:17:33.366798Z[0m [34mDEBUG[0m [2methereum_transaction_pool_monitor::eth_client[0m[2m:[0m 📨 Received pending transaction: 0xde862a2e7880b00128c8fdcc2eb2d9b47f1b78625c2708bc93948941dc4ad4a3
[2m2025-12-10T12:17:33.366808Z[0m [34mDEBUG[0m [2methereum_transaction_pool_monitor::eth_client[0m[2m:[0m 📨 Received WebSocket message: {"jsonrpc":"2.0","method":"eth_subscription","params":{"subscription":"0xb60af543a4ead1cf1df939ac89b7e704","result":"0xd7121a777f697b6ded726f60d9a90a89ecb0af0866e9729e21a61f14888943ca"}}
[2m2025-12-10T12:17:33.366823Z[0m [34mDEBUG[0m [2methereum_transaction_pool_monitor::eth_client[0m[2m:[0m 📨 Received pending transaction: 0xd7121a777f697b6ded726f60d9a90a89ecb0af0866e9729e21a61f14888943ca
[2m2025-12-10T12:17:33.366833Z[0m [34mDEBUG[0m [2methereum_transaction_pool_monitor::eth_client[0m[2m:[0m 📨 Received WebSocket message: {"jsonrpc":"2.0","method":"eth_subscription","params":{"subscription":"0xb60af543a4ead1cf1df939ac89b7e704","result":"0x0b534060c500a27fb4c0db319276f7aeefd75c2e277451a7f76c36c9b1ad967f"}}
[2m2025-12-10T12:17:33.366847Z[0m [34mDEBUG[0m [2methereum_transaction_pool_monitor::eth_client[0m[2m:[0m 📨 Received pending transaction: 0x0b534060c500a27fb4c0db319276f7aeefd75c2e277451a7f76c36c9b1ad967f
[2m2025-12-10T12:17:33.366857Z[0m [34mDEBUG[0m [2methereum_transaction_pool_monitor::eth_client[0m[2m:[0m 📨 Received WebSocket message: {"jsonrpc":"2.0","method":"eth_subscription","params":{"subscription":"0xb60af543a4ead1cf1df939ac89b7e704","result":"0x32046568ae223857ddf322def22cd1097e75cad7b0fb89e5f8aade878f2669e6"}}
[2m2025-12-10T12:17:33.366877Z[0m [34mDEBUG[0m [2methereum_transaction_pool_monitor::eth_client[0m[2m:[0m 📨 Received pending transaction: 0x32046568ae223857ddf322def22cd1097e75cad7b0fb89e5f8aade878f2669e6
[2m2025-12-10T12:17:33.366887Z[0m [34mDEBUG[0m [2methereum_transaction_pool_monitor::eth_client[0m[2m:[0m 📨 Received WebSocket message: {"jsonrpc":"2.0","method":"eth_subscription","params":{"subscription":"0xb60af543a4ead1cf1df939ac89b7e704","result":"0x7065ba466b27ea7c847fc8224248b62c0cd489e94c7b660c35d7242a6c2eef9e"}}
[2m2025-12-10T12:17:33.366903Z[0m [34mDEBUG[0m [2methereum_transaction_pool_monitor::eth_client[0m[2m:[0m 📨 Received pending transaction: 0x7065ba466b27ea7c847fc8224248b62c0cd489e94c7b660c35d7242a6c2eef9e
[2m2025-12-10T12:17:33.366912Z[0m [34mDEBUG[0m [2methereum_transaction_pool_monitor::eth_client[0m[2m:[0m 📨 Received WebSocket message: {"jsonrpc":"2.0","method":"eth_subscription","params":{"subscription":"0xb60af543a4ead1cf1df939ac89b7e704","result":"0xf442d64e8a4044317ab2e918c1828f2f9556d18cd03208880d08ebd085ade279"}}
[2m2025-12-10T12:17:33.366927Z[0m [34mDEBUG[0m [2methereum_transaction_pool_monitor::eth_client[0m[2m:[0m 📨 Received pending transaction: 0xf442d64e8a4044317ab2e918c1828f2f9556d18cd03208880d08ebd085ade279
[2m2025-12-10T12:17:33.366936Z[0m [34mDEBUG[0m [2methereum_transaction_pool_monitor::eth_client[0m[2m:[0m 📨 Received WebSocket message: {"jsonrpc":"2.0","method":"eth_subscription","params":{"subscription":"0xb60af543a4ead1cf1df939ac89b7e704","result":"0xd8af25f5fd189e3d53c89e28b51a191d43ffb018f1328fb79c834e96051b7f43"}}
[2m2025-12-10T12:17:33.366951Z[0m [34mDEBUG[0m [2methereum_transaction_pool_monitor::eth_client[0m[2m:[0m 📨 Received pending transaction: 0xd8af25f5fd189e3d53c89e28b51a191d43ffb018f1328fb79c834e96051b7f43
[2m2025-12-10T12:17:33.366960Z[0m [34mDEBUG[0m [2methereum_transaction_pool_monitor::eth_client[0m[2m:[0m 📨 Received WebSocket message: {"jsonrpc":"2.0","method":"eth_subscription","params":{"subscription":"0xb60af543a4ead1cf1df939ac89b7e704","result":"0xc82c499a62fd98e91e2fdd2928174add510023d01949f100a50cffb5610e6330"}}
[2m2025-12-10T12:17:33.366974Z[0m [34mDEBUG[0m [2methereum_transaction_pool_monitor::eth_client[0m[2m:[0m 📨 Received pending transaction: 0xc82c499a62fd98e91e2fdd2928174add510023d01949f100a50cffb5610e6330
[2m2025-12-10T12:17:33.366985Z[0m [34mDEBUG[0m [2methereum_transaction_pool_monitor::eth_client[0m[2m:[0m 📨 Received WebSocket message: {"jsonrpc":"2.0","method":"eth_subscription","params":{"subscription":"0xb60af543a4ead1cf1df939ac89b7e704","result":"0x020b8d7ddf99f0e5bce39b233c7a0f5359e6f4358f2c47efd16d11efdbce285c"}}
[2m2025-12-10T12:17:33.366999Z[0m [34mDEBUG[0m [2methereum_transaction_pool_monitor::eth_client[0m[2m:[0m 📨 Received pending transaction: 0x020b8d7ddf99f0e5bce39b233c7a0f5359e6f4358f2c47efd16d11efdbce285c
[2m2025-12-10T12:17:33.367009Z[0m [34mDEBUG[0m [2methereum_transaction_pool_monitor::eth_client[0m[2m:[0m 📨 Received WebSocket message: {"jsonrpc":"2.0","method":"eth_subscription","params":{"subscription":"0xb60af543a4ead1cf1df939ac89b7e704","result":"0xe2f161d33d4b499a6ff1160e204dba4c7c4634cdd5299b48068a16694557bb93"}}
[2m2025-12-10T12:17:33.367023Z[0m [34mDEBUG[0m [2methereum_transaction_pool_monitor::eth_client[0m[2m:[0m 📨 Received pending transaction: 0xe2f161d33d4b499a6ff1160e204dba4c7c4634cdd5299b48068a16694557bb93
[2m2025-12-10T12:17:33.367033Z[0m [34mDEBUG[0m [2methereum_transaction_pool_monitor::eth_client[0m[2m:[0m 📨 Received WebSocket message: {"jsonrpc":"2.0","method":"eth_subscription","params":{"subscription":"0xb60af543a4ead1cf1df939ac89b7e704","result":"0xdf266b69819ae0e2c8b5bbcddfaf9ce55fe8e3643e73200b1e1febd81a08011d"}}
[2m2025-12-10T12:17:33.367047Z[0m [34mDEBUG[0m [2methereum_transaction_pool_monitor::eth_client[0m[2m:[0m 📨 Received pending transaction: 0xdf266b69819ae0e2c8b5bbcddfaf9ce55fe8e3643e73200b1e1febd81a08011d
[2m2025-12-10T12:17:33.367057Z[0m [34mDEBUG[0m [2methereum_transaction_pool_monitor::eth_client[0m[2m:[0m 📨 Received WebSocket message: {"jsonrpc":"2.0","method":"eth_subscription","params":{"subscription":"0xb60af543a4ead1cf1df939ac89b7e704","result":"0xe11a7d4a709a7074e90cd7991a0516a2c662bd9ebc96ad0c8e17e6c407b92748"}}
[2m2025-12-10T12:17:33.367075Z[0m [34mDEBUG[0m [2methereum_transaction_pool_monitor::eth_client[0m[2m:[0m 📨 Received pending transaction: 0xe11a7d4a709a7074e90cd7991a0516a2c662bd9ebc96ad0c8e17e6c407b92748
[2m2025-12-10T12:17:33.367085Z[0m [34mDEBUG[0m [2methereum_transaction_pool_monitor::eth_client[0m[2m:[0m 📨 Received WebSocket message: {"jsonrpc":"2.0","method":"eth_subscription","params":{"subscription":"0xb60af543a4ead1cf1df939ac89b7e704","result":"0xa217715c19e5f7bccff899881aaf5fedbd8499100ce5e563b77a28c6c6b5cfd4"}}
[2m2025-12-10T12:17:33.367101Z[0m [34mDEBUG[0m [2methereum_transaction_pool_monitor::eth_client[0m[2m:[0m 📨 Received pending transaction: 0xa217715c19e5f7bccff899881aaf5fedbd8499100ce5e563b77a28c6c6b5cfd4
[2m2025-12-10T12:17:33.367111Z[0m [34mDEBUG[0m [2methereum_transaction_pool_monitor::eth_client[0m[2m:[0m 📨 Received WebSocket message: {"jsonrpc":"2.0","method":"eth_subscription","params":{"subscription":"0xb60af543a4ead1cf1df939ac89b7e704","result":"0x8d7c96063d858aaf38c3720e0f0bd1315a2b5a8f9a9b1941671c670d2b844b3b"}}
[2m2025-12-10T12:17:33.367126Z[0m [34mDEBUG[0m [2methereum_transaction_pool_monitor::eth_client[0m[2m:[0m 📨 Received pending transaction: 0x8d7c96063d858aaf38c3720e0f0bd1315a2b5a8f9a9b1941671c670d2b844b3b
[2m2025-12-10T12:17:33.367136Z[0m [34mDEBUG[0m [2methereum_transaction_pool_monitor::eth_client[0m[2m:[0m 📨 Received WebSocket message: {"jsonrpc":"2.0","method":"eth_subscription","params":{"subscription":"0xb60af543a4ead1cf1df939ac89b7e704","result":"0x1bcbef4052ac9043161b024755fcd577ff96ff561e3d0a6237d6f796639a20e4"}}
[2m2025-12-10T12:17:33.367151Z[0m [34mDEBUG[0m [2methereum_transaction_pool_monitor::eth_client[0m[2m:[0m 📨 Received pending transaction: 0x1bcbef4052ac9043161b024755fcd577ff96ff561e3d0a6237d6f796639a20e4
[2m2025-12-10T12:17:33.367162Z[0m [34mDEBUG[0m [2methereum_transaction_pool_monitor::eth_client[0m[2m:[0m 📨 Received WebSocket message: {"jsonrpc":"2.0","method":"eth_subscription","params":{"subscription":"0xb60af543a4ead1cf1df939ac89b7e704","result":"0xeea2175e15069f2ad5142af41d39a0956a4ea46157102c3f09d35b2006cdf723"}}
[2m2025-12-10T12:17:33.367177Z[0m [34mDEBUG[0m [2methereum_transaction_pool_monitor::eth_client[0m[2m:[0m 📨 Received pending transaction: 0xeea2175e15069f2ad5142af41d39a0956a4ea46157102c3f09d35b2006cdf723
[2m2025-12-10T12:17:33.367186Z[0m [34mDEBUG[0m [2methereum_transaction_pool_monitor::eth_client[0m[2m:[0m 📨 Received WebSocket message: {"jsonrpc":"2.0","method":"eth_subscription","params":{"subscription":"0xb60af543a4ead1cf1df939ac89b7e704","result":"0xdc8c739dce01dad6e4e6a55afc22c2a159469904609ca743808fe67c36f4b760"}}
[2m2025-12-10T12:17:33.367200Z[0m [34mDEBUG[0m [2methereum_transaction_pool_monitor::eth_client[0m[2m:[0m 📨 Received pending transaction: 0xdc8c739dce01dad6e4e6a55afc22c2a159469904609ca743808fe67c36f4b760
[2m2025-12-10T12:17:33.367211Z[0m [34mDEBUG[0m [2methereum_transaction_pool_monitor::eth_client[0m[2m:[0m 📨 Received WebSocket message: {"jsonrpc":"2.0","method":"eth_subscription","params":{"subscription":"0xb60af543a4ead1cf1df939ac89b7e704","result":"0x433e133dd9c4aa33488a01487385365f0482e685219157cd4b668b9eb95deb87"}}
[2m2025-12-10T12:17:33.367226Z[0m [34mDEBUG[0m [2methereum_transaction_pool_monitor::eth_client[0m[2m:[0m 📨 Received pending transaction: 0x433e133dd9c4aa33488a01487385365f0482e685219157cd4b668b9eb95deb87
[2m2025-12-10T12:17:33.367264Z[0m [34mDEBUG[0m [2methereum_transaction_pool_monitor::eth_client[0m[2m:[0m 📨 Received WebSocket message: {"jsonrpc":"2.0","method":"eth_subscription","params":{"subscription":"0xb60af543a4ead1cf1df939ac89b7e704","result":"0x845432370b4c8257e8c81dc2a90bd01a99a25650cac11a28697f886804672a75"}}
[2m2025-12-10T12:17:33.367279Z[0m [34mDEBUG[0m [2methereum_transaction_pool_monitor::eth_client[0m[2m:[0m 📨 Received pending transaction: 0x845432370b4c8257e8c81dc2a90bd01a99a25650cac11a28697f886804672a75
[2m2025-12-10T12:17:33.367288Z[0m [34mDEBUG[0m [2methereum_transaction_pool_monitor::eth_client[0m[2m:[0m 📨 Received WebSocket message: {"jsonrpc":"2.0","method":"eth_subscription","params":{"subscription":"0xb60af543a4ead1cf1df939ac89b7e704","result":"0x2dfe7f6573f5bc09e1ed14006d8ae95551439da79d92acc812ea7f519433f3bf"}}
[2m2025-12-10T12:17:33.367303Z[0m [34mDEBUG[0m [2methereum_transaction_pool_monitor::eth_client[0m[2m:[0m 📨 Received pending transaction: 0x2dfe7f6573f5bc09e1ed14006d8ae95551439da79d92acc812ea7f519433f3bf
[2m2025-12-10T12:17:33.367312Z[0m [34mDEBUG[0m [2methereum_transaction_pool_monitor::eth_client[0m[2m:[0m 📨 Received WebSocket message: {"jsonrpc":"2.0","method":"eth_subscription","params":{"subscription":"0xb60af543a4ead1cf1df939ac89b7e704","result":"0x377636880b42e34b59f9b6476f0dc56439fe8a129ccd3e9063838be6f32bc1a5"}}
[2m2025-12-10T12:17:33.367327Z[0m [34mDEBUG[0m [2methereum_transaction_pool_monitor::eth_client[0m[2m:[0m 📨 Received pending transaction: 0x377636880b42e34b59f9b6476f0dc56439fe8a129ccd3e9063838be6f32bc1a5
[2m2025-12-10T12:17:33.367336Z[0m [34mDEBUG[0m [2methereum_transaction_pool_monitor::eth_client[0m[2m:[0m 📨 Received WebSocket message: {"jsonrpc":"2.0","method":"eth_subscription","params":{"subscription":"0xb60af543a4ead1cf1df939ac89b7e704","result":"0xe0fdebaf22ee589d8e88ac438482d2072d8dcd956132df099e9eb6967bd819b5"}}
[2m2025-12-10T12:17:33.367351Z[0m [34mDEBUG[0m [2methereum_transaction_pool_monitor::eth_client[0m[2m:[0m 📨 Received pending transaction: 0xe0fdebaf22ee589d8e88ac438482d2072d8dcd956132df099e9eb6967bd819b5
[2m2025-12-10T12:17:33.367361Z[0m [34mDEBUG[0m [2methereum_transaction_pool_monitor::eth_client[0m[2m:[0m 📨 Received WebSocket message: {"jsonrpc":"2.0","method":"eth_subscription","params":{"subscription":"0xb60af543a4ead1cf1df939ac89b7e704","result":"0xeb203b9d580cc3b0300076dd54aefcddd29dd1bc9004966107e7eb53fa7c97c0"}}
[2m2025-12-10T12:17:33.367375Z[0m [34mDEBUG[0m [2methereum_transaction_pool_monitor::eth_client[0m[2m:[0m 📨 Received pending transaction: 0xeb203b9d580cc3b0300076dd54aefcddd29dd1bc9004966107e7eb53fa7c97c0
[2m2025-12-10T12:17:33.367385Z[0m [34mDEBUG[0m [2methereum_transaction_pool_monitor::eth_client[0m[2m:[0m 📨 Received WebSocket message: {"jsonrpc":"2.0","method":"eth_subscription","params":{"subscription":"0xb60af543a4ead1cf1df939ac89b7e704","result":"0x1b573e995abb03852c4e263e443261cc7de5da1e3caf1cfdc5b0bfa51a009fdf"}}
[2m2025-12-10T12:17:33.367400Z[0m [34mDEBUG[0m [2methereum_transaction_pool_monitor::eth_client[0m[2m:[0m 📨 Received pending transaction: 0x1b573e995abb03852c4e263e443261cc7de5da1e3caf1cfdc5b0bfa51a009fdf
[2m2025-12-10T12:17:33.367411Z[0m [34mDEBUG[0m [2methereum_transaction_pool_monitor::eth_client[0m[2m:[0m 📨 Received WebSocket message: {"jsonrpc":"2.0","method":"eth_subscription","params":{"subscription":"0xb60af543a4ead1cf1df939ac89b7e704","result":"0xbf0f8ec17a550df163bf002f9ad8ae0e92030febb17b8188d6ff0d6ee429fee5"}}
[2m2025-12-10T12:17:33.367426Z[0m [34mDEBUG[0m [2methereum_transaction_pool_monitor::eth_client[0m[2m:[0m 📨 Received pending transaction: 0xbf0f8ec17a550df163bf002f9ad8ae0e92030febb17b8188d6ff0d6ee429fee5
[2m2025-12-10T12:17:33.367437Z[0m [34mDEBUG[0m [2methereum_transaction_pool_monitor::eth_client[0m[2m:[0m 📨 Received WebSocket message: {"jsonrpc":"2.0","method":"eth_subscription","params":{"subscription":"0xb60af543a4ead1cf1df939ac89b7e704","result":"0x9dbc63e033f54340f3d006d8ca03ee395aa6cd5d6a754a06b669418a1aad4a74"}}
[2m2025-12-10T12:17:33.367453Z[0m [34mDEBUG[0m [2methereum_transaction_pool_monitor::eth_client[0m[2m:[0m 📨 Received pending transaction: 0x9dbc63e033f54340f3d006d8ca03ee395aa6cd5d6a754a06b669418a1aad4a74
[2m2025-12-10T12:17:33.367463Z[0m [34mDEBUG[0m [2methereum_transaction_pool_monitor::eth_client[0m[2m:[0m 📨 Received WebSocket message: {"jsonrpc":"2.0","method":"eth_subscription","params":{"subscription":"0xb60af543a4ead1cf1df939ac89b7e704","result":"0xd52d5fd147b7e1bb0811dc898e9a22ab7108b7a4506daaa68fd76725617a4bf2"}}
[2m2025-12-10T12:17:33.367478Z[0m [34mDEBUG[0m [2methereum_transaction_pool_monitor::eth_client[0m[2m:[0m 📨 Received pending transaction: 0xd52d5fd147b7e1bb0811dc898e9a22ab7108b7a4506daaa68fd76725617a4bf2
[2m2025-12-10T12:17:33.367488Z[0m [34mDEBUG[0m [2methereum_transaction_pool_monitor::eth_client[0m[2m:[0m 📨 Received WebSocket message: {"jsonrpc":"2.0","method":"eth_subscription","params":{"subscription":"0xb60af543a4ead1cf1df939ac89b7e704","result":"0xd014133203c5e65053f3fb70116cd1a68c2c71b97291e1b55fd2def5ba01c440"}}
[2m2025-12-10T12:17:33.367504Z[0m [34mDEBUG[0m [2methereum_transaction_pool_monitor::eth_client[0m[2m:[0m 📨 Received pending transaction: 0xd014133203c5e65053f3fb70116cd1a68c2c71b97291e1b55fd2def5ba01c440
[2m2025-12-10T12:17:33.367514Z[0m [34mDEBUG[0m [2methereum_transaction_pool_monitor::eth_client[0m[2m:[0m 📨 Received WebSocket message: {"jsonrpc":"2.0","method":"eth_subscription","params":{"subscription":"0xb60af543a4ead1cf1df939ac89b7e704","result":"0x06b66a2cf2268226f1651b6754f86fe71da81dc3d4bf79618310921b0e7858ef"}}
[2m2025-12-10T12:17:33.367528Z[0m [34mDEBUG[0m [2methereum_transaction_pool_monitor::eth_client[0m[2m:[0m 📨 Received pending transaction: 0x06b66a2cf2268226f1651b6754f86fe71da81dc3d4bf79618310921b0e7858ef
[2m2025-12-10T12:17:33.367538Z[0m [34mDEBUG[0m [2methereum_transaction_pool_monitor::eth_client[0m[2m:[0m 📨 Received WebSocket message: {"jsonrpc":"2.0","method":"eth_subscription","params":{"subscription":"0xb60af543a4ead1cf1df939ac89b7e704","result":"0xaea3656983afd372b9bf7df67f684172a029f83876f6b13f15a3c3b352509fa8"}}
[2m2025-12-10T12:17:33.367553Z[0m [34mDEBUG[0m [2methereum_transaction_pool_monitor::eth_client[0m[2m:[0m 📨 Received pending transaction: 0xaea3656983afd372b9bf7df67f684172a029f83876f6b13f15a3c3b352509fa8
[2m2025-12-10T12:17:33.367563Z[0m [34mDEBUG[0m [2methereum_transaction_pool_monitor::eth_client[0m[2m:[0m 📨 Received WebSocket message: {"jsonrpc":"2.0","method":"eth_subscription","params":{"subscription":"0xb60af543a4ead1cf1df939ac89b7e704","result":"0x59066c4ec5f6459ccc80b97d4824308172b50983b84f1793a7345a41a74b0ac6"}}
[2m2025-12-10T12:17:33.367577Z[0m [34mDEBUG[0m [2methereum_transaction_pool_monitor::eth_client[0m[2m:[0m 📨 Received pending transaction: 0x59066c4ec5f6459ccc80b97d4824308172b50983b84f1793a7345a41a74b0ac6
[2m2025-12-10T12:17:33.367587Z[0m [34mDEBUG[0m [2methereum_transaction_pool_monitor::eth_client[0m[2m:[0m 📨 Received WebSocket message: {"jsonrpc":"2.0","method":"eth_subscription","params":{"subscription":"0xb60af543a4ead1cf1df939ac89b7e704","result":"0x6990dfd4880716a58b6dfa3d97917785360c390590a7fdeb4f82047ad42bef42"}}
[2m2025-12-10T12:17:33.367602Z[0m [34mDEBUG[0m [2methereum_transaction_pool_monitor::eth_client[0m[2m:[0m 📨 Received pending transaction: 0x6990dfd4880716a58b6dfa3d97917785360c390590a7fdeb4f82047ad42bef42
[2m2025-12-10T12:17:33.367611Z[0m [34mDEBUG[0m [2methereum_transaction_pool_monitor::eth_client[0m[2m:[0m 📨 Received WebSocket message: {"jsonrpc":"2.0","method":"eth_subscription","params":{"subscription":"0xb60af543a4ead1cf1df939ac89b7e704","result":"0xabf7124d7991d640d69027bc13a568675170554d3f957648c6507d050555118a"}}
[2m2025-12-10T12:17:33.367626Z[0m [34mDEBUG[0m [2methereum_transaction_pool_monitor::eth_client[0m[2m:[0m 📨 Received pending transaction: 0xabf7124d7991d640d69027bc13a568675170554d3f957648c6507d050555118a
[2m2025-12-10T12:17:33.367636Z[0m [34mDEBUG[0m [2methereum_transaction_pool_monitor::eth_client[0m[2m:[0m 📨 Received WebSocket message: {"jsonrpc":"2.0","method":"eth_subscription","params":{"subscription":"0xb60af543a4ead1cf1df939ac89b7e704","result":"0x2e8ccacaf2f6ca8fed5ee524a9bbfdbaeed7c6d27bd92c0709ea7c1b4510c73d"}}
[2m2025-12-10T12:17:33.367651Z[0m [34mDEBUG[0m [2methereum_transaction_pool_monitor::eth_client[0m[2m:[0m 📨 Received pending transaction: 0x2e8ccacaf2f6ca8fed5ee524a9bbfdbaeed7c6d27bd92c0709ea7c1b4510c73d
[2m2025-12-10T12:17:33.367660Z[0m [34mDEBUG[0m [2methereum_transaction_pool_monitor::eth_client[0m[2m:[0m 📨 Received WebSocket message: {"jsonrpc":"2.0","method":"eth_subscription","params":{"subscription":"0xb60af543a4ead1cf1df939ac89b7e704","result":"0x46c0460bf60eddda246b45c142e91b00f50b2435c3625a868fba3cf4d806a64d"}}
[2m2025-12-10T12:17:33.367675Z[0m [34mDEBUG[0m [2methereum_transaction_pool_monitor::eth_client[0m[2m:[0m 📨 Received pending transaction: 0x46c0460bf60eddda246b45c142e91b00f50b2435c3625a868fba3cf4d806a64d
[2m2025-12-10T12:17:33.367684Z[0m [34mDEBUG[0m [2methereum_transaction_pool_monitor::eth_client[0m[2m:[0m 📨 Received WebSocket message: {"jsonrpc":"2.0","method":"eth_subscription","params":{"subscription":"0xb60af543a4ead1cf1df939ac89b7e704","result":"0x24bd1a5491ebd237600f9ca2b2134303daac7066dbb87d3a9933abd6555f8a66"}}
[2m2025-12-10T12:17:33.367699Z[0m [34mDEBUG[0m [2methereum_transaction_pool_monitor::eth_client[0m[2m:[0m 📨 Received pending transaction: 0x24bd1a5491ebd237600f9ca2b2134303daac7066dbb87d3a9933abd6555f8a66
[2m2025-12-10T12:17:33.367709Z[0m [34mDEBUG[0m [2methereum_transaction_pool_monitor::eth_client[0m[2m:[0m 📨 Received WebSocket message: {"jsonrpc":"2.0","method":"eth_subscription","params":{"subscription":"0xb60af543a4ead1cf1df939ac89b7e704","result":"0x26252b7f0a6b6929c245c3ad9cf29d2ae68268b83909034f2b2421672fa299bf"}}
[2m2025-12-10T12:17:33.367723Z[0m [34mDEBUG[0m [2methereum_transaction_pool_monitor::eth_client[0m[2m:[0m 📨 Received pending transaction: 0x26252b7f0a6b6929c245c3ad9cf29d2ae68268b83909034f2b2421672fa299bf
[2m2025-12-10T12:17:33.367733Z[0m [34mDEBUG[0m [2methereum_transaction_pool_monitor::eth_client[0m[2m:[0m 📨 Received WebSocket message: {"jsonrpc":"2.0","method":"eth_subscription","params":{"subscription":"0xb60af543a4ead1cf1df939ac89b7e704","result":"0x1137f59c9b85acfed8ff998e2662ea0c5f91a13dafa3c2ffb639b03890e804e4"}}
[2m2025-12-10T12:17:33.367748Z[0m [34mDEBUG[0m [2methereum_transaction_pool_monitor::eth_client[0m[2m:[0m 📨 Received pending transaction: 0x1137f59c9b85acfed8ff998e2662ea0c5f91a13dafa3c2ffb639b03890e804e4
[2m2025-12-10T12:17:33.367757Z[0m [34mDEBUG[0m [2methereum_transaction_pool_monitor::eth_client[0m[2m:[0m 📨 Received WebSocket message: {"jsonrpc":"2.0","method":"eth_subscription","params":{"subscription":"0xb60af543a4ead1cf1df939ac89b7e704","result":"0xa995c5602de5094aa2a0dc682ece8ac0a85318c3602ae8ca038bbb7c8f0bb165"}}
[2m2025-12-10T12:17:33.367771Z[0m [34mDEBUG[0m [2methereum_transaction_pool_monitor::eth_client[0m[2m:[0m 📨 Received pending transaction: 0xa995c5602de5094aa2a0dc682ece8ac0a85318c3602ae8ca038bbb7c8f0bb165
[2m2025-12-10T12:17:33.367820Z[0m [34mDEBUG[0m [2methereum_transaction_pool_monitor::eth_client[0m[2m:[0m 📨 Received WebSocket message: {"jsonrpc":"2.0","method":"eth_subscription","params":{"subscription":"0xb60af543a4ead1cf1df939ac89b7e704","result":"0x3ef694b7c6f7271a6d6233622fc49bf10f2a9f0f967acebba799cff00c8dc4de"}}
[2m2025-12-10T12:17:33.367836Z[0m [34mDEBUG[0m [2methereum_transaction_pool_monitor::eth_client[0m[2m:[0m 📨 Received pending transaction: 0x3ef694b7c6f7271a6d6233622fc49bf10f2a9f0f967acebba799cff00c8dc4de
[2m2025-12-10T12:17:33.367846Z[0m [34mDEBUG[0m [2methereum_transaction_pool_monitor::eth_client[0m[2m:[0m 📨 Received WebSocket message: {"jsonrpc":"2.0","method":"eth_subscription","params":{"subscription":"0xb60af543a4ead1cf1df939ac89b7e704","result":"0x09966da09d65e7bbda7ad89e6508654d2cd59bef9345d817bbcf9efe539e1a9f"}}
[2m2025-12-10T12:17:33.367860Z[0m [34mDEBUG[0m [2methereum_transaction_pool_monitor::eth_client[0m[2m:[0m 📨 Received pending transaction: 0x09966da09d65e7bbda7ad89e6508654d2cd59bef9345d817bbcf9efe539e1a9f
[2m2025-12-10T12:17:33.367870Z[0m [34mDEBUG[0m [2methereum_transaction_pool_monitor::eth_client[0m[2m:[0m 📨 Received WebSocket message: {"jsonrpc":"2.0","method":"eth_subscription","params":{"subscription":"0xb60af543a4ead1cf1df939ac89b7e704","result":"0x24052346e903408a2da8ea00794ed6c2dfbdb285dab38b8e8243d965bce26982"}}
[2m2025-12-10T12:17:33.367884Z[0m [34mDEBUG[0m [2methereum_transaction_pool_monitor::eth_client[0m[2m:[0m 📨 Received pending transaction: 0x24052346e903408a2da8ea00794ed6c2dfbdb285dab38b8e8243d965bce26982
[2m2025-12-10T12:17:33.367894Z[0m [34mDEBUG[0m [2methereum_transaction_pool_monitor::eth_client[0m[2m:[0m 📨 Received WebSocket message: {"jsonrpc":"2.0","method":"eth_subscription","params":{"subscription":"0xb60af543a4ead1cf1df939ac89b7e704","result":"0xf44aa93f698a0d1afb2840e4827b1d3ef77fc14ff7e7c328dbfa01d90054d9b8"}}
[2m2025-12-10T12:17:33.367908Z[0m [34mDEBUG[0m [2methereum_transaction_pool_monitor::eth_client[0m[2m:[0m 📨 Received pending transaction: 0xf44aa93f698a0d1afb2840e4827b1d3ef77fc14ff7e7c328dbfa01d90054d9b8
[2m2025-12-10T12:17:33.367918Z[0m [34mDEBUG[0m [2methereum_transaction_pool_monitor::eth_client[0m[2m:[0m 📨 Received WebSocket message: {"jsonrpc":"2.0","method":"eth_subscription","params":{"subscription":"0xb60af543a4ead1cf1df939ac89b7e704","result":"0xd2d04ca722b7a2b0f6b1d036cb8dc856ed26ba28db0f2a42addd4bcb1f7a28f1"}}
[2m2025-12-10T12:17:33.367932Z[0m [34mDEBUG[0m [2methereum_transaction_pool_monitor::eth_client[0m[2m:[0m 📨 Received pending transaction: 0xd2d04ca722b7a2b0f6b1d036cb8dc856ed26ba28db0f2a42addd4bcb1f7a28f1
[2m2025-12-10T12:17:33.367942Z[0m [34mDEBUG[0m [2methereum_transaction_pool_monitor::eth_client[0m[2m:[0m 📨 Received WebSocket message: {"jsonrpc":"2.0","method":"eth_subscription","params":{"subscription":"0xb60af543a4ead1cf1df939ac89b7e704","result":"0x9a339a40071fc226355e9ed8add9be0b5938c6f7a11ba9b3d7d914f9447081e3"}}
[2m2025-12-10T12:17:33.367956Z[0m [34mDEBUG[0m [2methereum_transaction_pool_monitor::eth_client[0m[2m:[0m 📨 Received pending transaction: 0x9a339a40071fc226355e9ed8add9be0b5938c6f7a11ba9b3d7d914f9447081e3
[2m2025-12-10T12:17:33.367966Z[0m [34mDEBUG[0m [2methereum_transaction_pool_monitor::eth_client[0m[2m:[0m 📨 Received WebSocket message: {"jsonrpc":"2.0","method":"eth_subscription","params":{"subscription":"0xb60af543a4ead1cf1df939ac89b7e704","result":"0xa1ace44fcc15d9e0acdc749c1df27f4f9ee1a3bc114efd56affc825225862567"}}
[2m2025-12-10T12:17:33.367980Z[0m [34mDEBUG[0m [2methereum_transaction_pool_monitor::eth_client[0m[2m:[0m 📨 Received pending transaction: 0xa1ace44fcc15d9e0acdc749c1df27f4f9ee1a3bc114efd56affc825225862567
[2m2025-12-10T12:17:33.367989Z[0m [34mDEBUG[0m [2methereum_transaction_pool_monitor::eth_client[0m[2m:[0m 📨 Received WebSocket message: {"jsonrpc":"2.0","method":"eth_subscription","params":{"subscription":"0xb60af543a4ead1cf1df939ac89b7e704","result":"0x50844a4332df60a023554b956775a50e9ddb9dba7762a8872a867c328c25d072"}}
[2m2025-12-10T12:17:33.368005Z[0m [34mDEBUG[0m [2methereum_transaction_pool_monitor::eth_client[0m[2m:[0m 📨 Received pending transaction: 0x50844a4332df60a023554b956775a50e9ddb9dba7762a8872a867c328c25d072
[2m2025-12-10T12:17:33.368015Z[0m [34mDEBUG[0m [2methereum_transaction_pool_monitor::eth_client[0m[2m:[0m 📨 Received WebSocket message: {"jsonrpc":"2.0","method":"eth_subscription","params":{"subscription":"0xb60af543a4ead1cf1df939ac89b7e704","result":"0x4b1386fbd850f193a97fb0cf6bb6da6fab464e79a813b0e118308e634b61709d"}}
[2m2025-12-10T12:17:33.368031Z[0m [34mDEBUG[0m [2methereum_transaction_pool_monitor::eth_client[0m[2m:[0m 📨 Received pending transaction: 0x4b1386fbd850f193a97fb0cf6bb6da6fab464e79a813b0e118308e634b61709d
[2m2025-12-10T12:17:33.369730Z[0m [34mDEBUG[0m [2mhyper::proto::h1::io[0m[2m:[0m parsed 4 headers
[2m2025-12-10T12:17:33.369740Z[0m [34mDEBUG[0m [2mhyper::proto::h1::conn[0m[2m:[0m incoming body is content-length (45 bytes)
[2m2025-12-10T12:17:33.369755Z[0m [34mDEBUG[0m [2mhyper::proto::h1::conn[0m[2m:[0m incoming body completed
[2m2025-12-10T12:17:33.369778Z[0m [34mDEBUG[0m [2mhyper::client::pool[0m[2m:[0m pooling idle connection for ("http", 192.168.0.14:8545)
[2m2025-12-10T12:17:33.369836Z[0m [34mDEBUG[0m [2mhyper::client::pool[0m[2m:[0m reuse idle connection for ("http", 192.168.0.14:8545)
[2m2025-12-10T12:17:33.369873Z[0m [34mDEBUG[0m [2mhyper::proto::h1::io[0m[2m:[0m flushed 172 bytes
[2m2025-12-10T12:17:33.372062Z[0m [34mDEBUG[0m [2mhyper::proto::h1::io[0m[2m:[0m parsed 4 headers
[2m2025-12-10T12:17:33.372070Z[0m [34mDEBUG[0m [2mhyper::proto::h1::conn[0m[2m:[0m incoming body is content-length (643 bytes)
[2m2025-12-10T12:17:33.372080Z[0m [34mDEBUG[0m [2mhyper::proto::h1::conn[0m[2m:[0m incoming body completed
[2m2025-12-10T12:17:33.372095Z[0m [34mDEBUG[0m [2mhyper::client::pool[0m[2m:[0m pooling idle connection for ("http", 192.168.0.14:8545)
[2m2025-12-10T12:17:33.372106Z[0m [34mDEBUG[0m [2methereum_transaction_pool_monitor::eth_client[0m[2m:[0m 📡 Transaction fetch RPC completed in 7.381542ms
[2m2025-12-10T12:17:33.562159Z[0m [34mDEBUG[0m [2methereum_transaction_pool_monitor::eth_client[0m[2m:[0m ✅ Transaction 0xa5d187a3a3f51506bc58797231126e98ece710e1e992f7f9821f35a2f391d85a fetched and parsed in 197.431417ms
[2m2025-12-10T12:17:33.562206Z[0m [34mDEBUG[0m [2methereum_transaction_pool_monitor::mempool_monitor[0m[2m:[0m 🔍 Skipping tx 0xa5d187a3a3f51506bc58797231126e98ece710e1e992f7f9821f35a2f391d85a - not a DEX interaction (target: 0xA18700d05F2D0D6f164b71c58463cd92Aaf14bba)
[2m2025-12-10T12:17:33.562276Z[0m [34mDEBUG[0m [2methereum_transaction_pool_monitor::mempool_monitor[0m[2m:[0m 📨 Processing new pending transaction: 0x5de69f531156dc95e05a8194f8d6912f3325b5bed5d57d5b4a1d7fa356c86cdf
[2m2025-12-10T12:17:33.562288Z[0m [34mDEBUG[0m [2methereum_transaction_pool_monitor::mempool_monitor[0m[2m:[0m 🔍 Fetching transaction details for: 0x5de69f531156dc95e05a8194f8d6912f3325b5bed5d57d5b4a1d7fa356c86cdf
[2m2025-12-10T12:17:33.562297Z[0m [34mDEBUG[0m [2methereum_transaction_pool_monitor::eth_client[0m[2m:[0m 🔍 Fetching transaction details for hash: 0x5de69f531156dc95e05a8194f8d6912f3325b5bed5d57d5b4a1d7fa356c86cdf
[2m2025-12-10T12:17:33.562375Z[0m [34mDEBUG[0m [2mhyper::client::pool[0m[2m:[0m reuse idle connection for ("http", 192.168.0.14:8545)
[2m2025-12-10T12:17:33.562459Z[0m [34mDEBUG[0m [2mhyper::proto::h1::io[0m[2m:[0m flushed 250 bytes
[2m2025-12-10T12:17:33.562506Z[0m [34mDEBUG[0m [2methereum_transaction_pool_monitor::eth_client[0m[2m:[0m 📨 Received WebSocket message: {"jsonrpc":"2.0","method":"eth_subscription","params":{"subscription":"0xb60af543a4ead1cf1df939ac89b7e704","result":"0x1387e72b69491db32193f9ae261fd01655135913321a8e52d92f42404a7ff487"}}
[2m2025-12-10T12:17:33.562523Z[0m [34mDEBUG[0m [2mhyper::proto::h1::io[0m[2m:[0m parsed 4 headers
[2m2025-12-10T12:17:33.562529Z[0m [34mDEBUG[0m [2methereum_transaction_pool_monitor::eth_client[0m[2m:[0m 📨 Received pending transaction: 0x1387e72b69491db32193f9ae261fd01655135913321a8e52d92f42404a7ff487
[2m2025-12-10T12:17:33.562535Z[0m [34mDEBUG[0m [2mhyper::proto::h1::conn[0m[2m:[0m incoming body is content-length (45 bytes)
[2m2025-12-10T12:17:33.562547Z[0m [34mDEBUG[0m [2methereum_transaction_pool_monitor::eth_client[0m[2m:[0m 📨 Received WebSocket message: {"jsonrpc":"2.0","method":"eth_subscription","params":{"subscription":"0xb60af543a4ead1cf1df939ac89b7e704","result":"0xfb431da201caa0cf12e6b72fa5fb65f080216c7a8aefaa1d79d73d88ee75647c"}}
[2m2025-12-10T12:17:33.562556Z[0m [34mDEBUG[0m [2mhyper::proto::h1::conn[0m[2m:[0m incoming body completed
[2m2025-12-10T12:17:33.562567Z[0m [34mDEBUG[0m [2methereum_transaction_pool_monitor::eth_client[0m[2m:[0m 📨 Received pending transaction: 0xfb431da201caa0cf12e6b72fa5fb65f080216c7a8aefaa1d79d73d88ee75647c
[2m2025-12-10T12:17:33.562581Z[0m [34mDEBUG[0m [2methereum_transaction_pool_monitor::eth_client[0m[2m:[0m 📨 Received WebSocket message: {"jsonrpc":"2.0","method":"eth_subscription","params":{"subscription":"0xb60af543a4ead1cf1df939ac89b7e704","result":"0x2e80b40fb8e6e62209cebdcce55ec4f0eddb42ad4267efb2cd8b05f3858731aa"}}
[2m2025-12-10T12:17:33.562588Z[0m [34mDEBUG[0m [2mhyper::client::pool[0m[2m:[0m pooling idle connection for ("http", 192.168.0.14:8545)
[2m2025-12-10T12:17:33.562600Z[0m [34mDEBUG[0m [2methereum_transaction_pool_monitor::eth_client[0m[2m:[0m 📨 Received pending transaction: 0x2e80b40fb8e6e62209cebdcce55ec4f0eddb42ad4267efb2cd8b05f3858731aa
[2m2025-12-10T12:17:33.562652Z[0m [34mDEBUG[0m [2mhyper::client::pool[0m[2m:[0m reuse idle connection for ("http", 192.168.0.14:8545)
[2m2025-12-10T12:17:33.562693Z[0m [34mDEBUG[0m [2mhyper::proto::h1::io[0m[2m:[0m flushed 172 bytes
[2m2025-12-10T12:17:33.566658Z[0m [34mDEBUG[0m [2mhyper::proto::h1::io[0m[2m:[0m parsed 4 headers
[2m2025-12-10T12:17:33.566666Z[0m [34mDEBUG[0m [2mhyper::proto::h1::conn[0m[2m:[0m incoming body is content-length (45 bytes)
[2m2025-12-10T12:17:33.566676Z[0m [34mDEBUG[0m [2mhyper::proto::h1::conn[0m[2m:[0m incoming body completed
[2m2025-12-10T12:17:33.566691Z[0m [34mDEBUG[0m [2mhyper::client::pool[0m[2m:[0m pooling idle connection for ("http", 192.168.0.14:8545)
[2m2025-12-10T12:17:33.566733Z[0m [34mDEBUG[0m [2mhyper::client::pool[0m[2m:[0m reuse idle connection for ("http", 192.168.0.14:8545)
[2m2025-12-10T12:17:33.566766Z[0m [34mDEBUG[0m [2mhyper::proto::h1::io[0m[2m:[0m flushed 172 bytes
[2m2025-12-10T12:17:33.567286Z[0m [34mDEBUG[0m [2mhyper::proto::h1::io[0m[2m:[0m parsed 4 headers
[2m2025-12-10T12:17:33.567294Z[0m [34mDEBUG[0m [2mhyper::proto::h1::conn[0m[2m:[0m incoming body is content-length (711 bytes)
[2m2025-12-10T12:17:33.567304Z[0m [34mDEBUG[0m [2mhyper::proto::h1::conn[0m[2m:[0m incoming body completed
[2m2025-12-10T12:17:33.567318Z[0m [34mDEBUG[0m [2mhyper::client::pool[0m[2m:[0m pooling idle connection for ("http", 192.168.0.14:8545)
[2m2025-12-10T12:17:33.567328Z[0m [34mDEBUG[0m [2methereum_transaction_pool_monitor::eth_client[0m[2m:[0m 📡 Transaction fetch RPC completed in 5.019167ms
[2m2025-12-10T12:17:33.761472Z[0m [34mDEBUG[0m [2methereum_transaction_pool_monitor::eth_client[0m[2m:[0m ✅ Transaction 0x5de69f531156dc95e05a8194f8d6912f3325b5bed5d57d5b4a1d7fa356c86cdf fetched and parsed in 199.159709ms
[2m2025-12-10T12:17:33.761512Z[0m [34mDEBUG[0m [2methereum_transaction_pool_monitor::mempool_monitor[0m[2m:[0m 🔍 Skipping tx 0x5de69f531156dc95e05a8194f8d6912f3325b5bed5d57d5b4a1d7fa356c86cdf - not a DEX interaction (target: 0x597e77eb84935e400f0Aabb63e48165338A4061b)
[2m2025-12-10T12:17:33.761578Z[0m [34mDEBUG[0m [2methereum_transaction_pool_monitor::mempool_monitor[0m[2m:[0m 📨 Processing new pending transaction: 0x2f7680cf5c6d92b5e87da70934e901b1b99a21eb9ff689ad7b13432ff9a021b0
[2m2025-12-10T12:17:33.761588Z[0m [34mDEBUG[0m [2methereum_transaction_pool_monitor::mempool_monitor[0m[2m:[0m 🔍 Fetching transaction details for: 0x2f7680cf5c6d92b5e87da70934e901b1b99a21eb9ff689ad7b13432ff9a021b0
[2m2025-12-10T12:17:33.761597Z[0m [34mDEBUG[0m [2methereum_transaction_pool_monitor::eth_client[0m[2m:[0m 🔍 Fetching transaction details for hash: 0x2f7680cf5c6d92b5e87da70934e901b1b99a21eb9ff689ad7b13432ff9a021b0
[2m2025-12-10T12:17:33.761667Z[0m [34mDEBUG[0m [2mhyper::client::pool[0m[2m:[0m reuse idle connection for ("http", 192.168.0.14:8545)
[2m2025-12-10T12:17:33.761745Z[0m [34mDEBUG[0m [2mhyper::proto::h1::io[0m[2m:[0m flushed 250 bytes
[2m2025-12-10T12:17:33.761783Z[0m [34mDEBUG[0m [2mhyper::proto::h1::io[0m[2m:[0m parsed 4 headers
[2m2025-12-10T12:17:33.761790Z[0m [34mDEBUG[0m [2mhyper::proto::h1::conn[0m[2m:[0m incoming body is content-length (45 bytes)
[2m2025-12-10T12:17:33.761803Z[0m [34mDEBUG[0m [2mhyper::proto::h1::conn[0m[2m:[0m incoming body completed
[2m2025-12-10T12:17:33.761824Z[0m [34mDEBUG[0m [2mhyper::client::pool[0m[2m:[0m pooling idle connection for ("http", 192.168.0.14:8545)
[2m2025-12-10T12:17:33.761874Z[0m [34mDEBUG[0m [2mhyper::client::pool[0m[2m:[0m reuse idle connection for ("http", 192.168.0.14:8545)
[2m2025-12-10T12:17:33.761909Z[0m [34mDEBUG[0m [2mhyper::proto::h1::io[0m[2m:[0m flushed 172 bytes
[2m2025-12-10T12:17:33.766009Z[0m [34mDEBUG[0m [2mhyper::proto::h1::io[0m[2m:[0m parsed 4 headers
[2m2025-12-10T12:17:33.766022Z[0m [34mDEBUG[0m [2mhyper::proto::h1::conn[0m[2m:[0m incoming body is content-length (45 bytes)
[2m2025-12-10T12:17:33.766036Z[0m [34mDEBUG[0m [2mhyper::proto::h1::conn[0m[2m:[0m incoming body completed
[2m2025-12-10T12:17:33.766056Z[0m [34mDEBUG[0m [2mhyper::client::pool[0m[2m:[0m pooling idle connection for ("http", 192.168.0.14:8545)
[2m2025-12-10T12:17:33.766115Z[0m [34mDEBUG[0m [2mhyper::client::pool[0m[2m:[0m reuse idle connection for ("http", 192.168.0.14:8545)
[2m2025-12-10T12:17:33.766155Z[0m [34mDEBUG[0m [2mhyper::proto::h1::io[0m[2m:[0m flushed 172 bytes
[2m2025-12-10T12:17:33.770238Z[0m [34mDEBUG[0m [2mhyper::proto::h1::io[0m[2m:[0m parsed 4 headers
[2m2025-12-10T12:17:33.770245Z[0m [34mDEBUG[0m [2mhyper::proto::h1::conn[0m[2m:[0m incoming body is content-length (45 bytes)
[2m2025-12-10T12:17:33.770254Z[0m [34mDEBUG[0m [2mhyper::proto::h1::conn[0m[2m:[0m incoming body completed
[2m2025-12-10T12:17:33.770268Z[0m [34mDEBUG[0m [2mhyper::client::pool[0m[2m:[0m pooling idle connection for ("http", 192.168.0.14:8545)
[2m2025-12-10T12:17:33.771954Z[0m [34mDEBUG[0m [2mhyper::proto::h1::io[0m[2m:[0m parsed 4 headers
[2m2025-12-10T12:17:33.771961Z[0m [34mDEBUG[0m [2mhyper::proto::h1::conn[0m[2m:[0m incoming body is content-length (762 bytes)
[2m2025-12-10T12:17:33.771969Z[0m [34mDEBUG[0m [2mhyper::proto::h1::conn[0m[2m:[0m incoming body completed
[2m2025-12-10T12:17:33.771983Z[0m [34mDEBUG[0m [2mhyper::client::pool[0m[2m:[0m pooling idle connection for ("http", 192.168.0.14:8545)
[2m2025-12-10T12:17:33.771992Z[0m [34mDEBUG[0m [2methereum_transaction_pool_monitor::eth_client[0m[2m:[0m 📡 Transaction fetch RPC completed in 10.386208ms
[2m2025-12-10T12:17:33.772028Z[0m [34mDEBUG[0m [2methereum_transaction_pool_monitor::eth_client[0m[2m:[0m DeFi transaction detected - Address: 0xdac17f958d2ee523a2206206994597c13d831ec7, Type: Stablecoin, Value: 0 ETH, Gas: 0.20 Gwei
[2m2025-12-10T12:17:33.772078Z[0m [34mDEBUG[0m [2methereum_transaction_pool_monitor::eth_client[0m[2m:[0m ✅ Transaction 0x2f7680cf5c6d92b5e87da70934e901b1b99a21eb9ff689ad7b13432ff9a021b0 fetched and parsed in 10.471708ms
[2m2025-12-10T12:17:33.772093Z[0m [34mDEBUG[0m [2methereum_transaction_pool_monitor::mempool_monitor[0m[2m:[0m 🔍 Skipping tx 0x2f7680cf5c6d92b5e87da70934e901b1b99a21eb9ff689ad7b13432ff9a021b0 - not a DEX interaction (target: 0xdAC17F958D2ee523a2206206994597C13D831ec7)
[2m2025-12-10T12:17:33.772139Z[0m [34mDEBUG[0m [2methereum_transaction_pool_monitor::mempool_monitor[0m[2m:[0m 📨 Processing new pending transaction: 0x3d624a18af4888f2b5e5967531d3c5da7c2a0100b9c679becaf49ca89746d1c9
[2m2025-12-10T12:17:33.772148Z[0m [34mDEBUG[0m [2methereum_transaction_pool_monitor::mempool_monitor[0m[2m:[0m 🔍 Fetching transaction details for: 0x3d624a18af4888f2b5e5967531d3c5da7c2a0100b9c679becaf49ca89746d1c9
[2m2025-12-10T12:17:33.772156Z[0m [34mDEBUG[0m [2methereum_transaction_pool_monitor::eth_client[0m[2m:[0m 🔍 Fetching transaction details for hash: 0x3d624a18af4888f2b5e5967531d3c5da7c2a0100b9c679becaf49ca89746d1c9
[2m2025-12-10T12:17:33.772185Z[0m [34mDEBUG[0m [2mhyper::client::pool[0m[2m:[0m reuse idle connection for ("http", 192.168.0.14:8545)
[2m2025-12-10T12:17:33.772211Z[0m [34mDEBUG[0m [2mhyper::proto::h1::io[0m[2m:[0m flushed 250 bytes
[2m2025-12-10T12:17:33.777096Z[0m [34mDEBUG[0m [2mhyper::proto::h1::io[0m[2m:[0m parsed 4 headers
[2m2025-12-10T12:17:33.777106Z[0m [34mDEBUG[0m [2mhyper::proto::h1::conn[0m[2m:[0m incoming body is content-length (766 bytes)
[2m2025-12-10T12:17:33.777117Z[0m [34mDEBUG[0m [2mhyper::proto::h1::conn[0m[2m:[0m incoming body completed
[2m2025-12-10T12:17:33.777134Z[0m [34mDEBUG[0m [2mhyper::client::pool[0m[2m:[0m pooling idle connection for ("http", 192.168.0.14:8545)
[2m2025-12-10T12:17:33.777145Z[0m [34mDEBUG[0m [2methereum_transaction_pool_monitor::eth_client[0m[2m:[0m 📡 Transaction fetch RPC completed in 4.98025ms
[2m2025-12-10T12:17:33.969941Z[0m [34mDEBUG[0m [2methereum_transaction_pool_monitor::eth_client[0m[2m:[0m ✅ Transaction 0x3d624a18af4888f2b5e5967531d3c5da7c2a0100b9c679becaf49ca89746d1c9 fetched and parsed in 197.773792ms
[2m2025-12-10T12:17:33.969985Z[0m [34mDEBUG[0m [2methereum_transaction_pool_monitor::mempool_monitor[0m[2m:[0m 🔍 Skipping tx 0x3d624a18af4888f2b5e5967531d3c5da7c2a0100b9c679becaf49ca89746d1c9 - not a DEX interaction (target: 0xA0b86991c6218b36c1d19D4a2e9Eb0cE3606eB48)
[2m2025-12-10T12:17:33.970048Z[0m [34mDEBUG[0m [2methereum_transaction_pool_monitor::mempool_monitor[0m[2m:[0m 📨 Processing new pending transaction: 0x466a2d6c653b76deb3d44132f9c5ae08b7941594bcfaa07b7ecb1333835a94d4
[2m2025-12-10T12:17:33.970061Z[0m [34mDEBUG[0m [2methereum_transaction_pool_monitor::mempool_monitor[0m[2m:[0m 🔍 Fetching transaction details for: 0x466a2d6c653b76deb3d44132f9c5ae08b7941594bcfaa07b7ecb1333835a94d4
[2m2025-12-10T12:17:33.970072Z[0m [34mDEBUG[0m [2methereum_transaction_pool_monitor::eth_client[0m[2m:[0m 🔍 Fetching transaction details for hash: 0x466a2d6c653b76deb3d44132f9c5ae08b7941594bcfaa07b7ecb1333835a94d4
[2m2025-12-10T12:17:33.970142Z[0m [34mDEBUG[0m [2mhyper::client::pool[0m[2m:[0m reuse idle connection for ("http", 192.168.0.14:8545)
[2m2025-12-10T12:17:33.970218Z[0m [34mDEBUG[0m [2mhyper::proto::h1::io[0m[2m:[0m flushed 250 bytes
[2m2025-12-10T12:17:33.970269Z[0m [34mDEBUG[0m [2mhyper::client::pool[0m[2m:[0m reuse idle connection for ("http", 192.168.0.14:8545)
[2m2025-12-10T12:17:33.970274Z[0m [34mDEBUG[0m [2methereum_transaction_pool_monitor::eth_client[0m[2m:[0m 📨 Received WebSocket message: {"jsonrpc":"2.0","method":"eth_subscription","params":{"subscription":"0xb60af543a4ead1cf1df939ac89b7e704","result":"0x13eb2807a79f287dab447a14469800a6c49d873aae30f1070f2025d316289a2b"}}
[2m2025-12-10T12:17:33.970298Z[0m [34mDEBUG[0m [2mhyper::proto::h1::io[0m[2m:[0m flushed 172 bytes
[2m2025-12-10T12:17:33.970298Z[0m [34mDEBUG[0m [2methereum_transaction_pool_monitor::eth_client[0m[2m:[0m 📨 Received pending transaction: 0x13eb2807a79f287dab447a14469800a6c49d873aae30f1070f2025d316289a2b
[2m2025-12-10T12:17:33.970328Z[0m [34mDEBUG[0m [2methereum_transaction_pool_monitor::eth_client[0m[2m:[0m 📨 Received WebSocket message: {"jsonrpc":"2.0","method":"eth_subscription","params":{"subscription":"0xb60af543a4ead1cf1df939ac89b7e704","result":"0x2c3dd550d8bc649259de60d16bf3c4a27946f47d9f18d4e448173dcaf0064ae4"}}
[2m2025-12-10T12:17:33.970347Z[0m [34mDEBUG[0m [2methereum_transaction_pool_monitor::eth_client[0m[2m:[0m 📨 Received pending transaction: 0x2c3dd550d8bc649259de60d16bf3c4a27946f47d9f18d4e448173dcaf0064ae4
[2m2025-12-10T12:17:33.975069Z[0m [34mDEBUG[0m [2mhyper::proto::h1::io[0m[2m:[0m parsed 4 headers
[2m2025-12-10T12:17:33.975080Z[0m [34mDEBUG[0m [2mhyper::proto::h1::conn[0m[2m:[0m incoming body is content-length (45 bytes)
[2m2025-12-10T12:17:33.975096Z[0m [34mDEBUG[0m [2mhyper::proto::h1::conn[0m[2m:[0m incoming body completed
[2m2025-12-10T12:17:33.975119Z[0m [34mDEBUG[0m [2mhyper::client::pool[0m[2m:[0m pooling idle connection for ("http", 192.168.0.14:8545)
[2m2025-12-10T12:17:33.975173Z[0m [34mDEBUG[0m [2mhyper::client::pool[0m[2m:[0m reuse idle connection for ("http", 192.168.0.14:8545)
[2m2025-12-10T12:17:33.975207Z[0m [34mDEBUG[0m [2mhyper::proto::h1::io[0m[2m:[0m flushed 172 bytes
[2m2025-12-10T12:17:33.979094Z[0m [34mDEBUG[0m [2mhyper::proto::h1::io[0m[2m:[0m parsed 4 headers
[2m2025-12-10T12:17:33.979103Z[0m [34mDEBUG[0m [2mhyper::proto::h1::conn[0m[2m:[0m incoming body is content-length (45 bytes)
[2m2025-12-10T12:17:33.979114Z[0m [34mDEBUG[0m [2mhyper::proto::h1::conn[0m[2m:[0m incoming body completed
[2m2025-12-10T12:17:33.979131Z[0m [34mDEBUG[0m [2mhyper::client::pool[0m[2m:[0m pooling idle connection for ("http", 192.168.0.14:8545)
[2m2025-12-10T12:17:33.980186Z[0m [34mDEBUG[0m [2mhyper::proto::h1::io[0m[2m:[0m parsed 4 headers
[2m2025-12-10T12:17:33.980192Z[0m [34mDEBUG[0m [2mhyper::proto::h1::conn[0m[2m:[0m incoming body is content-length (654 bytes)
[2m2025-12-10T12:17:33.980201Z[0m [34mDEBUG[0m [2mhyper::proto::h1::conn[0m[2m:[0m incoming body completed
[2m2025-12-10T12:17:33.980214Z[0m [34mDEBUG[0m [2mhyper::client::pool[0m[2m:[0m pooling idle connection for ("http", 192.168.0.14:8545)
[2m2025-12-10T12:17:33.980224Z[0m [34mDEBUG[0m [2methereum_transaction_pool_monitor::eth_client[0m[2m:[0m 📡 Transaction fetch RPC completed in 10.140209ms
[2m2025-12-10T12:17:34.171979Z[0m [34mDEBUG[0m [2methereum_transaction_pool_monitor::eth_client[0m[2m:[0m ✅ Transaction 0x466a2d6c653b76deb3d44132f9c5ae08b7941594bcfaa07b7ecb1333835a94d4 fetched and parsed in 201.891292ms
[2m2025-12-10T12:17:34.172030Z[0m [34mDEBUG[0m [2methereum_transaction_pool_monitor::mempool_monitor[0m[2m:[0m 🔍 Skipping tx 0x466a2d6c653b76deb3d44132f9c5ae08b7941594bcfaa07b7ecb1333835a94d4 - not a DEX interaction (target: 0xacd65Ec46365B19371c1dD8326d5372b81F2de17)
[2m2025-12-10T12:17:34.172093Z[0m [34mDEBUG[0m [2methereum_transaction_pool_monitor::mempool_monitor[0m[2m:[0m 📨 Processing new pending transaction: 0xd34d381ba364d9191065b9473c5ae1bc9898fbbe1b3dbde174b0e827b63da3c2
[2m2025-12-10T12:17:34.172103Z[0m [34mDEBUG[0m [2methereum_transaction_pool_monitor::mempool_monitor[0m[2m:[0m 🔍 Fetching transaction details for: 0xd34d381ba364d9191065b9473c5ae1bc9898fbbe1b3dbde174b0e827b63da3c2
[2m2025-12-10T12:17:34.172113Z[0m [34mDEBUG[0m [2methereum_transaction_pool_monitor::eth_client[0m[2m:[0m 🔍 Fetching transaction details for hash: 0xd34d381ba364d9191065b9473c5ae1bc9898fbbe1b3dbde174b0e827b63da3c2
[2m2025-12-10T12:17:34.172197Z[0m [34mDEBUG[0m [2mhyper::client::pool[0m[2m:[0m reuse idle connection for ("http", 192.168.0.14:8545)
[2m2025-12-10T12:17:34.172288Z[0m [34mDEBUG[0m [2mhyper::proto::h1::io[0m[2m:[0m flushed 250 bytes
[2m2025-12-10T12:17:34.172347Z[0m [34mDEBUG[0m [2mhyper::client::pool[0m[2m:[0m reuse idle connection for ("http", 192.168.0.14:8545)
[2m2025-12-10T12:17:34.172350Z[0m [34mDEBUG[0m [2methereum_transaction_pool_monitor::eth_client[0m[2m:[0m 📨 Received WebSocket message: {"jsonrpc":"2.0","method":"eth_subscription","params":{"subscription":"0xb60af543a4ead1cf1df939ac89b7e704","result":"0xde128e88cd3d707c9b0fe856d79dd3bb9ee9e301f27a8c9bc6380380d5a885b1"}}
[2m2025-12-10T12:17:34.172377Z[0m [34mDEBUG[0m [2mhyper::proto::h1::io[0m[2m:[0m flushed 172 bytes
[2m2025-12-10T12:17:34.172378Z[0m [34mDEBUG[0m [2methereum_transaction_pool_monitor::eth_client[0m[2m:[0m 📨 Received pending transaction: 0xde128e88cd3d707c9b0fe856d79dd3bb9ee9e301f27a8c9bc6380380d5a885b1
[2m2025-12-10T12:17:34.172396Z[0m [34mDEBUG[0m [2methereum_transaction_pool_monitor::eth_client[0m[2m:[0m 📨 Received WebSocket message: {"jsonrpc":"2.0","method":"eth_subscription","params":{"subscription":"0xb60af543a4ead1cf1df939ac89b7e704","result":"0x234f8372dc484647aa26cf2ba77e74a873b65b7c10b6ae546b740731632639da"}}
[2m2025-12-10T12:17:34.172414Z[0m [34mDEBUG[0m [2methereum_transaction_pool_monitor::eth_client[0m[2m:[0m 📨 Received pending transaction: 0x234f8372dc484647aa26cf2ba77e74a873b65b7c10b6ae546b740731632639da
[2m2025-12-10T12:17:34.178662Z[0m [34mDEBUG[0m [2mhyper::proto::h1::io[0m[2m:[0m parsed 4 headers
[2m2025-12-10T12:17:34.178673Z[0m [34mDEBUG[0m [2mhyper::proto::h1::conn[0m[2m:[0m incoming body is content-length (655 bytes)
[2m2025-12-10T12:17:34.178689Z[0m [34mDEBUG[0m [2mhyper::proto::h1::conn[0m[2m:[0m incoming body completed
[2m2025-12-10T12:17:34.178713Z[0m [34mDEBUG[0m [2mhyper::client::pool[0m[2m:[0m pooling idle connection for ("http", 192.168.0.14:8545)
[2m2025-12-10T12:17:34.178730Z[0m [34mDEBUG[0m [2methereum_transaction_pool_monitor::eth_client[0m[2m:[0m 📡 Transaction fetch RPC completed in 6.604792ms
[2m2025-12-10T12:17:34.368525Z[0m [34mDEBUG[0m [2methereum_transaction_pool_monitor::eth_client[0m[2m:[0m ✅ Transaction 0xd34d381ba364d9191065b9473c5ae1bc9898fbbe1b3dbde174b0e827b63da3c2 fetched and parsed in 196.396417ms
[2m2025-12-10T12:17:34.368574Z[0m [34mDEBUG[0m [2methereum_transaction_pool_monitor::mempool_monitor[0m[2m:[0m 🔍 Skipping tx 0xd34d381ba364d9191065b9473c5ae1bc9898fbbe1b3dbde174b0e827b63da3c2 - not a DEX interaction (target: 0xFf2A0F30219428f0A849F70b09dCC1Acb899a948)
[2m2025-12-10T12:17:34.368641Z[0m [34mDEBUG[0m [2methereum_transaction_pool_monitor::mempool_monitor[0m[2m:[0m 📨 Processing new pending transaction: 0x9dcefb93c84999e1475eb606247bd9cd27f9f425c3d6d8424c41deb84f7c8138
[2m2025-12-10T12:17:34.368654Z[0m [34mDEBUG[0m [2methereum_transaction_pool_monitor::mempool_monitor[0m[2m:[0m 🔍 Fetching transaction details for: 0x9dcefb93c84999e1475eb606247bd9cd27f9f425c3d6d8424c41deb84f7c8138
[2m2025-12-10T12:17:34.368666Z[0m [34mDEBUG[0m [2methereum_transaction_pool_monitor::eth_client[0m[2m:[0m 🔍 Fetching transaction details for hash: 0x9dcefb93c84999e1475eb606247bd9cd27f9f425c3d6d8424c41deb84f7c8138
[2m2025-12-10T12:17:34.368744Z[0m [34mDEBUG[0m [2mhyper::client::pool[0m[2m:[0m reuse idle connection for ("http", 192.168.0.14:8545)
[2m2025-12-10T12:17:34.368828Z[0m [34mDEBUG[0m [2mhyper::proto::h1::io[0m[2m:[0m flushed 250 bytes
[2m2025-12-10T12:17:34.368888Z[0m [34mDEBUG[0m [2methereum_transaction_pool_monitor::eth_client[0m[2m:[0m 📨 Received WebSocket message: {"jsonrpc":"2.0","method":"eth_subscription","params":{"subscription":"0xb60af543a4ead1cf1df939ac89b7e704","result":"0x37f513c770d2fbe6db6e54b4e2a6a3c24bd36e389e6aa90b79fdde683cfca2b7"}}
[2m2025-12-10T12:17:34.368891Z[0m [34mDEBUG[0m [2mhyper::proto::h1::io[0m[2m:[0m parsed 4 headers
[2m2025-12-10T12:17:34.368910Z[0m [34mDEBUG[0m [2mhyper::proto::h1::conn[0m[2m:[0m incoming body is content-length (45 bytes)
[2m2025-12-10T12:17:34.368913Z[0m [34mDEBUG[0m [2methereum_transaction_pool_monitor::eth_client[0m[2m:[0m 📨 Received pending transaction: 0x37f513c770d2fbe6db6e54b4e2a6a3c24bd36e389e6aa90b79fdde683cfca2b7
[2m2025-12-10T12:17:34.368925Z[0m [34mDEBUG[0m [2mhyper::proto::h1::conn[0m[2m:[0m incoming body completed
[2m2025-12-10T12:17:34.368930Z[0m [34mDEBUG[0m [2methereum_transaction_pool_monitor::eth_client[0m[2m:[0m 📨 Received WebSocket message: {"jsonrpc":"2.0","method":"eth_subscription","params":{"subscription":"0xb60af543a4ead1cf1df939ac89b7e704","result":"0x5cbabaf4543212fde38d05bbc3c1f894b23bcc4840a54049acd1f1ed6bbb6708"}}
[2m2025-12-10T12:17:34.368947Z[0m [34mDEBUG[0m [2methereum_transaction_pool_monitor::eth_client[0m[2m:[0m 📨 Received pending transaction: 0x5cbabaf4543212fde38d05bbc3c1f894b23bcc4840a54049acd1f1ed6bbb6708
[2m2025-12-10T12:17:34.368949Z[0m [34mDEBUG[0m [2mhyper::client::pool[0m[2m:[0m pooling idle connection for ("http", 192.168.0.14:8545)
[2m2025-12-10T12:17:34.368958Z[0m [34mDEBUG[0m [2methereum_transaction_pool_monitor::eth_client[0m[2m:[0m 📨 Received WebSocket message: {"jsonrpc":"2.0","method":"eth_subscription","params":{"subscription":"0xb60af543a4ead1cf1df939ac89b7e704","result":"0x1fefef9158c5914a7dc6fb067da0f2b695801d875687cfa21a19c64a7afa3d01"}}
[2m2025-12-10T12:17:34.368974Z[0m [34mDEBUG[0m [2methereum_transaction_pool_monitor::eth_client[0m[2m:[0m 📨 Received pending transaction: 0x1fefef9158c5914a7dc6fb067da0f2b695801d875687cfa21a19c64a7afa3d01
[2m2025-12-10T12:17:34.368985Z[0m [34mDEBUG[0m [2methereum_transaction_pool_monitor::eth_client[0m[2m:[0m 📨 Received WebSocket message: {"jsonrpc":"2.0","method":"eth_subscription","params":{"subscription":"0xb60af543a4ead1cf1df939ac89b7e704","result":"0x901e55981b26058d8f76aebbdbc43b9849a3a36380ec3de8ea09230cd585bf15"}}
[2m2025-12-10T12:17:34.369000Z[0m [34mDEBUG[0m [2methereum_transaction_pool_monitor::eth_client[0m[2m:[0m 📨 Received pending transaction: 0x901e55981b26058d8f76aebbdbc43b9849a3a36380ec3de8ea09230cd585bf15
[2m2025-12-10T12:17:34.369005Z[0m [34mDEBUG[0m [2mhyper::client::pool[0m[2m:[0m reuse idle connection for ("http", 192.168.0.14:8545)
[2m2025-12-10T12:17:34.369010Z[0m [34mDEBUG[0m [2methereum_transaction_pool_monitor::eth_client[0m[2m:[0m 📨 Received WebSocket message: {"jsonrpc":"2.0","method":"eth_subscription","params":{"subscription":"0xb60af543a4ead1cf1df939ac89b7e704","result":"0xc43cb89f11b2766cd317a644ef1a9b2ac6b2dd2c516de21e8447020d417cd38e"}}
[2m2025-12-10T12:17:34.369026Z[0m [34mDEBUG[0m [2methereum_transaction_pool_monitor::eth_client[0m[2m:[0m 📨 Received pending transaction: 0xc43cb89f11b2766cd317a644ef1a9b2ac6b2dd2c516de21e8447020d417cd38e
[2m2025-12-10T12:17:34.369039Z[0m [34mDEBUG[0m [2mhyper::proto::h1::io[0m[2m:[0m flushed 172 bytes
[2m2025-12-10T12:17:34.374581Z[0m [34mDEBUG[0m [2mhyper::proto::h1::io[0m[2m:[0m parsed 4 headers
[2m2025-12-10T12:17:34.374588Z[0m [34mDEBUG[0m [2mhyper::proto::h1::conn[0m[2m:[0m incoming body is content-length (762 bytes)
[2m2025-12-10T12:17:34.374599Z[0m [34mDEBUG[0m [2mhyper::proto::h1::conn[0m[2m:[0m incoming body completed
[2m2025-12-10T12:17:34.374617Z[0m [34mDEBUG[0m [2mhyper::client::pool[0m[2m:[0m pooling idle connection for ("http", 192.168.0.14:8545)
[2m2025-12-10T12:17:34.374628Z[0m [34mDEBUG[0m [2methereum_transaction_pool_monitor::eth_client[0m[2m:[0m 📡 Transaction fetch RPC completed in 5.95125ms
[2m2025-12-10T12:17:34.374665Z[0m [34mDEBUG[0m [2methereum_transaction_pool_monitor::eth_client[0m[2m:[0m DeFi transaction detected - Address: 0xdac17f958d2ee523a2206206994597c13d831ec7, Type: Stablecoin, Value: 0 ETH, Gas: 0.20 Gwei
[2m2025-12-10T12:17:34.374706Z[0m [34mDEBUG[0m [2methereum_transaction_pool_monitor::eth_client[0m[2m:[0m ✅ Transaction 0x9dcefb93c84999e1475eb606247bd9cd27f9f425c3d6d8424c41deb84f7c8138 fetched and parsed in 6.029625ms
[2m2025-12-10T12:17:34.374722Z[0m [34mDEBUG[0m [2methereum_transaction_pool_monitor::mempool_monitor[0m[2m:[0m 🔍 Skipping tx 0x9dcefb93c84999e1475eb606247bd9cd27f9f425c3d6d8424c41deb84f7c8138 - not a DEX interaction (target: 0xdAC17F958D2ee523a2206206994597C13D831ec7)
[2m2025-12-10T12:17:34.374765Z[0m [34mDEBUG[0m [2methereum_transaction_pool_monitor::mempool_monitor[0m[2m:[0m 📨 Processing new pending transaction: 0x48fab9c5043862acd9141380d0daa68839a1b2ab2889bd8f92bc5c9263eff363
[2m2025-12-10T12:17:34.374774Z[0m [34mDEBUG[0m [2methereum_transaction_pool_monitor::mempool_monitor[0m[2m:[0m 🔍 Fetching transaction details for: 0x48fab9c5043862acd9141380d0daa68839a1b2ab2889bd8f92bc5c9263eff363
[2m2025-12-10T12:17:34.374783Z[0m [34mDEBUG[0m [2methereum_transaction_pool_monitor::eth_client[0m[2m:[0m 🔍 Fetching transaction details for hash: 0x48fab9c5043862acd9141380d0daa68839a1b2ab2889bd8f92bc5c9263eff363
[2m2025-12-10T12:17:34.374819Z[0m [34mDEBUG[0m [2mhyper::client::pool[0m[2m:[0m reuse idle connection for ("http", 192.168.0.14:8545)
[2m2025-12-10T12:17:34.374848Z[0m [34mDEBUG[0m [2mhyper::proto::h1::io[0m[2m:[0m flushed 250 bytes
[2m2025-12-10T12:17:34.374869Z[0m [34mDEBUG[0m [2mhyper::proto::h1::io[0m[2m:[0m parsed 4 headers
[2m2025-12-10T12:17:34.374875Z[0m [34mDEBUG[0m [2mhyper::proto::h1::conn[0m[2m:[0m incoming body is content-length (45 bytes)
[2m2025-12-10T12:17:34.374884Z[0m [34mDEBUG[0m [2mhyper::proto::h1::conn[0m[2m:[0m incoming body completed
[2m2025-12-10T12:17:34.374897Z[0m [34mDEBUG[0m [2mhyper::client::pool[0m[2m:[0m pooling idle connection for ("http", 192.168.0.14:8545)
[2m2025-12-10T12:17:34.374938Z[0m [34mDEBUG[0m [2mhyper::client::pool[0m[2m:[0m reuse idle connection for ("http", 192.168.0.14:8545)
[2m2025-12-10T12:17:34.374968Z[0m [34mDEBUG[0m [2mhyper::proto::h1::io[0m[2m:[0m flushed 172 bytes
[2m2025-12-10T12:17:34.375412Z[0m [34mDEBUG[0m [2methereum_transaction_pool_monitor::eth_client[0m[2m:[0m 📨 Received WebSocket message: {"jsonrpc":"2.0","method":"eth_subscription","params":{"subscription":"0xb60af543a4ead1cf1df939ac89b7e704","result":"0x4b874cecaf829c8e182d32a271321ead6f320dfe58c1325029bddc5f06a42165"}}
[2m2025-12-10T12:17:34.375429Z[0m [34mDEBUG[0m [2methereum_transaction_pool_monitor::eth_client[0m[2m:[0m 📨 Received pending transaction: 0x4b874cecaf829c8e182d32a271321ead6f320dfe58c1325029bddc5f06a42165
[2m2025-12-10T12:17:34.378496Z[0m [34mDEBUG[0m [2mhyper::proto::h1::io[0m[2m:[0m parsed 4 headers
[2m2025-12-10T12:17:34.378504Z[0m [34mDEBUG[0m [2mhyper::proto::h1::conn[0m[2m:[0m incoming body is content-length (45 bytes)
[2m2025-12-10T12:17:34.378512Z[0m [34mDEBUG[0m [2mhyper::proto::h1::conn[0m[2m:[0m incoming body completed
[2m2025-12-10T12:17:34.378525Z[0m [34mDEBUG[0m [2mhyper::client::pool[0m[2m:[0m pooling idle connection for ("http", 192.168.0.14:8545)
[2m2025-12-10T12:17:34.378559Z[0m [34mDEBUG[0m [2mhyper::client::pool[0m[2m:[0m reuse idle connection for ("http", 192.168.0.14:8545)
[2m2025-12-10T12:17:34.378591Z[0m [34mDEBUG[0m [2mhyper::proto::h1::io[0m[2m:[0m flushed 172 bytes
[2m2025-12-10T12:17:34.379148Z[0m [34mDEBUG[0m [2mhyper::proto::h1::io[0m[2m:[0m parsed 4 headers
[2m2025-12-10T12:17:34.379162Z[0m [34mDEBUG[0m [2mhyper::proto::h1::conn[0m[2m:[0m incoming body is content-length (654 bytes)
[2m2025-12-10T12:17:34.379173Z[0m [34mDEBUG[0m [2mhyper::proto::h1::conn[0m[2m:[0m incoming body completed
[2m2025-12-10T12:17:34.379191Z[0m [34mDEBUG[0m [2mhyper::client::pool[0m[2m:[0m pooling idle connection for ("http", 192.168.0.14:8545)
[2m2025-12-10T12:17:34.379202Z[0m [34mDEBUG[0m [2methereum_transaction_pool_monitor::eth_client[0m[2m:[0m 📡 Transaction fetch RPC completed in 4.409167ms
[2m2025-12-10T12:17:34.572848Z[0m [34mDEBUG[0m [2methereum_transaction_pool_monitor::eth_client[0m[2m:[0m ✅ Transaction 0x48fab9c5043862acd9141380d0daa68839a1b2ab2889bd8f92bc5c9263eff363 fetched and parsed in 198.047958ms
[2m2025-12-10T12:17:34.572904Z[0m [34mDEBUG[0m [2methereum_transaction_pool_monitor::mempool_monitor[0m[2m:[0m 🔍 Skipping tx 0x48fab9c5043862acd9141380d0daa68839a1b2ab2889bd8f92bc5c9263eff363 - not a DEX interaction (target: 0xe29Aa965A3abf54030f3354990600D635EF213C7)
[2m2025-12-10T12:17:34.572970Z[0m [34mDEBUG[0m [2methereum_transaction_pool_monitor::mempool_monitor[0m[2m:[0m 📨 Processing new pending transaction: 0x6c38df3bdcdd83eecc50a4da3eedd03ba39292c5110a93817fd49102bcaa1061
[2m2025-12-10T12:17:34.572980Z[0m [34mDEBUG[0m [2methereum_transaction_pool_monitor::mempool_monitor[0m[2m:[0m 🔍 Fetching transaction details for: 0x6c38df3bdcdd83eecc50a4da3eedd03ba39292c5110a93817fd49102bcaa1061
[2m2025-12-10T12:17:34.572989Z[0m [34mDEBUG[0m [2methereum_transaction_pool_monitor::eth_client[0m[2m:[0m 🔍 Fetching transaction details for hash: 0x6c38df3bdcdd83eecc50a4da3eedd03ba39292c5110a93817fd49102bcaa1061
[2m2025-12-10T12:17:34.573086Z[0m [34mDEBUG[0m [2mhyper::client::pool[0m[2m:[0m reuse idle connection for ("http", 192.168.0.14:8545)
[2m2025-12-10T12:17:34.573208Z[0m [34mDEBUG[0m [2mhyper::proto::h1::io[0m[2m:[0m flushed 250 bytes
[2m2025-12-10T12:17:34.573280Z[0m [34mDEBUG[0m [2mhyper::proto::h1::io[0m[2m:[0m parsed 4 headers
[2m2025-12-10T12:17:34.573278Z[0m [34mDEBUG[0m [2methereum_transaction_pool_monitor::eth_client[0m[2m:[0m 📨 Received WebSocket message: {"jsonrpc":"2.0","method":"eth_subscription","params":{"subscription":"0xb60af543a4ead1cf1df939ac89b7e704","result":"0x8784e8968704d2d273de3a72aac0bb6c5c9d3fd7e3c3c722f29d2693fe0d9404"}}
[2m2025-12-10T12:17:34.573292Z[0m [34mDEBUG[0m [2mhyper::proto::h1::conn[0m[2m:[0m incoming body is content-length (45 bytes)
[2m2025-12-10T12:17:34.573310Z[0m [34mDEBUG[0m [2mhyper::proto::h1::conn[0m[2m:[0m incoming body completed
[2m2025-12-10T12:17:34.573310Z[0m [34mDEBUG[0m [2methereum_transaction_pool_monitor::eth_client[0m[2m:[0m 📨 Received pending transaction: 0x8784e8968704d2d273de3a72aac0bb6c5c9d3fd7e3c3c722f29d2693fe0d9404
[2m2025-12-10T12:17:34.573331Z[0m [34mDEBUG[0m [2methereum_transaction_pool_monitor::eth_client[0m[2m:[0m 📨 Received WebSocket message: {"jsonrpc":"2.0","method":"eth_subscription","params":{"subscription":"0xb60af543a4ead1cf1df939ac89b7e704","result":"0x38423131e00f2b9f2496e9f7c60470bda6dcba18a822de7f71d70cacaf2ea8d4"}}
[2m2025-12-10T12:17:34.573339Z[0m [34mDEBUG[0m [2mhyper::client::pool[0m[2m:[0m pooling idle connection for ("http", 192.168.0.14:8545)
[2m2025-12-10T12:17:34.573347Z[0m [34mDEBUG[0m [2methereum_transaction_pool_monitor::eth_client[0m[2m:[0m 📨 Received pending transaction: 0x38423131e00f2b9f2496e9f7c60470bda6dcba18a822de7f71d70cacaf2ea8d4
[2m2025-12-10T12:17:34.573359Z[0m [34mDEBUG[0m [2methereum_transaction_pool_monitor::eth_client[0m[2m:[0m 📨 Received WebSocket message: {"jsonrpc":"2.0","method":"eth_subscription","params":{"subscription":"0xb60af543a4ead1cf1df939ac89b7e704","result":"0xc6eceed9da072b4d0ffc8865d08e4bd328171564c346d519f2b0a782af44d2e3"}}
[2m2025-12-10T12:17:34.573375Z[0m [34mDEBUG[0m [2methereum_transaction_pool_monitor::eth_client[0m[2m:[0m 📨 Received pending transaction: 0xc6eceed9da072b4d0ffc8865d08e4bd328171564c346d519f2b0a782af44d2e3
[2m2025-12-10T12:17:34.573412Z[0m [34mDEBUG[0m [2mhyper::client::pool[0m[2m:[0m reuse idle connection for ("http", 192.168.0.14:8545)
[2m2025-12-10T12:17:34.573447Z[0m [34mDEBUG[0m [2mhyper::proto::h1::io[0m[2m:[0m flushed 172 bytes
[2m2025-12-10T12:17:34.577579Z[0m [34mDEBUG[0m [2mhyper::proto::h1::io[0m[2m:[0m parsed 4 headers
[2m2025-12-10T12:17:34.577587Z[0m [34mDEBUG[0m [2mhyper::proto::h1::conn[0m[2m:[0m incoming body is content-length (674 bytes)
[2m2025-12-10T12:17:34.577600Z[0m [34mDEBUG[0m [2mhyper::proto::h1::conn[0m[2m:[0m incoming body completed
[2m2025-12-10T12:17:34.577619Z[0m [34mDEBUG[0m [2mhyper::client::pool[0m[2m:[0m pooling idle connection for ("http", 192.168.0.14:8545)
[2m2025-12-10T12:17:34.577630Z[0m [34mDEBUG[0m [2methereum_transaction_pool_monitor::eth_client[0m[2m:[0m 📡 Transaction fetch RPC completed in 4.63225ms
[2m2025-12-10T12:17:34.577666Z[0m [34mDEBUG[0m [2methereum_transaction_pool_monitor::eth_client[0m[2m:[0m DeFi transaction detected - Address: 0xdac17f958d2ee523a2206206994597c13d831ec7, Type: Stablecoin, Value: 0 ETH, Gas: 1.00 Gwei
[2m2025-12-10T12:17:34.577708Z[0m [34mDEBUG[0m [2methereum_transaction_pool_monitor::eth_client[0m[2m:[0m ✅ Transaction 0x6c38df3bdcdd83eecc50a4da3eedd03ba39292c5110a93817fd49102bcaa1061 fetched and parsed in 4.710542ms
[2m2025-12-10T12:17:34.577723Z[0m [34mDEBUG[0m [2methereum_transaction_pool_monitor::mempool_monitor[0m[2m:[0m 🔍 Skipping tx 0x6c38df3bdcdd83eecc50a4da3eedd03ba39292c5110a93817fd49102bcaa1061 - not a DEX interaction (target: 0xdAC17F958D2ee523a2206206994597C13D831ec7)
[2m2025-12-10T12:17:34.577771Z[0m [34mDEBUG[0m [2methereum_transaction_pool_monitor::mempool_monitor[0m[2m:[0m 📨 Processing new pending transaction: 0x94f04c0256b959f6e141c1a695654294238008f7f35c19e1d10518678f6d14aa
[2m2025-12-10T12:17:34.577780Z[0m [34mDEBUG[0m [2methereum_transaction_pool_monitor::mempool_monitor[0m[2m:[0m 🔍 Fetching transaction details for: 0x94f04c0256b959f6e141c1a695654294238008f7f35c19e1d10518678f6d14aa
[2m2025-12-10T12:17:34.577790Z[0m [34mDEBUG[0m [2methereum_transaction_pool_monitor::eth_client[0m[2m:[0m 🔍 Fetching transaction details for hash: 0x94f04c0256b959f6e141c1a695654294238008f7f35c19e1d10518678f6d14aa
[2m2025-12-10T12:17:34.577826Z[0m [34mDEBUG[0m [2mhyper::client::pool[0m[2m:[0m reuse idle connection for ("http", 192.168.0.14:8545)
[2m2025-12-10T12:17:34.577855Z[0m [34mDEBUG[0m [2mhyper::proto::h1::io[0m[2m:[0m flushed 250 bytes
[2m2025-12-10T12:17:34.578072Z[0m [34mDEBUG[0m [2mhyper::proto::h1::io[0m[2m:[0m parsed 4 headers
[2m2025-12-10T12:17:34.578078Z[0m [34mDEBUG[0m [2mhyper::proto::h1::conn[0m[2m:[0m incoming body is content-length (45 bytes)
[2m2025-12-10T12:17:34.578088Z[0m [34mDEBUG[0m [2mhyper::proto::h1::conn[0m[2m:[0m incoming body completed
[2m2025-12-10T12:17:34.578101Z[0m [34mDEBUG[0m [2mhyper::client::pool[0m[2m:[0m pooling idle connection for ("http", 192.168.0.14:8545)
[2m2025-12-10T12:17:34.578139Z[0m [34mDEBUG[0m [2mhyper::client::pool[0m[2m:[0m reuse idle connection for ("http", 192.168.0.14:8545)
[2m2025-12-10T12:17:34.578169Z[0m [34mDEBUG[0m [2mhyper::proto::h1::io[0m[2m:[0m flushed 172 bytes
[2m2025-12-10T12:17:34.585277Z[0m [34mDEBUG[0m [2mhyper::proto::h1::io[0m[2m:[0m parsed 4 headers
[2m2025-12-10T12:17:34.585286Z[0m [34mDEBUG[0m [2mhyper::proto::h1::conn[0m[2m:[0m incoming body is content-length (2761 bytes)
[2m2025-12-10T12:17:34.585310Z[0m [34mDEBUG[0m [2methereum_transaction_pool_monitor::eth_client[0m[2m:[0m 📡 Transaction fetch RPC completed in 7.510834ms
[2m2025-12-10T12:17:34.586064Z[0m [34mDEBUG[0m [2mhyper::proto::h1::conn[0m[2m:[0m incoming body completed
[2m2025-12-10T12:17:34.586080Z[0m [34mDEBUG[0m [2mhyper::client::pool[0m[2m:[0m pooling idle connection for ("http", 192.168.0.14:8545)
[2m2025-12-10T12:17:34.586169Z[0m [34mDEBUG[0m [2mhyper::proto::h1::io[0m[2m:[0m parsed 4 headers
[2m2025-12-10T12:17:34.586216Z[0m [34mDEBUG[0m [2mhyper::proto::h1::conn[0m[2m:[0m incoming body is content-length (45 bytes)
[2m2025-12-10T12:17:34.586248Z[0m [34mDEBUG[0m [2mhyper::proto::h1::conn[0m[2m:[0m incoming body completed
[2m2025-12-10T12:17:34.586297Z[0m [34mDEBUG[0m [2mhyper::client::pool[0m[2m:[0m pooling idle connection for ("http", 192.168.0.14:8545)
[2m2025-12-10T12:17:34.593660Z[0m [34mDEBUG[0m [2methereum_transaction_pool_monitor::eth_client[0m[2m:[0m 📨 Received WebSocket message: {"jsonrpc":"2.0","method":"eth_subscription","params":{"subscription":"0xb60af543a4ead1cf1df939ac89b7e704","result":"0x983d979edd42a901a24c6dad2d9af7b72ce12e7a2be9052f26d51186d9fffd0c"}}
[2m2025-12-10T12:17:34.593915Z[0m [34mDEBUG[0m [2methereum_transaction_pool_monitor::eth_client[0m[2m:[0m 📨 Received pending transaction: 0x983d979edd42a901a24c6dad2d9af7b72ce12e7a2be9052f26d51186d9fffd0c
[2m2025-12-10T12:17:34.633114Z[0m [34mDEBUG[0m [2methereum_transaction_pool_monitor::eth_client[0m[2m:[0m 📨 Received WebSocket message: {"jsonrpc":"2.0","method":"eth_subscription","params":{"subscription":"0xb60af543a4ead1cf1df939ac89b7e704","result":"0x039bb0611cb9a09b09c2facd297c59552fce40fa2273ff583593df52bffc9e7b"}}
[2m2025-12-10T12:17:34.633171Z[0m [34mDEBUG[0m [2methereum_transaction_pool_monitor::eth_client[0m[2m:[0m 📨 Received pending transaction: 0x039bb0611cb9a09b09c2facd297c59552fce40fa2273ff583593df52bffc9e7b
[2m2025-12-10T12:17:34.647619Z[0m [34mDEBUG[0m [2mhyper::client::pool[0m[2m:[0m reuse idle connection for ("http", 192.168.0.14:8545)
[2m2025-12-10T12:17:34.647893Z[0m [34mDEBUG[0m [2mhyper::proto::h1::io[0m[2m:[0m flushed 172 bytes
[2m2025-12-10T12:17:34.652863Z[0m [34mDEBUG[0m [2mhyper::proto::h1::io[0m[2m:[0m parsed 4 headers
[2m2025-12-10T12:17:34.652947Z[0m [34mDEBUG[0m [2mhyper::proto::h1::conn[0m[2m:[0m incoming body is content-length (45 bytes)
[2m2025-12-10T12:17:34.652998Z[0m [34mDEBUG[0m [2mhyper::proto::h1::conn[0m[2m:[0m incoming body completed
[2m2025-12-10T12:17:34.653045Z[0m [34mDEBUG[0m [2mhyper::client::pool[0m[2m:[0m pooling idle connection for ("http", 192.168.0.14:8545)
[2m2025-12-10T12:17:34.736951Z[0m [34mDEBUG[0m [2methereum_transaction_pool_monitor::eth_client[0m[2m:[0m 📨 Received WebSocket message: {"jsonrpc":"2.0","method":"eth_subscription","params":{"subscription":"0xb60af543a4ead1cf1df939ac89b7e704","result":"0x6ccdb5cff74ba83d759c0e1f156dbb1ad979e0b02d5ea9516c768eff7d98f5b1"}}
[2m2025-12-10T12:17:34.737019Z[0m [34mDEBUG[0m [2methereum_transaction_pool_monitor::eth_client[0m[2m:[0m 📨 Received pending transaction: 0x6ccdb5cff74ba83d759c0e1f156dbb1ad979e0b02d5ea9516c768eff7d98f5b1
[2m2025-12-10T12:17:34.747872Z[0m [34mDEBUG[0m [2mhyper::client::pool[0m[2m:[0m reuse idle connection for ("http", 192.168.0.14:8545)
[2m2025-12-10T12:17:34.748011Z[0m [34mDEBUG[0m [2mhyper::proto::h1::io[0m[2m:[0m flushed 172 bytes
[2m2025-12-10T12:17:34.754637Z[0m [34mDEBUG[0m [2mhyper::proto::h1::io[0m[2m:[0m parsed 4 headers
[2m2025-12-10T12:17:34.754661Z[0m [34mDEBUG[0m [2mhyper::proto::h1::conn[0m[2m:[0m incoming body is content-length (45 bytes)
[2m2025-12-10T12:17:34.754684Z[0m [34mDEBUG[0m [2mhyper::proto::h1::conn[0m[2m:[0m incoming body completed
[2m2025-12-10T12:17:34.754724Z[0m [34mDEBUG[0m [2mhyper::client::pool[0m[2m:[0m pooling idle connection for ("http", 192.168.0.14:8545)
[2m2025-12-10T12:17:34.771394Z[0m [34mDEBUG[0m [2methereum_transaction_pool_monitor::eth_client[0m[2m:[0m 📨 Received WebSocket message: {"jsonrpc":"2.0","method":"eth_subscription","params":{"subscription":"0xb60af543a4ead1cf1df939ac89b7e704","result":"0x5d013458ec8cb6a1993e4eed1ee01b5e5fbdddec505f17b8cdcaecda9e020913"}}
[2m2025-12-10T12:17:34.771456Z[0m [34mDEBUG[0m [2methereum_transaction_pool_monitor::eth_client[0m[2m:[0m 📨 Received pending transaction: 0x5d013458ec8cb6a1993e4eed1ee01b5e5fbdddec505f17b8cdcaecda9e020913
[2m2025-12-10T12:17:34.774138Z[0m [34mDEBUG[0m [2methereum_transaction_pool_monitor::eth_client[0m[2m:[0m 📨 Received WebSocket message: {"jsonrpc":"2.0","method":"eth_subscription","params":{"subscription":"0xb60af543a4ead1cf1df939ac89b7e704","result":"0x458d0279a5d5537a5fe85fadf7890545edf9132f9ec2c4f687d0d851824cf731"}}
[2m2025-12-10T12:17:34.774239Z[0m [34mDEBUG[0m [2methereum_transaction_pool_monitor::eth_client[0m[2m:[0m 📨 Received pending transaction: 0x458d0279a5d5537a5fe85fadf7890545edf9132f9ec2c4f687d0d851824cf731
[2m2025-12-10T12:17:34.792426Z[0m [34mDEBUG[0m [2methereum_transaction_pool_monitor::eth_client[0m[2m:[0m ✅ Transaction 0x94f04c0256b959f6e141c1a695654294238008f7f35c19e1d10518678f6d14aa fetched and parsed in 214.621125ms
[2m2025-12-10T12:17:34.792487Z[0m [34mDEBUG[0m [2methereum_transaction_pool_monitor::mempool_monitor[0m[2m:[0m 🔍 Skipping tx 0x94f04c0256b959f6e141c1a695654294238008f7f35c19e1d10518678f6d14aa - not a DEX interaction (target: 0x1c479675ad559DC151F6Ec7ed3FbF8ceE79582B6)
[2m2025-12-10T12:17:34.792560Z[0m [34mDEBUG[0m [2methereum_transaction_pool_monitor::mempool_monitor[0m[2m:[0m 📨 Processing new pending transaction: 0x1b0b2e1112d3885e4879efb873589b93d8c960dcf2b6f68e640a26fb10e65c21
[2m2025-12-10T12:17:34.792572Z[0m [34mDEBUG[0m [2methereum_transaction_pool_monitor::mempool_monitor[0m[2m:[0m 🔍 Fetching transaction details for: 0x1b0b2e1112d3885e4879efb873589b93d8c960dcf2b6f68e640a26fb10e65c21
[2m2025-12-10T12:17:34.792582Z[0m [34mDEBUG[0m [2methereum_transaction_pool_monitor::eth_client[0m[2m:[0m 🔍 Fetching transaction details for hash: 0x1b0b2e1112d3885e4879efb873589b93d8c960dcf2b6f68e640a26fb10e65c21
[2m2025-12-10T12:17:34.792677Z[0m [34mDEBUG[0m [2mhyper::client::pool[0m[2m:[0m reuse idle connection for ("http", 192.168.0.14:8545)
[2m2025-12-10T12:17:34.792796Z[0m [34mDEBUG[0m [2mhyper::proto::h1::io[0m[2m:[0m flushed 250 bytes
[2m2025-12-10T12:17:34.802414Z[0m [34mDEBUG[0m [2mhyper::proto::h1::io[0m[2m:[0m parsed 4 headers
[2m2025-12-10T12:17:34.802448Z[0m [34mDEBUG[0m [2mhyper::proto::h1::conn[0m[2m:[0m incoming body is content-length (1732 bytes)
[2m2025-12-10T12:17:34.802511Z[0m [34mDEBUG[0m [2methereum_transaction_pool_monitor::eth_client[0m[2m:[0m 📡 Transaction fetch RPC completed in 9.919542ms
[2m2025-12-10T12:17:34.803027Z[0m [34mDEBUG[0m [2mhyper::proto::h1::conn[0m[2m:[0m incoming body completed
[2m2025-12-10T12:17:34.803067Z[0m [34mDEBUG[0m [2mhyper::client::pool[0m[2m:[0m pooling idle connection for ("http", 192.168.0.14:8545)
[2m2025-12-10T12:17:34.848261Z[0m [34mDEBUG[0m [2mhyper::client::pool[0m[2m:[0m reuse idle connection for ("http", 192.168.0.14:8545)
[2m2025-12-10T12:17:34.848395Z[0m [34mDEBUG[0m [2mhyper::proto::h1::io[0m[2m:[0m flushed 172 bytes
[2m2025-12-10T12:17:34.853453Z[0m [34mDEBUG[0m [2mhyper::proto::h1::io[0m[2m:[0m parsed 4 headers
[2m2025-12-10T12:17:34.853494Z[0m [34mDEBUG[0m [2mhyper::proto::h1::conn[0m[2m:[0m incoming body is content-length (45 bytes)
[2m2025-12-10T12:17:34.853524Z[0m [34mDEBUG[0m [2mhyper::proto::h1::conn[0m[2m:[0m incoming body completed
[2m2025-12-10T12:17:34.853575Z[0m [34mDEBUG[0m [2mhyper::client::pool[0m[2m:[0m pooling idle connection for ("http", 192.168.0.14:8545)
[2m2025-12-10T12:17:34.947476Z[0m [34mDEBUG[0m [2mhyper::client::pool[0m[2m:[0m reuse idle connection for ("http", 192.168.0.14:8545)
[2m2025-12-10T12:17:34.947590Z[0m [34mDEBUG[0m [2mhyper::proto::h1::io[0m[2m:[0m flushed 172 bytes
[2m2025-12-10T12:17:34.955101Z[0m [34mDEBUG[0m [2mhyper::proto::h1::io[0m[2m:[0m parsed 4 headers
[2m2025-12-10T12:17:34.955130Z[0m [34mDEBUG[0m [2mhyper::proto::h1::conn[0m[2m:[0m incoming body is content-length (45 bytes)
[2m2025-12-10T12:17:34.955152Z[0m [34mDEBUG[0m [2mhyper::proto::h1::conn[0m[2m:[0m incoming body completed
[2m2025-12-10T12:17:34.955197Z[0m [34mDEBUG[0m [2mhyper::client::pool[0m[2m:[0m pooling idle connection for ("http", 192.168.0.14:8545)
[2m2025-12-10T12:17:34.972940Z[0m [34mDEBUG[0m [2methereum_transaction_pool_monitor::eth_client[0m[2m:[0m 📨 Received WebSocket message: {"jsonrpc":"2.0","method":"eth_subscription","params":{"subscription":"0xb60af543a4ead1cf1df939ac89b7e704","result":"0x6123c61d538f24c2bb7baa111f57ff438f49b7820368edb01d948a0b7cb54bf5"}}
[2m2025-12-10T12:17:34.973051Z[0m [34mDEBUG[0m [2methereum_transaction_pool_monitor::eth_client[0m[2m:[0m 📨 Received pending transaction: 0x6123c61d538f24c2bb7baa111f57ff438f49b7820368edb01d948a0b7cb54bf5
[2m2025-12-10T12:17:34.996005Z[0m [34mDEBUG[0m [2methereum_transaction_pool_monitor::eth_client[0m[2m:[0m 📨 Received WebSocket message: {"jsonrpc":"2.0","method":"eth_subscription","params":{"subscription":"0xb60af543a4ead1cf1df939ac89b7e704","result":"0x1a8da688a461d1af6fb2606dead746c1e0cd617fdb9bbf20e6a42e6f9089e5bc"}}
[2m2025-12-10T12:17:34.996088Z[0m [34mDEBUG[0m [2methereum_transaction_pool_monitor::eth_client[0m[2m:[0m 📨 Received pending transaction: 0x1a8da688a461d1af6fb2606dead746c1e0cd617fdb9bbf20e6a42e6f9089e5bc
[2m2025-12-10T12:17:35.028265Z[0m [34mDEBUG[0m [2methereum_transaction_pool_monitor::eth_client[0m[2m:[0m 📨 Received WebSocket message: {"jsonrpc":"2.0","method":"eth_subscription","params":{"subscription":"0xb60af543a4ead1cf1df939ac89b7e704","result":"0xa96d0ba0ae2441ffbe43b08bdd1cd3eebe1a74504edbfb7924829db83f45cb29"}}
[2m2025-12-10T12:17:35.028318Z[0m [34mDEBUG[0m [2methereum_transaction_pool_monitor::eth_client[0m[2m:[0m 📨 Received pending transaction: 0xa96d0ba0ae2441ffbe43b08bdd1cd3eebe1a74504edbfb7924829db83f45cb29
[2m2025-12-10T12:17:35.036028Z[0m [34mDEBUG[0m [2methereum_transaction_pool_monitor::eth_client[0m[2m:[0m ✅ Transaction 0x1b0b2e1112d3885e4879efb873589b93d8c960dcf2b6f68e640a26fb10e65c21 fetched and parsed in 243.431792ms
[2m2025-12-10T12:17:35.036087Z[0m [34mDEBUG[0m [2methereum_transaction_pool_monitor::mempool_monitor[0m[2m:[0m 🔍 Skipping tx 0x1b0b2e1112d3885e4879efb873589b93d8c960dcf2b6f68e640a26fb10e65c21 - not a DEX interaction (target: 0x601a2aD6CB5949f0529735254189Ba3194221EDF)
[2m2025-12-10T12:17:35.036220Z[0m [34mDEBUG[0m [2methereum_transaction_pool_monitor::mempool_monitor[0m[2m:[0m 📨 Processing new pending transaction: 0xbffa293730c7a568e1b559f358a6f5c2914815cafb40186c7dbcf6e092f70b71
[2m2025-12-10T12:17:35.036302Z[0m [34mDEBUG[0m [2methereum_transaction_pool_monitor::mempool_monitor[0m[2m:[0m 🔍 Fetching transaction details for: 0xbffa293730c7a568e1b559f358a6f5c2914815cafb40186c7dbcf6e092f70b71
[2m2025-12-10T12:17:35.036323Z[0m [34mDEBUG[0m [2methereum_transaction_pool_monitor::eth_client[0m[2m:[0m 🔍 Fetching transaction details for hash: 0xbffa293730c7a568e1b559f358a6f5c2914815cafb40186c7dbcf6e092f70b71
[2m2025-12-10T12:17:35.036428Z[0m [34mDEBUG[0m [2mhyper::client::pool[0m[2m:[0m reuse idle connection for ("http", 192.168.0.14:8545)
[2m2025-12-10T12:17:35.036538Z[0m [34mDEBUG[0m [2mhyper::proto::h1::io[0m[2m:[0m flushed 250 bytes
[2m2025-12-10T12:17:35.040761Z[0m [34mDEBUG[0m [2mhyper::proto::h1::io[0m[2m:[0m parsed 4 headers
[2m2025-12-10T12:17:35.040791Z[0m [34mDEBUG[0m [2mhyper::proto::h1::conn[0m[2m:[0m incoming body is content-length (647 bytes)
[2m2025-12-10T12:17:35.040817Z[0m [34mDEBUG[0m [2mhyper::proto::h1::conn[0m[2m:[0m incoming body completed
[2m2025-12-10T12:17:35.040870Z[0m [34mDEBUG[0m [2mhyper::client::pool[0m[2m:[0m pooling idle connection for ("http", 192.168.0.14:8545)
[2m2025-12-10T12:17:35.040891Z[0m [34mDEBUG[0m [2methereum_transaction_pool_monitor::eth_client[0m[2m:[0m 📡 Transaction fetch RPC completed in 4.555834ms
[2m2025-12-10T12:17:35.336515Z[0m [34mDEBUG[0m [2methereum_transaction_pool_monitor::eth_client[0m[2m:[0m ✅ Transaction 0xbffa293730c7a568e1b559f358a6f5c2914815cafb40186c7dbcf6e092f70b71 fetched and parsed in 300.174709ms
[2m2025-12-10T12:17:35.336576Z[0m [34mDEBUG[0m [2methereum_transaction_pool_monitor::mempool_monitor[0m[2m:[0m 🔍 Skipping tx 0xbffa293730c7a568e1b559f358a6f5c2914815cafb40186c7dbcf6e092f70b71 - not a DEX interaction (target: 0x2e7F2740a839231c41cfde0d531828df312bea04)
[2m2025-12-10T12:17:35.336646Z[0m [34mDEBUG[0m [2methereum_transaction_pool_monitor::mempool_monitor[0m[2m:[0m 📨 Processing new pending transaction: 0x633036e57a628902191fccaa4271ecb2ddba53e212b14032033305d625e1ab30
[2m2025-12-10T12:17:35.336659Z[0m [34mDEBUG[0m [2methereum_transaction_pool_monitor::mempool_monitor[0m[2m:[0m 🔍 Fetching transaction details for: 0x633036e57a628902191fccaa4271ecb2ddba53e212b14032033305d625e1ab30
[2m2025-12-10T12:17:35.336671Z[0m [34mDEBUG[0m [2methereum_transaction_pool_monitor::eth_client[0m[2m:[0m 🔍 Fetching transaction details for hash: 0x633036e57a628902191fccaa4271ecb2ddba53e212b14032033305d625e1ab30
[2m2025-12-10T12:17:35.336772Z[0m [34mDEBUG[0m [2mhyper::client::pool[0m[2m:[0m reuse idle connection for ("http", 192.168.0.14:8545)
[2m2025-12-10T12:17:35.336852Z[0m [34mDEBUG[0m [2mhyper::proto::h1::io[0m[2m:[0m flushed 250 bytes
[2m2025-12-10T12:17:35.336922Z[0m [34mDEBUG[0m [2methereum_transaction_pool_monitor::eth_client[0m[2m:[0m 📨 Received WebSocket message: {"jsonrpc":"2.0","method":"eth_subscription","params":{"subscription":"0xb60af543a4ead1cf1df939ac89b7e704","result":"0x12b7c5741a9ba3087f07926b49f87887b4edb3e15771991ee18be70c1b104ab1"}}
[2m2025-12-10T12:17:35.336928Z[0m [34mDEBUG[0m [2mhyper::client::pool[0m[2m:[0m reuse idle connection for ("http", 192.168.0.14:8545)
[2m2025-12-10T12:17:35.336957Z[0m [34mDEBUG[0m [2methereum_transaction_pool_monitor::eth_client[0m[2m:[0m 📨 Received pending transaction: 0x12b7c5741a9ba3087f07926b49f87887b4edb3e15771991ee18be70c1b104ab1
[2m2025-12-10T12:17:35.336977Z[0m [34mDEBUG[0m [2mhyper::proto::h1::io[0m[2m:[0m flushed 172 bytes
[2m2025-12-10T12:17:35.336975Z[0m [34mDEBUG[0m [2methereum_transaction_pool_monitor::eth_client[0m[2m:[0m 📨 Received WebSocket message: {"jsonrpc":"2.0","method":"eth_subscription","params":{"subscription":"0xb60af543a4ead1cf1df939ac89b7e704","result":"0x20c6482e949551d2b02959562fc05d047ee0c9da3cc0d984dde1f243a25d0678"}}
[2m2025-12-10T12:17:35.336999Z[0m [34mDEBUG[0m [2methereum_transaction_pool_monitor::eth_client[0m[2m:[0m 📨 Received pending transaction: 0x20c6482e949551d2b02959562fc05d047ee0c9da3cc0d984dde1f243a25d0678
[2m2025-12-10T12:17:35.376020Z[0m [34mDEBUG[0m [2mhyper::proto::h1::io[0m[2m:[0m parsed 4 headers
[2m2025-12-10T12:17:35.376138Z[0m [34mDEBUG[0m [2mhyper::proto::h1::conn[0m[2m:[0m incoming body is content-length (45 bytes)
[2m2025-12-10T12:17:35.376165Z[0m [34mDEBUG[0m [2mhyper::proto::h1::conn[0m[2m:[0m incoming body completed
[2m2025-12-10T12:17:35.376210Z[0m [34mDEBUG[0m [2mhyper::client::pool[0m[2m:[0m pooling idle connection for ("http", 192.168.0.14:8545)
[2m2025-12-10T12:17:35.376320Z[0m [34mDEBUG[0m [2mhyper::client::pool[0m[2m:[0m reuse idle connection for ("http", 192.168.0.14:8545)
[2m2025-12-10T12:17:35.376383Z[0m [34mDEBUG[0m [2mhyper::proto::h1::io[0m[2m:[0m flushed 172 bytes
[2m2025-12-10T12:17:35.376405Z[0m [34mDEBUG[0m [2mhyper::proto::h1::io[0m[2m:[0m parsed 4 headers
[2m2025-12-10T12:17:35.376402Z[0m [34mDEBUG[0m [2methereum_transaction_pool_monitor::eth_client[0m[2m:[0m 📨 Received WebSocket message: {"jsonrpc":"2.0","method":"eth_subscription","params":{"subscription":"0xb60af543a4ead1cf1df939ac89b7e704","result":"0xc6692678701b5cee7a84d19149042a57d574e04febb1f1bdf94c62bf3f8fd994"}}
[2m2025-12-10T12:17:35.376425Z[0m [34mDEBUG[0m [2mhyper::proto::h1::conn[0m[2m:[0m incoming body is content-length (766 bytes)
[2m2025-12-10T12:17:35.376446Z[0m [34mDEBUG[0m [2methereum_transaction_pool_monitor::eth_client[0m[2m:[0m 📨 Received pending transaction: 0xc6692678701b5cee7a84d19149042a57d574e04febb1f1bdf94c62bf3f8fd994
[2m2025-12-10T12:17:35.376448Z[0m [34mDEBUG[0m [2mhyper::proto::h1::conn[0m[2m:[0m incoming body completed
[2m2025-12-10T12:17:35.376470Z[0m [34mDEBUG[0m [2methereum_transaction_pool_monitor::eth_client[0m[2m:[0m 📨 Received WebSocket message: {"jsonrpc":"2.0","method":"eth_subscription","params":{"subscription":"0xb60af543a4ead1cf1df939ac89b7e704","result":"0x85639f52ea83e73121e689cfe72664b96799f1d68c64b3ed3acb76f162567dd6"}}
[2m2025-12-10T12:17:35.376488Z[0m [34mDEBUG[0m [2mhyper::client::pool[0m[2m:[0m pooling idle connection for ("http", 192.168.0.14:8545)
[2m2025-12-10T12:17:35.376488Z[0m [34mDEBUG[0m [2methereum_transaction_pool_monitor::eth_client[0m[2m:[0m 📨 Received pending transaction: 0x85639f52ea83e73121e689cfe72664b96799f1d68c64b3ed3acb76f162567dd6
[2m2025-12-10T12:17:35.376504Z[0m [34mDEBUG[0m [2methereum_transaction_pool_monitor::eth_client[0m[2m:[0m 📡 Transaction fetch RPC completed in 39.822292ms
[2m2025-12-10T12:17:35.402475Z[0m [34mDEBUG[0m [2mhyper::proto::h1::io[0m[2m:[0m parsed 4 headers
[2m2025-12-10T12:17:35.402504Z[0m [34mDEBUG[0m [2mhyper::proto::h1::conn[0m[2m:[0m incoming body is content-length (45 bytes)
[2m2025-12-10T12:17:35.402525Z[0m [34mDEBUG[0m [2mhyper::proto::h1::conn[0m[2m:[0m incoming body completed
[2m2025-12-10T12:17:35.402567Z[0m [34mDEBUG[0m [2mhyper::client::pool[0m[2m:[0m pooling idle connection for ("http", 192.168.0.14:8545)
[2m2025-12-10T12:17:35.402676Z[0m [34mDEBUG[0m [2mhyper::client::pool[0m[2m:[0m reuse idle connection for ("http", 192.168.0.14:8545)
[2m2025-12-10T12:17:35.402736Z[0m [34mDEBUG[0m [2mhyper::proto::h1::io[0m[2m:[0m flushed 172 bytes
[2m2025-12-10T12:17:35.408709Z[0m [34mDEBUG[0m [2mhyper::proto::h1::io[0m[2m:[0m parsed 4 headers
[2m2025-12-10T12:17:35.408731Z[0m [34mDEBUG[0m [2mhyper::proto::h1::conn[0m[2m:[0m incoming body is content-length (45 bytes)
[2m2025-12-10T12:17:35.408749Z[0m [34mDEBUG[0m [2mhyper::proto::h1::conn[0m[2m:[0m incoming body completed
[2m2025-12-10T12:17:35.408779Z[0m [34mDEBUG[0m [2mhyper::client::pool[0m[2m:[0m pooling idle connection for ("http", 192.168.0.14:8545)
[2m2025-12-10T12:17:35.408870Z[0m [34mDEBUG[0m [2mhyper::client::pool[0m[2m:[0m reuse idle connection for ("http", 192.168.0.14:8545)
[2m2025-12-10T12:17:35.408916Z[0m [34mDEBUG[0m [2mhyper::proto::h1::io[0m[2m:[0m flushed 172 bytes
[2m2025-12-10T12:17:35.415090Z[0m [34mDEBUG[0m [2mhyper::proto::h1::io[0m[2m:[0m parsed 4 headers
[2m2025-12-10T12:17:35.415125Z[0m [34mDEBUG[0m [2mhyper::proto::h1::conn[0m[2m:[0m incoming body is content-length (45 bytes)
[2m2025-12-10T12:17:35.415147Z[0m [34mDEBUG[0m [2mhyper::proto::h1::conn[0m[2m:[0m incoming body completed
[2m2025-12-10T12:17:35.415197Z[0m [34mDEBUG[0m [2mhyper::client::pool[0m[2m:[0m pooling idle connection for ("http", 192.168.0.14:8545)
[2m2025-12-10T12:17:35.447502Z[0m [34mDEBUG[0m [2mhyper::client::pool[0m[2m:[0m reuse idle connection for ("http", 192.168.0.14:8545)
[2m2025-12-10T12:17:35.447603Z[0m [34mDEBUG[0m [2mhyper::proto::h1::io[0m[2m:[0m flushed 172 bytes
[2m2025-12-10T12:17:35.453871Z[0m [34mDEBUG[0m [2mhyper::proto::h1::io[0m[2m:[0m parsed 4 headers
[2m2025-12-10T12:17:35.453886Z[0m [34mDEBUG[0m [2mhyper::proto::h1::conn[0m[2m:[0m incoming body is content-length (45 bytes)
[2m2025-12-10T12:17:35.453903Z[0m [34mDEBUG[0m [2mhyper::proto::h1::conn[0m[2m:[0m incoming body completed
[2m2025-12-10T12:17:35.453935Z[0m [34mDEBUG[0m [2mhyper::client::pool[0m[2m:[0m pooling idle connection for ("http", 192.168.0.14:8545)
[2m2025-12-10T12:17:35.499228Z[0m [34mDEBUG[0m [2methereum_transaction_pool_monitor::eth_client[0m[2m:[0m 📨 Received WebSocket message: {"jsonrpc":"2.0","method":"eth_subscription","params":{"subscription":"0xb60af543a4ead1cf1df939ac89b7e704","result":"0xe3356c81cd3025691ab7d778cedaf118fdc23b8bf03a06f724ea764c1f5258c7"}}
[2m2025-12-10T12:17:35.499288Z[0m [34mDEBUG[0m [2methereum_transaction_pool_monitor::eth_client[0m[2m:[0m 📨 Received pending transaction: 0xe3356c81cd3025691ab7d778cedaf118fdc23b8bf03a06f724ea764c1f5258c7
[2m2025-12-10T12:17:35.548482Z[0m [34mDEBUG[0m [2mhyper::client::pool[0m[2m:[0m reuse idle connection for ("http", 192.168.0.14:8545)
[2m2025-12-10T12:17:35.548598Z[0m [34mDEBUG[0m [2mhyper::proto::h1::io[0m[2m:[0m flushed 172 bytes
[2m2025-12-10T12:17:35.565061Z[0m [34mDEBUG[0m [2mhyper::proto::h1::io[0m[2m:[0m parsed 4 headers
[2m2025-12-10T12:17:35.568531Z[0m [34mDEBUG[0m [2mhyper::proto::h1::conn[0m[2m:[0m incoming body is content-length (45 bytes)
[2m2025-12-10T12:17:35.568560Z[0m [34mDEBUG[0m [2mhyper::proto::h1::conn[0m[2m:[0m incoming body completed
[2m2025-12-10T12:17:35.568612Z[0m [34mDEBUG[0m [2mhyper::client::pool[0m[2m:[0m pooling idle connection for ("http", 192.168.0.14:8545)
[2m2025-12-10T12:17:35.573724Z[0m [34mDEBUG[0m [2methereum_transaction_pool_monitor::eth_client[0m[2m:[0m ✅ Transaction 0x633036e57a628902191fccaa4271ecb2ddba53e212b14032033305d625e1ab30 fetched and parsed in 237.039917ms
[2m2025-12-10T12:17:35.573760Z[0m [34mDEBUG[0m [2methereum_transaction_pool_monitor::mempool_monitor[0m[2m:[0m 🔍 Skipping tx 0x633036e57a628902191fccaa4271ecb2ddba53e212b14032033305d625e1ab30 - not a DEX interaction (target: 0xA0b86991c6218b36c1d19D4a2e9Eb0cE3606eB48)
[2m2025-12-10T12:17:35.573825Z[0m [34mDEBUG[0m [2methereum_transaction_pool_monitor::mempool_monitor[0m[2m:[0m 📨 Processing new pending transaction: 0x32808ebf899e418426b9a2e759a06729692f274600ee629a4fd309fd9e8faadd
[2m2025-12-10T12:17:35.573836Z[0m [34mDEBUG[0m [2methereum_transaction_pool_monitor::mempool_monitor[0m[2m:[0m 🔍 Fetching transaction details for: 0x32808ebf899e418426b9a2e759a06729692f274600ee629a4fd309fd9e8faadd
[2m2025-12-10T12:17:35.573845Z[0m [34mDEBUG[0m [2methereum_transaction_pool_monitor::eth_client[0m[2m:[0m 🔍 Fetching transaction details for hash: 0x32808ebf899e418426b9a2e759a06729692f274600ee629a4fd309fd9e8faadd
[2m2025-12-10T12:17:35.573934Z[0m [34mDEBUG[0m [2mhyper::client::pool[0m[2m:[0m reuse idle connection for ("http", 192.168.0.14:8545)
[2m2025-12-10T12:17:35.574017Z[0m [34mDEBUG[0m [2mhyper::proto::h1::io[0m[2m:[0m flushed 250 bytes
[2m2025-12-10T12:17:35.592423Z[0m [34mDEBUG[0m [2mhyper::proto::h1::io[0m[2m:[0m parsed 4 headers
[2m2025-12-10T12:17:35.592460Z[0m [34mDEBUG[0m [2mhyper::proto::h1::conn[0m[2m:[0m incoming body is content-length (655 bytes)
[2m2025-12-10T12:17:35.592485Z[0m [34mDEBUG[0m [2mhyper::proto::h1::conn[0m[2m:[0m incoming body completed
[2m2025-12-10T12:17:35.592560Z[0m [34mDEBUG[0m [2mhyper::client::pool[0m[2m:[0m pooling idle connection for ("http", 192.168.0.14:8545)
[2m2025-12-10T12:17:35.592583Z[0m [34mDEBUG[0m [2methereum_transaction_pool_monitor::eth_client[0m[2m:[0m 📡 Transaction fetch RPC completed in 18.727292ms
[2m2025-12-10T12:17:35.788199Z[0m [34mDEBUG[0m [2methereum_transaction_pool_monitor::eth_client[0m[2m:[0m ✅ Transaction 0x32808ebf899e418426b9a2e759a06729692f274600ee629a4fd309fd9e8faadd fetched and parsed in 214.3375ms
[2m2025-12-10T12:17:35.790154Z[0m [34mDEBUG[0m [2methereum_transaction_pool_monitor::mempool_monitor[0m[2m:[0m 🔍 Skipping tx 0x32808ebf899e418426b9a2e759a06729692f274600ee629a4fd309fd9e8faadd - not a DEX interaction (target: 0x91Ee2C4CBdEBDB8dF2f0C3a97a0F460399e90672)
[2m2025-12-10T12:17:35.790229Z[0m [34mDEBUG[0m [2methereum_transaction_pool_monitor::mempool_monitor[0m[2m:[0m 📨 Processing new pending transaction: 0xedd2336ac4390f07ca255f8a9a3724a97a738da2e3af89b2220236e308605d5d
[2m2025-12-10T12:17:35.790241Z[0m [34mDEBUG[0m [2methereum_transaction_pool_monitor::mempool_monitor[0m[2m:[0m 🔍 Fetching transaction details for: 0xedd2336ac4390f07ca255f8a9a3724a97a738da2e3af89b2220236e308605d5d
[2m2025-12-10T12:17:35.790251Z[0m [34mDEBUG[0m [2methereum_transaction_pool_monitor::eth_client[0m[2m:[0m 🔍 Fetching transaction details for hash: 0xedd2336ac4390f07ca255f8a9a3724a97a738da2e3af89b2220236e308605d5d
[2m2025-12-10T12:17:35.790346Z[0m [34mDEBUG[0m [2mhyper::client::pool[0m[2m:[0m reuse idle connection for ("http", 192.168.0.14:8545)
[2m2025-12-10T12:17:35.790452Z[0m [34mDEBUG[0m [2mhyper::proto::h1::io[0m[2m:[0m flushed 250 bytes
[2m2025-12-10T12:17:35.790519Z[0m [34mDEBUG[0m [2mhyper::client::pool[0m[2m:[0m reuse idle connection for ("http", 192.168.0.14:8545)
[2m2025-12-10T12:17:35.790554Z[0m [34mDEBUG[0m [2mhyper::proto::h1::io[0m[2m:[0m flushed 172 bytes
[2m2025-12-10T12:17:35.794320Z[0m [34mDEBUG[0m [2mhyper::proto::h1::io[0m[2m:[0m parsed 4 headers
[2m2025-12-10T12:17:35.794328Z[0m [34mDEBUG[0m [2mhyper::proto::h1::conn[0m[2m:[0m incoming body is content-length (45 bytes)
[2m2025-12-10T12:17:35.794345Z[0m [34mDEBUG[0m [2mhyper::proto::h1::conn[0m[2m:[0m incoming body completed
[2m2025-12-10T12:17:35.794372Z[0m [34mDEBUG[0m [2mhyper::client::pool[0m[2m:[0m pooling idle connection for ("http", 192.168.0.14:8545)
[2m2025-12-10T12:17:35.794433Z[0m [34mDEBUG[0m [2mhyper::client::pool[0m[2m:[0m reuse idle connection for ("http", 192.168.0.14:8545)
[2m2025-12-10T12:17:35.794473Z[0m [34mDEBUG[0m [2mhyper::proto::h1::io[0m[2m:[0m flushed 172 bytes
[2m2025-12-10T12:17:35.794796Z[0m [34mDEBUG[0m [2mhyper::proto::h1::io[0m[2m:[0m parsed 4 headers
[2m2025-12-10T12:17:35.794812Z[0m [34mDEBUG[0m [2mhyper::proto::h1::conn[0m[2m:[0m incoming body is content-length (1097 bytes)
[2m2025-12-10T12:17:35.794825Z[0m [34mDEBUG[0m [2mhyper::proto::h1::conn[0m[2m:[0m incoming body completed
[2m2025-12-10T12:17:35.794846Z[0m [34mDEBUG[0m [2mhyper::client::pool[0m[2m:[0m pooling idle connection for ("http", 192.168.0.14:8545)
[2m2025-12-10T12:17:35.794860Z[0m [34mDEBUG[0m [2methereum_transaction_pool_monitor::eth_client[0m[2m:[0m 📡 Transaction fetch RPC completed in 4.599375ms
[2m2025-12-10T12:17:35.988113Z[0m [34mDEBUG[0m [2methereum_transaction_pool_monitor::eth_client[0m[2m:[0m ✅ Transaction 0xedd2336ac4390f07ca255f8a9a3724a97a738da2e3af89b2220236e308605d5d fetched and parsed in 197.845917ms
[2m2025-12-10T12:17:35.988172Z[0m [34mDEBUG[0m [2methereum_transaction_pool_monitor::mempool_monitor[0m[2m:[0m 🔍 Skipping tx 0xedd2336ac4390f07ca255f8a9a3724a97a738da2e3af89b2220236e308605d5d - not a DEX interaction (target: 0xEe7aE85f2Fe2239E27D9c1E23fFFe168D63b4055)
[2m2025-12-10T12:17:35.988244Z[0m [34mDEBUG[0m [2methereum_transaction_pool_monitor::mempool_monitor[0m[2m:[0m 📨 Processing new pending transaction: 0x17c558f64b340ab1af60c9bd63c62e97fc6b3d18b87006ec6583f8744e4fa761
[2m2025-12-10T12:17:35.988258Z[0m [34mDEBUG[0m [2methereum_transaction_pool_monitor::mempool_monitor[0m[2m:[0m 🔍 Fetching transaction details for: 0x17c558f64b340ab1af60c9bd63c62e97fc6b3d18b87006ec6583f8744e4fa761
[2m2025-12-10T12:17:35.988268Z[0m [34mDEBUG[0m [2methereum_transaction_pool_monitor::eth_client[0m[2m:[0m 🔍 Fetching transaction details for hash: 0x17c558f64b340ab1af60c9bd63c62e97fc6b3d18b87006ec6583f8744e4fa761
[2m2025-12-10T12:17:35.988357Z[0m [34mDEBUG[0m [2mhyper::client::pool[0m[2m:[0m reuse idle connection for ("http", 192.168.0.14:8545)
[2m2025-12-10T12:17:35.988461Z[0m [34mDEBUG[0m [2mhyper::proto::h1::io[0m[2m:[0m flushed 250 bytes
[2m2025-12-10T12:17:35.988520Z[0m [34mDEBUG[0m [2methereum_transaction_pool_monitor::eth_client[0m[2m:[0m 📨 Received WebSocket message: {"jsonrpc":"2.0","method":"eth_subscription","params":{"subscription":"0xb60af543a4ead1cf1df939ac89b7e704","result":"0x64c456fe91e8f711a19ba0d171143894e37a19cba3900d472f9c6d2a57c9c6ae"}}
[2m2025-12-10T12:17:35.988536Z[0m [34mDEBUG[0m [2mhyper::proto::h1::io[0m[2m:[0m parsed 4 headers
[2m2025-12-10T12:17:35.988545Z[0m [34mDEBUG[0m [2methereum_transaction_pool_monitor::eth_client[0m[2m:[0m 📨 Received pending transaction: 0x64c456fe91e8f711a19ba0d171143894e37a19cba3900d472f9c6d2a57c9c6ae
[2m2025-12-10T12:17:35.988550Z[0m [34mDEBUG[0m [2mhyper::proto::h1::conn[0m[2m:[0m incoming body is content-length (45 bytes)
[2m2025-12-10T12:17:35.988569Z[0m [34mDEBUG[0m [2mhyper::proto::h1::conn[0m[2m:[0m incoming body completed
[2m2025-12-10T12:17:35.988597Z[0m [34mDEBUG[0m [2mhyper::client::pool[0m[2m:[0m pooling idle connection for ("http", 192.168.0.14:8545)
[2m2025-12-10T12:17:35.988666Z[0m [34mDEBUG[0m [2mhyper::client::pool[0m[2m:[0m reuse idle connection for ("http", 192.168.0.14:8545)
[2m2025-12-10T12:17:35.988716Z[0m [34mDEBUG[0m [2mhyper::proto::h1::io[0m[2m:[0m flushed 172 bytes
[2m2025-12-10T12:17:35.993863Z[0m [34mDEBUG[0m [2mhyper::proto::h1::io[0m[2m:[0m parsed 4 headers
[2m2025-12-10T12:17:35.993881Z[0m [34mDEBUG[0m [2mhyper::proto::h1::conn[0m[2m:[0m incoming body is content-length (555 bytes)
[2m2025-12-10T12:17:35.993896Z[0m [34mDEBUG[0m [2mhyper::proto::h1::conn[0m[2m:[0m incoming body completed
[2m2025-12-10T12:17:35.993922Z[0m [34mDEBUG[0m [2mhyper::client::pool[0m[2m:[0m pooling idle connection for ("http", 192.168.0.14:8545)
[2m2025-12-10T12:17:35.993937Z[0m [34mDEBUG[0m [2methereum_transaction_pool_monitor::eth_client[0m[2m:[0m 📡 Transaction fetch RPC completed in 5.658625ms
[2m2025-12-10T12:17:36.186156Z[0m [34mDEBUG[0m [2methereum_transaction_pool_monitor::eth_client[0m[2m:[0m ✅ Transaction 0x17c558f64b340ab1af60c9bd63c62e97fc6b3d18b87006ec6583f8744e4fa761 fetched and parsed in 197.875167ms
[2m2025-12-10T12:17:36.186207Z[0m [34mDEBUG[0m [2methereum_transaction_pool_monitor::mempool_monitor[0m[2m:[0m 🔍 Skipping tx 0x17c558f64b340ab1af60c9bd63c62e97fc6b3d18b87006ec6583f8744e4fa761 - not a DEX interaction (target: 0x50C1F01B9874DAa989Ee6142CfaA4f3D243FD0e7)
[2m2025-12-10T12:17:36.186286Z[0m [34mDEBUG[0m [2methereum_transaction_pool_monitor::mempool_monitor[0m[2m:[0m 📨 Processing new pending transaction: 0xc3c95ec5e9b1674ae5ffb80b96f9e6d7aa511646a112f752a929c4c93a17600c
[2m2025-12-10T12:17:36.186299Z[0m [34mDEBUG[0m [2methereum_transaction_pool_monitor::mempool_monitor[0m[2m:[0m 🔍 Fetching transaction details for: 0xc3c95ec5e9b1674ae5ffb80b96f9e6d7aa511646a112f752a929c4c93a17600c
[2m2025-12-10T12:17:36.186309Z[0m [34mDEBUG[0m [2methereum_transaction_pool_monitor::eth_client[0m[2m:[0m 🔍 Fetching transaction details for hash: 0xc3c95ec5e9b1674ae5ffb80b96f9e6d7aa511646a112f752a929c4c93a17600c
[2m2025-12-10T12:17:36.186399Z[0m [34mDEBUG[0m [2mhyper::client::pool[0m[2m:[0m reuse idle connection for ("http", 192.168.0.14:8545)
[2m2025-12-10T12:17:36.186500Z[0m [34mDEBUG[0m [2mhyper::proto::h1::io[0m[2m:[0m flushed 250 bytes
[2m2025-12-10T12:17:36.186551Z[0m [34mDEBUG[0m [2methereum_transaction_pool_monitor::eth_client[0m[2m:[0m 📨 Received WebSocket message: {"jsonrpc":"2.0","method":"eth_subscription","params":{"subscription":"0xb60af543a4ead1cf1df939ac89b7e704","result":"0x245a1ff2b14fed3ea513b1b095e570afc2ec1fac68d4664933b5557dbe02b392"}}
[2m2025-12-10T12:17:36.186572Z[0m [34mDEBUG[0m [2mhyper::proto::h1::io[0m[2m:[0m parsed 4 headers
[2m2025-12-10T12:17:36.186573Z[0m [34mDEBUG[0m [2methereum_transaction_pool_monitor::eth_client[0m[2m:[0m 📨 Received pending transaction: 0x245a1ff2b14fed3ea513b1b095e570afc2ec1fac68d4664933b5557dbe02b392
[2m2025-12-10T12:17:36.186591Z[0m [34mDEBUG[0m [2mhyper::proto::h1::conn[0m[2m:[0m incoming body is content-length (45 bytes)
[2m2025-12-10T12:17:36.186605Z[0m [34mDEBUG[0m [2methereum_transaction_pool_monitor::eth_client[0m[2m:[0m 📨 Received WebSocket message: {"jsonrpc":"2.0","method":"eth_subscription","params":{"subscription":"0xb60af543a4ead1cf1df939ac89b7e704","result":"0x622d317795c54c0fc7be16c80aee5e36a58f72eeb3c90d2cc4ab66989824af12"}}
[2m2025-12-10T12:17:36.186612Z[0m [34mDEBUG[0m [2mhyper::proto::h1::conn[0m[2m:[0m incoming body completed
[2m2025-12-10T12:17:36.186623Z[0m [34mDEBUG[0m [2methereum_transaction_pool_monitor::eth_client[0m[2m:[0m 📨 Received pending transaction: 0x622d317795c54c0fc7be16c80aee5e36a58f72eeb3c90d2cc4ab66989824af12
[2m2025-12-10T12:17:36.186635Z[0m [34mDEBUG[0m [2methereum_transaction_pool_monitor::eth_client[0m[2m:[0m 📨 Received WebSocket message: {"jsonrpc":"2.0","method":"eth_subscription","params":{"subscription":"0xb60af543a4ead1cf1df939ac89b7e704","result":"0xd45916d3d513d3978f60416606bdbd8a98bb8d756d7eb9bbc682dd6168d22af4"}}
[2m2025-12-10T12:17:36.186644Z[0m [34mDEBUG[0m [2mhyper::client::pool[0m[2m:[0m pooling idle connection for ("http", 192.168.0.14:8545)
[2m2025-12-10T12:17:36.186651Z[0m [34mDEBUG[0m [2methereum_transaction_pool_monitor::eth_client[0m[2m:[0m 📨 Received pending transaction: 0xd45916d3d513d3978f60416606bdbd8a98bb8d756d7eb9bbc682dd6168d22af4
[2m2025-12-10T12:17:36.186720Z[0m [34mDEBUG[0m [2mhyper::client::pool[0m[2m:[0m reuse idle connection for ("http", 192.168.0.14:8545)
[2m2025-12-10T12:17:36.186771Z[0m [34mDEBUG[0m [2mhyper::proto::h1::io[0m[2m:[0m flushed 172 bytes
[2m2025-12-10T12:17:36.194378Z[0m [34mDEBUG[0m [2mhyper::proto::h1::io[0m[2m:[0m parsed 4 headers
[2m2025-12-10T12:17:36.194390Z[0m [34mDEBUG[0m [2mhyper::proto::h1::conn[0m[2m:[0m incoming body is content-length (45 bytes)
[2m2025-12-10T12:17:36.194404Z[0m [34mDEBUG[0m [2mhyper::proto::h1::conn[0m[2m:[0m incoming body completed
[2m2025-12-10T12:17:36.194426Z[0m [34mDEBUG[0m [2mhyper::client::pool[0m[2m:[0m pooling idle connection for ("http", 192.168.0.14:8545)
[2m2025-12-10T12:17:36.194485Z[0m [34mDEBUG[0m [2mhyper::client::pool[0m[2m:[0m reuse idle connection for ("http", 192.168.0.14:8545)
[2m2025-12-10T12:17:36.194533Z[0m [34mDEBUG[0m [2mhyper::proto::h1::io[0m[2m:[0m flushed 172 bytes
[2m2025-12-10T12:17:36.197254Z[0m [34mDEBUG[0m [2mhyper::proto::h1::io[0m[2m:[0m parsed 4 headers
[2m2025-12-10T12:17:36.197262Z[0m [34mDEBUG[0m [2mhyper::proto::h1::conn[0m[2m:[0m incoming body is content-length (648 bytes)
[2m2025-12-10T12:17:36.197273Z[0m [34mDEBUG[0m [2mhyper::proto::h1::conn[0m[2m:[0m incoming body completed
[2m2025-12-10T12:17:36.197291Z[0m [34mDEBUG[0m [2mhyper::client::pool[0m[2m:[0m pooling idle connection for ("http", 192.168.0.14:8545)
[2m2025-12-10T12:17:36.197303Z[0m [34mDEBUG[0m [2methereum_transaction_pool_monitor::eth_client[0m[2m:[0m 📡 Transaction fetch RPC completed in 10.984792ms
[2m2025-12-10T12:17:36.388979Z[0m [34mDEBUG[0m [2methereum_transaction_pool_monitor::eth_client[0m[2m:[0m ✅ Transaction 0xc3c95ec5e9b1674ae5ffb80b96f9e6d7aa511646a112f752a929c4c93a17600c fetched and parsed in 202.656167ms
[2m2025-12-10T12:17:36.389031Z[0m [34mDEBUG[0m [2methereum_transaction_pool_monitor::mempool_monitor[0m[2m:[0m 🔍 Skipping tx 0xc3c95ec5e9b1674ae5ffb80b96f9e6d7aa511646a112f752a929c4c93a17600c - not a DEX interaction (target: 0x2e7F2740a839231c41cfde0d531828df312bea04)
[2m2025-12-10T12:17:36.389102Z[0m [34mDEBUG[0m [2methereum_transaction_pool_monitor::mempool_monitor[0m[2m:[0m 📨 Processing new pending transaction: 0x5b2ed74df4d3a2179530d84c87a4018d045ce4aa57da3f756003d3a6b6d955c9
[2m2025-12-10T12:17:36.389114Z[0m [34mDEBUG[0m [2methereum_transaction_pool_monitor::mempool_monitor[0m[2m:[0m 🔍 Fetching transaction details for: 0x5b2ed74df4d3a2179530d84c87a4018d045ce4aa57da3f756003d3a6b6d955c9
[2m2025-12-10T12:17:36.389124Z[0m [34mDEBUG[0m [2methereum_transaction_pool_monitor::eth_client[0m[2m:[0m 🔍 Fetching transaction details for hash: 0x5b2ed74df4d3a2179530d84c87a4018d045ce4aa57da3f756003d3a6b6d955c9
[2m2025-12-10T12:17:36.389219Z[0m [34mDEBUG[0m [2mhyper::client::pool[0m[2m:[0m reuse idle connection for ("http", 192.168.0.14:8545)
[2m2025-12-10T12:17:36.389315Z[0m [34mDEBUG[0m [2mhyper::proto::h1::io[0m[2m:[0m flushed 250 bytes
[2m2025-12-10T12:17:36.389371Z[0m [34mDEBUG[0m [2methereum_transaction_pool_monitor::eth_client[0m[2m:[0m 📨 Received WebSocket message: {"jsonrpc":"2.0","method":"eth_subscription","params":{"subscription":"0xb60af543a4ead1cf1df939ac89b7e704","result":"0x39ef296d86b043275699126223f92e8ebb249df3a2f189394d01ef2d78bfde00"}}
[2m2025-12-10T12:17:36.389386Z[0m [34mDEBUG[0m [2mhyper::proto::h1::io[0m[2m:[0m parsed 4 headers
[2m2025-12-10T12:17:36.389395Z[0m [34mDEBUG[0m [2methereum_transaction_pool_monitor::eth_client[0m[2m:[0m 📨 Received pending transaction: 0x39ef296d86b043275699126223f92e8ebb249df3a2f189394d01ef2d78bfde00
[2m2025-12-10T12:17:36.389397Z[0m [34mDEBUG[0m [2mhyper::proto::h1::conn[0m[2m:[0m incoming body is content-length (45 bytes)
[2m2025-12-10T12:17:36.389413Z[0m [34mDEBUG[0m [2methereum_transaction_pool_monitor::eth_client[0m[2m:[0m 📨 Received WebSocket message: {"jsonrpc":"2.0","method":"eth_subscription","params":{"subscription":"0xb60af543a4ead1cf1df939ac89b7e704","result":"0x7348dfdc7bd659aa4d8acb284ef671a9905399c2e68e47403f9d4733d29eefd0"}}
[2m2025-12-10T12:17:36.389418Z[0m [34mDEBUG[0m [2mhyper::proto::h1::conn[0m[2m:[0m incoming body completed
[2m2025-12-10T12:17:36.389433Z[0m [34mDEBUG[0m [2methereum_transaction_pool_monitor::eth_client[0m[2m:[0m 📨 Received pending transaction: 0x7348dfdc7bd659aa4d8acb284ef671a9905399c2e68e47403f9d4733d29eefd0
[2m2025-12-10T12:17:36.389455Z[0m [34mDEBUG[0m [2mhyper::client::pool[0m[2m:[0m pooling idle connection for ("http", 192.168.0.14:8545)
[2m2025-12-10T12:17:36.389524Z[0m [34mDEBUG[0m [2mhyper::client::pool[0m[2m:[0m reuse idle connection for ("http", 192.168.0.14:8545)
[2m2025-12-10T12:17:36.389570Z[0m [34mDEBUG[0m [2mhyper::proto::h1::io[0m[2m:[0m flushed 172 bytes
[2m2025-12-10T12:17:36.393231Z[0m [34mDEBUG[0m [2mhyper::proto::h1::io[0m[2m:[0m parsed 4 headers
[2m2025-12-10T12:17:36.393244Z[0m [34mDEBUG[0m [2mhyper::proto::h1::conn[0m[2m:[0m incoming body is content-length (45 bytes)
[2m2025-12-10T12:17:36.393258Z[0m [34mDEBUG[0m [2mhyper::proto::h1::conn[0m[2m:[0m incoming body completed
[2m2025-12-10T12:17:36.393278Z[0m [34mDEBUG[0m [2mhyper::client::pool[0m[2m:[0m pooling idle connection for ("http", 192.168.0.14:8545)
[2m2025-12-10T12:17:36.393335Z[0m [34mDEBUG[0m [2mhyper::client::pool[0m[2m:[0m reuse idle connection for ("http", 192.168.0.14:8545)
[2m2025-12-10T12:17:36.393380Z[0m [34mDEBUG[0m [2mhyper::proto::h1::io[0m[2m:[0m flushed 172 bytes
[2m2025-12-10T12:17:36.397217Z[0m [34mDEBUG[0m [2mhyper::proto::h1::io[0m[2m:[0m parsed 4 headers
[2m2025-12-10T12:17:36.397225Z[0m [34mDEBUG[0m [2mhyper::proto::h1::conn[0m[2m:[0m incoming body is content-length (45 bytes)
[2m2025-12-10T12:17:36.397235Z[0m [34mDEBUG[0m [2mhyper::proto::h1::conn[0m[2m:[0m incoming body completed
[2m2025-12-10T12:17:36.397251Z[0m [34mDEBUG[0m [2mhyper::client::pool[0m[2m:[0m pooling idle connection for ("http", 192.168.0.14:8545)
[2m2025-12-10T12:17:36.397292Z[0m [34mDEBUG[0m [2mhyper::client::pool[0m[2m:[0m reuse idle connection for ("http", 192.168.0.14:8545)
[2m2025-12-10T12:17:36.397325Z[0m [34mDEBUG[0m [2mhyper::proto::h1::io[0m[2m:[0m flushed 172 bytes
[2m2025-12-10T12:17:36.398661Z[0m [34mDEBUG[0m [2mhyper::proto::h1::io[0m[2m:[0m parsed 4 headers
[2m2025-12-10T12:17:36.398670Z[0m [34mDEBUG[0m [2mhyper::proto::h1::conn[0m[2m:[0m incoming body is content-length (554 bytes)
[2m2025-12-10T12:17:36.398694Z[0m [34mDEBUG[0m [2mhyper::proto::h1::conn[0m[2m:[0m incoming body completed
[2m2025-12-10T12:17:36.398713Z[0m [34mDEBUG[0m [2mhyper::client::pool[0m[2m:[0m pooling idle connection for ("http", 192.168.0.14:8545)
[2m2025-12-10T12:17:36.398724Z[0m [34mDEBUG[0m [2methereum_transaction_pool_monitor::eth_client[0m[2m:[0m 📡 Transaction fetch RPC completed in 9.590792ms
[2m2025-12-10T12:17:36.592750Z[0m [34mDEBUG[0m [2methereum_transaction_pool_monitor::eth_client[0m[2m:[0m ✅ Transaction 0x5b2ed74df4d3a2179530d84c87a4018d045ce4aa57da3f756003d3a6b6d955c9 fetched and parsed in 203.610958ms
[2m2025-12-10T12:17:36.592855Z[0m [34mDEBUG[0m [2methereum_transaction_pool_monitor::mempool_monitor[0m[2m:[0m 🔍 Skipping tx 0x5b2ed74df4d3a2179530d84c87a4018d045ce4aa57da3f756003d3a6b6d955c9 - not a DEX interaction (target: 0x4da66f524759715E4648C98233365935e7A41c93)
[2m2025-12-10T12:17:36.593023Z[0m [34mDEBUG[0m [2methereum_transaction_pool_monitor::mempool_monitor[0m[2m:[0m 📨 Processing new pending transaction: 0x0bed2148b54dd6b3feb47dfc45fc1baf113ad826016e139f2877e22d1df13466
[2m2025-12-10T12:17:36.593047Z[0m [34mDEBUG[0m [2methereum_transaction_pool_monitor::mempool_monitor[0m[2m:[0m 🔍 Fetching transaction details for: 0x0bed2148b54dd6b3feb47dfc45fc1baf113ad826016e139f2877e22d1df13466
[2m2025-12-10T12:17:36.593058Z[0m [34mDEBUG[0m [2methereum_transaction_pool_monitor::eth_client[0m[2m:[0m 🔍 Fetching transaction details for hash: 0x0bed2148b54dd6b3feb47dfc45fc1baf113ad826016e139f2877e22d1df13466
[2m2025-12-10T12:17:36.593155Z[0m [34mDEBUG[0m [2mhyper::client::pool[0m[2m:[0m reuse idle connection for ("http", 192.168.0.14:8545)
[2m2025-12-10T12:17:36.593238Z[0m [34mDEBUG[0m [2mhyper::proto::h1::io[0m[2m:[0m flushed 250 bytes
[2m2025-12-10T12:17:36.593287Z[0m [34mDEBUG[0m [2mhyper::proto::h1::io[0m[2m:[0m parsed 4 headers
[2m2025-12-10T12:17:36.593295Z[0m [34mDEBUG[0m [2mhyper::proto::h1::conn[0m[2m:[0m incoming body is content-length (45 bytes)
[2m2025-12-10T12:17:36.593311Z[0m [34mDEBUG[0m [2mhyper::proto::h1::conn[0m[2m:[0m incoming body completed
[2m2025-12-10T12:17:36.593338Z[0m [34mDEBUG[0m [2mhyper::client::pool[0m[2m:[0m pooling idle connection for ("http", 192.168.0.14:8545)
[2m2025-12-10T12:17:36.593402Z[0m [34mDEBUG[0m [2mhyper::client::pool[0m[2m:[0m reuse idle connection for ("http", 192.168.0.14:8545)
[2m2025-12-10T12:17:36.593447Z[0m [34mDEBUG[0m [2mhyper::proto::h1::io[0m[2m:[0m flushed 172 bytes
[2m2025-12-10T12:17:36.599568Z[0m [34mDEBUG[0m [2mhyper::proto::h1::io[0m[2m:[0m parsed 4 headers
[2m2025-12-10T12:17:36.599580Z[0m [34mDEBUG[0m [2mhyper::proto::h1::conn[0m[2m:[0m incoming body is content-length (45 bytes)
[2m2025-12-10T12:17:36.599594Z[0m [34mDEBUG[0m [2mhyper::proto::h1::conn[0m[2m:[0m incoming body completed
[2m2025-12-10T12:17:36.599615Z[0m [34mDEBUG[0m [2mhyper::client::pool[0m[2m:[0m pooling idle connection for ("http", 192.168.0.14:8545)
[2m2025-12-10T12:17:36.599676Z[0m [34mDEBUG[0m [2mhyper::client::pool[0m[2m:[0m reuse idle connection for ("http", 192.168.0.14:8545)
[2m2025-12-10T12:17:36.599726Z[0m [34mDEBUG[0m [2mhyper::proto::h1::io[0m[2m:[0m flushed 172 bytes
[2m2025-12-10T12:17:36.603417Z[0m [34mDEBUG[0m [2mhyper::proto::h1::io[0m[2m:[0m parsed 4 headers
[2m2025-12-10T12:17:36.603428Z[0m [34mDEBUG[0m [2mhyper::proto::h1::conn[0m[2m:[0m incoming body is content-length (676 bytes)
[2m2025-12-10T12:17:36.603440Z[0m [34mDEBUG[0m [2mhyper::proto::h1::conn[0m[2m:[0m incoming body completed
[2m2025-12-10T12:17:36.603461Z[0m [34mDEBUG[0m [2mhyper::client::pool[0m[2m:[0m pooling idle connection for ("http", 192.168.0.14:8545)
[2m2025-12-10T12:17:36.603473Z[0m [34mDEBUG[0m [2methereum_transaction_pool_monitor::eth_client[0m[2m:[0m 📡 Transaction fetch RPC completed in 10.405ms
[2m2025-12-10T12:17:36.793579Z[0m [34mDEBUG[0m [2methereum_transaction_pool_monitor::eth_client[0m[2m:[0m ✅ Transaction 0x0bed2148b54dd6b3feb47dfc45fc1baf113ad826016e139f2877e22d1df13466 fetched and parsed in 200.506416ms
[2m2025-12-10T12:17:36.793635Z[0m [34mDEBUG[0m [2methereum_transaction_pool_monitor::mempool_monitor[0m[2m:[0m 🔍 Skipping tx 0x0bed2148b54dd6b3feb47dfc45fc1baf113ad826016e139f2877e22d1df13466 - not a DEX interaction (target: 0xA0b86991c6218b36c1d19D4a2e9Eb0cE3606eB48)
[2m2025-12-10T12:17:36.793700Z[0m [34mDEBUG[0m [2methereum_transaction_pool_monitor::mempool_monitor[0m[2m:[0m 📨 Processing new pending transaction: 0x7a0505ed81d9ff7f119f50a712e1e76723bc6641f1ed111fd836dc95ec759bc2
[2m2025-12-10T12:17:36.793711Z[0m [34mDEBUG[0m [2methereum_transaction_pool_monitor::mempool_monitor[0m[2m:[0m 🔍 Fetching transaction details for: 0x7a0505ed81d9ff7f119f50a712e1e76723bc6641f1ed111fd836dc95ec759bc2
[2m2025-12-10T12:17:36.793721Z[0m [34mDEBUG[0m [2methereum_transaction_pool_monitor::eth_client[0m[2m:[0m 🔍 Fetching transaction details for hash: 0x7a0505ed81d9ff7f119f50a712e1e76723bc6641f1ed111fd836dc95ec759bc2
[2m2025-12-10T12:17:36.793810Z[0m [34mDEBUG[0m [2mhyper::client::pool[0m[2m:[0m reuse idle connection for ("http", 192.168.0.14:8545)
[2m2025-12-10T12:17:36.793917Z[0m [34mDEBUG[0m [2mhyper::proto::h1::io[0m[2m:[0m flushed 250 bytes
[2m2025-12-10T12:17:36.793974Z[0m [34mDEBUG[0m [2methereum_transaction_pool_monitor::eth_client[0m[2m:[0m 📨 Received WebSocket message: {"jsonrpc":"2.0","method":"eth_subscription","params":{"subscription":"0xb60af543a4ead1cf1df939ac89b7e704","result":"0xe3a632b22b4a2a9279792abafee3c68d9b70028d8a331412449ff514adcf938c"}}
[2m2025-12-10T12:17:36.793992Z[0m [34mDEBUG[0m [2mhyper::proto::h1::io[0m[2m:[0m parsed 4 headers
[2m2025-12-10T12:17:36.793998Z[0m [34mDEBUG[0m [2methereum_transaction_pool_monitor::eth_client[0m[2m:[0m 📨 Received pending transaction: 0xe3a632b22b4a2a9279792abafee3c68d9b70028d8a331412449ff514adcf938c
[2m2025-12-10T12:17:36.794009Z[0m [34mDEBUG[0m [2mhyper::proto::h1::conn[0m[2m:[0m incoming body is content-length (45 bytes)
[2m2025-12-10T12:17:36.794026Z[0m [34mDEBUG[0m [2mhyper::proto::h1::conn[0m[2m:[0m incoming body completed
[2m2025-12-10T12:17:36.794056Z[0m [34mDEBUG[0m [2mhyper::client::pool[0m[2m:[0m pooling idle connection for ("http", 192.168.0.14:8545)
[2m2025-12-10T12:17:36.794126Z[0m [34mDEBUG[0m [2mhyper::client::pool[0m[2m:[0m reuse idle connection for ("http", 192.168.0.14:8545)
[2m2025-12-10T12:17:36.794172Z[0m [34mDEBUG[0m [2mhyper::proto::h1::io[0m[2m:[0m flushed 172 bytes
[2m2025-12-10T12:17:36.798271Z[0m [34mDEBUG[0m [2mhyper::proto::h1::io[0m[2m:[0m parsed 4 headers
[2m2025-12-10T12:17:36.798285Z[0m [34mDEBUG[0m [2mhyper::proto::h1::conn[0m[2m:[0m incoming body is content-length (45 bytes)
[2m2025-12-10T12:17:36.798299Z[0m [34mDEBUG[0m [2mhyper::proto::h1::conn[0m[2m:[0m incoming body completed
[2m2025-12-10T12:17:36.798319Z[0m [34mDEBUG[0m [2mhyper::client::pool[0m[2m:[0m pooling idle connection for ("http", 192.168.0.14:8545)
[2m2025-12-10T12:17:36.798379Z[0m [34mDEBUG[0m [2mhyper::client::pool[0m[2m:[0m reuse idle connection for ("http", 192.168.0.14:8545)
[2m2025-12-10T12:17:36.798421Z[0m [34mDEBUG[0m [2mhyper::proto::h1::io[0m[2m:[0m flushed 172 bytes
[2m2025-12-10T12:17:36.798882Z[0m [34mDEBUG[0m [2mhyper::proto::h1::io[0m[2m:[0m parsed 4 headers
[2m2025-12-10T12:17:36.798890Z[0m [34mDEBUG[0m [2mhyper::proto::h1::conn[0m[2m:[0m incoming body is content-length (774 bytes)
[2m2025-12-10T12:17:36.798901Z[0m [34mDEBUG[0m [2mhyper::proto::h1::conn[0m[2m:[0m incoming body completed
[2m2025-12-10T12:17:36.798917Z[0m [34mDEBUG[0m [2mhyper::client::pool[0m[2m:[0m pooling idle connection for ("http", 192.168.0.14:8545)
[2m2025-12-10T12:17:36.798928Z[0m [34mDEBUG[0m [2methereum_transaction_pool_monitor::eth_client[0m[2m:[0m 📡 Transaction fetch RPC completed in 5.19775ms
[2m2025-12-10T12:17:36.992092Z[0m [34mDEBUG[0m [2methereum_transaction_pool_monitor::eth_client[0m[2m:[0m ✅ Transaction 0x7a0505ed81d9ff7f119f50a712e1e76723bc6641f1ed111fd836dc95ec759bc2 fetched and parsed in 198.358542ms
[2m2025-12-10T12:17:36.992148Z[0m [34mDEBUG[0m [2methereum_transaction_pool_monitor::mempool_monitor[0m[2m:[0m 🔍 Skipping tx 0x7a0505ed81d9ff7f119f50a712e1e76723bc6641f1ed111fd836dc95ec759bc2 - not a DEX interaction (target: 0xA0b86991c6218b36c1d19D4a2e9Eb0cE3606eB48)
[2m2025-12-10T12:17:36.992220Z[0m [34mDEBUG[0m [2methereum_transaction_pool_monitor::mempool_monitor[0m[2m:[0m 📨 Processing new pending transaction: 0x018f187d1b16b4c295d7f0160b4bded7d418cbd1071401bfe7188a8f2d856129
[2m2025-12-10T12:17:36.992232Z[0m [34mDEBUG[0m [2methereum_transaction_pool_monitor::mempool_monitor[0m[2m:[0m 🔍 Fetching transaction details for: 0x018f187d1b16b4c295d7f0160b4bded7d418cbd1071401bfe7188a8f2d856129
[2m2025-12-10T12:17:36.992242Z[0m [34mDEBUG[0m [2methereum_transaction_pool_monitor::eth_client[0m[2m:[0m 🔍 Fetching transaction details for hash: 0x018f187d1b16b4c295d7f0160b4bded7d418cbd1071401bfe7188a8f2d856129
[2m2025-12-10T12:17:36.992332Z[0m [34mDEBUG[0m [2mhyper::client::pool[0m[2m:[0m reuse idle connection for ("http", 192.168.0.14:8545)
[2m2025-12-10T12:17:36.992442Z[0m [34mDEBUG[0m [2mhyper::proto::h1::io[0m[2m:[0m flushed 250 bytes
[2m2025-12-10T12:17:36.992490Z[0m [34mDEBUG[0m [2mhyper::proto::h1::io[0m[2m:[0m parsed 4 headers
[2m2025-12-10T12:17:36.992498Z[0m [34mDEBUG[0m [2mhyper::proto::h1::conn[0m[2m:[0m incoming body is content-length (45 bytes)
[2m2025-12-10T12:17:36.992513Z[0m [34mDEBUG[0m [2mhyper::proto::h1::conn[0m[2m:[0m incoming body completed
[2m2025-12-10T12:17:36.992540Z[0m [34mDEBUG[0m [2mhyper::client::pool[0m[2m:[0m pooling idle connection for ("http", 192.168.0.14:8545)
[2m2025-12-10T12:17:36.992603Z[0m [34mDEBUG[0m [2mhyper::client::pool[0m[2m:[0m reuse idle connection for ("http", 192.168.0.14:8545)
[2m2025-12-10T12:17:36.992645Z[0m [34mDEBUG[0m [2mhyper::proto::h1::io[0m[2m:[0m flushed 172 bytes
[2m2025-12-10T12:17:37.006146Z[0m [34mDEBUG[0m [2mhyper::proto::h1::io[0m[2m:[0m parsed 4 headers
[2m2025-12-10T12:17:37.006166Z[0m [34mDEBUG[0m [2mhyper::proto::h1::conn[0m[2m:[0m incoming body is content-length (6851 bytes)
[2m2025-12-10T12:17:37.006183Z[0m [34mDEBUG[0m [2mhyper::proto::h1::conn[0m[2m:[0m incoming body completed
[2m2025-12-10T12:17:37.006212Z[0m [34mDEBUG[0m [2mhyper::client::pool[0m[2m:[0m pooling idle connection for ("http", 192.168.0.14:8545)
[2m2025-12-10T12:17:37.006228Z[0m [34mDEBUG[0m [2methereum_transaction_pool_monitor::eth_client[0m[2m:[0m 📡 Transaction fetch RPC completed in 13.9765ms
[2m2025-12-10T12:17:37.197963Z[0m [34mDEBUG[0m [2methereum_transaction_pool_monitor::eth_client[0m[2m:[0m ✅ Transaction 0x018f187d1b16b4c295d7f0160b4bded7d418cbd1071401bfe7188a8f2d856129 fetched and parsed in 205.706708ms
[2m2025-12-10T12:17:37.198013Z[0m [34mDEBUG[0m [2methereum_transaction_pool_monitor::mempool_monitor[0m[2m:[0m 🔍 Skipping tx 0x018f187d1b16b4c295d7f0160b4bded7d418cbd1071401bfe7188a8f2d856129 - not a DEX interaction (target: 0xCcC88a9d1B4ED6b0EABA998850414b24f1c315bE)
[2m2025-12-10T12:17:37.198082Z[0m [34mDEBUG[0m [2methereum_transaction_pool_monitor::mempool_monitor[0m[2m:[0m 📨 Processing new pending transaction: 0x158ffb092f53f4bd7557eb6afa0593b841894a55f03b75a28f11dfbffe76734f
[2m2025-12-10T12:17:37.198094Z[0m [34mDEBUG[0m [2methereum_transaction_pool_monitor::mempool_monitor[0m[2m:[0m 🔍 Fetching transaction details for: 0x158ffb092f53f4bd7557eb6afa0593b841894a55f03b75a28f11dfbffe76734f
[2m2025-12-10T12:17:37.198103Z[0m [34mDEBUG[0m [2methereum_transaction_pool_monitor::eth_client[0m[2m:[0m 🔍 Fetching transaction details for hash: 0x158ffb092f53f4bd7557eb6afa0593b841894a55f03b75a28f11dfbffe76734f
[2m2025-12-10T12:17:37.198192Z[0m [34mDEBUG[0m [2mhyper::client::pool[0m[2m:[0m reuse idle connection for ("http", 192.168.0.14:8545)
[2m2025-12-10T12:17:37.198290Z[0m [34mDEBUG[0m [2mhyper::proto::h1::io[0m[2m:[0m flushed 250 bytes
[2m2025-12-10T12:17:37.198343Z[0m [34mDEBUG[0m [2methereum_transaction_pool_monitor::eth_client[0m[2m:[0m 📨 Received WebSocket message: {"jsonrpc":"2.0","method":"eth_subscription","params":{"subscription":"0xb60af543a4ead1cf1df939ac89b7e704","result":"0x9596c0ae1d659febaf147ac82119f714a8bc1c465eb3c52723a8fc174b4a0b2f"}}
[2m2025-12-10T12:17:37.198359Z[0m [34mDEBUG[0m [2mhyper::proto::h1::io[0m[2m:[0m parsed 4 headers
[2m2025-12-10T12:17:37.198366Z[0m [34mDEBUG[0m [2methereum_transaction_pool_monitor::eth_client[0m[2m:[0m 📨 Received pending transaction: 0x9596c0ae1d659febaf147ac82119f714a8bc1c465eb3c52723a8fc174b4a0b2f
[2m2025-12-10T12:17:37.198370Z[0m [34mDEBUG[0m [2mhyper::proto::h1::conn[0m[2m:[0m incoming body is content-length (45 bytes)
[2m2025-12-10T12:17:37.198382Z[0m [34mDEBUG[0m [2methereum_transaction_pool_monitor::eth_client[0m[2m:[0m 📨 Received WebSocket message: {"jsonrpc":"2.0","method":"eth_subscription","params":{"subscription":"0xb60af543a4ead1cf1df939ac89b7e704","result":"0xf3a772b36b89f893e352f48d48db578960ba42541e4076a0845748041a063f1b"}}
[2m2025-12-10T12:17:37.198389Z[0m [34mDEBUG[0m [2mhyper::proto::h1::conn[0m[2m:[0m incoming body completed
[2m2025-12-10T12:17:37.198400Z[0m [34mDEBUG[0m [2methereum_transaction_pool_monitor::eth_client[0m[2m:[0m 📨 Received pending transaction: 0xf3a772b36b89f893e352f48d48db578960ba42541e4076a0845748041a063f1b
[2m2025-12-10T12:17:37.198419Z[0m [34mDEBUG[0m [2mhyper::client::pool[0m[2m:[0m pooling idle connection for ("http", 192.168.0.14:8545)
[2m2025-12-10T12:17:37.198489Z[0m [34mDEBUG[0m [2mhyper::client::pool[0m[2m:[0m reuse idle connection for ("http", 192.168.0.14:8545)
[2m2025-12-10T12:17:37.198539Z[0m [34mDEBUG[0m [2mhyper::proto::h1::io[0m[2m:[0m flushed 172 bytes
[2m2025-12-10T12:17:37.220997Z[0m [34mDEBUG[0m [2mhyper::proto::h1::io[0m[2m:[0m parsed 4 headers
[2m2025-12-10T12:17:37.221039Z[0m [34mDEBUG[0m [2mhyper::proto::h1::conn[0m[2m:[0m incoming body is content-length (45 bytes)
[2m2025-12-10T12:17:37.221068Z[0m [34mDEBUG[0m [2mhyper::proto::h1::conn[0m[2m:[0m incoming body completed
[2m2025-12-10T12:17:37.221113Z[0m [34mDEBUG[0m [2mhyper::client::pool[0m[2m:[0m pooling idle connection for ("http", 192.168.0.14:8545)
[2m2025-12-10T12:17:37.221224Z[0m [34mDEBUG[0m [2mhyper::client::pool[0m[2m:[0m reuse idle connection for ("http", 192.168.0.14:8545)
[2m2025-12-10T12:17:37.221283Z[0m [34mDEBUG[0m [2mhyper::proto::h1::io[0m[2m:[0m flushed 172 bytes
[2m2025-12-10T12:17:37.222321Z[0m [34mDEBUG[0m [2mhyper::proto::h1::io[0m[2m:[0m parsed 4 headers
[2m2025-12-10T12:17:37.222330Z[0m [34mDEBUG[0m [2mhyper::proto::h1::conn[0m[2m:[0m incoming body is content-length (650 bytes)
[2m2025-12-10T12:17:37.222343Z[0m [34mDEBUG[0m [2mhyper::proto::h1::conn[0m[2m:[0m incoming body completed
[2m2025-12-10T12:17:37.222371Z[0m [34mDEBUG[0m [2mhyper::client::pool[0m[2m:[0m pooling idle connection for ("http", 192.168.0.14:8545)
[2m2025-12-10T12:17:37.222383Z[0m [34mDEBUG[0m [2methereum_transaction_pool_monitor::eth_client[0m[2m:[0m 📡 Transaction fetch RPC completed in 24.271ms
[2m2025-12-10T12:17:37.414538Z[0m [34mDEBUG[0m [2methereum_transaction_pool_monitor::eth_client[0m[2m:[0m ✅ Transaction 0x158ffb092f53f4bd7557eb6afa0593b841894a55f03b75a28f11dfbffe76734f fetched and parsed in 216.419209ms
[2m2025-12-10T12:17:37.414600Z[0m [34mDEBUG[0m [2methereum_transaction_pool_monitor::mempool_monitor[0m[2m:[0m 🔍 Skipping tx 0x158ffb092f53f4bd7557eb6afa0593b841894a55f03b75a28f11dfbffe76734f - not a DEX interaction (target: 0xf30ba13e4b04Ce5dC4D254Ae5FA95477800F0EB0)
[2m2025-12-10T12:17:37.414677Z[0m [34mDEBUG[0m [2methereum_transaction_pool_monitor::mempool_monitor[0m[2m:[0m 📨 Processing new pending transaction: 0xe8f6349fc9085898fd706f3a2ced5fd72e1f0e24252eb6cc21c5c231fb5071ad
[2m2025-12-10T12:17:37.414690Z[0m [34mDEBUG[0m [2methereum_transaction_pool_monitor::mempool_monitor[0m[2m:[0m 🔍 Fetching transaction details for: 0xe8f6349fc9085898fd706f3a2ced5fd72e1f0e24252eb6cc21c5c231fb5071ad
[2m2025-12-10T12:17:37.414701Z[0m [34mDEBUG[0m [2methereum_transaction_pool_monitor::eth_client[0m[2m:[0m 🔍 Fetching transaction details for hash: 0xe8f6349fc9085898fd706f3a2ced5fd72e1f0e24252eb6cc21c5c231fb5071ad
[2m2025-12-10T12:17:37.414802Z[0m [34mDEBUG[0m [2mhyper::client::pool[0m[2m:[0m reuse idle connection for ("http", 192.168.0.14:8545)
[2m2025-12-10T12:17:37.414903Z[0m [34mDEBUG[0m [2mhyper::proto::h1::io[0m[2m:[0m flushed 250 bytes
[2m2025-12-10T12:17:37.414962Z[0m [34mDEBUG[0m [2methereum_transaction_pool_monitor::eth_client[0m[2m:[0m 📨 Received WebSocket message: {"jsonrpc":"2.0","method":"eth_subscription","params":{"subscription":"0xb60af543a4ead1cf1df939ac89b7e704","result":"0xb502210a1d2ddcdce7b91fdf8ac343116aa24c17b2f06c995c7c4ac1d768c3e4"}}
[2m2025-12-10T12:17:37.414981Z[0m [34mDEBUG[0m [2mhyper::proto::h1::io[0m[2m:[0m parsed 4 headers
[2m2025-12-10T12:17:37.414986Z[0m [34mDEBUG[0m [2methereum_transaction_pool_monitor::eth_client[0m[2m:[0m 📨 Received pending transaction: 0xb502210a1d2ddcdce7b91fdf8ac343116aa24c17b2f06c995c7c4ac1d768c3e4
[2m2025-12-10T12:17:37.414999Z[0m [34mDEBUG[0m [2mhyper::proto::h1::conn[0m[2m:[0m incoming body is content-length (45 bytes)
[2m2025-12-10T12:17:37.415019Z[0m [34mDEBUG[0m [2mhyper::proto::h1::conn[0m[2m:[0m incoming body completed
[2m2025-12-10T12:17:37.415053Z[0m [34mDEBUG[0m [2mhyper::client::pool[0m[2m:[0m pooling idle connection for ("http", 192.168.0.14:8545)
[2m2025-12-10T12:17:37.415134Z[0m [34mDEBUG[0m [2mhyper::client::pool[0m[2m:[0m reuse idle connection for ("http", 192.168.0.14:8545)
[2m2025-12-10T12:17:37.415183Z[0m [34mDEBUG[0m [2mhyper::proto::h1::io[0m[2m:[0m flushed 172 bytes
[2m2025-12-10T12:17:37.419697Z[0m [34mDEBUG[0m [2mhyper::proto::h1::io[0m[2m:[0m parsed 4 headers
[2m2025-12-10T12:17:37.419720Z[0m [34mDEBUG[0m [2mhyper::proto::h1::conn[0m[2m:[0m incoming body is content-length (45 bytes)
[2m2025-12-10T12:17:37.419738Z[0m [34mDEBUG[0m [2mhyper::proto::h1::conn[0m[2m:[0m incoming body completed
[2m2025-12-10T12:17:37.419777Z[0m [34mDEBUG[0m [2mhyper::client::pool[0m[2m:[0m pooling idle connection for ("http", 192.168.0.14:8545)
[2m2025-12-10T12:17:37.419865Z[0m [34mDEBUG[0m [2mhyper::client::pool[0m[2m:[0m reuse idle connection for ("http", 192.168.0.14:8545)
[2m2025-12-10T12:17:37.419911Z[0m [34mDEBUG[0m [2mhyper::proto::h1::io[0m[2m:[0m flushed 172 bytes
[2m2025-12-10T12:17:37.420515Z[0m [34mDEBUG[0m [2mhyper::proto::h1::io[0m[2m:[0m parsed 4 headers
[2m2025-12-10T12:17:37.420522Z[0m [34mDEBUG[0m [2mhyper::proto::h1::conn[0m[2m:[0m incoming body is content-length (828 bytes)
[2m2025-12-10T12:17:37.420533Z[0m [34mDEBUG[0m [2mhyper::proto::h1::conn[0m[2m:[0m incoming body completed
[2m2025-12-10T12:17:37.420551Z[0m [34mDEBUG[0m [2mhyper::client::pool[0m[2m:[0m pooling idle connection for ("http", 192.168.0.14:8545)
[2m2025-12-10T12:17:37.420570Z[0m [34mDEBUG[0m [2methereum_transaction_pool_monitor::eth_client[0m[2m:[0m 📡 Transaction fetch RPC completed in 5.860333ms
[2m2025-12-10T12:17:37.617479Z[0m [34mDEBUG[0m [2methereum_transaction_pool_monitor::eth_client[0m[2m:[0m ✅ Transaction 0xe8f6349fc9085898fd706f3a2ced5fd72e1f0e24252eb6cc21c5c231fb5071ad fetched and parsed in 202.763583ms
[2m2025-12-10T12:17:37.617540Z[0m [34mDEBUG[0m [2methereum_transaction_pool_monitor::mempool_monitor[0m[2m:[0m 🔍 Skipping tx 0xe8f6349fc9085898fd706f3a2ced5fd72e1f0e24252eb6cc21c5c231fb5071ad - not a DEX interaction (target: 0x51C03A791e0F22D66F17edA5a897c108d5CF7ce7)
[2m2025-12-10T12:17:37.617606Z[0m [34mDEBUG[0m [2methereum_transaction_pool_monitor::mempool_monitor[0m[2m:[0m 📨 Processing new pending transaction: 0x836c1a9e030cd674f23b0e76b8ab96e2015e086e108f92da49860c56a758071e
[2m2025-12-10T12:17:37.617617Z[0m [34mDEBUG[0m [2methereum_transaction_pool_monitor::mempool_monitor[0m[2m:[0m 🔍 Fetching transaction details for: 0x836c1a9e030cd674f23b0e76b8ab96e2015e086e108f92da49860c56a758071e
[2m2025-12-10T12:17:37.617627Z[0m [34mDEBUG[0m [2methereum_transaction_pool_monitor::eth_client[0m[2m:[0m 🔍 Fetching transaction details for hash: 0x836c1a9e030cd674f23b0e76b8ab96e2015e086e108f92da49860c56a758071e
[2m2025-12-10T12:17:37.617721Z[0m [34mDEBUG[0m [2mhyper::client::pool[0m[2m:[0m reuse idle connection for ("http", 192.168.0.14:8545)
[2m2025-12-10T12:17:37.617833Z[0m [34mDEBUG[0m [2mhyper::proto::h1::io[0m[2m:[0m flushed 250 bytes
[2m2025-12-10T12:17:37.617892Z[0m [34mDEBUG[0m [2methereum_transaction_pool_monitor::eth_client[0m[2m:[0m 📨 Received WebSocket message: {"jsonrpc":"2.0","method":"eth_subscription","params":{"subscription":"0xb60af543a4ead1cf1df939ac89b7e704","result":"0x3d7bbf096bbb20712486a225419d62f4afefc9c010088684d4019dcdc7d5e381"}}
[2m2025-12-10T12:17:37.617912Z[0m [34mDEBUG[0m [2mhyper::proto::h1::io[0m[2m:[0m parsed 4 headers
[2m2025-12-10T12:17:37.617916Z[0m [34mDEBUG[0m [2methereum_transaction_pool_monitor::eth_client[0m[2m:[0m 📨 Received pending transaction: 0x3d7bbf096bbb20712486a225419d62f4afefc9c010088684d4019dcdc7d5e381
[2m2025-12-10T12:17:37.617936Z[0m [34mDEBUG[0m [2mhyper::proto::h1::conn[0m[2m:[0m incoming body is content-length (45 bytes)
[2m2025-12-10T12:17:37.617957Z[0m [34mDEBUG[0m [2mhyper::proto::h1::conn[0m[2m:[0m incoming body completed
[2m2025-12-10T12:17:37.617990Z[0m [34mDEBUG[0m [2mhyper::client::pool[0m[2m:[0m pooling idle connection for ("http", 192.168.0.14:8545)
[2m2025-12-10T12:17:37.618068Z[0m [34mDEBUG[0m [2mhyper::client::pool[0m[2m:[0m reuse idle connection for ("http", 192.168.0.14:8545)
[2m2025-12-10T12:17:37.618121Z[0m [34mDEBUG[0m [2mhyper::proto::h1::io[0m[2m:[0m flushed 172 bytes
[2m2025-12-10T12:17:37.622427Z[0m [34mDEBUG[0m [2mhyper::proto::h1::io[0m[2m:[0m parsed 4 headers
[2m2025-12-10T12:17:37.622452Z[0m [34mDEBUG[0m [2mhyper::proto::h1::conn[0m[2m:[0m incoming body is content-length (643 bytes)
[2m2025-12-10T12:17:37.622469Z[0m [34mDEBUG[0m [2mhyper::proto::h1::conn[0m[2m:[0m incoming body completed
[2m2025-12-10T12:17:37.622494Z[0m [34mDEBUG[0m [2mhyper::client::pool[0m[2m:[0m pooling idle connection for ("http", 192.168.0.14:8545)
[2m2025-12-10T12:17:37.622509Z[0m [34mDEBUG[0m [2methereum_transaction_pool_monitor::eth_client[0m[2m:[0m 📡 Transaction fetch RPC completed in 4.871917ms
[2m2025-12-10T12:17:37.838888Z[0m [34mDEBUG[0m [2methereum_transaction_pool_monitor::eth_client[0m[2m:[0m ✅ Transaction 0x836c1a9e030cd674f23b0e76b8ab96e2015e086e108f92da49860c56a758071e fetched and parsed in 221.243792ms
[2m2025-12-10T12:17:37.838959Z[0m [34mDEBUG[0m [2methereum_transaction_pool_monitor::mempool_monitor[0m[2m:[0m 🔍 Skipping tx 0x836c1a9e030cd674f23b0e76b8ab96e2015e086e108f92da49860c56a758071e - not a DEX interaction (target: 0xA18d508d1CA6e1B8f9b8b5b95918B6b17E3A722e)
[2m2025-12-10T12:17:37.839041Z[0m [34mDEBUG[0m [2methereum_transaction_pool_monitor::mempool_monitor[0m[2m:[0m 📨 Processing new pending transaction: 0x52a29d68a8e79aa7e2a126681259aac46c09cd570b7ddb39fe47e1a3370c5c47
[2m2025-12-10T12:17:37.839055Z[0m [34mDEBUG[0m [2methereum_transaction_pool_monitor::mempool_monitor[0m[2m:[0m 🔍 Fetching transaction details for: 0x52a29d68a8e79aa7e2a126681259aac46c09cd570b7ddb39fe47e1a3370c5c47
[2m2025-12-10T12:17:37.839067Z[0m [34mDEBUG[0m [2methereum_transaction_pool_monitor::eth_client[0m[2m:[0m 🔍 Fetching transaction details for hash: 0x52a29d68a8e79aa7e2a126681259aac46c09cd570b7ddb39fe47e1a3370c5c47
[2m2025-12-10T12:17:37.839225Z[0m [34mDEBUG[0m [2mhyper::client::pool[0m[2m:[0m reuse idle connection for ("http", 192.168.0.14:8545)
[2m2025-12-10T12:17:37.839336Z[0m [34mDEBUG[0m [2mhyper::proto::h1::io[0m[2m:[0m flushed 250 bytes
[2m2025-12-10T12:17:37.839404Z[0m [34mDEBUG[0m [2methereum_transaction_pool_monitor::eth_client[0m[2m:[0m 📨 Received WebSocket message: {"jsonrpc":"2.0","method":"eth_subscription","params":{"subscription":"0xb60af543a4ead1cf1df939ac89b7e704","result":"0xe17563590aec2de4f952e75b9fc34a655f07264c95c2cbccd34d8b74d07129fb"}}
[2m2025-12-10T12:17:37.839430Z[0m [34mDEBUG[0m [2methereum_transaction_pool_monitor::eth_client[0m[2m:[0m 📨 Received pending transaction: 0xe17563590aec2de4f952e75b9fc34a655f07264c95c2cbccd34d8b74d07129fb
[2m2025-12-10T12:17:37.839446Z[0m [34mDEBUG[0m [2methereum_transaction_pool_monitor::eth_client[0m[2m:[0m 📨 Received WebSocket message: {"jsonrpc":"2.0","method":"eth_subscription","params":{"subscription":"0xb60af543a4ead1cf1df939ac89b7e704","result":"0x8d213beeae39d2b9b6b88274768db0a7642b6c5b668ddaf1ff3d626f2cad0477"}}
[2m2025-12-10T12:17:37.839463Z[0m [34mDEBUG[0m [2methereum_transaction_pool_monitor::eth_client[0m[2m:[0m 📨 Received pending transaction: 0x8d213beeae39d2b9b6b88274768db0a7642b6c5b668ddaf1ff3d626f2cad0477
[2m2025-12-10T12:17:37.839464Z[0m [34mDEBUG[0m [2mhyper::proto::h1::io[0m[2m:[0m parsed 4 headers
[2m2025-12-10T12:17:37.839519Z[0m [34mDEBUG[0m [2mhyper::proto::h1::conn[0m[2m:[0m incoming body is content-length (45 bytes)
[2m2025-12-10T12:17:37.839541Z[0m [34mDEBUG[0m [2mhyper::proto::h1::conn[0m[2m:[0m incoming body completed
[2m2025-12-10T12:17:37.839577Z[0m [34mDEBUG[0m [2mhyper::client::pool[0m[2m:[0m pooling idle connection for ("http", 192.168.0.14:8545)
[2m2025-12-10T12:17:37.839656Z[0m [34mDEBUG[0m [2mhyper::client::pool[0m[2m:[0m reuse idle connection for ("http", 192.168.0.14:8545)
[2m2025-12-10T12:17:37.839701Z[0m [34mDEBUG[0m [2mhyper::proto::h1::io[0m[2m:[0m flushed 172 bytes
[2m2025-12-10T12:17:37.852739Z[0m [34mDEBUG[0m [2methereum_transaction_pool_monitor::eth_client[0m[2m:[0m 📨 Received WebSocket message: {"jsonrpc":"2.0","method":"eth_subscription","params":{"subscription":"0xb60af543a4ead1cf1df939ac89b7e704","result":"0x221c5bf12a7387b064d766b3b769f3e7d69325f083579b1ee767525f6853c9a5"}}
[2m2025-12-10T12:17:37.852811Z[0m [34mDEBUG[0m [2methereum_transaction_pool_monitor::eth_client[0m[2m:[0m 📨 Received pending transaction: 0x221c5bf12a7387b064d766b3b769f3e7d69325f083579b1ee767525f6853c9a5
[2m2025-12-10T12:17:37.893815Z[0m [34mDEBUG[0m [2methereum_transaction_pool_monitor::eth_client[0m[2m:[0m 📨 Received WebSocket message: {"jsonrpc":"2.0","method":"eth_subscription","params":{"subscription":"0xb60af543a4ead1cf1df939ac89b7e704","result":"0xefd17b0ba90ef653b04a58f930d75d3edaac4188f53ea19c9db3b548cd302ded"}}
[2m2025-12-10T12:17:37.893934Z[0m [34mDEBUG[0m [2methereum_transaction_pool_monitor::eth_client[0m[2m:[0m 📨 Received pending transaction: 0xefd17b0ba90ef653b04a58f930d75d3edaac4188f53ea19c9db3b548cd302ded
[2m2025-12-10T12:17:37.893966Z[0m [32m INFO[0m [2methereum_transaction_pool_monitor::eth_client[0m[2m:[0m 📊 WebSocket stats - Total: 229 transactions, Rate: 22.8 tx/s
[2m2025-12-10T12:17:37.901920Z[0m [34mDEBUG[0m [2mhyper::proto::h1::io[0m[2m:[0m parsed 4 headers
[2m2025-12-10T12:17:37.901929Z[0m [34mDEBUG[0m [2mhyper::proto::h1::io[0m[2m:[0m parsed 4 headers
[2m2025-12-10T12:17:37.902000Z[0m [34mDEBUG[0m [2mhyper::proto::h1::conn[0m[2m:[0m incoming body is content-length (647 bytes)
[2m2025-12-10T12:17:37.902059Z[0m [34mDEBUG[0m [2mhyper::proto::h1::conn[0m[2m:[0m incoming body is content-length (45 bytes)
[2m2025-12-10T12:17:37.902095Z[0m [34mDEBUG[0m [2mhyper::proto::h1::conn[0m[2m:[0m incoming body completed
[2m2025-12-10T12:17:37.902112Z[0m [34mDEBUG[0m [2mhyper::proto::h1::conn[0m[2m:[0m incoming body completed
[2m2025-12-10T12:17:37.902206Z[0m [34mDEBUG[0m [2mhyper::client::pool[0m[2m:[0m pooling idle connection for ("http", 192.168.0.14:8545)
[2m2025-12-10T12:17:37.902205Z[0m [34mDEBUG[0m [2mhyper::client::pool[0m[2m:[0m pooling idle connection for ("http", 192.168.0.14:8545)
[2m2025-12-10T12:17:37.902264Z[0m [34mDEBUG[0m [2methereum_transaction_pool_monitor::eth_client[0m[2m:[0m 📡 Transaction fetch RPC completed in 63.183959ms
[2m2025-12-10T12:17:37.902467Z[0m [34mDEBUG[0m [2mhyper::client::pool[0m[2m:[0m reuse idle connection for ("http", 192.168.0.14:8545)
[2m2025-12-10T12:17:37.902627Z[0m [34mDEBUG[0m [2mhyper::proto::h1::io[0m[2m:[0m flushed 172 bytes
[2m2025-12-10T12:17:37.944763Z[0m [34mDEBUG[0m [2mhyper::proto::h1::io[0m[2m:[0m parsed 4 headers
[2m2025-12-10T12:17:37.944858Z[0m [34mDEBUG[0m [2mhyper::proto::h1::conn[0m[2m:[0m incoming body is content-length (45 bytes)
[2m2025-12-10T12:17:37.944917Z[0m [34mDEBUG[0m [2mhyper::proto::h1::conn[0m[2m:[0m incoming body completed
[2m2025-12-10T12:17:37.945004Z[0m [34mDEBUG[0m [2mhyper::client::pool[0m[2m:[0m pooling idle connection for ("http", 192.168.0.14:8545)
[2m2025-12-10T12:17:37.945217Z[0m [34mDEBUG[0m [2mhyper::client::pool[0m[2m:[0m reuse idle connection for ("http", 192.168.0.14:8545)
[2m2025-12-10T12:17:37.945357Z[0m [34mDEBUG[0m [2mhyper::proto::h1::io[0m[2m:[0m flushed 172 bytes
[2m2025-12-10T12:17:37.956884Z[0m [34mDEBUG[0m [2mhyper::proto::h1::io[0m[2m:[0m parsed 4 headers
[2m2025-12-10T12:17:37.956947Z[0m [34mDEBUG[0m [2mhyper::proto::h1::conn[0m[2m:[0m incoming body is content-length (45 bytes)
[2m2025-12-10T12:17:37.956995Z[0m [34mDEBUG[0m [2mhyper::proto::h1::conn[0m[2m:[0m incoming body completed
[2m2025-12-10T12:17:37.957087Z[0m [34mDEBUG[0m [2mhyper::client::pool[0m[2m:[0m pooling idle connection for ("http", 192.168.0.14:8545)
[2m2025-12-10T12:17:37.957312Z[0m [34mDEBUG[0m [2mhyper::client::pool[0m[2m:[0m reuse idle connection for ("http", 192.168.0.14:8545)
[2m2025-12-10T12:17:37.957491Z[0m [34mDEBUG[0m [2mhyper::proto::h1::io[0m[2m:[0m flushed 172 bytes
[2m2025-12-10T12:17:37.960638Z[0m [34mDEBUG[0m [2mhyper::proto::h1::io[0m[2m:[0m parsed 4 headers
[2m2025-12-10T12:17:37.960681Z[0m [34mDEBUG[0m [2mhyper::proto::h1::conn[0m[2m:[0m incoming body is content-length (45 bytes)
[2m2025-12-10T12:17:37.960715Z[0m [34mDEBUG[0m [2mhyper::proto::h1::conn[0m[2m:[0m incoming body completed
[2m2025-12-10T12:17:37.960773Z[0m [34mDEBUG[0m [2mhyper::client::pool[0m[2m:[0m pooling idle connection for ("http", 192.168.0.14:8545)
[2m2025-12-10T12:17:37.960931Z[0m [34mDEBUG[0m [2mhyper::client::pool[0m[2m:[0m reuse idle connection for ("http", 192.168.0.14:8545)
[2m2025-12-10T12:17:37.961036Z[0m [34mDEBUG[0m [2mhyper::proto::h1::io[0m[2m:[0m flushed 172 bytes
[2m2025-12-10T12:17:37.964176Z[0m [34mDEBUG[0m [2mhyper::proto::h1::io[0m[2m:[0m parsed 4 headers
[2m2025-12-10T12:17:37.964209Z[0m [34mDEBUG[0m [2mhyper::proto::h1::conn[0m[2m:[0m incoming body is content-length (45 bytes)
[2m2025-12-10T12:17:37.964253Z[0m [34mDEBUG[0m [2mhyper::proto::h1::conn[0m[2m:[0m incoming body completed
[2m2025-12-10T12:17:37.964327Z[0m [34mDEBUG[0m [2mhyper::client::pool[0m[2m:[0m pooling idle connection for ("http", 192.168.0.14:8545)
[2m2025-12-10T12:17:37.964566Z[0m [34mDEBUG[0m [2mhyper::client::pool[0m[2m:[0m reuse idle connection for ("http", 192.168.0.14:8545)
[2m2025-12-10T12:17:37.964695Z[0m [34mDEBUG[0m [2mhyper::proto::h1::io[0m[2m:[0m flushed 172 bytes
[2m2025-12-10T12:17:37.968477Z[0m [34mDEBUG[0m [2mhyper::proto::h1::io[0m[2m:[0m parsed 4 headers
[2m2025-12-10T12:17:37.968498Z[0m [34mDEBUG[0m [2mhyper::proto::h1::conn[0m[2m:[0m incoming body is content-length (45 bytes)
[2m2025-12-10T12:17:37.968519Z[0m [34mDEBUG[0m [2mhyper::proto::h1::conn[0m[2m:[0m incoming body completed
[2m2025-12-10T12:17:37.968559Z[0m [34mDEBUG[0m [2mhyper::client::pool[0m[2m:[0m pooling idle connection for ("http", 192.168.0.14:8545)
[2m2025-12-10T12:17:38.009652Z[0m [34mDEBUG[0m [2methereum_transaction_pool_monitor::eth_client[0m[2m:[0m 📨 Received WebSocket message: {"jsonrpc":"2.0","method":"eth_subscription","params":{"subscription":"0xb60af543a4ead1cf1df939ac89b7e704","result":"0x30b59e514135b9f3f82d0c6f95425986f7de416c4f47507c7eed1edda53ba796"}}
[2m2025-12-10T12:17:38.009711Z[0m [34mDEBUG[0m [2methereum_transaction_pool_monitor::eth_client[0m[2m:[0m 📨 Received pending transaction: 0x30b59e514135b9f3f82d0c6f95425986f7de416c4f47507c7eed1edda53ba796
[2m2025-12-10T12:17:38.048755Z[0m [34mDEBUG[0m [2mhyper::client::pool[0m[2m:[0m reuse idle connection for ("http", 192.168.0.14:8545)
[2m2025-12-10T12:17:38.048905Z[0m [34mDEBUG[0m [2mhyper::proto::h1::io[0m[2m:[0m flushed 172 bytes
[2m2025-12-10T12:17:38.053000Z[0m [34mDEBUG[0m [2mhyper::proto::h1::io[0m[2m:[0m parsed 4 headers
[2m2025-12-10T12:17:38.053014Z[0m [34mDEBUG[0m [2mhyper::proto::h1::conn[0m[2m:[0m incoming body is content-length (45 bytes)
[2m2025-12-10T12:17:38.053032Z[0m [34mDEBUG[0m [2mhyper::proto::h1::conn[0m[2m:[0m incoming body completed
[2m2025-12-10T12:17:38.053065Z[0m [34mDEBUG[0m [2mhyper::client::pool[0m[2m:[0m pooling idle connection for ("http", 192.168.0.14:8545)
[2m2025-12-10T12:17:38.132757Z[0m [34mDEBUG[0m [2methereum_transaction_pool_monitor::eth_client[0m[2m:[0m 📨 Received WebSocket message: {"jsonrpc":"2.0","method":"eth_subscription","params":{"subscription":"0xb60af543a4ead1cf1df939ac89b7e704","result":"0xa9d08cdd886f85bf22c064493f3eb96bc2681e5f49ddee9adb1dcf766be35990"}}
[2m2025-12-10T12:17:38.132812Z[0m [34mDEBUG[0m [2methereum_transaction_pool_monitor::eth_client[0m[2m:[0m 📨 Received pending transaction: 0xa9d08cdd886f85bf22c064493f3eb96bc2681e5f49ddee9adb1dcf766be35990
[2m2025-12-10T12:17:38.147982Z[0m [34mDEBUG[0m [2mhyper::client::pool[0m[2m:[0m reuse idle connection for ("http", 192.168.0.14:8545)
[2m2025-12-10T12:17:38.148167Z[0m [34mDEBUG[0m [2mhyper::proto::h1::io[0m[2m:[0m flushed 172 bytes
[2m2025-12-10T12:17:38.151664Z[0m [34mDEBUG[0m [2mhyper::proto::h1::io[0m[2m:[0m parsed 4 headers
[2m2025-12-10T12:17:38.151680Z[0m [34mDEBUG[0m [2mhyper::proto::h1::conn[0m[2m:[0m incoming body is content-length (45 bytes)
[2m2025-12-10T12:17:38.151700Z[0m [34mDEBUG[0m [2mhyper::proto::h1::conn[0m[2m:[0m incoming body completed
[2m2025-12-10T12:17:38.151732Z[0m [34mDEBUG[0m [2mhyper::client::pool[0m[2m:[0m pooling idle connection for ("http", 192.168.0.14:8545)
[2m2025-12-10T12:17:38.176636Z[0m [34mDEBUG[0m [2methereum_transaction_pool_monitor::eth_client[0m[2m:[0m 📨 Received WebSocket message: {"jsonrpc":"2.0","method":"eth_subscription","params":{"subscription":"0xb60af543a4ead1cf1df939ac89b7e704","result":"0x340554c787ef0b188ee31837b2528e14a4aae27128447f05637b7ed13f6894b1"}}
[2m2025-12-10T12:17:38.176715Z[0m [34mDEBUG[0m [2methereum_transaction_pool_monitor::eth_client[0m[2m:[0m 📨 Received pending transaction: 0x340554c787ef0b188ee31837b2528e14a4aae27128447f05637b7ed13f6894b1
[2m2025-12-10T12:17:38.180841Z[0m [34mDEBUG[0m [2methereum_transaction_pool_monitor::eth_client[0m[2m:[0m ✅ Transaction 0x52a29d68a8e79aa7e2a126681259aac46c09cd570b7ddb39fe47e1a3370c5c47 fetched and parsed in 341.758ms
[2m2025-12-10T12:17:38.180971Z[0m [34mDEBUG[0m [2methereum_transaction_pool_monitor::mempool_monitor[0m[2m:[0m 🔍 Skipping tx 0x52a29d68a8e79aa7e2a126681259aac46c09cd570b7ddb39fe47e1a3370c5c47 - not a DEX interaction (target: 0xe7D3F47212Cd99e39b33E2f2e2DCe2e4788BaBf2)
[2m2025-12-10T12:17:38.181161Z[0m [34mDEBUG[0m [2methereum_transaction_pool_monitor::mempool_monitor[0m[2m:[0m 📨 Processing new pending transaction: 0x24ce83ec25112d7d44f79422536d5583abbaf58abcc02351ccb1bc4183f75d96
[2m2025-12-10T12:17:38.181207Z[0m [34mDEBUG[0m [2methereum_transaction_pool_monitor::mempool_monitor[0m[2m:[0m 🔍 Fetching transaction details for: 0x24ce83ec25112d7d44f79422536d5583abbaf58abcc02351ccb1bc4183f75d96
[2m2025-12-10T12:17:38.181234Z[0m [34mDEBUG[0m [2methereum_transaction_pool_monitor::eth_client[0m[2m:[0m 🔍 Fetching transaction details for hash: 0x24ce83ec25112d7d44f79422536d5583abbaf58abcc02351ccb1bc4183f75d96
[2m2025-12-10T12:17:38.181399Z[0m [34mDEBUG[0m [2mhyper::client::pool[0m[2m:[0m reuse idle connection for ("http", 192.168.0.14:8545)
[2m2025-12-10T12:17:38.181526Z[0m [34mDEBUG[0m [2mhyper::proto::h1::io[0m[2m:[0m flushed 250 bytes
[2m2025-12-10T12:17:38.189097Z[0m [34mDEBUG[0m [2mhyper::proto::h1::io[0m[2m:[0m parsed 4 headers
[2m2025-12-10T12:17:38.189172Z[0m [34mDEBUG[0m [2mhyper::proto::h1::conn[0m[2m:[0m incoming body is content-length (3403 bytes)
[2m2025-12-10T12:17:38.189250Z[0m [34mDEBUG[0m [2mhyper::proto::h1::conn[0m[2m:[0m incoming body completed
[2m2025-12-10T12:17:38.189379Z[0m [34mDEBUG[0m [2mhyper::client::pool[0m[2m:[0m pooling idle connection for ("http", 192.168.0.14:8545)
[2m2025-12-10T12:17:38.189441Z[0m [34mDEBUG[0m [2methereum_transaction_pool_monitor::eth_client[0m[2m:[0m 📡 Transaction fetch RPC completed in 8.179125ms
[2m2025-12-10T12:17:38.520772Z[0m [34mDEBUG[0m [2methereum_transaction_pool_monitor::eth_client[0m[2m:[0m ✅ Transaction 0x24ce83ec25112d7d44f79422536d5583abbaf58abcc02351ccb1bc4183f75d96 fetched and parsed in 339.499875ms
[2m2025-12-10T12:17:38.520849Z[0m [34mDEBUG[0m [2methereum_transaction_pool_monitor::mempool_monitor[0m[2m:[0m 🔍 Skipping tx 0x24ce83ec25112d7d44f79422536d5583abbaf58abcc02351ccb1bc4183f75d96 - not a DEX interaction (target: 0xF6801D319497789f934ec7F83E142a9536312B08)
[2m2025-12-10T12:17:38.520918Z[0m [34mDEBUG[0m [2methereum_transaction_pool_monitor::mempool_monitor[0m[2m:[0m 📨 Processing new pending transaction: 0xf14f178241d16e8cb0b70937aa4bdc9bff3a9b1d29d31f3f46290f53d8e40e1e
[2m2025-12-10T12:17:38.520931Z[0m [34mDEBUG[0m [2methereum_transaction_pool_monitor::mempool_monitor[0m[2m:[0m 🔍 Fetching transaction details for: 0xf14f178241d16e8cb0b70937aa4bdc9bff3a9b1d29d31f3f46290f53d8e40e1e
[2m2025-12-10T12:17:38.520942Z[0m [34mDEBUG[0m [2methereum_transaction_pool_monitor::eth_client[0m[2m:[0m 🔍 Fetching transaction details for hash: 0xf14f178241d16e8cb0b70937aa4bdc9bff3a9b1d29d31f3f46290f53d8e40e1e
[2m2025-12-10T12:17:38.521046Z[0m [34mDEBUG[0m [2mhyper::client::pool[0m[2m:[0m reuse idle connection for ("http", 192.168.0.14:8545)
[2m2025-12-10T12:17:38.521137Z[0m [34mDEBUG[0m [2mhyper::proto::h1::io[0m[2m:[0m flushed 250 bytes
[2m2025-12-10T12:17:38.521225Z[0m [34mDEBUG[0m [2mhyper::client::pool[0m[2m:[0m reuse idle connection for ("http", 192.168.0.14:8545)
[2m2025-12-10T12:17:38.521237Z[0m [34mDEBUG[0m [2methereum_transaction_pool_monitor::eth_client[0m[2m:[0m 📨 Received WebSocket message: {"jsonrpc":"2.0","method":"eth_subscription","params":{"subscription":"0xb60af543a4ead1cf1df939ac89b7e704","result":"0x389de1f61b30d4cd4a0e20bed9c66bf8236ae1961fb687953dfeb8fc3ca4948b"}}
[2m2025-12-10T12:17:38.521265Z[0m [34mDEBUG[0m [2mhyper::proto::h1::io[0m[2m:[0m flushed 172 bytes
[2m2025-12-10T12:17:38.521270Z[0m [34mDEBUG[0m [2methereum_transaction_pool_monitor::eth_client[0m[2m:[0m 📨 Received pending transaction: 0x389de1f61b30d4cd4a0e20bed9c66bf8236ae1961fb687953dfeb8fc3ca4948b
[2m2025-12-10T12:17:38.521290Z[0m [34mDEBUG[0m [2methereum_transaction_pool_monitor::eth_client[0m[2m:[0m 📨 Received WebSocket message: {"jsonrpc":"2.0","method":"eth_subscription","params":{"subscription":"0xb60af543a4ead1cf1df939ac89b7e704","result":"0x32ad40d273f1def55ee33f8743c485a5b3802206ed962755b02b830c738c11e7"}}
[2m2025-12-10T12:17:38.521310Z[0m [34mDEBUG[0m [2methereum_transaction_pool_monitor::eth_client[0m[2m:[0m 📨 Received pending transaction: 0x32ad40d273f1def55ee33f8743c485a5b3802206ed962755b02b830c738c11e7
[2m2025-12-10T12:17:38.521322Z[0m [34mDEBUG[0m [2methereum_transaction_pool_monitor::eth_client[0m[2m:[0m 📨 Received WebSocket message: {"jsonrpc":"2.0","method":"eth_subscription","params":{"subscription":"0xb60af543a4ead1cf1df939ac89b7e704","result":"0x09ac8dbe259666fab8d27acb6cb9f0a330b9cc604756d94a4ff1434490481573"}}
[2m2025-12-10T12:17:38.521344Z[0m [34mDEBUG[0m [2methereum_transaction_pool_monitor::eth_client[0m[2m:[0m 📨 Received pending transaction: 0x09ac8dbe259666fab8d27acb6cb9f0a330b9cc604756d94a4ff1434490481573
[2m2025-12-10T12:17:38.521355Z[0m [34mDEBUG[0m [2methereum_transaction_pool_monitor::eth_client[0m[2m:[0m 📨 Received WebSocket message: {"jsonrpc":"2.0","method":"eth_subscription","params":{"subscription":"0xb60af543a4ead1cf1df939ac89b7e704","result":"0x335aba68afa1908e636e14bc5604fb1249b21dc077bbf9c2f2154c22708acb90"}}
[2m2025-12-10T12:17:38.521371Z[0m [34mDEBUG[0m [2methereum_transaction_pool_monitor::eth_client[0m[2m:[0m 📨 Received pending transaction: 0x335aba68afa1908e636e14bc5604fb1249b21dc077bbf9c2f2154c22708acb90
[2m2025-12-10T12:17:38.521383Z[0m [34mDEBUG[0m [2methereum_transaction_pool_monitor::eth_client[0m[2m:[0m 📨 Received WebSocket message: {"jsonrpc":"2.0","method":"eth_subscription","params":{"subscription":"0xb60af543a4ead1cf1df939ac89b7e704","result":"0xe43f3d6a62b14db120eacb424cd5e0fa052429ae4378e32f81f735c0819b31ae"}}
[2m2025-12-10T12:17:38.521399Z[0m [34mDEBUG[0m [2methereum_transaction_pool_monitor::eth_client[0m[2m:[0m 📨 Received pending transaction: 0xe43f3d6a62b14db120eacb424cd5e0fa052429ae4378e32f81f735c0819b31ae
[2m2025-12-10T12:17:38.521414Z[0m [34mDEBUG[0m [2methereum_transaction_pool_monitor::eth_client[0m[2m:[0m 📨 Received WebSocket message: {"jsonrpc":"2.0","method":"eth_subscription","params":{"subscription":"0xb60af543a4ead1cf1df939ac89b7e704","result":"0x3df57f0754830a561278c25b38c274ac0c026369c570866df227af2b8029f093"}}
[2m2025-12-10T12:17:38.521433Z[0m [34mDEBUG[0m [2methereum_transaction_pool_monitor::eth_client[0m[2m:[0m 📨 Received pending transaction: 0x3df57f0754830a561278c25b38c274ac0c026369c570866df227af2b8029f093
[2m2025-12-10T12:17:38.523141Z[0m [34mDEBUG[0m [2methereum_transaction_pool_monitor::eth_client[0m[2m:[0m 📨 Received WebSocket message: {"jsonrpc":"2.0","method":"eth_subscription","params":{"subscription":"0xb60af543a4ead1cf1df939ac89b7e704","result":"0xc25f765bd7e90704de2a9b50b91fabf3f10e64d07959cc3eb9b9e886cf6018e0"}}
[2m2025-12-10T12:17:38.523179Z[0m [34mDEBUG[0m [2methereum_transaction_pool_monitor::eth_client[0m[2m:[0m 📨 Received pending transaction: 0xc25f765bd7e90704de2a9b50b91fabf3f10e64d07959cc3eb9b9e886cf6018e0
[2m2025-12-10T12:17:38.533440Z[0m [34mDEBUG[0m [2mhyper::proto::h1::io[0m[2m:[0m parsed 4 headers
[2m2025-12-10T12:17:38.533479Z[0m [34mDEBUG[0m [2mhyper::proto::h1::conn[0m[2m:[0m incoming body is content-length (625 bytes)
[2m2025-12-10T12:17:38.533504Z[0m [34mDEBUG[0m [2mhyper::proto::h1::conn[0m[2m:[0m incoming body completed
[2m2025-12-10T12:17:38.533551Z[0m [34mDEBUG[0m [2mhyper::client::pool[0m[2m:[0m pooling idle connection for ("http", 192.168.0.14:8545)
[2m2025-12-10T12:17:38.533572Z[0m [34mDEBUG[0m [2methereum_transaction_pool_monitor::eth_client[0m[2m:[0m 📡 Transaction fetch RPC completed in 12.619125ms
[2m2025-12-10T12:17:38.723444Z[0m [34mDEBUG[0m [2methereum_transaction_pool_monitor::eth_client[0m[2m:[0m ✅ Transaction 0xf14f178241d16e8cb0b70937aa4bdc9bff3a9b1d29d31f3f46290f53d8e40e1e fetched and parsed in 202.474625ms
[2m2025-12-10T12:17:38.723557Z[0m [34mDEBUG[0m [2methereum_transaction_pool_monitor::mempool_monitor[0m[2m:[0m 🔍 Skipping tx 0xf14f178241d16e8cb0b70937aa4bdc9bff3a9b1d29d31f3f46290f53d8e40e1e - not a DEX interaction (target: 0x88254f51D0c95bce1598a4bCe226287C417C7eAa)
[2m2025-12-10T12:17:38.723678Z[0m [34mDEBUG[0m [2methereum_transaction_pool_monitor::mempool_monitor[0m[2m:[0m 📨 Processing new pending transaction: 0x71d8668e7fedeb9eba35ac117ef28069cd2fe7a9f4f844752aa006ae829fb536
[2m2025-12-10T12:17:38.723692Z[0m [34mDEBUG[0m [2methereum_transaction_pool_monitor::mempool_monitor[0m[2m:[0m 🔍 Fetching transaction details for: 0x71d8668e7fedeb9eba35ac117ef28069cd2fe7a9f4f844752aa006ae829fb536
[2m2025-12-10T12:17:38.723704Z[0m [34mDEBUG[0m [2methereum_transaction_pool_monitor::eth_client[0m[2m:[0m 🔍 Fetching transaction details for hash: 0x71d8668e7fedeb9eba35ac117ef28069cd2fe7a9f4f844752aa006ae829fb536
[2m2025-12-10T12:17:38.723930Z[0m [34mDEBUG[0m [2mhyper::client::pool[0m[2m:[0m reuse idle connection for ("http", 192.168.0.14:8545)
[2m2025-12-10T12:17:38.724019Z[0m [34mDEBUG[0m [2mhyper::proto::h1::io[0m[2m:[0m flushed 250 bytes
[2m2025-12-10T12:17:38.724078Z[0m [34mDEBUG[0m [2methereum_transaction_pool_monitor::eth_client[0m[2m:[0m 📨 Received WebSocket message: {"jsonrpc":"2.0","method":"eth_subscription","params":{"subscription":"0xb60af543a4ead1cf1df939ac89b7e704","result":"0x55fad84e816f522669ad897669b8ddb8664d3642829ad4a7632c9b780da49154"}}
[2m2025-12-10T12:17:38.724098Z[0m [34mDEBUG[0m [2mhyper::proto::h1::io[0m[2m:[0m parsed 4 headers
[2m2025-12-10T12:17:38.724102Z[0m [34mDEBUG[0m [2methereum_transaction_pool_monitor::eth_client[0m[2m:[0m 📨 Received pending transaction: 0x55fad84e816f522669ad897669b8ddb8664d3642829ad4a7632c9b780da49154
[2m2025-12-10T12:17:38.724116Z[0m [34mDEBUG[0m [2mhyper::proto::h1::conn[0m[2m:[0m incoming body is content-length (45 bytes)
[2m2025-12-10T12:17:38.724136Z[0m [34mDEBUG[0m [2mhyper::proto::h1::conn[0m[2m:[0m incoming body completed
[2m2025-12-10T12:17:38.724168Z[0m [34mDEBUG[0m [2mhyper::client::pool[0m[2m:[0m pooling idle connection for ("http", 192.168.0.14:8545)
[2m2025-12-10T12:17:38.724244Z[0m [34mDEBUG[0m [2mhyper::client::pool[0m[2m:[0m reuse idle connection for ("http", 192.168.0.14:8545)
[2m2025-12-10T12:17:38.724290Z[0m [34mDEBUG[0m [2mhyper::proto::h1::io[0m[2m:[0m flushed 172 bytes
[2m2025-12-10T12:17:38.769037Z[0m [34mDEBUG[0m [2methereum_transaction_pool_monitor::eth_client[0m[2m:[0m 📨 Received WebSocket message: {"jsonrpc":"2.0","method":"eth_subscription","params":{"subscription":"0xb60af543a4ead1cf1df939ac89b7e704","result":"0x8b6239f59ecac17f70f6269a49bf6578244bee05cd1f30dd1b090e2e8d6ae98c"}}
[2m2025-12-10T12:17:38.769098Z[0m [34mDEBUG[0m [2methereum_transaction_pool_monitor::eth_client[0m[2m:[0m 📨 Received pending transaction: 0x8b6239f59ecac17f70f6269a49bf6578244bee05cd1f30dd1b090e2e8d6ae98c
[2m2025-12-10T12:17:38.773382Z[0m [34mDEBUG[0m [2mhyper::proto::h1::io[0m[2m:[0m parsed 4 headers
[2m2025-12-10T12:17:38.773412Z[0m [34mDEBUG[0m [2mhyper::proto::h1::conn[0m[2m:[0m incoming body is content-length (625 bytes)
[2m2025-12-10T12:17:38.773439Z[0m [34mDEBUG[0m [2mhyper::proto::h1::conn[0m[2m:[0m incoming body completed
[2m2025-12-10T12:17:38.773492Z[0m [34mDEBUG[0m [2mhyper::client::pool[0m[2m:[0m pooling idle connection for ("http", 192.168.0.14:8545)
[2m2025-12-10T12:17:38.773547Z[0m [34mDEBUG[0m [2methereum_transaction_pool_monitor::eth_client[0m[2m:[0m 📡 Transaction fetch RPC completed in 49.8275ms
[2m2025-12-10T12:17:39.079406Z[0m [34mDEBUG[0m [2methereum_transaction_pool_monitor::eth_client[0m[2m:[0m ✅ Transaction 0x71d8668e7fedeb9eba35ac117ef28069cd2fe7a9f4f844752aa006ae829fb536 fetched and parsed in 355.684708ms
[2m2025-12-10T12:17:39.079811Z[0m [34mDEBUG[0m [2methereum_transaction_pool_monitor::mempool_monitor[0m[2m:[0m 🔍 Skipping tx 0x71d8668e7fedeb9eba35ac117ef28069cd2fe7a9f4f844752aa006ae829fb536 - not a DEX interaction (target: 0xda3BE7fA05b4ACAD5BE726Ea6a4918e955886B19)
[2m2025-12-10T12:17:39.079898Z[0m [34mDEBUG[0m [2methereum_transaction_pool_monitor::mempool_monitor[0m[2m:[0m 📨 Processing new pending transaction: 0x744f114382ded71319f5fe0b0aea90ea4fe098753be31b00298995164b0508ce
[2m2025-12-10T12:17:39.079912Z[0m [34mDEBUG[0m [2methereum_transaction_pool_monitor::mempool_monitor[0m[2m:[0m 🔍 Fetching transaction details for: 0x744f114382ded71319f5fe0b0aea90ea4fe098753be31b00298995164b0508ce
[2m2025-12-10T12:17:39.079923Z[0m [34mDEBUG[0m [2methereum_transaction_pool_monitor::eth_client[0m[2m:[0m 🔍 Fetching transaction details for hash: 0x744f114382ded71319f5fe0b0aea90ea4fe098753be31b00298995164b0508ce
[2m2025-12-10T12:17:39.080028Z[0m [34mDEBUG[0m [2mhyper::client::pool[0m[2m:[0m reuse idle connection for ("http", 192.168.0.14:8545)
[2m2025-12-10T12:17:39.080121Z[0m [34mDEBUG[0m [2mhyper::proto::h1::io[0m[2m:[0m flushed 250 bytes
[2m2025-12-10T12:17:39.080185Z[0m [34mDEBUG[0m [2methereum_transaction_pool_monitor::eth_client[0m[2m:[0m 📨 Received WebSocket message: {"jsonrpc":"2.0","method":"eth_subscription","params":{"subscription":"0xb60af543a4ead1cf1df939ac89b7e704","result":"0x816adf070e9a310f83a8acbd29a8ff1c23b3f797e126a5fc8605e52fd640c9e0"}}
[2m2025-12-10T12:17:39.080213Z[0m [34mDEBUG[0m [2methereum_transaction_pool_monitor::eth_client[0m[2m:[0m 📨 Received pending transaction: 0x816adf070e9a310f83a8acbd29a8ff1c23b3f797e126a5fc8605e52fd640c9e0
[2m2025-12-10T12:17:39.080231Z[0m [34mDEBUG[0m [2methereum_transaction_pool_monitor::eth_client[0m[2m:[0m 📨 Received WebSocket message: {"jsonrpc":"2.0","method":"eth_subscription","params":{"subscription":"0xb60af543a4ead1cf1df939ac89b7e704","result":"0x55f7b7bdf27b98dca5d8a87a91a5c5c53cc71e5e92db2a644872f5cded57bc0d"}}
[2m2025-12-10T12:17:39.080248Z[0m [34mDEBUG[0m [2mhyper::proto::h1::io[0m[2m:[0m parsed 4 headers
[2m2025-12-10T12:17:39.080250Z[0m [34mDEBUG[0m [2methereum_transaction_pool_monitor::eth_client[0m[2m:[0m 📨 Received pending transaction: 0x55f7b7bdf27b98dca5d8a87a91a5c5c53cc71e5e92db2a644872f5cded57bc0d
[2m2025-12-10T12:17:39.080263Z[0m [34mDEBUG[0m [2mhyper::proto::h1::conn[0m[2m:[0m incoming body is content-length (45 bytes)
[2m2025-12-10T12:17:39.080271Z[0m [34mDEBUG[0m [2methereum_transaction_pool_monitor::eth_client[0m[2m:[0m 📨 Received WebSocket message: {"jsonrpc":"2.0","method":"eth_subscription","params":{"subscription":"0xb60af543a4ead1cf1df939ac89b7e704","result":"0xebce447250e456cc85aa5ecde8f46483b047e33d9bdf8920de76d2cd13eb5808"}}
[2m2025-12-10T12:17:39.080284Z[0m [34mDEBUG[0m [2mhyper::proto::h1::conn[0m[2m:[0m incoming body completed
[2m2025-12-10T12:17:39.080290Z[0m [34mDEBUG[0m [2methereum_transaction_pool_monitor::eth_client[0m[2m:[0m 📨 Received pending transaction: 0xebce447250e456cc85aa5ecde8f46483b047e33d9bdf8920de76d2cd13eb5808
[2m2025-12-10T12:17:39.080303Z[0m [34mDEBUG[0m [2methereum_transaction_pool_monitor::eth_client[0m[2m:[0m 📨 Received WebSocket message: {"jsonrpc":"2.0","method":"eth_subscription","params":{"subscription":"0xb60af543a4ead1cf1df939ac89b7e704","result":"0x01dbfe84588840f04a14d836fd67a074f5576e909609b29b177e44c7311471a1"}}
[2m2025-12-10T12:17:39.080319Z[0m [34mDEBUG[0m [2mhyper::client::pool[0m[2m:[0m pooling idle connection for ("http", 192.168.0.14:8545)
[2m2025-12-10T12:17:39.080320Z[0m [34mDEBUG[0m [2methereum_transaction_pool_monitor::eth_client[0m[2m:[0m 📨 Received pending transaction: 0x01dbfe84588840f04a14d836fd67a074f5576e909609b29b177e44c7311471a1
[2m2025-12-10T12:17:39.080400Z[0m [34mDEBUG[0m [2mhyper::client::pool[0m[2m:[0m reuse idle connection for ("http", 192.168.0.14:8545)
[2m2025-12-10T12:17:39.080447Z[0m [34mDEBUG[0m [2mhyper::proto::h1::io[0m[2m:[0m flushed 172 bytes
[2m2025-12-10T12:17:39.102716Z[0m [34mDEBUG[0m [2methereum_transaction_pool_monitor::eth_client[0m[2m:[0m 📨 Received WebSocket message: {"jsonrpc":"2.0","method":"eth_subscription","params":{"subscription":"0xb60af543a4ead1cf1df939ac89b7e704","result":"0x5d5d78a13fb36d0293052f5f3febea53e5305cdd4b50088915f5159a554d0610"}}
[2m2025-12-10T12:17:39.102865Z[0m [34mDEBUG[0m [2methereum_transaction_pool_monitor::eth_client[0m[2m:[0m 📨 Received pending transaction: 0x5d5d78a13fb36d0293052f5f3febea53e5305cdd4b50088915f5159a554d0610
[2m2025-12-10T12:17:39.315399Z[0m [34mDEBUG[0m [2methereum_transaction_pool_monitor::eth_client[0m[2m:[0m 📨 Received WebSocket message: {"jsonrpc":"2.0","method":"eth_subscription","params":{"subscription":"0xb60af543a4ead1cf1df939ac89b7e704","result":"0x664b3e30ef91ba1a2a68046c0b3b9a1d097fb58d3f35b7211b7f269f2e59da47"}}
[2m2025-12-10T12:17:39.323535Z[0m [34mDEBUG[0m [2mhyper::proto::h1::io[0m[2m:[0m parsed 4 headers
[2m2025-12-10T12:17:39.323609Z[0m [34mDEBUG[0m [2mhyper::proto::h1::conn[0m[2m:[0m incoming body is content-length (45 bytes)
[2m2025-12-10T12:17:39.323535Z[0m [34mDEBUG[0m [2mhyper::proto::h1::io[0m[2m:[0m parsed 4 headers
[2m2025-12-10T12:17:39.323655Z[0m [34mDEBUG[0m [2mhyper::proto::h1::conn[0m[2m:[0m incoming body completed
[2m2025-12-10T12:17:39.323658Z[0m [34mDEBUG[0m [2mhyper::proto::h1::conn[0m[2m:[0m incoming body is content-length (625 bytes)
[2m2025-12-10T12:17:39.323735Z[0m [34mDEBUG[0m [2mhyper::client::pool[0m[2m:[0m pooling idle connection for ("http", 192.168.0.14:8545)
[2m2025-12-10T12:17:39.323766Z[0m [34mDEBUG[0m [2mhyper::proto::h1::conn[0m[2m:[0m incoming body completed
[2m2025-12-10T12:17:39.323815Z[0m [34mDEBUG[0m [2mhyper::client::pool[0m[2m:[0m pooling idle connection for ("http", 192.168.0.14:8545)
[2m2025-12-10T12:17:39.323849Z[0m [34mDEBUG[0m [2methereum_transaction_pool_monitor::eth_client[0m[2m:[0m 📡 Transaction fetch RPC completed in 243.914958ms
[2m2025-12-10T12:17:39.323929Z[0m [34mDEBUG[0m [2mhyper::client::pool[0m[2m:[0m reuse idle connection for ("http", 192.168.0.14:8545)
[2m2025-12-10T12:17:39.324286Z[0m [34mDEBUG[0m [2methereum_transaction_pool_monitor::eth_client[0m[2m:[0m 📨 Received pending transaction: 0x664b3e30ef91ba1a2a68046c0b3b9a1d097fb58d3f35b7211b7f269f2e59da47
[2m2025-12-10T12:17:39.324519Z[0m [34mDEBUG[0m [2methereum_transaction_pool_monitor::eth_client[0m[2m:[0m 📨 Received WebSocket message: {"jsonrpc":"2.0","method":"eth_subscription","params":{"subscription":"0xb60af543a4ead1cf1df939ac89b7e704","result":"0x605ff2a42d9e0dd291308775cdbdf73072c44a2c0c756cc683c5c7b04fe87844"}}
[2m2025-12-10T12:17:39.324421Z[0m [34mDEBUG[0m [2mhyper::proto::h1::io[0m[2m:[0m flushed 172 bytes
[2m2025-12-10T12:17:39.324604Z[0m [34mDEBUG[0m [2methereum_transaction_pool_monitor::eth_client[0m[2m:[0m 📨 Received pending transaction: 0x605ff2a42d9e0dd291308775cdbdf73072c44a2c0c756cc683c5c7b04fe87844
[2m2025-12-10T12:17:39.325267Z[0m [34mDEBUG[0m [2methereum_transaction_pool_monitor::eth_client[0m[2m:[0m 📨 Received WebSocket message: {"jsonrpc":"2.0","method":"eth_subscription","params":{"subscription":"0xb60af543a4ead1cf1df939ac89b7e704","result":"0x73a55d87bd691e6ef9512f4b6ede5a5fbec41efb675cbd377a1771c0bffe825f"}}
[2m2025-12-10T12:17:39.325332Z[0m [34mDEBUG[0m [2methereum_transaction_pool_monitor::eth_client[0m[2m:[0m 📨 Received pending transaction: 0x73a55d87bd691e6ef9512f4b6ede5a5fbec41efb675cbd377a1771c0bffe825f
[2m2025-12-10T12:17:39.325373Z[0m [34mDEBUG[0m [2methereum_transaction_pool_monitor::eth_client[0m[2m:[0m 📨 Received WebSocket message: {"jsonrpc":"2.0","method":"eth_subscription","params":{"subscription":"0xb60af543a4ead1cf1df939ac89b7e704","result":"0x923dbe8bb6d37e6e17eb1879d4f82c662dace1f5d3b37285c1396840e11fba6d"}}
[2m2025-12-10T12:17:39.325421Z[0m [34mDEBUG[0m [2methereum_transaction_pool_monitor::eth_client[0m[2m:[0m 📨 Received pending transaction: 0x923dbe8bb6d37e6e17eb1879d4f82c662dace1f5d3b37285c1396840e11fba6d
[2m2025-12-10T12:17:39.393294Z[0m [34mDEBUG[0m [2mhyper::proto::h1::io[0m[2m:[0m parsed 4 headers
[2m2025-12-10T12:17:39.393334Z[0m [34mDEBUG[0m [2mhyper::proto::h1::conn[0m[2m:[0m incoming body is content-length (45 bytes)
[2m2025-12-10T12:17:39.393367Z[0m [34mDEBUG[0m [2mhyper::proto::h1::conn[0m[2m:[0m incoming body completed
[2m2025-12-10T12:17:39.393434Z[0m [34mDEBUG[0m [2mhyper::client::pool[0m[2m:[0m pooling idle connection for ("http", 192.168.0.14:8545)
[2m2025-12-10T12:17:39.393588Z[0m [34mDEBUG[0m [2mhyper::client::pool[0m[2m:[0m reuse idle connection for ("http", 192.168.0.14:8545)
[2m2025-12-10T12:17:39.393697Z[0m [34mDEBUG[0m [2mhyper::proto::h1::io[0m[2m:[0m flushed 172 bytes
[2m2025-12-10T12:17:39.462319Z[0m [34mDEBUG[0m [2mhyper::proto::h1::io[0m[2m:[0m parsed 4 headers
[2m2025-12-10T12:17:39.462368Z[0m [34mDEBUG[0m [2mhyper::proto::h1::conn[0m[2m:[0m incoming body is content-length (45 bytes)
[2m2025-12-10T12:17:39.462395Z[0m [34mDEBUG[0m [2mhyper::proto::h1::conn[0m[2m:[0m incoming body completed
[2m2025-12-10T12:17:39.462445Z[0m [34mDEBUG[0m [2mhyper::client::pool[0m[2m:[0m pooling idle connection for ("http", 192.168.0.14:8545)
[2m2025-12-10T12:17:39.462568Z[0m [34mDEBUG[0m [2mhyper::client::pool[0m[2m:[0m reuse idle connection for ("http", 192.168.0.14:8545)
[2m2025-12-10T12:17:39.462639Z[0m [34mDEBUG[0m [2mhyper::proto::h1::io[0m[2m:[0m flushed 172 bytes
[2m2025-12-10T12:17:39.519887Z[0m [34mDEBUG[0m [2mhyper::proto::h1::io[0m[2m:[0m parsed 4 headers
[2m2025-12-10T12:17:39.519942Z[0m [34mDEBUG[0m [2mhyper::proto::h1::conn[0m[2m:[0m incoming body is content-length (45 bytes)
[2m2025-12-10T12:17:39.519968Z[0m [34mDEBUG[0m [2mhyper::proto::h1::conn[0m[2m:[0m incoming body completed
[2m2025-12-10T12:17:39.520019Z[0m [34mDEBUG[0m [2mhyper::client::pool[0m[2m:[0m pooling idle connection for ("http", 192.168.0.14:8545)
[2m2025-12-10T12:17:39.520144Z[0m [34mDEBUG[0m [2mhyper::client::pool[0m[2m:[0m reuse idle connection for ("http", 192.168.0.14:8545)
[2m2025-12-10T12:17:39.520205Z[0m [34mDEBUG[0m [2mhyper::proto::h1::io[0m[2m:[0m flushed 172 bytes
[2m2025-12-10T12:17:39.561094Z[0m [34mDEBUG[0m [2methereum_transaction_pool_monitor::eth_client[0m[2m:[0m ✅ Transaction 0x744f114382ded71319f5fe0b0aea90ea4fe098753be31b00298995164b0508ce fetched and parsed in 481.154125ms
[2m2025-12-10T12:17:39.561170Z[0m [34mDEBUG[0m [2methereum_transaction_pool_monitor::mempool_monitor[0m[2m:[0m 🔍 Skipping tx 0x744f114382ded71319f5fe0b0aea90ea4fe098753be31b00298995164b0508ce - not a DEX interaction (target: 0xe9A911B75ff5BB6e7B41A045B4d3ceEDb6101381)
[2m2025-12-10T12:17:39.561253Z[0m [34mDEBUG[0m [2methereum_transaction_pool_monitor::mempool_monitor[0m[2m:[0m 📨 Processing new pending transaction: 0x4723a88e6bd526d1724a13950bcae802d18376772ce66602f57217b67c690799
[2m2025-12-10T12:17:39.561266Z[0m [34mDEBUG[0m [2methereum_transaction_pool_monitor::mempool_monitor[0m[2m:[0m 🔍 Fetching transaction details for: 0x4723a88e6bd526d1724a13950bcae802d18376772ce66602f57217b67c690799
[2m2025-12-10T12:17:39.561278Z[0m [34mDEBUG[0m [2methereum_transaction_pool_monitor::eth_client[0m[2m:[0m 🔍 Fetching transaction details for hash: 0x4723a88e6bd526d1724a13950bcae802d18376772ce66602f57217b67c690799
[2m2025-12-10T12:17:39.561374Z[0m [34mDEBUG[0m [2mhyper::client::pool[0m[2m:[0m reuse idle connection for ("http", 192.168.0.14:8545)
[2m2025-12-10T12:17:39.561449Z[0m [34mDEBUG[0m [2mhyper::proto::h1::io[0m[2m:[0m flushed 250 bytes
[2m2025-12-10T12:17:39.577303Z[0m [34mDEBUG[0m [2mhyper::proto::h1::io[0m[2m:[0m parsed 4 headers
[2m2025-12-10T12:17:39.577366Z[0m [34mDEBUG[0m [2mhyper::proto::h1::conn[0m[2m:[0m incoming body is content-length (45 bytes)
[2m2025-12-10T12:17:39.577397Z[0m [34mDEBUG[0m [2mhyper::proto::h1::conn[0m[2m:[0m incoming body completed
[2m2025-12-10T12:17:39.577451Z[0m [34mDEBUG[0m [2mhyper::client::pool[0m[2m:[0m pooling idle connection for ("http", 192.168.0.14:8545)
[2m2025-12-10T12:17:39.577590Z[0m [34mDEBUG[0m [2mhyper::client::pool[0m[2m:[0m reuse idle connection for ("http", 192.168.0.14:8545)
[2m2025-12-10T12:17:39.577661Z[0m [34mDEBUG[0m [2mhyper::proto::h1::io[0m[2m:[0m flushed 172 bytes
[2m2025-12-10T12:17:39.597433Z[0m [34mDEBUG[0m [2methereum_transaction_pool_monitor::eth_client[0m[2m:[0m 📨 Received WebSocket message: {"jsonrpc":"2.0","method":"eth_subscription","params":{"subscription":"0xb60af543a4ead1cf1df939ac89b7e704","result":"0x975d68bd584fa9b5adb7f04ac42d84937310d90264012f02fc434a6c48d6f330"}}
[2m2025-12-10T12:17:39.597511Z[0m [34mDEBUG[0m [2methereum_transaction_pool_monitor::eth_client[0m[2m:[0m 📨 Received pending transaction: 0x975d68bd584fa9b5adb7f04ac42d84937310d90264012f02fc434a6c48d6f330
[2m2025-12-10T12:17:39.611516Z[0m [34mDEBUG[0m [2mhyper::proto::h1::io[0m[2m:[0m parsed 4 headers
[2m2025-12-10T12:17:39.611578Z[0m [34mDEBUG[0m [2mhyper::proto::h1::conn[0m[2m:[0m incoming body is content-length (764 bytes)
[2m2025-12-10T12:17:39.611615Z[0m [34mDEBUG[0m [2mhyper::proto::h1::conn[0m[2m:[0m incoming body completed
[2m2025-12-10T12:17:39.611695Z[0m [34mDEBUG[0m [2mhyper::client::pool[0m[2m:[0m pooling idle connection for ("http", 192.168.0.14:8545)
[2m2025-12-10T12:17:39.611733Z[0m [34mDEBUG[0m [2methereum_transaction_pool_monitor::eth_client[0m[2m:[0m 📡 Transaction fetch RPC completed in 50.443208ms
[2m2025-12-10T12:17:39.837703Z[0m [34mDEBUG[0m [2methereum_transaction_pool_monitor::eth_client[0m[2m:[0m ✅ Transaction 0x4723a88e6bd526d1724a13950bcae802d18376772ce66602f57217b67c690799 fetched and parsed in 276.4025ms
[2m2025-12-10T12:17:39.837799Z[0m [34mDEBUG[0m [2methereum_transaction_pool_monitor::mempool_monitor[0m[2m:[0m 🔍 Skipping tx 0x4723a88e6bd526d1724a13950bcae802d18376772ce66602f57217b67c690799 - not a DEX interaction (target: 0xA0b86991c6218b36c1d19D4a2e9Eb0cE3606eB48)
[2m2025-12-10T12:17:39.837890Z[0m [34mDEBUG[0m [2methereum_transaction_pool_monitor::mempool_monitor[0m[2m:[0m 📨 Processing new pending transaction: 0xb50d369277ef1718b5c3213f185b0b36427b07af7715aaf5f625f167d2b0d13d
[2m2025-12-10T12:17:39.837905Z[0m [34mDEBUG[0m [2methereum_transaction_pool_monitor::mempool_monitor[0m[2m:[0m 🔍 Fetching transaction details for: 0xb50d369277ef1718b5c3213f185b0b36427b07af7715aaf5f625f167d2b0d13d
[2m2025-12-10T12:17:39.837917Z[0m [34mDEBUG[0m [2methereum_transaction_pool_monitor::eth_client[0m[2m:[0m 🔍 Fetching transaction details for hash: 0xb50d369277ef1718b5c3213f185b0b36427b07af7715aaf5f625f167d2b0d13d
[2m2025-12-10T12:17:39.838040Z[0m [34mDEBUG[0m [2mhyper::client::pool[0m[2m:[0m reuse idle connection for ("http", 192.168.0.14:8545)
[2m2025-12-10T12:17:39.838175Z[0m [34mDEBUG[0m [2mhyper::proto::h1::io[0m[2m:[0m flushed 250 bytes
[2m2025-12-10T12:17:39.838248Z[0m [34mDEBUG[0m [2methereum_transaction_pool_monitor::eth_client[0m[2m:[0m 📨 Received WebSocket message: {"jsonrpc":"2.0","method":"eth_subscription","params":{"subscription":"0xb60af543a4ead1cf1df939ac89b7e704","result":"0x8135039bc6b0d34b42293c5c4c0a57c711e7b82e810f5b5e6e68caa1d153a148"}}
[2m2025-12-10T12:17:39.838269Z[0m [34mDEBUG[0m [2mhyper::proto::h1::io[0m[2m:[0m parsed 4 headers
[2m2025-12-10T12:17:39.838276Z[0m [34mDEBUG[0m [2methereum_transaction_pool_monitor::eth_client[0m[2m:[0m 📨 Received pending transaction: 0x8135039bc6b0d34b42293c5c4c0a57c711e7b82e810f5b5e6e68caa1d153a148
[2m2025-12-10T12:17:39.838293Z[0m [34mDEBUG[0m [2mhyper::proto::h1::conn[0m[2m:[0m incoming body is content-length (45 bytes)
[2m2025-12-10T12:17:39.838302Z[0m [34mDEBUG[0m [2methereum_transaction_pool_monitor::eth_client[0m[2m:[0m 📨 Received WebSocket message: {"jsonrpc":"2.0","method":"eth_subscription","params":{"subscription":"0xb60af543a4ead1cf1df939ac89b7e704","result":"0xcacbdfc89a26c90d1b53f05d16c3f6c17a0d3b9c26352f73d177e71027f8d259"}}
[2m2025-12-10T12:17:39.838315Z[0m [34mDEBUG[0m [2mhyper::proto::h1::conn[0m[2m:[0m incoming body completed
[2m2025-12-10T12:17:39.838321Z[0m [34mDEBUG[0m [2methereum_transaction_pool_monitor::eth_client[0m[2m:[0m 📨 Received pending transaction: 0xcacbdfc89a26c90d1b53f05d16c3f6c17a0d3b9c26352f73d177e71027f8d259
[2m2025-12-10T12:17:39.838335Z[0m [34mDEBUG[0m [2methereum_transaction_pool_monitor::eth_client[0m[2m:[0m 📨 Received WebSocket message: {"jsonrpc":"2.0","method":"eth_subscription","params":{"subscription":"0xb60af543a4ead1cf1df939ac89b7e704","result":"0x2eedfe092aa1cae881df69afea224e9ba43358165d1c3173893f212cd4eaea5b"}}
[2m2025-12-10T12:17:39.838353Z[0m [34mDEBUG[0m [2methereum_transaction_pool_monitor::eth_client[0m[2m:[0m 📨 Received pending transaction: 0x2eedfe092aa1cae881df69afea224e9ba43358165d1c3173893f212cd4eaea5b
[2m2025-12-10T12:17:39.838356Z[0m [34mDEBUG[0m [2mhyper::client::pool[0m[2m:[0m pooling idle connection for ("http", 192.168.0.14:8545)
[2m2025-12-10T12:17:39.838447Z[0m [34mDEBUG[0m [2mhyper::client::pool[0m[2m:[0m reuse idle connection for ("http", 192.168.0.14:8545)
[2m2025-12-10T12:17:39.838497Z[0m [34mDEBUG[0m [2mhyper::proto::h1::io[0m[2m:[0m flushed 172 bytes
[2m2025-12-10T12:17:39.846308Z[0m [34mDEBUG[0m [2mhyper::proto::h1::io[0m[2m:[0m parsed 4 headers
[2m2025-12-10T12:17:39.846396Z[0m [34mDEBUG[0m [2mhyper::proto::h1::conn[0m[2m:[0m incoming body is content-length (45 bytes)
[2m2025-12-10T12:17:39.846440Z[0m [34mDEBUG[0m [2mhyper::proto::h1::conn[0m[2m:[0m incoming body completed
[2m2025-12-10T12:17:39.846533Z[0m [34mDEBUG[0m [2mhyper::client::pool[0m[2m:[0m pooling idle connection for ("http", 192.168.0.14:8545)
[2m2025-12-10T12:17:39.846800Z[0m [34mDEBUG[0m [2mhyper::client::pool[0m[2m:[0m reuse idle connection for ("http", 192.168.0.14:8545)
[2m2025-12-10T12:17:39.846920Z[0m [34mDEBUG[0m [2mhyper::proto::h1::io[0m[2m:[0m flushed 172 bytes
[2m2025-12-10T12:17:39.852455Z[0m [34mDEBUG[0m [2mhyper::proto::h1::io[0m[2m:[0m parsed 4 headers
[2m2025-12-10T12:17:39.852496Z[0m [34mDEBUG[0m [2mhyper::proto::h1::conn[0m[2m:[0m incoming body is content-length (766 bytes)
[2m2025-12-10T12:17:39.852520Z[0m [34mDEBUG[0m [2mhyper::proto::h1::conn[0m[2m:[0m incoming body completed
[2m2025-12-10T12:17:39.852565Z[0m [34mDEBUG[0m [2mhyper::client::pool[0m[2m:[0m pooling idle connection for ("http", 192.168.0.14:8545)
[2m2025-12-10T12:17:39.852587Z[0m [34mDEBUG[0m [2methereum_transaction_pool_monitor::eth_client[0m[2m:[0m 📡 Transaction fetch RPC completed in 14.6585ms
[2m2025-12-10T12:17:40.072027Z[0m [34mDEBUG[0m [2methereum_transaction_pool_monitor::eth_client[0m[2m:[0m ✅ Transaction 0xb50d369277ef1718b5c3213f185b0b36427b07af7715aaf5f625f167d2b0d13d fetched and parsed in 234.091958ms
[2m2025-12-10T12:17:40.072102Z[0m [34mDEBUG[0m [2methereum_transaction_pool_monitor::mempool_monitor[0m[2m:[0m 🔍 Skipping tx 0xb50d369277ef1718b5c3213f185b0b36427b07af7715aaf5f625f167d2b0d13d - not a DEX interaction (target: 0xA0b86991c6218b36c1d19D4a2e9Eb0cE3606eB48)
[2m2025-12-10T12:17:40.072172Z[0m [34mDEBUG[0m [2methereum_transaction_pool_monitor::mempool_monitor[0m[2m:[0m 📨 Processing new pending transaction: 0xe34c4ac70aae4a04b21fe34c107a83713cb3960cecc53c831308918992455b83
[2m2025-12-10T12:17:40.072185Z[0m [34mDEBUG[0m [2methereum_transaction_pool_monitor::mempool_monitor[0m[2m:[0m 🔍 Fetching transaction details for: 0xe34c4ac70aae4a04b21fe34c107a83713cb3960cecc53c831308918992455b83
[2m2025-12-10T12:17:40.072197Z[0m [34mDEBUG[0m [2methereum_transaction_pool_monitor::eth_client[0m[2m:[0m 🔍 Fetching transaction details for hash: 0xe34c4ac70aae4a04b21fe34c107a83713cb3960cecc53c831308918992455b83
[2m2025-12-10T12:17:40.072324Z[0m [34mDEBUG[0m [2mhyper::client::pool[0m[2m:[0m reuse idle connection for ("http", 192.168.0.14:8545)
[2m2025-12-10T12:17:40.072531Z[0m [34mDEBUG[0m [2mhyper::proto::h1::io[0m[2m:[0m flushed 250 bytes
[2m2025-12-10T12:17:40.072680Z[0m [34mDEBUG[0m [2methereum_transaction_pool_monitor::eth_client[0m[2m:[0m 📨 Received WebSocket message: {"jsonrpc":"2.0","method":"eth_subscription","params":{"subscription":"0xb60af543a4ead1cf1df939ac89b7e704","result":"0xf77f79748c42a9e5aa2a7e4f4d28a92e41c768a8895df2a43c2a93eff2876696"}}
[2m2025-12-10T12:17:40.072712Z[0m [34mDEBUG[0m [2mhyper::proto::h1::io[0m[2m:[0m parsed 4 headers
[2m2025-12-10T12:17:40.072716Z[0m [34mDEBUG[0m [2methereum_transaction_pool_monitor::eth_client[0m[2m:[0m 📨 Received pending transaction: 0xf77f79748c42a9e5aa2a7e4f4d28a92e41c768a8895df2a43c2a93eff2876696
[2m2025-12-10T12:17:40.072753Z[0m [34mDEBUG[0m [2mhyper::proto::h1::conn[0m[2m:[0m incoming body is content-length (45 bytes)
[2m2025-12-10T12:17:40.072777Z[0m [34mDEBUG[0m [2methereum_transaction_pool_monitor::eth_client[0m[2m:[0m 📨 Received WebSocket message: {"jsonrpc":"2.0","method":"eth_subscription","params":{"subscription":"0xb60af543a4ead1cf1df939ac89b7e704","result":"0x984c034b21b50810836b77b10e4be5890f0ad1ea03c6e96ab4bc880a14d845a5"}}
[2m2025-12-10T12:17:40.072799Z[0m [34mDEBUG[0m [2mhyper::proto::h1::conn[0m[2m:[0m incoming body completed
[2m2025-12-10T12:17:40.072835Z[0m [34mDEBUG[0m [2methereum_transaction_pool_monitor::eth_client[0m[2m:[0m 📨 Received pending transaction: 0x984c034b21b50810836b77b10e4be5890f0ad1ea03c6e96ab4bc880a14d845a5
[2m2025-12-10T12:17:40.072885Z[0m [34mDEBUG[0m [2mhyper::client::pool[0m[2m:[0m pooling idle connection for ("http", 192.168.0.14:8545)
[2m2025-12-10T12:17:40.073072Z[0m [34mDEBUG[0m [2mhyper::client::pool[0m[2m:[0m reuse idle connection for ("http", 192.168.0.14:8545)
[2m2025-12-10T12:17:40.073141Z[0m [34mDEBUG[0m [2methereum_transaction_pool_monitor::eth_client[0m[2m:[0m 📨 Received WebSocket message: {"jsonrpc":"2.0","method":"eth_subscription","params":{"subscription":"0xb60af543a4ead1cf1df939ac89b7e704","result":"0xda1a024501bba622bd378e9ff0f92692ff0b1fd30962ad5de2efe26696597bbe"}}
[2m2025-12-10T12:17:40.073239Z[0m [34mDEBUG[0m [2methereum_transaction_pool_monitor::eth_client[0m[2m:[0m 📨 Received pending transaction: 0xda1a024501bba622bd378e9ff0f92692ff0b1fd30962ad5de2efe26696597bbe
[2m2025-12-10T12:17:40.073356Z[0m [34mDEBUG[0m [2mhyper::proto::h1::io[0m[2m:[0m flushed 172 bytes
[2m2025-12-10T12:17:40.094469Z[0m [34mDEBUG[0m [2mhyper::proto::h1::io[0m[2m:[0m parsed 4 headers
[2m2025-12-10T12:17:40.094531Z[0m [34mDEBUG[0m [2mhyper::proto::h1::conn[0m[2m:[0m incoming body is content-length (721 bytes)
[2m2025-12-10T12:17:40.094563Z[0m [34mDEBUG[0m [2mhyper::proto::h1::conn[0m[2m:[0m incoming body completed
[2m2025-12-10T12:17:40.094627Z[0m [34mDEBUG[0m [2mhyper::client::pool[0m[2m:[0m pooling idle connection for ("http", 192.168.0.14:8545)
[2m2025-12-10T12:17:40.094656Z[0m [34mDEBUG[0m [2methereum_transaction_pool_monitor::eth_client[0m[2m:[0m 📡 Transaction fetch RPC completed in 22.446417ms
[2m2025-12-10T12:17:40.341957Z[0m [34mDEBUG[0m [2methereum_transaction_pool_monitor::eth_client[0m[2m:[0m ✅ Transaction 0xe34c4ac70aae4a04b21fe34c107a83713cb3960cecc53c831308918992455b83 fetched and parsed in 269.735875ms
[2m2025-12-10T12:17:40.342108Z[0m [34mDEBUG[0m [2methereum_transaction_pool_monitor::mempool_monitor[0m[2m:[0m 🔍 Skipping tx 0xe34c4ac70aae4a04b21fe34c107a83713cb3960cecc53c831308918992455b83 - not a DEX interaction (target: 0xf30ba13e4b04Ce5dC4D254Ae5FA95477800F0EB0)
[2m2025-12-10T12:17:40.342189Z[0m [34mDEBUG[0m [2methereum_transaction_pool_monitor::mempool_monitor[0m[2m:[0m 📨 Processing new pending transaction: 0xddff4da607e64cf2830d45dd6992c3effb2a4a799788c9fe30adca391ae86aeb
[2m2025-12-10T12:17:40.342203Z[0m [34mDEBUG[0m [2methereum_transaction_pool_monitor::mempool_monitor[0m[2m:[0m 🔍 Fetching transaction details for: 0xddff4da607e64cf2830d45dd6992c3effb2a4a799788c9fe30adca391ae86aeb
[2m2025-12-10T12:17:40.342216Z[0m [34mDEBUG[0m [2methereum_transaction_pool_monitor::eth_client[0m[2m:[0m 🔍 Fetching transaction details for hash: 0xddff4da607e64cf2830d45dd6992c3effb2a4a799788c9fe30adca391ae86aeb
[2m2025-12-10T12:17:40.342348Z[0m [34mDEBUG[0m [2mhyper::client::pool[0m[2m:[0m reuse idle connection for ("http", 192.168.0.14:8545)
[2m2025-12-10T12:17:40.342490Z[0m [34mDEBUG[0m [2mhyper::proto::h1::io[0m[2m:[0m flushed 250 bytes
[2m2025-12-10T12:17:40.342568Z[0m [34mDEBUG[0m [2methereum_transaction_pool_monitor::eth_client[0m[2m:[0m 📨 Received WebSocket message: {"jsonrpc":"2.0","method":"eth_subscription","params":{"subscription":"0xb60af543a4ead1cf1df939ac89b7e704","result":"0x2df3b056d561e4817751e088024230b8327e55700fbc88d53247fc86e824e259"}}
[2m2025-12-10T12:17:40.342598Z[0m [34mDEBUG[0m [2methereum_transaction_pool_monitor::eth_client[0m[2m:[0m 📨 Received pending transaction: 0x2df3b056d561e4817751e088024230b8327e55700fbc88d53247fc86e824e259
[2m2025-12-10T12:17:40.342635Z[0m [34mDEBUG[0m [2mhyper::proto::h1::io[0m[2m:[0m parsed 4 headers
[2m2025-12-10T12:17:40.342644Z[0m [34mDEBUG[0m [2mhyper::proto::h1::conn[0m[2m:[0m incoming body is content-length (45 bytes)
[2m2025-12-10T12:17:40.342664Z[0m [34mDEBUG[0m [2mhyper::proto::h1::conn[0m[2m:[0m incoming body completed
[2m2025-12-10T12:17:40.342721Z[0m [34mDEBUG[0m [2mhyper::client::pool[0m[2m:[0m pooling idle connection for ("http", 192.168.0.14:8545)
[2m2025-12-10T12:17:40.342866Z[0m [34mDEBUG[0m [2mhyper::client::pool[0m[2m:[0m reuse idle connection for ("http", 192.168.0.14:8545)
[2m2025-12-10T12:17:40.342932Z[0m [34mDEBUG[0m [2mhyper::proto::h1::io[0m[2m:[0m flushed 172 bytes
[2m2025-12-10T12:17:40.393074Z[0m [34mDEBUG[0m [2methereum_transaction_pool_monitor::eth_client[0m[2m:[0m 📨 Received WebSocket message: {"jsonrpc":"2.0","method":"eth_subscription","params":{"subscription":"0xb60af543a4ead1cf1df939ac89b7e704","result":"0x31485c34fb43754b492a64a912284d6bea3ae6e572c1ca56769db6c5a929414d"}}
[2m2025-12-10T12:17:40.393169Z[0m [34mDEBUG[0m [2methereum_transaction_pool_monitor::eth_client[0m[2m:[0m 📨 Received pending transaction: 0x31485c34fb43754b492a64a912284d6bea3ae6e572c1ca56769db6c5a929414d
[2m2025-12-10T12:17:40.400795Z[0m [34mDEBUG[0m [2mhyper::proto::h1::io[0m[2m:[0m parsed 4 headers
[2m2025-12-10T12:17:40.400795Z[0m [34mDEBUG[0m [2mhyper::proto::h1::io[0m[2m:[0m parsed 4 headers
[2m2025-12-10T12:17:40.400795Z[0m [34mDEBUG[0m [2methereum_transaction_pool_monitor::eth_client[0m[2m:[0m 📨 Received WebSocket message: {"jsonrpc":"2.0","method":"eth_subscription","params":{"subscription":"0xb60af543a4ead1cf1df939ac89b7e704","result":"0x00765016afad98745065109f1f05ddd14c4217e03fe74cab3a0c18c45706018f"}}
[2m2025-12-10T12:17:40.400843Z[0m [34mDEBUG[0m [2mhyper::proto::h1::conn[0m[2m:[0m incoming body is content-length (644 bytes)
[2m2025-12-10T12:17:40.400874Z[0m [34mDEBUG[0m [2mhyper::proto::h1::conn[0m[2m:[0m incoming body is content-length (45 bytes)
[2m2025-12-10T12:17:40.400920Z[0m [34mDEBUG[0m [2methereum_transaction_pool_monitor::eth_client[0m[2m:[0m 📨 Received pending transaction: 0x00765016afad98745065109f1f05ddd14c4217e03fe74cab3a0c18c45706018f
[2m2025-12-10T12:17:40.400954Z[0m [34mDEBUG[0m [2mhyper::proto::h1::conn[0m[2m:[0m incoming body completed
[2m2025-12-10T12:17:40.400955Z[0m [34mDEBUG[0m [2mhyper::proto::h1::conn[0m[2m:[0m incoming body completed
[2m2025-12-10T12:17:40.401025Z[0m [34mDEBUG[0m [2mhyper::client::pool[0m[2m:[0m pooling idle connection for ("http", 192.168.0.14:8545)
[2m2025-12-10T12:17:40.401035Z[0m [34mDEBUG[0m [2mhyper::client::pool[0m[2m:[0m pooling idle connection for ("http", 192.168.0.14:8545)
[2m2025-12-10T12:17:40.401052Z[0m [34mDEBUG[0m [2methereum_transaction_pool_monitor::eth_client[0m[2m:[0m 📡 Transaction fetch RPC completed in 58.826208ms
[2m2025-12-10T12:17:40.401141Z[0m [34mDEBUG[0m [2mhyper::client::pool[0m[2m:[0m reuse idle connection for ("http", 192.168.0.14:8545)
[2m2025-12-10T12:17:40.401211Z[0m [34mDEBUG[0m [2mhyper::proto::h1::io[0m[2m:[0m flushed 172 bytes
[2m2025-12-10T12:17:40.431870Z[0m [34mDEBUG[0m [2mhyper::proto::h1::io[0m[2m:[0m parsed 4 headers
[2m2025-12-10T12:17:40.435027Z[0m [34mDEBUG[0m [2mhyper::proto::h1::conn[0m[2m:[0m incoming body is content-length (45 bytes)
[2m2025-12-10T12:17:40.435066Z[0m [34mDEBUG[0m [2mhyper::proto::h1::conn[0m[2m:[0m incoming body completed
[2m2025-12-10T12:17:40.435129Z[0m [34mDEBUG[0m [2mhyper::client::pool[0m[2m:[0m pooling idle connection for ("http", 192.168.0.14:8545)
[2m2025-12-10T12:17:40.435273Z[0m [34mDEBUG[0m [2mhyper::client::pool[0m[2m:[0m reuse idle connection for ("http", 192.168.0.14:8545)
[2m2025-12-10T12:17:40.435376Z[0m [34mDEBUG[0m [2mhyper::proto::h1::io[0m[2m:[0m flushed 172 bytes
[2m2025-12-10T12:17:40.468718Z[0m [34mDEBUG[0m [2mhyper::proto::h1::io[0m[2m:[0m parsed 4 headers
[2m2025-12-10T12:17:40.468777Z[0m [34mDEBUG[0m [2mhyper::proto::h1::conn[0m[2m:[0m incoming body is content-length (45 bytes)
[2m2025-12-10T12:17:40.468807Z[0m [34mDEBUG[0m [2mhyper::proto::h1::conn[0m[2m:[0m incoming body completed
[2m2025-12-10T12:17:40.468864Z[0m [34mDEBUG[0m [2mhyper::client::pool[0m[2m:[0m pooling idle connection for ("http", 192.168.0.14:8545)
[2m2025-12-10T12:17:40.469014Z[0m [34mDEBUG[0m [2mhyper::client::pool[0m[2m:[0m reuse idle connection for ("http", 192.168.0.14:8545)
[2m2025-12-10T12:17:40.469096Z[0m [34mDEBUG[0m [2mhyper::proto::h1::io[0m[2m:[0m flushed 172 bytes
[2m2025-12-10T12:17:40.497272Z[0m [34mDEBUG[0m [2mhyper::proto::h1::io[0m[2m:[0m parsed 4 headers
[2m2025-12-10T12:17:40.497393Z[0m [34mDEBUG[0m [2mhyper::proto::h1::conn[0m[2m:[0m incoming body is content-length (45 bytes)
[2m2025-12-10T12:17:40.497455Z[0m [34mDEBUG[0m [2mhyper::proto::h1::conn[0m[2m:[0m incoming body completed
[2m2025-12-10T12:17:40.497630Z[0m [34mDEBUG[0m [2mhyper::client::pool[0m[2m:[0m pooling idle connection for ("http", 192.168.0.14:8545)
[2m2025-12-10T12:17:40.497943Z[0m [34mDEBUG[0m [2mhyper::client::pool[0m[2m:[0m reuse idle connection for ("http", 192.168.0.14:8545)
[2m2025-12-10T12:17:40.498174Z[0m [34mDEBUG[0m [2mhyper::proto::h1::io[0m[2m:[0m flushed 172 bytes
[2m2025-12-10T12:17:40.502924Z[0m [34mDEBUG[0m [2methereum_transaction_pool_monitor::eth_client[0m[2m:[0m 📨 Received WebSocket message: {"jsonrpc":"2.0","method":"eth_subscription","params":{"subscription":"0xb60af543a4ead1cf1df939ac89b7e704","result":"0xad6a6c7e4aa88906b1ff717ec61a8e868cd239044aeed63bad710b1b7b5c9271"}}
[2m2025-12-10T12:17:40.503001Z[0m [34mDEBUG[0m [2methereum_transaction_pool_monitor::eth_client[0m[2m:[0m 📨 Received pending transaction: 0xad6a6c7e4aa88906b1ff717ec61a8e868cd239044aeed63bad710b1b7b5c9271
[2m2025-12-10T12:17:40.529655Z[0m [34mDEBUG[0m [2mhyper::proto::h1::io[0m[2m:[0m parsed 4 headers
[2m2025-12-10T12:17:40.529640Z[0m [34mDEBUG[0m [2methereum_transaction_pool_monitor::eth_client[0m[2m:[0m 📨 Received WebSocket message: {"jsonrpc":"2.0","method":"eth_subscription","params":{"subscription":"0xb60af543a4ead1cf1df939ac89b7e704","result":"0x2abac72a07625393012e0288a806644650784a3d81922653b621d5c36fb05d0a"}}
[2m2025-12-10T12:17:40.529701Z[0m [34mDEBUG[0m [2mhyper::proto::h1::conn[0m[2m:[0m incoming body is content-length (45 bytes)
[2m2025-12-10T12:17:40.529747Z[0m [34mDEBUG[0m [2methereum_transaction_pool_monitor::eth_client[0m[2m:[0m 📨 Received pending transaction: 0x2abac72a07625393012e0288a806644650784a3d81922653b621d5c36fb05d0a
[2m2025-12-10T12:17:40.529780Z[0m [34mDEBUG[0m [2mhyper::proto::h1::conn[0m[2m:[0m incoming body completed
[2m2025-12-10T12:17:40.529850Z[0m [34mDEBUG[0m [2mhyper::client::pool[0m[2m:[0m pooling idle connection for ("http", 192.168.0.14:8545)
[2m2025-12-10T12:17:40.529961Z[0m [34mDEBUG[0m [2mhyper::client::pool[0m[2m:[0m reuse idle connection for ("http", 192.168.0.14:8545)
[2m2025-12-10T12:17:40.530019Z[0m [34mDEBUG[0m [2mhyper::proto::h1::io[0m[2m:[0m flushed 172 bytes
[2m2025-12-10T12:17:40.558326Z[0m [34mDEBUG[0m [2mhyper::proto::h1::io[0m[2m:[0m parsed 4 headers
[2m2025-12-10T12:17:40.558374Z[0m [34mDEBUG[0m [2mhyper::proto::h1::conn[0m[2m:[0m incoming body is content-length (45 bytes)
[2m2025-12-10T12:17:40.558401Z[0m [34mDEBUG[0m [2mhyper::proto::h1::conn[0m[2m:[0m incoming body completed
[2m2025-12-10T12:17:40.558457Z[0m [34mDEBUG[0m [2mhyper::client::pool[0m[2m:[0m pooling idle connection for ("http", 192.168.0.14:8545)
[2m2025-12-10T12:17:40.558652Z[0m [34mDEBUG[0m [2mhyper::client::pool[0m[2m:[0m reuse idle connection for ("http", 192.168.0.14:8545)
[2m2025-12-10T12:17:40.558840Z[0m [34mDEBUG[0m [2mhyper::proto::h1::io[0m[2m:[0m flushed 172 bytes
[2m2025-12-10T12:17:40.568401Z[0m [34mDEBUG[0m [2methereum_transaction_pool_monitor::eth_client[0m[2m:[0m 📨 Received WebSocket message: {"jsonrpc":"2.0","method":"eth_subscription","params":{"subscription":"0xb60af543a4ead1cf1df939ac89b7e704","result":"0x8d5533b01aa33df105ac6710033e298b7d05793cb81d4220a5408fe92d3cbf08"}}
[2m2025-12-10T12:17:40.568469Z[0m [34mDEBUG[0m [2methereum_transaction_pool_monitor::eth_client[0m[2m:[0m 📨 Received pending transaction: 0x8d5533b01aa33df105ac6710033e298b7d05793cb81d4220a5408fe92d3cbf08
[2m2025-12-10T12:17:40.568552Z[0m [34mDEBUG[0m [2mhyper::proto::h1::io[0m[2m:[0m parsed 4 headers
[2m2025-12-10T12:17:40.568564Z[0m [34mDEBUG[0m [2mhyper::proto::h1::conn[0m[2m:[0m incoming body is content-length (45 bytes)
[2m2025-12-10T12:17:40.568588Z[0m [34mDEBUG[0m [2mhyper::proto::h1::conn[0m[2m:[0m incoming body completed
[2m2025-12-10T12:17:40.568634Z[0m [34mDEBUG[0m [2mhyper::client::pool[0m[2m:[0m pooling idle connection for ("http", 192.168.0.14:8545)
[2m2025-12-10T12:17:40.568760Z[0m [34mDEBUG[0m [2mhyper::client::pool[0m[2m:[0m reuse idle connection for ("http", 192.168.0.14:8545)
[2m2025-12-10T12:17:40.568827Z[0m [34mDEBUG[0m [2mhyper::proto::h1::io[0m[2m:[0m flushed 172 bytes
[2m2025-12-10T12:17:40.579709Z[0m [34mDEBUG[0m [2mhyper::proto::h1::io[0m[2m:[0m parsed 4 headers
[2m2025-12-10T12:17:40.579807Z[0m [34mDEBUG[0m [2mhyper::proto::h1::conn[0m[2m:[0m incoming body is content-length (45 bytes)
[2m2025-12-10T12:17:40.579853Z[0m [34mDEBUG[0m [2mhyper::proto::h1::conn[0m[2m:[0m incoming body completed
[2m2025-12-10T12:17:40.579943Z[0m [34mDEBUG[0m [2mhyper::client::pool[0m[2m:[0m pooling idle connection for ("http", 192.168.0.14:8545)
[2m2025-12-10T12:17:40.580184Z[0m [34mDEBUG[0m [2mhyper::client::pool[0m[2m:[0m reuse idle connection for ("http", 192.168.0.14:8545)
[2m2025-12-10T12:17:40.580294Z[0m [34mDEBUG[0m [2mhyper::proto::h1::io[0m[2m:[0m flushed 172 bytes
[2m2025-12-10T12:17:40.605783Z[0m [34mDEBUG[0m [2mhyper::proto::h1::io[0m[2m:[0m parsed 4 headers
[2m2025-12-10T12:17:40.608554Z[0m [34mDEBUG[0m [2mhyper::proto::h1::conn[0m[2m:[0m incoming body is content-length (45 bytes)
[2m2025-12-10T12:17:40.608609Z[0m [34mDEBUG[0m [2mhyper::proto::h1::conn[0m[2m:[0m incoming body completed
[2m2025-12-10T12:17:40.608693Z[0m [34mDEBUG[0m [2mhyper::client::pool[0m[2m:[0m pooling idle connection for ("http", 192.168.0.14:8545)
[2m2025-12-10T12:17:40.608967Z[0m [34mDEBUG[0m [2mhyper::client::pool[0m[2m:[0m reuse idle connection for ("http", 192.168.0.14:8545)
[2m2025-12-10T12:17:40.609255Z[0m [34mDEBUG[0m [2mhyper::proto::h1::io[0m[2m:[0m flushed 172 bytes
[2m2025-12-10T12:17:40.645239Z[0m [34mDEBUG[0m [2mhyper::proto::h1::io[0m[2m:[0m parsed 4 headers
[2m2025-12-10T12:17:40.645295Z[0m [34mDEBUG[0m [2mhyper::proto::h1::conn[0m[2m:[0m incoming body is content-length (45 bytes)
[2m2025-12-10T12:17:40.645326Z[0m [34mDEBUG[0m [2mhyper::proto::h1::conn[0m[2m:[0m incoming body completed
[2m2025-12-10T12:17:40.645383Z[0m [34mDEBUG[0m [2mhyper::client::pool[0m[2m:[0m pooling idle connection for ("http", 192.168.0.14:8545)
[2m2025-12-10T12:17:40.645535Z[0m [34mDEBUG[0m [2mhyper::client::pool[0m[2m:[0m reuse idle connection for ("http", 192.168.0.14:8545)
[2m2025-12-10T12:17:40.645602Z[0m [34mDEBUG[0m [2mhyper::proto::h1::io[0m[2m:[0m flushed 172 bytes
[2m2025-12-10T12:17:40.655026Z[0m [34mDEBUG[0m [2methereum_transaction_pool_monitor::eth_client[0m[2m:[0m ✅ Transaction 0xddff4da607e64cf2830d45dd6992c3effb2a4a799788c9fe30adca391ae86aeb fetched and parsed in 312.792ms
[2m2025-12-10T12:17:40.659394Z[0m [34mDEBUG[0m [2methereum_transaction_pool_monitor::mempool_monitor[0m[2m:[0m 🔍 Skipping tx 0xddff4da607e64cf2830d45dd6992c3effb2a4a799788c9fe30adca391ae86aeb - not a DEX interaction (target: 0xA18700d05F2D0D6f164b71c58463cd92Aaf14bba)
[2m2025-12-10T12:17:40.659467Z[0m [34mDEBUG[0m [2methereum_transaction_pool_monitor::mempool_monitor[0m[2m:[0m 📨 Processing new pending transaction: 0xab55687c0de8fdf603806554179ad73cd83285e00077f11578949103d4f44f5f
[2m2025-12-10T12:17:40.659481Z[0m [34mDEBUG[0m [2methereum_transaction_pool_monitor::mempool_monitor[0m[2m:[0m 🔍 Fetching transaction details for: 0xab55687c0de8fdf603806554179ad73cd83285e00077f11578949103d4f44f5f
[2m2025-12-10T12:17:40.659492Z[0m [34mDEBUG[0m [2methereum_transaction_pool_monitor::eth_client[0m[2m:[0m 🔍 Fetching transaction details for hash: 0xab55687c0de8fdf603806554179ad73cd83285e00077f11578949103d4f44f5f
[2m2025-12-10T12:17:40.659594Z[0m [34mDEBUG[0m [2mhyper::client::pool[0m[2m:[0m reuse idle connection for ("http", 192.168.0.14:8545)
[2m2025-12-10T12:17:40.659692Z[0m [34mDEBUG[0m [2mhyper::proto::h1::io[0m[2m:[0m flushed 250 bytes
[2m2025-12-10T12:17:40.664126Z[0m [34mDEBUG[0m [2mhyper::proto::h1::io[0m[2m:[0m parsed 4 headers
[2m2025-12-10T12:17:40.664150Z[0m [34mDEBUG[0m [2mhyper::proto::h1::conn[0m[2m:[0m incoming body is content-length (45 bytes)
[2m2025-12-10T12:17:40.664228Z[0m [34mDEBUG[0m [2mhyper::proto::h1::conn[0m[2m:[0m incoming body completed
[2m2025-12-10T12:17:40.664353Z[0m [34mDEBUG[0m [2mhyper::client::pool[0m[2m:[0m pooling idle connection for ("http", 192.168.0.14:8545)
[2m2025-12-10T12:17:40.664455Z[0m [34mDEBUG[0m [2mhyper::client::pool[0m[2m:[0m reuse idle connection for ("http", 192.168.0.14:8545)
[2m2025-12-10T12:17:40.664540Z[0m [34mDEBUG[0m [2mhyper::proto::h1::io[0m[2m:[0m flushed 172 bytes
[2m2025-12-10T12:17:40.679018Z[0m [34mDEBUG[0m [2mhyper::proto::h1::io[0m[2m:[0m parsed 4 headers
[2m2025-12-10T12:17:40.679069Z[0m [34mDEBUG[0m [2mhyper::proto::h1::conn[0m[2m:[0m incoming body is content-length (846 bytes)
[2m2025-12-10T12:17:40.679116Z[0m [34mDEBUG[0m [2mhyper::proto::h1::conn[0m[2m:[0m incoming body completed
[2m2025-12-10T12:17:40.679174Z[0m [34mDEBUG[0m [2mhyper::client::pool[0m[2m:[0m pooling idle connection for ("http", 192.168.0.14:8545)
[2m2025-12-10T12:17:40.679197Z[0m [34mDEBUG[0m [2methereum_transaction_pool_monitor::eth_client[0m[2m:[0m 📡 Transaction fetch RPC completed in 19.694083ms
[2m2025-12-10T12:17:40.679257Z[0m [34mDEBUG[0m [2methereum_transaction_pool_monitor::eth_client[0m[2m:[0m DeFi transaction detected - Address: 0xdac17f958d2ee523a2206206994597c13d831ec7, Type: Stablecoin, Value: 0 ETH, Gas: 1.67 Gwei
[2m2025-12-10T12:17:40.679319Z[0m [34mDEBUG[0m [2methereum_transaction_pool_monitor::eth_client[0m[2m:[0m ✅ Transaction 0xab55687c0de8fdf603806554179ad73cd83285e00077f11578949103d4f44f5f fetched and parsed in 19.817208ms
[2m2025-12-10T12:17:40.679342Z[0m [34mDEBUG[0m [2methereum_transaction_pool_monitor::mempool_monitor[0m[2m:[0m 🔍 Skipping tx 0xab55687c0de8fdf603806554179ad73cd83285e00077f11578949103d4f44f5f - not a DEX interaction (target: 0xdAC17F958D2ee523a2206206994597C13D831ec7)
[2m2025-12-10T12:17:40.679409Z[0m [34mDEBUG[0m [2methereum_transaction_pool_monitor::mempool_monitor[0m[2m:[0m 📨 Processing new pending transaction: 0x60b6e1ea5346ce0a19bcb5ebfd443481fa801d46d8cdded8dbfe61c0f0e8eec2
[2m2025-12-10T12:17:40.679419Z[0m [34mDEBUG[0m [2methereum_transaction_pool_monitor::mempool_monitor[0m[2m:[0m 🔍 Fetching transaction details for: 0x60b6e1ea5346ce0a19bcb5ebfd443481fa801d46d8cdded8dbfe61c0f0e8eec2
[2m2025-12-10T12:17:40.679429Z[0m [34mDEBUG[0m [2methereum_transaction_pool_monitor::eth_client[0m[2m:[0m 🔍 Fetching transaction details for hash: 0x60b6e1ea5346ce0a19bcb5ebfd443481fa801d46d8cdded8dbfe61c0f0e8eec2
[2m2025-12-10T12:17:40.679505Z[0m [34mDEBUG[0m [2mhyper::client::pool[0m[2m:[0m reuse idle connection for ("http", 192.168.0.14:8545)
[2m2025-12-10T12:17:40.679563Z[0m [34mDEBUG[0m [2mhyper::proto::h1::io[0m[2m:[0m flushed 250 bytes
[2m2025-12-10T12:17:40.684518Z[0m [34mDEBUG[0m [2mhyper::proto::h1::io[0m[2m:[0m parsed 4 headers
[2m2025-12-10T12:17:40.684554Z[0m [34mDEBUG[0m [2mhyper::proto::h1::conn[0m[2m:[0m incoming body is content-length (45 bytes)
[2m2025-12-10T12:17:40.684583Z[0m [34mDEBUG[0m [2mhyper::proto::h1::conn[0m[2m:[0m incoming body completed
[2m2025-12-10T12:17:40.684664Z[0m [34mDEBUG[0m [2mhyper::client::pool[0m[2m:[0m pooling idle connection for ("http", 192.168.0.14:8545)
[2m2025-12-10T12:17:40.684835Z[0m [34mDEBUG[0m [2mhyper::client::pool[0m[2m:[0m reuse idle connection for ("http", 192.168.0.14:8545)
[2m2025-12-10T12:17:40.684917Z[0m [34mDEBUG[0m [2mhyper::proto::h1::io[0m[2m:[0m flushed 172 bytes
[2m2025-12-10T12:17:40.692916Z[0m [34mDEBUG[0m [2mhyper::proto::h1::io[0m[2m:[0m parsed 4 headers
[2m2025-12-10T12:17:40.692946Z[0m [34mDEBUG[0m [2mhyper::proto::h1::conn[0m[2m:[0m incoming body is content-length (45 bytes)
[2m2025-12-10T12:17:40.692969Z[0m [34mDEBUG[0m [2mhyper::proto::h1::conn[0m[2m:[0m incoming body completed
[2m2025-12-10T12:17:40.693021Z[0m [34mDEBUG[0m [2mhyper::client::pool[0m[2m:[0m pooling idle connection for ("http", 192.168.0.14:8545)
[2m2025-12-10T12:17:40.693128Z[0m [34mDEBUG[0m [2mhyper::client::pool[0m[2m:[0m reuse idle connection for ("http", 192.168.0.14:8545)
[2m2025-12-10T12:17:40.693188Z[0m [34mDEBUG[0m [2mhyper::proto::h1::io[0m[2m:[0m flushed 172 bytes
[2m2025-12-10T12:17:40.693272Z[0m [34mDEBUG[0m [2mhyper::proto::h1::io[0m[2m:[0m parsed 4 headers
[2m2025-12-10T12:17:40.693285Z[0m [34mDEBUG[0m [2mhyper::proto::h1::conn[0m[2m:[0m incoming body is content-length (762 bytes)
[2m2025-12-10T12:17:40.693298Z[0m [34mDEBUG[0m [2mhyper::proto::h1::conn[0m[2m:[0m incoming body completed
[2m2025-12-10T12:17:40.693321Z[0m [34mDEBUG[0m [2mhyper::client::pool[0m[2m:[0m pooling idle connection for ("http", 192.168.0.14:8545)
[2m2025-12-10T12:17:40.693335Z[0m [34mDEBUG[0m [2methereum_transaction_pool_monitor::eth_client[0m[2m:[0m 📡 Transaction fetch RPC completed in 13.89525ms
[2m2025-12-10T12:17:40.693379Z[0m [34mDEBUG[0m [2methereum_transaction_pool_monitor::eth_client[0m[2m:[0m DeFi transaction detected - Address: 0xdac17f958d2ee523a2206206994597c13d831ec7, Type: Stablecoin, Value: 0 ETH, Gas: 0.20 Gwei
[2m2025-12-10T12:17:40.693424Z[0m [34mDEBUG[0m [2methereum_transaction_pool_monitor::eth_client[0m[2m:[0m ✅ Transaction 0x60b6e1ea5346ce0a19bcb5ebfd443481fa801d46d8cdded8dbfe61c0f0e8eec2 fetched and parsed in 13.985542ms
[2m2025-12-10T12:17:40.693450Z[0m [34mDEBUG[0m [2methereum_transaction_pool_monitor::mempool_monitor[0m[2m:[0m 🔍 Skipping tx 0x60b6e1ea5346ce0a19bcb5ebfd443481fa801d46d8cdded8dbfe61c0f0e8eec2 - not a DEX interaction (target: 0xdAC17F958D2ee523a2206206994597C13D831ec7)
[2m2025-12-10T12:17:40.693515Z[0m [34mDEBUG[0m [2methereum_transaction_pool_monitor::mempool_monitor[0m[2m:[0m 📨 Processing new pending transaction: 0xe5e124f9014e1089916037ad2f51fcaaf4e06bafe32b8ede57501caaf94be1b2
[2m2025-12-10T12:17:40.693525Z[0m [34mDEBUG[0m [2methereum_transaction_pool_monitor::mempool_monitor[0m[2m:[0m 🔍 Fetching transaction details for: 0xe5e124f9014e1089916037ad2f51fcaaf4e06bafe32b8ede57501caaf94be1b2
[2m2025-12-10T12:17:40.693534Z[0m [34mDEBUG[0m [2methereum_transaction_pool_monitor::eth_client[0m[2m:[0m 🔍 Fetching transaction details for hash: 0xe5e124f9014e1089916037ad2f51fcaaf4e06bafe32b8ede57501caaf94be1b2
[2m2025-12-10T12:17:40.693577Z[0m [34mDEBUG[0m [2mhyper::client::pool[0m[2m:[0m reuse idle connection for ("http", 192.168.0.14:8545)
[2m2025-12-10T12:17:40.693616Z[0m [34mDEBUG[0m [2mhyper::proto::h1::io[0m[2m:[0m flushed 250 bytes
[2m2025-12-10T12:17:40.698715Z[0m [34mDEBUG[0m [2mhyper::proto::h1::io[0m[2m:[0m parsed 4 headers
[2m2025-12-10T12:17:40.698740Z[0m [34mDEBUG[0m [2mhyper::proto::h1::conn[0m[2m:[0m incoming body is content-length (45 bytes)
[2m2025-12-10T12:17:40.698782Z[0m [34mDEBUG[0m [2mhyper::proto::h1::conn[0m[2m:[0m incoming body completed
[2m2025-12-10T12:17:40.698818Z[0m [34mDEBUG[0m [2mhyper::client::pool[0m[2m:[0m pooling idle connection for ("http", 192.168.0.14:8545)
[2m2025-12-10T12:17:40.699941Z[0m [34mDEBUG[0m [2mhyper::proto::h1::io[0m[2m:[0m parsed 4 headers
[2m2025-12-10T12:17:40.699949Z[0m [34mDEBUG[0m [2mhyper::proto::h1::conn[0m[2m:[0m incoming body is content-length (641 bytes)
[2m2025-12-10T12:17:40.699962Z[0m [34mDEBUG[0m [2mhyper::proto::h1::conn[0m[2m:[0m incoming body completed
[2m2025-12-10T12:17:40.699986Z[0m [34mDEBUG[0m [2mhyper::client::pool[0m[2m:[0m pooling idle connection for ("http", 192.168.0.14:8545)
[2m2025-12-10T12:17:40.700000Z[0m [34mDEBUG[0m [2methereum_transaction_pool_monitor::eth_client[0m[2m:[0m 📡 Transaction fetch RPC completed in 6.456291ms
[2m2025-12-10T12:17:40.961981Z[0m [34mDEBUG[0m [2methereum_transaction_pool_monitor::eth_client[0m[2m:[0m ✅ Transaction 0xe5e124f9014e1089916037ad2f51fcaaf4e06bafe32b8ede57501caaf94be1b2 fetched and parsed in 268.431041ms
[2m2025-12-10T12:17:40.962081Z[0m [34mDEBUG[0m [2methereum_transaction_pool_monitor::mempool_monitor[0m[2m:[0m 🔍 Skipping tx 0xe5e124f9014e1089916037ad2f51fcaaf4e06bafe32b8ede57501caaf94be1b2 - not a DEX interaction (target: 0x73462E8de50Ed462a57043c355ABde3E2B8FF60F)
[2m2025-12-10T12:17:40.962158Z[0m [34mDEBUG[0m [2methereum_transaction_pool_monitor::mempool_monitor[0m[2m:[0m 📨 Processing new pending transaction: 0xf791b9a21871e3c41c4fd01dfd5f8be04cd28ad0b366ef438268526d104b074c
[2m2025-12-10T12:17:40.962169Z[0m [34mDEBUG[0m [2methereum_transaction_pool_monitor::mempool_monitor[0m[2m:[0m 🔍 Fetching transaction details for: 0xf791b9a21871e3c41c4fd01dfd5f8be04cd28ad0b366ef438268526d104b074c
[2m2025-12-10T12:17:40.962179Z[0m [34mDEBUG[0m [2methereum_transaction_pool_monitor::eth_client[0m[2m:[0m 🔍 Fetching transaction details for hash: 0xf791b9a21871e3c41c4fd01dfd5f8be04cd28ad0b366ef438268526d104b074c
[2m2025-12-10T12:17:40.962281Z[0m [34mDEBUG[0m [2mhyper::client::pool[0m[2m:[0m reuse idle connection for ("http", 192.168.0.14:8545)
[2m2025-12-10T12:17:40.962354Z[0m [34mDEBUG[0m [2mhyper::proto::h1::io[0m[2m:[0m flushed 250 bytes
[2m2025-12-10T12:17:40.962428Z[0m [34mDEBUG[0m [2mhyper::client::pool[0m[2m:[0m reuse idle connection for ("http", 192.168.0.14:8545)
[2m2025-12-10T12:17:40.962426Z[0m [34mDEBUG[0m [2methereum_transaction_pool_monitor::eth_client[0m[2m:[0m 📨 Received WebSocket message: {"jsonrpc":"2.0","method":"eth_subscription","params":{"subscription":"0xb60af543a4ead1cf1df939ac89b7e704","result":"0x21304582b5301214b0767928786cc3855c4527aea796b87e4c1df8356c4a1fc0"}}
[2m2025-12-10T12:17:40.962460Z[0m [34mDEBUG[0m [2methereum_transaction_pool_monitor::eth_client[0m[2m:[0m 📨 Received pending transaction: 0x21304582b5301214b0767928786cc3855c4527aea796b87e4c1df8356c4a1fc0
[2m2025-12-10T12:17:40.962462Z[0m [34mDEBUG[0m [2mhyper::proto::h1::io[0m[2m:[0m flushed 172 bytes
[2m2025-12-10T12:17:40.962482Z[0m [34mDEBUG[0m [2methereum_transaction_pool_monitor::eth_client[0m[2m:[0m 📨 Received WebSocket message: {"jsonrpc":"2.0","method":"eth_subscription","params":{"subscription":"0xb60af543a4ead1cf1df939ac89b7e704","result":"0x5c45b7985b662ad5f38868be8261d7537f1aa1551d720e0806f60e263f97bc1b"}}
[2m2025-12-10T12:17:40.962501Z[0m [34mDEBUG[0m [2methereum_transaction_pool_monitor::eth_client[0m[2m:[0m 📨 Received pending transaction: 0x5c45b7985b662ad5f38868be8261d7537f1aa1551d720e0806f60e263f97bc1b
[2m2025-12-10T12:17:40.981439Z[0m [34mDEBUG[0m [2mhyper::proto::h1::io[0m[2m:[0m parsed 4 headers
[2m2025-12-10T12:17:40.981446Z[0m [34mDEBUG[0m [2mhyper::proto::h1::io[0m[2m:[0m parsed 4 headers
[2m2025-12-10T12:17:40.981496Z[0m [34mDEBUG[0m [2mhyper::proto::h1::conn[0m[2m:[0m incoming body is content-length (45 bytes)
[2m2025-12-10T12:17:40.981544Z[0m [34mDEBUG[0m [2mhyper::proto::h1::conn[0m[2m:[0m incoming body is content-length (847 bytes)
[2m2025-12-10T12:17:40.981593Z[0m [34mDEBUG[0m [2mhyper::proto::h1::conn[0m[2m:[0m incoming body completed
[2m2025-12-10T12:17:40.981594Z[0m [34mDEBUG[0m [2mhyper::proto::h1::conn[0m[2m:[0m incoming body completed
[2m2025-12-10T12:17:40.981656Z[0m [34mDEBUG[0m [2mhyper::client::pool[0m[2m:[0m pooling idle connection for ("http", 192.168.0.14:8545)
[2m2025-12-10T12:17:40.981671Z[0m [34mDEBUG[0m [2mhyper::client::pool[0m[2m:[0m pooling idle connection for ("http", 192.168.0.14:8545)
[2m2025-12-10T12:17:40.981715Z[0m [34mDEBUG[0m [2methereum_transaction_pool_monitor::eth_client[0m[2m:[0m 📡 Transaction fetch RPC completed in 19.52625ms
[2m2025-12-10T12:17:40.981810Z[0m [34mDEBUG[0m [2mhyper::client::pool[0m[2m:[0m reuse idle connection for ("http", 192.168.0.14:8545)
[2m2025-12-10T12:17:40.981886Z[0m [34mDEBUG[0m [2mhyper::proto::h1::io[0m[2m:[0m flushed 172 bytes
[2m2025-12-10T12:17:41.012904Z[0m [34mDEBUG[0m [2methereum_transaction_pool_monitor::eth_client[0m[2m:[0m 📨 Received WebSocket message: {"jsonrpc":"2.0","method":"eth_subscription","params":{"subscription":"0xb60af543a4ead1cf1df939ac89b7e704","result":"0xde64fd7d0a6fe7b836a0a14af3baee1b5410107209bba5004aa5a903b44dbf4a"}}
[2m2025-12-10T12:17:41.013086Z[0m [34mDEBUG[0m [2methereum_transaction_pool_monitor::eth_client[0m[2m:[0m 📨 Received pending transaction: 0xde64fd7d0a6fe7b836a0a14af3baee1b5410107209bba5004aa5a903b44dbf4a
[2m2025-12-10T12:17:41.027208Z[0m [34mDEBUG[0m [2mhyper::proto::h1::io[0m[2m:[0m parsed 4 headers
[2m2025-12-10T12:17:41.027244Z[0m [34mDEBUG[0m [2mhyper::proto::h1::conn[0m[2m:[0m incoming body is content-length (45 bytes)
[2m2025-12-10T12:17:41.027269Z[0m [34mDEBUG[0m [2mhyper::proto::h1::conn[0m[2m:[0m incoming body completed
[2m2025-12-10T12:17:41.027320Z[0m [34mDEBUG[0m [2mhyper::client::pool[0m[2m:[0m pooling idle connection for ("http", 192.168.0.14:8545)
[2m2025-12-10T12:17:41.027444Z[0m [34mDEBUG[0m [2mhyper::client::pool[0m[2m:[0m reuse idle connection for ("http", 192.168.0.14:8545)
[2m2025-12-10T12:17:41.027503Z[0m [34mDEBUG[0m [2mhyper::proto::h1::io[0m[2m:[0m flushed 172 bytes
[2m2025-12-10T12:17:41.061502Z[0m [34mDEBUG[0m [2methereum_transaction_pool_monitor::eth_client[0m[2m:[0m 📨 Received WebSocket message: {"jsonrpc":"2.0","method":"eth_subscription","params":{"subscription":"0xb60af543a4ead1cf1df939ac89b7e704","result":"0x63cca5b70fd7e76e1fae5c3235eece129ea333a8f6171bec22521884184a073d"}}
[2m2025-12-10T12:17:41.061643Z[0m [34mDEBUG[0m [2methereum_transaction_pool_monitor::eth_client[0m[2m:[0m 📨 Received pending transaction: 0x63cca5b70fd7e76e1fae5c3235eece129ea333a8f6171bec22521884184a073d
[2m2025-12-10T12:17:41.075755Z[0m [34mDEBUG[0m [2mhyper::proto::h1::io[0m[2m:[0m parsed 4 headers
[2m2025-12-10T12:17:41.075788Z[0m [34mDEBUG[0m [2mhyper::proto::h1::conn[0m[2m:[0m incoming body is content-length (45 bytes)
[2m2025-12-10T12:17:41.075820Z[0m [34mDEBUG[0m [2mhyper::proto::h1::conn[0m[2m:[0m incoming body completed
[2m2025-12-10T12:17:41.075872Z[0m [34mDEBUG[0m [2mhyper::client::pool[0m[2m:[0m pooling idle connection for ("http", 192.168.0.14:8545)
[2m2025-12-10T12:17:41.076005Z[0m [34mDEBUG[0m [2mhyper::client::pool[0m[2m:[0m reuse idle connection for ("http", 192.168.0.14:8545)
[2m2025-12-10T12:17:41.076143Z[0m [34mDEBUG[0m [2mhyper::proto::h1::io[0m[2m:[0m flushed 172 bytes
[2m2025-12-10T12:17:41.122555Z[0m [34mDEBUG[0m [2mhyper::proto::h1::io[0m[2m:[0m parsed 4 headers
[2m2025-12-10T12:17:41.122622Z[0m [34mDEBUG[0m [2mhyper::proto::h1::conn[0m[2m:[0m incoming body is content-length (45 bytes)
[2m2025-12-10T12:17:41.122669Z[0m [34mDEBUG[0m [2mhyper::proto::h1::conn[0m[2m:[0m incoming body completed
[2m2025-12-10T12:17:41.122776Z[0m [34mDEBUG[0m [2mhyper::client::pool[0m[2m:[0m pooling idle connection for ("http", 192.168.0.14:8545)
[2m2025-12-10T12:17:41.148115Z[0m [34mDEBUG[0m [2mhyper::client::pool[0m[2m:[0m reuse idle connection for ("http", 192.168.0.14:8545)
[2m2025-12-10T12:17:41.148305Z[0m [34mDEBUG[0m [2mhyper::proto::h1::io[0m[2m:[0m flushed 172 bytes
[2m2025-12-10T12:17:41.185505Z[0m [34mDEBUG[0m [2methereum_transaction_pool_monitor::eth_client[0m[2m:[0m ✅ Transaction 0xf791b9a21871e3c41c4fd01dfd5f8be04cd28ad0b366ef438268526d104b074c fetched and parsed in 223.308708ms
[2m2025-12-10T12:17:41.185573Z[0m [34mDEBUG[0m [2methereum_transaction_pool_monitor::mempool_monitor[0m[2m:[0m 🔍 Skipping tx 0xf791b9a21871e3c41c4fd01dfd5f8be04cd28ad0b366ef438268526d104b074c - not a DEX interaction (target: 0xA0b86991c6218b36c1d19D4a2e9Eb0cE3606eB48)
[2m2025-12-10T12:17:41.185656Z[0m [34mDEBUG[0m [2methereum_transaction_pool_monitor::mempool_monitor[0m[2m:[0m 📨 Processing new pending transaction: 0x41c27468964fd76b4b3ac49a644ce362e7b931a0c9c58f04227b231f5988482e
[2m2025-12-10T12:17:41.185668Z[0m [34mDEBUG[0m [2methereum_transaction_pool_monitor::mempool_monitor[0m[2m:[0m 🔍 Fetching transaction details for: 0x41c27468964fd76b4b3ac49a644ce362e7b931a0c9c58f04227b231f5988482e
[2m2025-12-10T12:17:41.185681Z[0m [34mDEBUG[0m [2methereum_transaction_pool_monitor::eth_client[0m[2m:[0m 🔍 Fetching transaction details for hash: 0x41c27468964fd76b4b3ac49a644ce362e7b931a0c9c58f04227b231f5988482e
[2m2025-12-10T12:17:41.185794Z[0m [34mDEBUG[0m [2mhyper::client::pool[0m[2m:[0m reuse idle connection for ("http", 192.168.0.14:8545)
[2m2025-12-10T12:17:41.185898Z[0m [34mDEBUG[0m [2mhyper::proto::h1::io[0m[2m:[0m flushed 250 bytes
[2m2025-12-10T12:17:41.193441Z[0m [34mDEBUG[0m [2mhyper::proto::h1::io[0m[2m:[0m parsed 4 headers
[2m2025-12-10T12:17:41.193472Z[0m [34mDEBUG[0m [2mhyper::proto::h1::conn[0m[2m:[0m incoming body is content-length (45 bytes)
[2m2025-12-10T12:17:41.193497Z[0m [34mDEBUG[0m [2mhyper::proto::h1::conn[0m[2m:[0m incoming body completed
[2m2025-12-10T12:17:41.193550Z[0m [34mDEBUG[0m [2mhyper::client::pool[0m[2m:[0m pooling idle connection for ("http", 192.168.0.14:8545)
[2m2025-12-10T12:17:41.232440Z[0m [34mDEBUG[0m [2mhyper::proto::h1::io[0m[2m:[0m parsed 4 headers
[2m2025-12-10T12:17:41.232492Z[0m [34mDEBUG[0m [2mhyper::proto::h1::conn[0m[2m:[0m incoming body is content-length (844 bytes)
[2m2025-12-10T12:17:41.232533Z[0m [34mDEBUG[0m [2mhyper::proto::h1::conn[0m[2m:[0m incoming body completed
[2m2025-12-10T12:17:41.232603Z[0m [34mDEBUG[0m [2mhyper::client::pool[0m[2m:[0m pooling idle connection for ("http", 192.168.0.14:8545)
[2m2025-12-10T12:17:41.232628Z[0m [34mDEBUG[0m [2methereum_transaction_pool_monitor::eth_client[0m[2m:[0m 📡 Transaction fetch RPC completed in 46.936584ms
[2m2025-12-10T12:17:41.437613Z[0m [34mDEBUG[0m [2methereum_transaction_pool_monitor::eth_client[0m[2m:[0m ✅ Transaction 0x41c27468964fd76b4b3ac49a644ce362e7b931a0c9c58f04227b231f5988482e fetched and parsed in 251.912917ms
[2m2025-12-10T12:17:41.437675Z[0m [34mDEBUG[0m [2methereum_transaction_pool_monitor::mempool_monitor[0m[2m:[0m 🔍 Skipping tx 0x41c27468964fd76b4b3ac49a644ce362e7b931a0c9c58f04227b231f5988482e - not a DEX interaction (target: 0xcE5d4Aa69bc7fa8AD94a6f9133ec435e8aa00359)
[2m2025-12-10T12:17:41.437769Z[0m [34mDEBUG[0m [2methereum_transaction_pool_monitor::mempool_monitor[0m[2m:[0m 📨 Processing new pending transaction: 0x160470b4800b5ac04284707240e0d54ddcdea9ec2ee20ee1d89ea08be58f5e40
[2m2025-12-10T12:17:41.437783Z[0m [34mDEBUG[0m [2methereum_transaction_pool_monitor::mempool_monitor[0m[2m:[0m 🔍 Fetching transaction details for: 0x160470b4800b5ac04284707240e0d54ddcdea9ec2ee20ee1d89ea08be58f5e40
[2m2025-12-10T12:17:41.437794Z[0m [34mDEBUG[0m [2methereum_transaction_pool_monitor::eth_client[0m[2m:[0m 🔍 Fetching transaction details for hash: 0x160470b4800b5ac04284707240e0d54ddcdea9ec2ee20ee1d89ea08be58f5e40
[2m2025-12-10T12:17:41.437988Z[0m [34mDEBUG[0m [2mhyper::client::pool[0m[2m:[0m reuse idle connection for ("http", 192.168.0.14:8545)
[2m2025-12-10T12:17:41.438146Z[0m [34mDEBUG[0m [2mhyper::proto::h1::io[0m[2m:[0m flushed 250 bytes
[2m2025-12-10T12:17:41.438261Z[0m [34mDEBUG[0m [2mhyper::client::pool[0m[2m:[0m reuse idle connection for ("http", 192.168.0.14:8545)
[2m2025-12-10T12:17:41.438263Z[0m [34mDEBUG[0m [2methereum_transaction_pool_monitor::eth_client[0m[2m:[0m 📨 Received WebSocket message: {"jsonrpc":"2.0","method":"eth_subscription","params":{"subscription":"0xb60af543a4ead1cf1df939ac89b7e704","result":"0x4f8be260bfda1795ffc1b7304160b8043a6338c171b5c2d74248fc1f1e88d829"}}
[2m2025-12-10T12:17:41.438294Z[0m [34mDEBUG[0m [2methereum_transaction_pool_monitor::eth_client[0m[2m:[0m 📨 Received pending transaction: 0x4f8be260bfda1795ffc1b7304160b8043a6338c171b5c2d74248fc1f1e88d829
[2m2025-12-10T12:17:41.438305Z[0m [34mDEBUG[0m [2mhyper::proto::h1::io[0m[2m:[0m flushed 172 bytes
[2m2025-12-10T12:17:41.438312Z[0m [34mDEBUG[0m [2methereum_transaction_pool_monitor::eth_client[0m[2m:[0m 📨 Received WebSocket message: {"jsonrpc":"2.0","method":"eth_subscription","params":{"subscription":"0xb60af543a4ead1cf1df939ac89b7e704","result":"0xe22d3eaf971348976ddd1af1cb65cf06e4c8b066c25a1f0e224b68c108ec45c1"}}
[2m2025-12-10T12:17:41.438329Z[0m [34mDEBUG[0m [2methereum_transaction_pool_monitor::eth_client[0m[2m:[0m 📨 Received pending transaction: 0xe22d3eaf971348976ddd1af1cb65cf06e4c8b066c25a1f0e224b68c108ec45c1
[2m2025-12-10T12:17:41.438341Z[0m [34mDEBUG[0m [2methereum_transaction_pool_monitor::eth_client[0m[2m:[0m 📨 Received WebSocket message: {"jsonrpc":"2.0","method":"eth_subscription","params":{"subscription":"0xb60af543a4ead1cf1df939ac89b7e704","result":"0x7b40451b6a6e6b31850639cac94280d72da34052d5d2d26ce86309e9a2d7d17a"}}
[2m2025-12-10T12:17:41.438356Z[0m [34mDEBUG[0m [2methereum_transaction_pool_monitor::eth_client[0m[2m:[0m 📨 Received pending transaction: 0x7b40451b6a6e6b31850639cac94280d72da34052d5d2d26ce86309e9a2d7d17a
[2m2025-12-10T12:17:41.453689Z[0m [34mDEBUG[0m [2methereum_transaction_pool_monitor::eth_client[0m[2m:[0m 📨 Received WebSocket message: {"jsonrpc":"2.0","method":"eth_subscription","params":{"subscription":"0xb60af543a4ead1cf1df939ac89b7e704","result":"0x5974242cefbaec1684be0644ef053be632fa42e1742c67d7852609b2e3ad6579"}}
[2m2025-12-10T12:17:41.453742Z[0m [34mDEBUG[0m [2methereum_transaction_pool_monitor::eth_client[0m[2m:[0m 📨 Received pending transaction: 0x5974242cefbaec1684be0644ef053be632fa42e1742c67d7852609b2e3ad6579
[2m2025-12-10T12:17:41.475605Z[0m [34mDEBUG[0m [2mhyper::proto::h1::io[0m[2m:[0m parsed 4 headers
[2m2025-12-10T12:17:41.475646Z[0m [34mDEBUG[0m [2mhyper::proto::h1::conn[0m[2m:[0m incoming body is content-length (45 bytes)
[2m2025-12-10T12:17:41.475667Z[0m [34mDEBUG[0m [2mhyper::proto::h1::conn[0m[2m:[0m incoming body completed
[2m2025-12-10T12:17:41.475709Z[0m [34mDEBUG[0m [2mhyper::client::pool[0m[2m:[0m pooling idle connection for ("http", 192.168.0.14:8545)
[2m2025-12-10T12:17:41.475812Z[0m [34mDEBUG[0m [2mhyper::client::pool[0m[2m:[0m reuse idle connection for ("http", 192.168.0.14:8545)
[2m2025-12-10T12:17:41.475871Z[0m [34mDEBUG[0m [2mhyper::proto::h1::io[0m[2m:[0m flushed 172 bytes
[2m2025-12-10T12:17:41.488913Z[0m [34mDEBUG[0m [2mhyper::proto::h1::io[0m[2m:[0m parsed 4 headers
[2m2025-12-10T12:17:41.488969Z[0m [34mDEBUG[0m [2mhyper::proto::h1::conn[0m[2m:[0m incoming body is content-length (2112 bytes)
[2m2025-12-10T12:17:41.488999Z[0m [34mDEBUG[0m [2mhyper::proto::h1::conn[0m[2m:[0m incoming body completed
[2m2025-12-10T12:17:41.489065Z[0m [34mDEBUG[0m [2mhyper::client::pool[0m[2m:[0m pooling idle connection for ("http", 192.168.0.14:8545)
[2m2025-12-10T12:17:41.489157Z[0m [34mDEBUG[0m [2methereum_transaction_pool_monitor::eth_client[0m[2m:[0m 📡 Transaction fetch RPC completed in 51.318583ms
[2m2025-12-10T12:17:41.702874Z[0m [34mDEBUG[0m [2methereum_transaction_pool_monitor::eth_client[0m[2m:[0m ✅ Transaction 0x160470b4800b5ac04284707240e0d54ddcdea9ec2ee20ee1d89ea08be58f5e40 fetched and parsed in 265.031416ms
[2m2025-12-10T12:17:41.702935Z[0m [34mDEBUG[0m [2methereum_transaction_pool_monitor::mempool_monitor[0m[2m:[0m 🔍 Skipping tx 0x160470b4800b5ac04284707240e0d54ddcdea9ec2ee20ee1d89ea08be58f5e40 - not a DEX interaction (target: 0x0000000aa232009084Bd71A5797d089AA4Edfad4)
[2m2025-12-10T12:17:41.703000Z[0m [34mDEBUG[0m [2methereum_transaction_pool_monitor::mempool_monitor[0m[2m:[0m 📨 Processing new pending transaction: 0x987c74b0ed4faff9c961f98ad774986a70e3c92c97300a226552747d1a2d2d1c
[2m2025-12-10T12:17:41.703012Z[0m [34mDEBUG[0m [2methereum_transaction_pool_monitor::mempool_monitor[0m[2m:[0m 🔍 Fetching transaction details for: 0x987c74b0ed4faff9c961f98ad774986a70e3c92c97300a226552747d1a2d2d1c
[2m2025-12-10T12:17:41.703021Z[0m [34mDEBUG[0m [2methereum_transaction_pool_monitor::eth_client[0m[2m:[0m 🔍 Fetching transaction details for hash: 0x987c74b0ed4faff9c961f98ad774986a70e3c92c97300a226552747d1a2d2d1c
[2m2025-12-10T12:17:41.703114Z[0m [34mDEBUG[0m [2mhyper::client::pool[0m[2m:[0m reuse idle connection for ("http", 192.168.0.14:8545)
[2m2025-12-10T12:17:41.703202Z[0m [34mDEBUG[0m [2mhyper::proto::h1::io[0m[2m:[0m flushed 250 bytes
[2m2025-12-10T12:17:41.703263Z[0m [34mDEBUG[0m [2mhyper::proto::h1::io[0m[2m:[0m parsed 4 headers
[2m2025-12-10T12:17:41.703270Z[0m [34mDEBUG[0m [2mhyper::proto::h1::conn[0m[2m:[0m incoming body is content-length (45 bytes)
[2m2025-12-10T12:17:41.703273Z[0m [34mDEBUG[0m [2methereum_transaction_pool_monitor::eth_client[0m[2m:[0m 📨 Received WebSocket message: {"jsonrpc":"2.0","method":"eth_subscription","params":{"subscription":"0xb60af543a4ead1cf1df939ac89b7e704","result":"0xf52ae0c1db9c2b5fe61ce658e54df0dc25875c6fcd92aece62ae15d549a92243"}}
[2m2025-12-10T12:17:41.703285Z[0m [34mDEBUG[0m [2mhyper::proto::h1::conn[0m[2m:[0m incoming body completed
[2m2025-12-10T12:17:41.703307Z[0m [34mDEBUG[0m [2methereum_transaction_pool_monitor::eth_client[0m[2m:[0m 📨 Received pending transaction: 0xf52ae0c1db9c2b5fe61ce658e54df0dc25875c6fcd92aece62ae15d549a92243
[2m2025-12-10T12:17:41.703316Z[0m [34mDEBUG[0m [2mhyper::client::pool[0m[2m:[0m pooling idle connection for ("http", 192.168.0.14:8545)
[2m2025-12-10T12:17:41.703326Z[0m [34mDEBUG[0m [2methereum_transaction_pool_monitor::eth_client[0m[2m:[0m 📨 Received WebSocket message: {"jsonrpc":"2.0","method":"eth_subscription","params":{"subscription":"0xb60af543a4ead1cf1df939ac89b7e704","result":"0x03d8c49aa584c3dface696f1cf39439059d19fe7e6be1b86eb302901b5a3a2fa"}}
[2m2025-12-10T12:17:41.703345Z[0m [34mDEBUG[0m [2methereum_transaction_pool_monitor::eth_client[0m[2m:[0m 📨 Received pending transaction: 0x03d8c49aa584c3dface696f1cf39439059d19fe7e6be1b86eb302901b5a3a2fa
[2m2025-12-10T12:17:41.703383Z[0m [34mDEBUG[0m [2mhyper::client::pool[0m[2m:[0m reuse idle connection for ("http", 192.168.0.14:8545)
[2m2025-12-10T12:17:41.703419Z[0m [34mDEBUG[0m [2mhyper::proto::h1::io[0m[2m:[0m flushed 172 bytes
[2m2025-12-10T12:17:41.713212Z[0m [34mDEBUG[0m [2methereum_transaction_pool_monitor::eth_client[0m[2m:[0m 📨 Received WebSocket message: {"jsonrpc":"2.0","method":"eth_subscription","params":{"subscription":"0xb60af543a4ead1cf1df939ac89b7e704","result":"0x3b9bbc058c8e054f73a69f49c778b51d316ac0fae3caf03a5cb33f88f619825c"}}
[2m2025-12-10T12:17:41.713350Z[0m [34mDEBUG[0m [2methereum_transaction_pool_monitor::eth_client[0m[2m:[0m 📨 Received pending transaction: 0x3b9bbc058c8e054f73a69f49c778b51d316ac0fae3caf03a5cb33f88f619825c
[2m2025-12-10T12:17:41.738917Z[0m [34mDEBUG[0m [2mhyper::proto::h1::io[0m[2m:[0m parsed 4 headers
[2m2025-12-10T12:17:41.739835Z[0m [34mDEBUG[0m [2mhyper::proto::h1::conn[0m[2m:[0m incoming body is content-length (722 bytes)
[2m2025-12-10T12:17:41.739891Z[0m [34mDEBUG[0m [2mhyper::proto::h1::conn[0m[2m:[0m incoming body completed
[2m2025-12-10T12:17:41.739963Z[0m [34mDEBUG[0m [2mhyper::client::pool[0m[2m:[0m pooling idle connection for ("http", 192.168.0.14:8545)
[2m2025-12-10T12:17:41.740001Z[0m [34mDEBUG[0m [2methereum_transaction_pool_monitor::eth_client[0m[2m:[0m 📡 Transaction fetch RPC completed in 36.968792ms
[2m2025-12-10T12:17:41.739837Z[0m [34mDEBUG[0m [2mhyper::proto::h1::io[0m[2m:[0m parsed 4 headers
[2m2025-12-10T12:17:41.741106Z[0m [34mDEBUG[0m [2mhyper::proto::h1::conn[0m[2m:[0m incoming body is content-length (45 bytes)
[2m2025-12-10T12:17:41.741131Z[0m [34mDEBUG[0m [2mhyper::proto::h1::conn[0m[2m:[0m incoming body completed
[2m2025-12-10T12:17:41.741189Z[0m [34mDEBUG[0m [2mhyper::client::pool[0m[2m:[0m pooling idle connection for ("http", 192.168.0.14:8545)
[2m2025-12-10T12:17:41.744201Z[0m [34mDEBUG[0m [2mhyper::client::pool[0m[2m:[0m reuse idle connection for ("http", 192.168.0.14:8545)
[2m2025-12-10T12:17:41.748636Z[0m [34mDEBUG[0m [2mhyper::proto::h1::io[0m[2m:[0m flushed 172 bytes
[2m2025-12-10T12:17:41.771409Z[0m [34mDEBUG[0m [2methereum_transaction_pool_monitor::eth_client[0m[2m:[0m 📨 Received WebSocket message: {"jsonrpc":"2.0","method":"eth_subscription","params":{"subscription":"0xb60af543a4ead1cf1df939ac89b7e704","result":"0x630a3d818665c885f1d524ad31fd5a31df583b96ffdc158272513b86cf539552"}}
[2m2025-12-10T12:17:41.771509Z[0m [34mDEBUG[0m [2methereum_transaction_pool_monitor::eth_client[0m[2m:[0m 📨 Received pending transaction: 0x630a3d818665c885f1d524ad31fd5a31df583b96ffdc158272513b86cf539552
[2m2025-12-10T12:17:41.777426Z[0m [34mDEBUG[0m [2mhyper::proto::h1::io[0m[2m:[0m parsed 4 headers
[2m2025-12-10T12:17:41.778103Z[0m [34mDEBUG[0m [2mhyper::proto::h1::conn[0m[2m:[0m incoming body is content-length (45 bytes)
[2m2025-12-10T12:17:41.778140Z[0m [34mDEBUG[0m [2mhyper::proto::h1::conn[0m[2m:[0m incoming body completed
[2m2025-12-10T12:17:41.778237Z[0m [34mDEBUG[0m [2mhyper::client::pool[0m[2m:[0m pooling idle connection for ("http", 192.168.0.14:8545)
[2m2025-12-10T12:17:41.778508Z[0m [34mDEBUG[0m [2mhyper::client::pool[0m[2m:[0m reuse idle connection for ("http", 192.168.0.14:8545)
[2m2025-12-10T12:17:41.778707Z[0m [34mDEBUG[0m [2mhyper::proto::h1::io[0m[2m:[0m flushed 172 bytes
[2m2025-12-10T12:17:41.799117Z[0m [34mDEBUG[0m [2mhyper::proto::h1::io[0m[2m:[0m parsed 4 headers
[2m2025-12-10T12:17:41.799183Z[0m [34mDEBUG[0m [2mhyper::proto::h1::conn[0m[2m:[0m incoming body is content-length (45 bytes)
[2m2025-12-10T12:17:41.799231Z[0m [34mDEBUG[0m [2mhyper::proto::h1::conn[0m[2m:[0m incoming body completed
[2m2025-12-10T12:17:41.799382Z[0m [34mDEBUG[0m [2mhyper::client::pool[0m[2m:[0m pooling idle connection for ("http", 192.168.0.14:8545)
[2m2025-12-10T12:17:41.799556Z[0m [34mDEBUG[0m [2mhyper::client::pool[0m[2m:[0m reuse idle connection for ("http", 192.168.0.14:8545)
[2m2025-12-10T12:17:41.799647Z[0m [34mDEBUG[0m [2mhyper::proto::h1::io[0m[2m:[0m flushed 172 bytes
[2m2025-12-10T12:17:41.803324Z[0m [34mDEBUG[0m [2methereum_transaction_pool_monitor::eth_client[0m[2m:[0m 📨 Received WebSocket message: {"jsonrpc":"2.0","method":"eth_subscription","params":{"subscription":"0xb60af543a4ead1cf1df939ac89b7e704","result":"0xa3b3d4b217fa6c8b27d4b79c5b36ea70745e873b320053c1d230b585a3094088"}}
[2m2025-12-10T12:17:41.803391Z[0m [34mDEBUG[0m [2methereum_transaction_pool_monitor::eth_client[0m[2m:[0m 📨 Received pending transaction: 0xa3b3d4b217fa6c8b27d4b79c5b36ea70745e873b320053c1d230b585a3094088
[2m2025-12-10T12:17:41.807115Z[0m [34mDEBUG[0m [2mhyper::proto::h1::io[0m[2m:[0m parsed 4 headers
[2m2025-12-10T12:17:41.807298Z[0m [34mDEBUG[0m [2mhyper::proto::h1::conn[0m[2m:[0m incoming body is content-length (45 bytes)
[2m2025-12-10T12:17:41.807351Z[0m [34mDEBUG[0m [2mhyper::proto::h1::conn[0m[2m:[0m incoming body completed
[2m2025-12-10T12:17:41.807421Z[0m [34mDEBUG[0m [2mhyper::client::pool[0m[2m:[0m pooling idle connection for ("http", 192.168.0.14:8545)
[2m2025-12-10T12:17:41.847746Z[0m [34mDEBUG[0m [2mhyper::client::pool[0m[2m:[0m reuse idle connection for ("http", 192.168.0.14:8545)
[2m2025-12-10T12:17:41.847937Z[0m [34mDEBUG[0m [2mhyper::proto::h1::io[0m[2m:[0m flushed 172 bytes
[2m2025-12-10T12:17:41.868603Z[0m [34mDEBUG[0m [2mhyper::proto::h1::io[0m[2m:[0m parsed 4 headers
[2m2025-12-10T12:17:41.868653Z[0m [34mDEBUG[0m [2mhyper::proto::h1::conn[0m[2m:[0m incoming body is content-length (45 bytes)
[2m2025-12-10T12:17:41.868678Z[0m [34mDEBUG[0m [2mhyper::proto::h1::conn[0m[2m:[0m incoming body completed
[2m2025-12-10T12:17:41.868723Z[0m [34mDEBUG[0m [2mhyper::client::pool[0m[2m:[0m pooling idle connection for ("http", 192.168.0.14:8545)
[2m2025-12-10T12:17:41.947538Z[0m [34mDEBUG[0m [2mhyper::client::pool[0m[2m:[0m reuse idle connection for ("http", 192.168.0.14:8545)
[2m2025-12-10T12:17:41.947789Z[0m [34mDEBUG[0m [2mhyper::proto::h1::io[0m[2m:[0m flushed 172 bytes
[2m2025-12-10T12:17:41.973427Z[0m [34mDEBUG[0m [2methereum_transaction_pool_monitor::eth_client[0m[2m:[0m 📨 Received WebSocket message: {"jsonrpc":"2.0","method":"eth_subscription","params":{"subscription":"0xb60af543a4ead1cf1df939ac89b7e704","result":"0xd728331eb505b00c072d222a432ac0e22c4334703fefd1a455ce1c2b60b124ed"}}
[2m2025-12-10T12:17:41.973555Z[0m [34mDEBUG[0m [2methereum_transaction_pool_monitor::eth_client[0m[2m:[0m 📨 Received pending transaction: 0xd728331eb505b00c072d222a432ac0e22c4334703fefd1a455ce1c2b60b124ed
[2m2025-12-10T12:17:41.975091Z[0m [34mDEBUG[0m [2mhyper::proto::h1::io[0m[2m:[0m parsed 4 headers
[2m2025-12-10T12:17:41.975160Z[0m [34mDEBUG[0m [2mhyper::proto::h1::conn[0m[2m:[0m incoming body is content-length (45 bytes)
[2m2025-12-10T12:17:41.975229Z[0m [34mDEBUG[0m [2mhyper::proto::h1::conn[0m[2m:[0m incoming body completed
[2m2025-12-10T12:17:41.975380Z[0m [34mDEBUG[0m [2mhyper::client::pool[0m[2m:[0m pooling idle connection for ("http", 192.168.0.14:8545)
[2m2025-12-10T12:17:41.978993Z[0m [34mDEBUG[0m [2methereum_transaction_pool_monitor::eth_client[0m[2m:[0m 📨 Received WebSocket message: {"jsonrpc":"2.0","method":"eth_subscription","params":{"subscription":"0xb60af543a4ead1cf1df939ac89b7e704","result":"0x4188245039e990f3fff4479fa4204726fe930e39e961496cfe7d948758af1651"}}
[2m2025-12-10T12:17:41.979032Z[0m [34mDEBUG[0m [2methereum_transaction_pool_monitor::eth_client[0m[2m:[0m 📨 Received pending transaction: 0x4188245039e990f3fff4479fa4204726fe930e39e961496cfe7d948758af1651
[2m2025-12-10T12:17:41.981818Z[0m [34mDEBUG[0m [2methereum_transaction_pool_monitor::eth_client[0m[2m:[0m ✅ Transaction 0x987c74b0ed4faff9c961f98ad774986a70e3c92c97300a226552747d1a2d2d1c fetched and parsed in 278.784167ms
[2m2025-12-10T12:17:41.981868Z[0m [34mDEBUG[0m [2methereum_transaction_pool_monitor::mempool_monitor[0m[2m:[0m 🔍 Skipping tx 0x987c74b0ed4faff9c961f98ad774986a70e3c92c97300a226552747d1a2d2d1c - not a DEX interaction (target: 0x7264C3613C6160187399A4065FB683bd0710bD81)
[2m2025-12-10T12:17:41.981934Z[0m [34mDEBUG[0m [2methereum_transaction_pool_monitor::mempool_monitor[0m[2m:[0m 📨 Processing new pending transaction: 0xb5a9276fc55c02852f1591a6716be8077ae5c6353405b1664008ca50504893f2
[2m2025-12-10T12:17:41.981946Z[0m [34mDEBUG[0m [2methereum_transaction_pool_monitor::mempool_monitor[0m[2m:[0m 🔍 Fetching transaction details for: 0xb5a9276fc55c02852f1591a6716be8077ae5c6353405b1664008ca50504893f2
[2m2025-12-10T12:17:41.981955Z[0m [34mDEBUG[0m [2methereum_transaction_pool_monitor::eth_client[0m[2m:[0m 🔍 Fetching transaction details for hash: 0xb5a9276fc55c02852f1591a6716be8077ae5c6353405b1664008ca50504893f2
[2m2025-12-10T12:17:41.982055Z[0m [34mDEBUG[0m [2mhyper::client::pool[0m[2m:[0m reuse idle connection for ("http", 192.168.0.14:8545)
[2m2025-12-10T12:17:41.982151Z[0m [34mDEBUG[0m [2mhyper::proto::h1::io[0m[2m:[0m flushed 250 bytes
[2m2025-12-10T12:17:42.021888Z[0m [34mDEBUG[0m [2mhyper::proto::h1::io[0m[2m:[0m parsed 4 headers
[2m2025-12-10T12:17:42.021928Z[0m [34mDEBUG[0m [2mhyper::proto::h1::conn[0m[2m:[0m incoming body is content-length (841 bytes)
[2m2025-12-10T12:17:42.021951Z[0m [34mDEBUG[0m [2mhyper::proto::h1::conn[0m[2m:[0m incoming body completed
[2m2025-12-10T12:17:42.021998Z[0m [34mDEBUG[0m [2mhyper::client::pool[0m[2m:[0m pooling idle connection for ("http", 192.168.0.14:8545)
[2m2025-12-10T12:17:42.022019Z[0m [34mDEBUG[0m [2methereum_transaction_pool_monitor::eth_client[0m[2m:[0m 📡 Transaction fetch RPC completed in 40.054625ms
[2m2025-12-10T12:17:42.226089Z[0m [34mDEBUG[0m [2methereum_transaction_pool_monitor::eth_client[0m[2m:[0m ✅ Transaction 0xb5a9276fc55c02852f1591a6716be8077ae5c6353405b1664008ca50504893f2 fetched and parsed in 244.114375ms
[2m2025-12-10T12:17:42.226211Z[0m [34mDEBUG[0m [2methereum_transaction_pool_monitor::mempool_monitor[0m[2m:[0m 🔍 Skipping tx 0xb5a9276fc55c02852f1591a6716be8077ae5c6353405b1664008ca50504893f2 - not a DEX interaction (target: 0xA0b86991c6218b36c1d19D4a2e9Eb0cE3606eB48)
[2m2025-12-10T12:17:42.226286Z[0m [34mDEBUG[0m [2methereum_transaction_pool_monitor::mempool_monitor[0m[2m:[0m 📨 Processing new pending transaction: 0xd320557bf6d553aaa52e26c67b4adacec55606c92d5342aa7ca228eb58521aa1
[2m2025-12-10T12:17:42.226298Z[0m [34mDEBUG[0m [2methereum_transaction_pool_monitor::mempool_monitor[0m[2m:[0m 🔍 Fetching transaction details for: 0xd320557bf6d553aaa52e26c67b4adacec55606c92d5342aa7ca228eb58521aa1
[2m2025-12-10T12:17:42.226308Z[0m [34mDEBUG[0m [2methereum_transaction_pool_monitor::eth_client[0m[2m:[0m 🔍 Fetching transaction details for hash: 0xd320557bf6d553aaa52e26c67b4adacec55606c92d5342aa7ca228eb58521aa1
[2m2025-12-10T12:17:42.226421Z[0m [34mDEBUG[0m [2mhyper::client::pool[0m[2m:[0m reuse idle connection for ("http", 192.168.0.14:8545)
[2m2025-12-10T12:17:42.226533Z[0m [34mDEBUG[0m [2mhyper::proto::h1::io[0m[2m:[0m flushed 250 bytes
[2m2025-12-10T12:17:42.226643Z[0m [34mDEBUG[0m [2mhyper::client::pool[0m[2m:[0m reuse idle connection for ("http", 192.168.0.14:8545)
[2m2025-12-10T12:17:42.226683Z[0m [34mDEBUG[0m [2mhyper::proto::h1::io[0m[2m:[0m flushed 172 bytes
[2m2025-12-10T12:17:42.393211Z[0m [34mDEBUG[0m [2methereum_transaction_pool_monitor::eth_client[0m[2m:[0m 📨 Received WebSocket message: {"jsonrpc":"2.0","method":"eth_subscription","params":{"subscription":"0xb60af543a4ead1cf1df939ac89b7e704","result":"0xa28c866001be7d0d31e34b6752419a367e14099dc6603cac6866cf516ed6d493"}}
[2m2025-12-10T12:17:42.393291Z[0m [34mDEBUG[0m [2methereum_transaction_pool_monitor::eth_client[0m[2m:[0m 📨 Received pending transaction: 0xa28c866001be7d0d31e34b6752419a367e14099dc6603cac6866cf516ed6d493
[2m2025-12-10T12:17:42.393378Z[0m [34mDEBUG[0m [2mhyper::proto::h1::io[0m[2m:[0m parsed 4 headers
[2m2025-12-10T12:17:42.393390Z[0m [34mDEBUG[0m [2mhyper::proto::h1::conn[0m[2m:[0m incoming body is content-length (722 bytes)
[2m2025-12-10T12:17:42.393417Z[0m [34mDEBUG[0m [2mhyper::proto::h1::conn[0m[2m:[0m incoming body completed
[2m2025-12-10T12:17:42.393470Z[0m [34mDEBUG[0m [2mhyper::client::pool[0m[2m:[0m pooling idle connection for ("http", 192.168.0.14:8545)
[2m2025-12-10T12:17:42.393494Z[0m [34mDEBUG[0m [2methereum_transaction_pool_monitor::eth_client[0m[2m:[0m 📡 Transaction fetch RPC completed in 167.177791ms
[2m2025-12-10T12:17:42.397020Z[0m [34mDEBUG[0m [2mhyper::proto::h1::io[0m[2m:[0m parsed 4 headers
[2m2025-12-10T12:17:42.397072Z[0m [34mDEBUG[0m [2mhyper::proto::h1::conn[0m[2m:[0m incoming body is content-length (45 bytes)
[2m2025-12-10T12:17:42.397099Z[0m [34mDEBUG[0m [2mhyper::proto::h1::conn[0m[2m:[0m incoming body completed
[2m2025-12-10T12:17:42.397152Z[0m [34mDEBUG[0m [2mhyper::client::pool[0m[2m:[0m pooling idle connection for ("http", 192.168.0.14:8545)
[2m2025-12-10T12:17:42.397927Z[0m [34mDEBUG[0m [2mhyper::client::pool[0m[2m:[0m reuse idle connection for ("http", 192.168.0.14:8545)
[2m2025-12-10T12:17:42.398039Z[0m [34mDEBUG[0m [2mhyper::proto::h1::io[0m[2m:[0m flushed 172 bytes
[2m2025-12-10T12:17:42.420326Z[0m [34mDEBUG[0m [2mhyper::proto::h1::io[0m[2m:[0m parsed 4 headers
[2m2025-12-10T12:17:42.420371Z[0m [34mDEBUG[0m [2mhyper::proto::h1::conn[0m[2m:[0m incoming body is content-length (45 bytes)
[2m2025-12-10T12:17:42.420399Z[0m [34mDEBUG[0m [2mhyper::proto::h1::conn[0m[2m:[0m incoming body completed
[2m2025-12-10T12:17:42.420455Z[0m [34mDEBUG[0m [2mhyper::client::pool[0m[2m:[0m pooling idle connection for ("http", 192.168.0.14:8545)
[2m2025-12-10T12:17:42.420585Z[0m [34mDEBUG[0m [2mhyper::client::pool[0m[2m:[0m reuse idle connection for ("http", 192.168.0.14:8545)
[2m2025-12-10T12:17:42.420649Z[0m [34mDEBUG[0m [2mhyper::proto::h1::io[0m[2m:[0m flushed 172 bytes
[2m2025-12-10T12:17:42.449131Z[0m [34mDEBUG[0m [2mhyper::proto::h1::io[0m[2m:[0m parsed 4 headers
[2m2025-12-10T12:17:42.452244Z[0m [34mDEBUG[0m [2mhyper::proto::h1::conn[0m[2m:[0m incoming body is content-length (45 bytes)
[2m2025-12-10T12:17:42.452274Z[0m [34mDEBUG[0m [2mhyper::proto::h1::conn[0m[2m:[0m incoming body completed
[2m2025-12-10T12:17:42.452329Z[0m [34mDEBUG[0m [2mhyper::client::pool[0m[2m:[0m pooling idle connection for ("http", 192.168.0.14:8545)
[2m2025-12-10T12:17:42.452452Z[0m [34mDEBUG[0m [2mhyper::client::pool[0m[2m:[0m reuse idle connection for ("http", 192.168.0.14:8545)
[2m2025-12-10T12:17:42.452525Z[0m [34mDEBUG[0m [2mhyper::proto::h1::io[0m[2m:[0m flushed 172 bytes
[2m2025-12-10T12:17:42.463991Z[0m [34mDEBUG[0m [2mhyper::proto::h1::io[0m[2m:[0m parsed 4 headers
[2m2025-12-10T12:17:42.464040Z[0m [34mDEBUG[0m [2mhyper::proto::h1::conn[0m[2m:[0m incoming body is content-length (45 bytes)
[2m2025-12-10T12:17:42.464086Z[0m [34mDEBUG[0m [2mhyper::proto::h1::conn[0m[2m:[0m incoming body completed
[2m2025-12-10T12:17:42.464201Z[0m [34mDEBUG[0m [2mhyper::client::pool[0m[2m:[0m pooling idle connection for ("http", 192.168.0.14:8545)
[2m2025-12-10T12:17:42.464445Z[0m [34mDEBUG[0m [2mhyper::client::pool[0m[2m:[0m reuse idle connection for ("http", 192.168.0.14:8545)
[2m2025-12-10T12:17:42.464598Z[0m [34mDEBUG[0m [2mhyper::proto::h1::io[0m[2m:[0m flushed 172 bytes
[2m2025-12-10T12:17:42.474984Z[0m [34mDEBUG[0m [2methereum_transaction_pool_monitor::eth_client[0m[2m:[0m 📨 Received WebSocket message: {"jsonrpc":"2.0","method":"eth_subscription","params":{"subscription":"0xb60af543a4ead1cf1df939ac89b7e704","result":"0xcf110614689e1ec44d4048d51304a7072947db0144bbfe78a03bf9f7c6ad42c9"}}
[2m2025-12-10T12:17:42.475016Z[0m [34mDEBUG[0m [2mhyper::proto::h1::io[0m[2m:[0m parsed 4 headers
[2m2025-12-10T12:17:42.475032Z[0m [34mDEBUG[0m [2mhyper::proto::h1::conn[0m[2m:[0m incoming body is content-length (45 bytes)
[2m2025-12-10T12:17:42.475038Z[0m [34mDEBUG[0m [2methereum_transaction_pool_monitor::eth_client[0m[2m:[0m 📨 Received pending transaction: 0xcf110614689e1ec44d4048d51304a7072947db0144bbfe78a03bf9f7c6ad42c9
[2m2025-12-10T12:17:42.475056Z[0m [34mDEBUG[0m [2mhyper::proto::h1::conn[0m[2m:[0m incoming body completed
[2m2025-12-10T12:17:42.475103Z[0m [34mDEBUG[0m [2mhyper::client::pool[0m[2m:[0m pooling idle connection for ("http", 192.168.0.14:8545)
[2m2025-12-10T12:17:42.547741Z[0m [34mDEBUG[0m [2mhyper::client::pool[0m[2m:[0m reuse idle connection for ("http", 192.168.0.14:8545)
[2m2025-12-10T12:17:42.547912Z[0m [34mDEBUG[0m [2mhyper::proto::h1::io[0m[2m:[0m flushed 172 bytes
[2m2025-12-10T12:17:42.558176Z[0m [34mDEBUG[0m [2methereum_transaction_pool_monitor::eth_client[0m[2m:[0m 📨 Received WebSocket message: {"jsonrpc":"2.0","method":"eth_subscription","params":{"subscription":"0xb60af543a4ead1cf1df939ac89b7e704","result":"0xeca385a7c4dcf6fbadf2ec98e6afc36862fb0cc5d9e6f94eaef0aa85b48a3d99"}}
[2m2025-12-10T12:17:42.558245Z[0m [34mDEBUG[0m [2methereum_transaction_pool_monitor::eth_client[0m[2m:[0m 📨 Received pending transaction: 0xeca385a7c4dcf6fbadf2ec98e6afc36862fb0cc5d9e6f94eaef0aa85b48a3d99
[2m2025-12-10T12:17:42.597630Z[0m [34mDEBUG[0m [2mhyper::proto::h1::io[0m[2m:[0m parsed 4 headers
[2m2025-12-10T12:17:42.597775Z[0m [34mDEBUG[0m [2mhyper::proto::h1::conn[0m[2m:[0m incoming body is content-length (45 bytes)
[2m2025-12-10T12:17:42.597834Z[0m [34mDEBUG[0m [2mhyper::proto::h1::conn[0m[2m:[0m incoming body completed
[2m2025-12-10T12:17:42.597929Z[0m [34mDEBUG[0m [2mhyper::client::pool[0m[2m:[0m pooling idle connection for ("http", 192.168.0.14:8545)
[2m2025-12-10T12:17:42.615273Z[0m [34mDEBUG[0m [2methereum_transaction_pool_monitor::eth_client[0m[2m:[0m ✅ Transaction 0xd320557bf6d553aaa52e26c67b4adacec55606c92d5342aa7ca228eb58521aa1 fetched and parsed in 388.951625ms
[2m2025-12-10T12:17:42.615331Z[0m [34mDEBUG[0m [2methereum_transaction_pool_monitor::mempool_monitor[0m[2m:[0m 🔍 Skipping tx 0xd320557bf6d553aaa52e26c67b4adacec55606c92d5342aa7ca228eb58521aa1 - not a DEX interaction (target: 0x2F9438B05A311943fB78817d71Edb3df7BD7D6dE)
[2m2025-12-10T12:17:42.615397Z[0m [34mDEBUG[0m [2methereum_transaction_pool_monitor::mempool_monitor[0m[2m:[0m 📨 Processing new pending transaction: 0x2db1fa506d0715e7a67d1cff8d4607edb302fdec153e5a57d3bb797ef8545242
[2m2025-12-10T12:17:42.615409Z[0m [34mDEBUG[0m [2methereum_transaction_pool_monitor::mempool_monitor[0m[2m:[0m 🔍 Fetching transaction details for: 0x2db1fa506d0715e7a67d1cff8d4607edb302fdec153e5a57d3bb797ef8545242
[2m2025-12-10T12:17:42.615419Z[0m [34mDEBUG[0m [2methereum_transaction_pool_monitor::eth_client[0m[2m:[0m 🔍 Fetching transaction details for hash: 0x2db1fa506d0715e7a67d1cff8d4607edb302fdec153e5a57d3bb797ef8545242
[2m2025-12-10T12:17:42.615519Z[0m [34mDEBUG[0m [2mhyper::client::pool[0m[2m:[0m reuse idle connection for ("http", 192.168.0.14:8545)
[2m2025-12-10T12:17:42.615601Z[0m [34mDEBUG[0m [2mhyper::proto::h1::io[0m[2m:[0m flushed 250 bytes
[2m2025-12-10T12:17:42.647733Z[0m [34mDEBUG[0m [2mhyper::client::pool[0m[2m:[0m reuse idle connection for ("http", 192.168.0.14:8545)
[2m2025-12-10T12:17:42.647872Z[0m [34mDEBUG[0m [2mhyper::proto::h1::io[0m[2m:[0m flushed 172 bytes
[2m2025-12-10T12:17:42.669680Z[0m [34mDEBUG[0m [2mhyper::proto::h1::io[0m[2m:[0m parsed 4 headers
[2m2025-12-10T12:17:42.669730Z[0m [34mDEBUG[0m [2mhyper::proto::h1::conn[0m[2m:[0m incoming body is content-length (842 bytes)
[2m2025-12-10T12:17:42.669758Z[0m [34mDEBUG[0m [2mhyper::proto::h1::conn[0m[2m:[0m incoming body completed
[2m2025-12-10T12:17:42.669811Z[0m [34mDEBUG[0m [2mhyper::client::pool[0m[2m:[0m pooling idle connection for ("http", 192.168.0.14:8545)
[2m2025-12-10T12:17:42.669838Z[0m [34mDEBUG[0m [2methereum_transaction_pool_monitor::eth_client[0m[2m:[0m 📡 Transaction fetch RPC completed in 54.408792ms
[2m2025-12-10T12:17:42.911302Z[0m [34mDEBUG[0m [2methereum_transaction_pool_monitor::eth_client[0m[2m:[0m ✅ Transaction 0x2db1fa506d0715e7a67d1cff8d4607edb302fdec153e5a57d3bb797ef8545242 fetched and parsed in 295.864375ms
[2m2025-12-10T12:17:42.911383Z[0m [34mDEBUG[0m [2methereum_transaction_pool_monitor::mempool_monitor[0m[2m:[0m 🔍 Skipping tx 0x2db1fa506d0715e7a67d1cff8d4607edb302fdec153e5a57d3bb797ef8545242 - not a DEX interaction (target: 0xA0b86991c6218b36c1d19D4a2e9Eb0cE3606eB48)
[2m2025-12-10T12:17:42.911453Z[0m [34mDEBUG[0m [2methereum_transaction_pool_monitor::mempool_monitor[0m[2m:[0m 📨 Processing new pending transaction: 0xc20f415c03803645628abbe7c4c002d2e685106e00d2b0a08828ed0b417ca290
[2m2025-12-10T12:17:42.911466Z[0m [34mDEBUG[0m [2methereum_transaction_pool_monitor::mempool_monitor[0m[2m:[0m 🔍 Fetching transaction details for: 0xc20f415c03803645628abbe7c4c002d2e685106e00d2b0a08828ed0b417ca290
[2m2025-12-10T12:17:42.911478Z[0m [34mDEBUG[0m [2methereum_transaction_pool_monitor::eth_client[0m[2m:[0m 🔍 Fetching transaction details for hash: 0xc20f415c03803645628abbe7c4c002d2e685106e00d2b0a08828ed0b417ca290
[2m2025-12-10T12:17:42.911587Z[0m [34mDEBUG[0m [2mhyper::client::pool[0m[2m:[0m reuse idle connection for ("http", 192.168.0.14:8545)
[2m2025-12-10T12:17:42.911688Z[0m [34mDEBUG[0m [2mhyper::proto::h1::io[0m[2m:[0m flushed 250 bytes
[2m2025-12-10T12:17:42.911758Z[0m [34mDEBUG[0m [2mhyper::proto::h1::io[0m[2m:[0m parsed 4 headers
[2m2025-12-10T12:17:42.911767Z[0m [34mDEBUG[0m [2mhyper::proto::h1::conn[0m[2m:[0m incoming body is content-length (45 bytes)
[2m2025-12-10T12:17:42.911767Z[0m [34mDEBUG[0m [2methereum_transaction_pool_monitor::eth_client[0m[2m:[0m 📨 Received WebSocket message: {"jsonrpc":"2.0","method":"eth_subscription","params":{"subscription":"0xb60af543a4ead1cf1df939ac89b7e704","result":"0xb1fbcc79b99d962d57febfb857f629c2434ab34a083bab27b95c0105c2b7bd44"}}
[2m2025-12-10T12:17:42.911786Z[0m [34mDEBUG[0m [2mhyper::proto::h1::conn[0m[2m:[0m incoming body completed
[2m2025-12-10T12:17:42.911807Z[0m [34mDEBUG[0m [2methereum_transaction_pool_monitor::eth_client[0m[2m:[0m 📨 Received pending transaction: 0xb1fbcc79b99d962d57febfb857f629c2434ab34a083bab27b95c0105c2b7bd44
[2m2025-12-10T12:17:42.911832Z[0m [34mDEBUG[0m [2mhyper::client::pool[0m[2m:[0m pooling idle connection for ("http", 192.168.0.14:8545)
[2m2025-12-10T12:17:42.911903Z[0m [34mDEBUG[0m [2mhyper::client::pool[0m[2m:[0m reuse idle connection for ("http", 192.168.0.14:8545)
[2m2025-12-10T12:17:42.911943Z[0m [34mDEBUG[0m [2mhyper::proto::h1::io[0m[2m:[0m flushed 172 bytes
[2m2025-12-10T12:17:43.102976Z[0m [34mDEBUG[0m [2methereum_transaction_pool_monitor::eth_client[0m[2m:[0m 📨 Received WebSocket message: {"jsonrpc":"2.0","method":"eth_subscription","params":{"subscription":"0xb60af543a4ead1cf1df939ac89b7e704","result":"0x7baab3b20e42384d70674c44a3dc87a84a851e12bb2b8052511bc7a6235ff113"}}
[2m2025-12-10T12:17:43.103134Z[0m [34mDEBUG[0m [2methereum_transaction_pool_monitor::eth_client[0m[2m:[0m 📨 Received pending transaction: 0x7baab3b20e42384d70674c44a3dc87a84a851e12bb2b8052511bc7a6235ff113
[2m2025-12-10T12:17:43.103191Z[0m [34mDEBUG[0m [2methereum_transaction_pool_monitor::eth_client[0m[2m:[0m 📨 Received WebSocket message: {"jsonrpc":"2.0","method":"eth_subscription","params":{"subscription":"0xb60af543a4ead1cf1df939ac89b7e704","result":"0xea34f0153ccf285a4ec2b5b417414c29803ed144624b9407daefbe46ca7fd878"}}
[2m2025-12-10T12:17:43.103251Z[0m [34mDEBUG[0m [2methereum_transaction_pool_monitor::eth_client[0m[2m:[0m 📨 Received pending transaction: 0xea34f0153ccf285a4ec2b5b417414c29803ed144624b9407daefbe46ca7fd878
[2m2025-12-10T12:17:43.103290Z[0m [34mDEBUG[0m [2methereum_transaction_pool_monitor::eth_client[0m[2m:[0m 📨 Received WebSocket message: {"jsonrpc":"2.0","method":"eth_subscription","params":{"subscription":"0xb60af543a4ead1cf1df939ac89b7e704","result":"0x35249bb8d4417d06813f9351ff7966a90f4796081b72dc34c5b1e8dca71e7aab"}}
[2m2025-12-10T12:17:43.103343Z[0m [34mDEBUG[0m [2methereum_transaction_pool_monitor::eth_client[0m[2m:[0m 📨 Received pending transaction: 0x35249bb8d4417d06813f9351ff7966a90f4796081b72dc34c5b1e8dca71e7aab
[2m2025-12-10T12:17:43.106308Z[0m [34mDEBUG[0m [2mhyper::proto::h1::io[0m[2m:[0m parsed 4 headers
[2m2025-12-10T12:17:43.106382Z[0m [34mDEBUG[0m [2mhyper::proto::h1::conn[0m[2m:[0m incoming body is content-length (45 bytes)
[2m2025-12-10T12:17:43.106437Z[0m [34mDEBUG[0m [2mhyper::proto::h1::conn[0m[2m:[0m incoming body completed
[2m2025-12-10T12:17:43.106550Z[0m [34mDEBUG[0m [2mhyper::client::pool[0m[2m:[0m pooling idle connection for ("http", 192.168.0.14:8545)
[2m2025-12-10T12:17:43.106848Z[0m [34mDEBUG[0m [2mhyper::client::pool[0m[2m:[0m reuse idle connection for ("http", 192.168.0.14:8545)
[2m2025-12-10T12:17:43.107068Z[0m [34mDEBUG[0m [2mhyper::proto::h1::io[0m[2m:[0m flushed 172 bytes
[2m2025-12-10T12:17:43.107737Z[0m [34mDEBUG[0m [2mhyper::proto::h1::io[0m[2m:[0m parsed 4 headers
[2m2025-12-10T12:17:43.107817Z[0m [34mDEBUG[0m [2mhyper::proto::h1::conn[0m[2m:[0m incoming body is content-length (1234 bytes)
[2m2025-12-10T12:17:43.107872Z[0m [34mDEBUG[0m [2mhyper::proto::h1::conn[0m[2m:[0m incoming body completed
[2m2025-12-10T12:17:43.107969Z[0m [34mDEBUG[0m [2mhyper::client::pool[0m[2m:[0m pooling idle connection for ("http", 192.168.0.14:8545)
[2m2025-12-10T12:17:43.108016Z[0m [34mDEBUG[0m [2methereum_transaction_pool_monitor::eth_client[0m[2m:[0m 📡 Transaction fetch RPC completed in 196.525625ms
[2m2025-12-10T12:17:43.327182Z[0m [34mDEBUG[0m [2methereum_transaction_pool_monitor::eth_client[0m[2m:[0m ✅ Transaction 0xc20f415c03803645628abbe7c4c002d2e685106e00d2b0a08828ed0b417ca290 fetched and parsed in 415.685125ms
[2m2025-12-10T12:17:43.327273Z[0m [34mDEBUG[0m [2methereum_transaction_pool_monitor::mempool_monitor[0m[2m:[0m 🔍 Skipping tx 0xc20f415c03803645628abbe7c4c002d2e685106e00d2b0a08828ed0b417ca290 - not a DEX interaction (target: 0xEff6cb8b614999d130E537751Ee99724D01aA167)
[2m2025-12-10T12:17:43.327362Z[0m [34mDEBUG[0m [2methereum_transaction_pool_monitor::mempool_monitor[0m[2m:[0m 📨 Processing new pending transaction: 0x4836dfa152f1a54d0e2fe3750a306d95b86fb92c82b39b767e959de7b4950b8b
[2m2025-12-10T12:17:43.327379Z[0m [34mDEBUG[0m [2methereum_transaction_pool_monitor::mempool_monitor[0m[2m:[0m 🔍 Fetching transaction details for: 0x4836dfa152f1a54d0e2fe3750a306d95b86fb92c82b39b767e959de7b4950b8b
[2m2025-12-10T12:17:43.327392Z[0m [34mDEBUG[0m [2methereum_transaction_pool_monitor::eth_client[0m[2m:[0m 🔍 Fetching transaction details for hash: 0x4836dfa152f1a54d0e2fe3750a306d95b86fb92c82b39b767e959de7b4950b8b
[2m2025-12-10T12:17:43.327515Z[0m [34mDEBUG[0m [2mhyper::client::pool[0m[2m:[0m reuse idle connection for ("http", 192.168.0.14:8545)
[2m2025-12-10T12:17:43.327596Z[0m [34mDEBUG[0m [2mhyper::proto::h1::io[0m[2m:[0m flushed 250 bytes
[2m2025-12-10T12:17:43.327655Z[0m [34mDEBUG[0m [2methereum_transaction_pool_monitor::eth_client[0m[2m:[0m 📨 Received WebSocket message: {"jsonrpc":"2.0","method":"eth_subscription","params":{"subscription":"0xb60af543a4ead1cf1df939ac89b7e704","result":"0x39e2f0f8838a0cddded4954c51b819a63b21e5b606c5d328d0d0666e4853547d"}}
[2m2025-12-10T12:17:43.327676Z[0m [34mDEBUG[0m [2mhyper::proto::h1::io[0m[2m:[0m parsed 4 headers
[2m2025-12-10T12:17:43.327681Z[0m [34mDEBUG[0m [2methereum_transaction_pool_monitor::eth_client[0m[2m:[0m 📨 Received pending transaction: 0x39e2f0f8838a0cddded4954c51b819a63b21e5b606c5d328d0d0666e4853547d
[2m2025-12-10T12:17:43.327701Z[0m [34mDEBUG[0m [2mhyper::proto::h1::conn[0m[2m:[0m incoming body is content-length (45 bytes)
[2m2025-12-10T12:17:43.327725Z[0m [34mDEBUG[0m [2mhyper::proto::h1::conn[0m[2m:[0m incoming body completed
[2m2025-12-10T12:17:43.327757Z[0m [34mDEBUG[0m [2mhyper::client::pool[0m[2m:[0m pooling idle connection for ("http", 192.168.0.14:8545)
[2m2025-12-10T12:17:43.327830Z[0m [34mDEBUG[0m [2mhyper::client::pool[0m[2m:[0m reuse idle connection for ("http", 192.168.0.14:8545)
[2m2025-12-10T12:17:43.327876Z[0m [34mDEBUG[0m [2mhyper::proto::h1::io[0m[2m:[0m flushed 172 bytes
[2m2025-12-10T12:17:43.351428Z[0m [34mDEBUG[0m [2mhyper::proto::h1::io[0m[2m:[0m parsed 4 headers
[2m2025-12-10T12:17:43.351519Z[0m [34mDEBUG[0m [2mhyper::proto::h1::conn[0m[2m:[0m incoming body is content-length (846 bytes)
[2m2025-12-10T12:17:43.351565Z[0m [34mDEBUG[0m [2mhyper::proto::h1::conn[0m[2m:[0m incoming body completed
[2m2025-12-10T12:17:43.351661Z[0m [34mDEBUG[0m [2mhyper::client::pool[0m[2m:[0m pooling idle connection for ("http", 192.168.0.14:8545)
[2m2025-12-10T12:17:43.351693Z[0m [34mDEBUG[0m [2methereum_transaction_pool_monitor::eth_client[0m[2m:[0m 📡 Transaction fetch RPC completed in 24.2875ms
[2m2025-12-10T12:17:43.555278Z[0m [34mDEBUG[0m [2methereum_transaction_pool_monitor::eth_client[0m[2m:[0m ✅ Transaction 0x4836dfa152f1a54d0e2fe3750a306d95b86fb92c82b39b767e959de7b4950b8b fetched and parsed in 227.862958ms
[2m2025-12-10T12:17:43.555354Z[0m [34mDEBUG[0m [2methereum_transaction_pool_monitor::mempool_monitor[0m[2m:[0m 🔍 Skipping tx 0x4836dfa152f1a54d0e2fe3750a306d95b86fb92c82b39b767e959de7b4950b8b - not a DEX interaction (target: 0xA0b86991c6218b36c1d19D4a2e9Eb0cE3606eB48)
[2m2025-12-10T12:17:43.555495Z[0m [34mDEBUG[0m [2methereum_transaction_pool_monitor::mempool_monitor[0m[2m:[0m 📨 Processing new pending transaction: 0x669bd605a43706b60c37755c727ca1b6d6448e41a286e13925cba022dcb997e0
[2m2025-12-10T12:17:43.555511Z[0m [34mDEBUG[0m [2methereum_transaction_pool_monitor::mempool_monitor[0m[2m:[0m 🔍 Fetching transaction details for: 0x669bd605a43706b60c37755c727ca1b6d6448e41a286e13925cba022dcb997e0
[2m2025-12-10T12:17:43.555522Z[0m [34mDEBUG[0m [2methereum_transaction_pool_monitor::eth_client[0m[2m:[0m 🔍 Fetching transaction details for hash: 0x669bd605a43706b60c37755c727ca1b6d6448e41a286e13925cba022dcb997e0
[2m2025-12-10T12:17:43.555628Z[0m [34mDEBUG[0m [2mhyper::client::pool[0m[2m:[0m reuse idle connection for ("http", 192.168.0.14:8545)
[2m2025-12-10T12:17:43.555708Z[0m [34mDEBUG[0m [2mhyper::proto::h1::io[0m[2m:[0m flushed 250 bytes
[2m2025-12-10T12:17:43.555782Z[0m [34mDEBUG[0m [2methereum_transaction_pool_monitor::eth_client[0m[2m:[0m 📨 Received WebSocket message: {"jsonrpc":"2.0","method":"eth_subscription","params":{"subscription":"0xb60af543a4ead1cf1df939ac89b7e704","result":"0x2b3bf12f97165923d5c2adb248b9c74575b63a03351c45420cde0cf162f16432"}}
[2m2025-12-10T12:17:43.555799Z[0m [34mDEBUG[0m [2mhyper::proto::h1::io[0m[2m:[0m parsed 4 headers
[2m2025-12-10T12:17:43.555807Z[0m [34mDEBUG[0m [2methereum_transaction_pool_monitor::eth_client[0m[2m:[0m 📨 Received pending transaction: 0x2b3bf12f97165923d5c2adb248b9c74575b63a03351c45420cde0cf162f16432
[2m2025-12-10T12:17:43.555814Z[0m [34mDEBUG[0m [2mhyper::proto::h1::conn[0m[2m:[0m incoming body is content-length (45 bytes)
[2m2025-12-10T12:17:43.555834Z[0m [34mDEBUG[0m [2mhyper::proto::h1::conn[0m[2m:[0m incoming body completed
[2m2025-12-10T12:17:43.555866Z[0m [34mDEBUG[0m [2mhyper::client::pool[0m[2m:[0m pooling idle connection for ("http", 192.168.0.14:8545)
[2m2025-12-10T12:17:43.555944Z[0m [34mDEBUG[0m [2mhyper::client::pool[0m[2m:[0m reuse idle connection for ("http", 192.168.0.14:8545)
[2m2025-12-10T12:17:43.555986Z[0m [34mDEBUG[0m [2mhyper::proto::h1::io[0m[2m:[0m flushed 172 bytes
[2m2025-12-10T12:17:43.564058Z[0m [34mDEBUG[0m [2mhyper::proto::h1::io[0m[2m:[0m parsed 4 headers
[2m2025-12-10T12:17:43.564089Z[0m [34mDEBUG[0m [2mhyper::proto::h1::io[0m[2m:[0m parsed 4 headers
[2m2025-12-10T12:17:43.564346Z[0m [34mDEBUG[0m [2mhyper::proto::h1::conn[0m[2m:[0m incoming body is content-length (45 bytes)
[2m2025-12-10T12:17:43.564349Z[0m [34mDEBUG[0m [2mhyper::proto::h1::conn[0m[2m:[0m incoming body is content-length (789 bytes)
[2m2025-12-10T12:17:43.564378Z[0m [34mDEBUG[0m [2mhyper::proto::h1::conn[0m[2m:[0m incoming body completed
[2m2025-12-10T12:17:43.564378Z[0m [34mDEBUG[0m [2mhyper::proto::h1::conn[0m[2m:[0m incoming body completed
[2m2025-12-10T12:17:43.564425Z[0m [34mDEBUG[0m [2mhyper::client::pool[0m[2m:[0m pooling idle connection for ("http", 192.168.0.14:8545)
[2m2025-12-10T12:17:43.564426Z[0m [34mDEBUG[0m [2mhyper::client::pool[0m[2m:[0m pooling idle connection for ("http", 192.168.0.14:8545)
[2m2025-12-10T12:17:43.564447Z[0m [34mDEBUG[0m [2methereum_transaction_pool_monitor::eth_client[0m[2m:[0m 📡 Transaction fetch RPC completed in 8.913166ms
[2m2025-12-10T12:17:43.564547Z[0m [34mDEBUG[0m [2mhyper::client::pool[0m[2m:[0m reuse idle connection for ("http", 192.168.0.14:8545)
[2m2025-12-10T12:17:43.564613Z[0m [34mDEBUG[0m [2mhyper::proto::h1::io[0m[2m:[0m flushed 172 bytes
[2m2025-12-10T12:17:43.574625Z[0m [34mDEBUG[0m [2mhyper::proto::h1::io[0m[2m:[0m parsed 4 headers
[2m2025-12-10T12:17:43.574679Z[0m [34mDEBUG[0m [2mhyper::proto::h1::conn[0m[2m:[0m incoming body is content-length (45 bytes)
[2m2025-12-10T12:17:43.574708Z[0m [34mDEBUG[0m [2mhyper::proto::h1::conn[0m[2m:[0m incoming body completed
[2m2025-12-10T12:17:43.574764Z[0m [34mDEBUG[0m [2mhyper::client::pool[0m[2m:[0m pooling idle connection for ("http", 192.168.0.14:8545)
[2m2025-12-10T12:17:43.574958Z[0m [34mDEBUG[0m [2mhyper::client::pool[0m[2m:[0m reuse idle connection for ("http", 192.168.0.14:8545)
[2m2025-12-10T12:17:43.575079Z[0m [34mDEBUG[0m [2mhyper::proto::h1::io[0m[2m:[0m flushed 172 bytes
[2m2025-12-10T12:17:43.579043Z[0m [34mDEBUG[0m [2mhyper::proto::h1::io[0m[2m:[0m parsed 4 headers
[2m2025-12-10T12:17:43.579077Z[0m [34mDEBUG[0m [2mhyper::proto::h1::conn[0m[2m:[0m incoming body is content-length (45 bytes)
[2m2025-12-10T12:17:43.579099Z[0m [34mDEBUG[0m [2mhyper::proto::h1::conn[0m[2m:[0m incoming body completed
[2m2025-12-10T12:17:43.579139Z[0m [34mDEBUG[0m [2mhyper::client::pool[0m[2m:[0m pooling idle connection for ("http", 192.168.0.14:8545)
[2m2025-12-10T12:17:43.579244Z[0m [34mDEBUG[0m [2mhyper::client::pool[0m[2m:[0m reuse idle connection for ("http", 192.168.0.14:8545)
[2m2025-12-10T12:17:43.579309Z[0m [34mDEBUG[0m [2mhyper::proto::h1::io[0m[2m:[0m flushed 172 bytes
[2m2025-12-10T12:17:43.587121Z[0m [34mDEBUG[0m [2mhyper::proto::h1::io[0m[2m:[0m parsed 4 headers
[2m2025-12-10T12:17:43.587162Z[0m [34mDEBUG[0m [2mhyper::proto::h1::conn[0m[2m:[0m incoming body is content-length (45 bytes)
[2m2025-12-10T12:17:43.587186Z[0m [34mDEBUG[0m [2mhyper::proto::h1::conn[0m[2m:[0m incoming body completed
[2m2025-12-10T12:17:43.587228Z[0m [34mDEBUG[0m [2mhyper::client::pool[0m[2m:[0m pooling idle connection for ("http", 192.168.0.14:8545)
[2m2025-12-10T12:17:43.587341Z[0m [34mDEBUG[0m [2mhyper::client::pool[0m[2m:[0m reuse idle connection for ("http", 192.168.0.14:8545)
[2m2025-12-10T12:17:43.587407Z[0m [34mDEBUG[0m [2mhyper::proto::h1::io[0m[2m:[0m flushed 172 bytes
[2m2025-12-10T12:17:43.589885Z[0m [34mDEBUG[0m [2methereum_transaction_pool_monitor::eth_client[0m[2m:[0m 📨 Received WebSocket message: {"jsonrpc":"2.0","method":"eth_subscription","params":{"subscription":"0xb60af543a4ead1cf1df939ac89b7e704","result":"0xc3054f562e3ec333da61f1614e35ce56b43eaf302e70c722b13b7893b7f1d569"}}
[2m2025-12-10T12:17:43.589941Z[0m [34mDEBUG[0m [2methereum_transaction_pool_monitor::eth_client[0m[2m:[0m 📨 Received pending transaction: 0xc3054f562e3ec333da61f1614e35ce56b43eaf302e70c722b13b7893b7f1d569
[2m2025-12-10T12:17:43.594349Z[0m [34mDEBUG[0m [2mhyper::proto::h1::io[0m[2m:[0m parsed 4 headers
[2m2025-12-10T12:17:43.594371Z[0m [34mDEBUG[0m [2mhyper::proto::h1::conn[0m[2m:[0m incoming body is content-length (45 bytes)
[2m2025-12-10T12:17:43.594395Z[0m [34mDEBUG[0m [2mhyper::proto::h1::conn[0m[2m:[0m incoming body completed
[2m2025-12-10T12:17:43.594440Z[0m [34mDEBUG[0m [2mhyper::client::pool[0m[2m:[0m pooling idle connection for ("http", 192.168.0.14:8545)
[2m2025-12-10T12:17:43.594541Z[0m [34mDEBUG[0m [2mhyper::client::pool[0m[2m:[0m reuse idle connection for ("http", 192.168.0.14:8545)
[2m2025-12-10T12:17:43.594602Z[0m [34mDEBUG[0m [2mhyper::proto::h1::io[0m[2m:[0m flushed 172 bytes
[2m2025-12-10T12:17:43.603196Z[0m [34mDEBUG[0m [2mhyper::proto::h1::io[0m[2m:[0m parsed 4 headers
[2m2025-12-10T12:17:43.603245Z[0m [34mDEBUG[0m [2mhyper::proto::h1::conn[0m[2m:[0m incoming body is content-length (45 bytes)
[2m2025-12-10T12:17:43.603280Z[0m [34mDEBUG[0m [2mhyper::proto::h1::conn[0m[2m:[0m incoming body completed
[2m2025-12-10T12:17:43.603335Z[0m [34mDEBUG[0m [2mhyper::client::pool[0m[2m:[0m pooling idle connection for ("http", 192.168.0.14:8545)
[2m2025-12-10T12:17:43.649486Z[0m [34mDEBUG[0m [2mhyper::client::pool[0m[2m:[0m reuse idle connection for ("http", 192.168.0.14:8545)
[2m2025-12-10T12:17:43.649817Z[0m [34mDEBUG[0m [2mhyper::proto::h1::io[0m[2m:[0m flushed 172 bytes
[2m2025-12-10T12:17:43.659283Z[0m [34mDEBUG[0m [2mhyper::proto::h1::io[0m[2m:[0m parsed 4 headers
[2m2025-12-10T12:17:43.659365Z[0m [34mDEBUG[0m [2mhyper::proto::h1::conn[0m[2m:[0m incoming body is content-length (45 bytes)
[2m2025-12-10T12:17:43.659410Z[0m [34mDEBUG[0m [2mhyper::proto::h1::conn[0m[2m:[0m incoming body completed
[2m2025-12-10T12:17:43.659488Z[0m [34mDEBUG[0m [2mhyper::client::pool[0m[2m:[0m pooling idle connection for ("http", 192.168.0.14:8545)
[2m2025-12-10T12:17:43.718105Z[0m [34mDEBUG[0m [2methereum_transaction_pool_monitor::eth_client[0m[2m:[0m 📨 Received WebSocket message: {"jsonrpc":"2.0","method":"eth_subscription","params":{"subscription":"0xb60af543a4ead1cf1df939ac89b7e704","result":"0xfb8c3223adec3da4e8426c17b07d7585b9ed5361ec38f06bf787b0f9f556e3bb"}}
[2m2025-12-10T12:17:43.718190Z[0m [34mDEBUG[0m [2methereum_transaction_pool_monitor::eth_client[0m[2m:[0m 📨 Received pending transaction: 0xfb8c3223adec3da4e8426c17b07d7585b9ed5361ec38f06bf787b0f9f556e3bb
[2m2025-12-10T12:17:43.748358Z[0m [34mDEBUG[0m [2mhyper::client::pool[0m[2m:[0m reuse idle connection for ("http", 192.168.0.14:8545)
[2m2025-12-10T12:17:43.748500Z[0m [34mDEBUG[0m [2mhyper::proto::h1::io[0m[2m:[0m flushed 172 bytes
[2m2025-12-10T12:17:43.759421Z[0m [34mDEBUG[0m [2mhyper::proto::h1::io[0m[2m:[0m parsed 4 headers
[2m2025-12-10T12:17:43.759482Z[0m [34mDEBUG[0m [2mhyper::proto::h1::conn[0m[2m:[0m incoming body is content-length (45 bytes)
[2m2025-12-10T12:17:43.759512Z[0m [34mDEBUG[0m [2mhyper::proto::h1::conn[0m[2m:[0m incoming body completed
[2m2025-12-10T12:17:43.759566Z[0m [34mDEBUG[0m [2mhyper::client::pool[0m[2m:[0m pooling idle connection for ("http", 192.168.0.14:8545)
[2m2025-12-10T12:17:43.808970Z[0m [34mDEBUG[0m [2methereum_transaction_pool_monitor::eth_client[0m[2m:[0m ✅ Transaction 0x669bd605a43706b60c37755c727ca1b6d6448e41a286e13925cba022dcb997e0 fetched and parsed in 253.429208ms
[2m2025-12-10T12:17:43.809211Z[0m [34mDEBUG[0m [2methereum_transaction_pool_monitor::mempool_monitor[0m[2m:[0m 🔍 Skipping tx 0x669bd605a43706b60c37755c727ca1b6d6448e41a286e13925cba022dcb997e0 - not a DEX interaction (target: 0xe94B2c0313a030958834aBA69254fB6Bc8FE8664)
[2m2025-12-10T12:17:43.809301Z[0m [34mDEBUG[0m [2methereum_transaction_pool_monitor::mempool_monitor[0m[2m:[0m 📨 Processing new pending transaction: 0x30db370bbaf55656060912d382f5a326e23ece8b9317b6ded3fd0d091c7129e1
[2m2025-12-10T12:17:43.809383Z[0m [34mDEBUG[0m [2methereum_transaction_pool_monitor::mempool_monitor[0m[2m:[0m 🔍 Fetching transaction details for: 0x30db370bbaf55656060912d382f5a326e23ece8b9317b6ded3fd0d091c7129e1
[2m2025-12-10T12:17:43.809420Z[0m [34mDEBUG[0m [2methereum_transaction_pool_monitor::eth_client[0m[2m:[0m 🔍 Fetching transaction details for hash: 0x30db370bbaf55656060912d382f5a326e23ece8b9317b6ded3fd0d091c7129e1
[2m2025-12-10T12:17:43.809588Z[0m [34mDEBUG[0m [2mhyper::client::pool[0m[2m:[0m reuse idle connection for ("http", 192.168.0.14:8545)
[2m2025-12-10T12:17:43.809700Z[0m [34mDEBUG[0m [2mhyper::proto::h1::io[0m[2m:[0m flushed 250 bytes
[2m2025-12-10T12:17:43.846912Z[0m [34mDEBUG[0m [2mhyper::client::pool[0m[2m:[0m reuse idle connection for ("http", 192.168.0.14:8545)
[2m2025-12-10T12:17:43.847070Z[0m [34mDEBUG[0m [2mhyper::proto::h1::io[0m[2m:[0m flushed 172 bytes
[2m2025-12-10T12:17:43.869795Z[0m [34mDEBUG[0m [2mhyper::proto::h1::io[0m[2m:[0m parsed 4 headers
[2m2025-12-10T12:17:43.869843Z[0m [34mDEBUG[0m [2mhyper::proto::h1::conn[0m[2m:[0m incoming body is content-length (845 bytes)
[2m2025-12-10T12:17:43.869904Z[0m [34mDEBUG[0m [2mhyper::proto::h1::conn[0m[2m:[0m incoming body completed
[2m2025-12-10T12:17:43.869971Z[0m [34mDEBUG[0m [2mhyper::client::pool[0m[2m:[0m pooling idle connection for ("http", 192.168.0.14:8545)
[2m2025-12-10T12:17:43.869998Z[0m [34mDEBUG[0m [2methereum_transaction_pool_monitor::eth_client[0m[2m:[0m 📡 Transaction fetch RPC completed in 60.539917ms
[2m2025-12-10T12:17:44.082853Z[0m [34mDEBUG[0m [2methereum_transaction_pool_monitor::eth_client[0m[2m:[0m ✅ Transaction 0x30db370bbaf55656060912d382f5a326e23ece8b9317b6ded3fd0d091c7129e1 fetched and parsed in 273.387334ms
[2m2025-12-10T12:17:44.082943Z[0m [34mDEBUG[0m [2methereum_transaction_pool_monitor::mempool_monitor[0m[2m:[0m 🔍 Skipping tx 0x30db370bbaf55656060912d382f5a326e23ece8b9317b6ded3fd0d091c7129e1 - not a DEX interaction (target: 0xB8f28C60dD8240141185a192fa4156A23E189305)
[2m2025-12-10T12:17:44.083021Z[0m [34mDEBUG[0m [2methereum_transaction_pool_monitor::mempool_monitor[0m[2m:[0m 📨 Processing new pending transaction: 0x8e4be510fe396176644a5b25fb48b908d4ebf0ff7c71f474664f26f30f0a57cd
[2m2025-12-10T12:17:44.083044Z[0m [34mDEBUG[0m [2methereum_transaction_pool_monitor::mempool_monitor[0m[2m:[0m 🔍 Fetching transaction details for: 0x8e4be510fe396176644a5b25fb48b908d4ebf0ff7c71f474664f26f30f0a57cd
[2m2025-12-10T12:17:44.083054Z[0m [34mDEBUG[0m [2methereum_transaction_pool_monitor::eth_client[0m[2m:[0m 🔍 Fetching transaction details for hash: 0x8e4be510fe396176644a5b25fb48b908d4ebf0ff7c71f474664f26f30f0a57cd
[2m2025-12-10T12:17:44.083171Z[0m [34mDEBUG[0m [2mhyper::client::pool[0m[2m:[0m reuse idle connection for ("http", 192.168.0.14:8545)
[2m2025-12-10T12:17:44.083269Z[0m [34mDEBUG[0m [2mhyper::proto::h1::io[0m[2m:[0m flushed 250 bytes
[2m2025-12-10T12:17:44.083339Z[0m [34mDEBUG[0m [2methereum_transaction_pool_monitor::eth_client[0m[2m:[0m 📨 Received WebSocket message: {"jsonrpc":"2.0","method":"eth_subscription","params":{"subscription":"0xb60af543a4ead1cf1df939ac89b7e704","result":"0x538413002f57c9c402780583ecc0bdecab32538bcaa0564b11d3d8bcc238e8a1"}}
[2m2025-12-10T12:17:44.083363Z[0m [34mDEBUG[0m [2mhyper::proto::h1::io[0m[2m:[0m parsed 4 headers
[2m2025-12-10T12:17:44.083366Z[0m [34mDEBUG[0m [2methereum_transaction_pool_monitor::eth_client[0m[2m:[0m 📨 Received pending transaction: 0x538413002f57c9c402780583ecc0bdecab32538bcaa0564b11d3d8bcc238e8a1
[2m2025-12-10T12:17:44.083386Z[0m [34mDEBUG[0m [2mhyper::proto::h1::conn[0m[2m:[0m incoming body is content-length (45 bytes)
[2m2025-12-10T12:17:44.083414Z[0m [34mDEBUG[0m [2mhyper::proto::h1::conn[0m[2m:[0m incoming body completed
[2m2025-12-10T12:17:44.083451Z[0m [34mDEBUG[0m [2mhyper::client::pool[0m[2m:[0m pooling idle connection for ("http", 192.168.0.14:8545)
[2m2025-12-10T12:17:44.083547Z[0m [34mDEBUG[0m [2mhyper::client::pool[0m[2m:[0m reuse idle connection for ("http", 192.168.0.14:8545)
[2m2025-12-10T12:17:44.083596Z[0m [34mDEBUG[0m [2mhyper::proto::h1::io[0m[2m:[0m flushed 172 bytes
[2m2025-12-10T12:17:44.099687Z[0m [34mDEBUG[0m [2methereum_transaction_pool_monitor::eth_client[0m[2m:[0m 📨 Received WebSocket message: {"jsonrpc":"2.0","method":"eth_subscription","params":{"subscription":"0xb60af543a4ead1cf1df939ac89b7e704","result":"0x53156f94fd40c17f66a362071ee9b06b07580811dfba0812ba8d74a5d066edcf"}}
[2m2025-12-10T12:17:44.099755Z[0m [34mDEBUG[0m [2methereum_transaction_pool_monitor::eth_client[0m[2m:[0m 📨 Received pending transaction: 0x53156f94fd40c17f66a362071ee9b06b07580811dfba0812ba8d74a5d066edcf
[2m2025-12-10T12:17:44.204446Z[0m [34mDEBUG[0m [2mhyper::proto::h1::io[0m[2m:[0m parsed 4 headers
[2m2025-12-10T12:17:44.204522Z[0m [34mDEBUG[0m [2mhyper::proto::h1::conn[0m[2m:[0m incoming body is content-length (3820 bytes)
[2m2025-12-10T12:17:44.204562Z[0m [34mDEBUG[0m [2mhyper::proto::h1::conn[0m[2m:[0m incoming body completed
[2m2025-12-10T12:17:44.204639Z[0m [34mDEBUG[0m [2mhyper::client::pool[0m[2m:[0m pooling idle connection for ("http", 192.168.0.14:8545)
[2m2025-12-10T12:17:44.204670Z[0m [34mDEBUG[0m [2methereum_transaction_pool_monitor::eth_client[0m[2m:[0m 📡 Transaction fetch RPC completed in 121.604709ms
[2m2025-12-10T12:17:44.412380Z[0m [34mDEBUG[0m [2methereum_transaction_pool_monitor::eth_client[0m[2m:[0m ✅ Transaction 0x8e4be510fe396176644a5b25fb48b908d4ebf0ff7c71f474664f26f30f0a57cd fetched and parsed in 329.309292ms
[2m2025-12-10T12:17:44.412446Z[0m [34mDEBUG[0m [2methereum_transaction_pool_monitor::mempool_monitor[0m[2m:[0m 🔍 Skipping tx 0x8e4be510fe396176644a5b25fb48b908d4ebf0ff7c71f474664f26f30f0a57cd - not a DEX interaction (target: 0x66a9893cC07D91D95644AEDD05D03f95e1dBA8Af)
[2m2025-12-10T12:17:44.412524Z[0m [34mDEBUG[0m [2methereum_transaction_pool_monitor::mempool_monitor[0m[2m:[0m 📨 Processing new pending transaction: 0xb57ce8bc956994b81f71fc1d83cc07a2595d16235016426f0d25ef121a5fecb8
[2m2025-12-10T12:17:44.412536Z[0m [34mDEBUG[0m [2methereum_transaction_pool_monitor::mempool_monitor[0m[2m:[0m 🔍 Fetching transaction details for: 0xb57ce8bc956994b81f71fc1d83cc07a2595d16235016426f0d25ef121a5fecb8
[2m2025-12-10T12:17:44.412546Z[0m [34mDEBUG[0m [2methereum_transaction_pool_monitor::eth_client[0m[2m:[0m 🔍 Fetching transaction details for hash: 0xb57ce8bc956994b81f71fc1d83cc07a2595d16235016426f0d25ef121a5fecb8
[2m2025-12-10T12:17:44.412653Z[0m [34mDEBUG[0m [2mhyper::client::pool[0m[2m:[0m reuse idle connection for ("http", 192.168.0.14:8545)
[2m2025-12-10T12:17:44.412750Z[0m [34mDEBUG[0m [2mhyper::proto::h1::io[0m[2m:[0m flushed 250 bytes
[2m2025-12-10T12:17:44.412816Z[0m [34mDEBUG[0m [2methereum_transaction_pool_monitor::eth_client[0m[2m:[0m 📨 Received WebSocket message: {"jsonrpc":"2.0","method":"eth_subscription","params":{"subscription":"0xb60af543a4ead1cf1df939ac89b7e704","result":"0x56a2294cbf62b0cfe98629bb5872e0d18b051ae65f1e1ca05c249b9f665b028c"}}
[2m2025-12-10T12:17:44.412833Z[0m [34mDEBUG[0m [2mhyper::proto::h1::io[0m[2m:[0m parsed 4 headers
[2m2025-12-10T12:17:44.412840Z[0m [34mDEBUG[0m [2methereum_transaction_pool_monitor::eth_client[0m[2m:[0m 📨 Received pending transaction: 0x56a2294cbf62b0cfe98629bb5872e0d18b051ae65f1e1ca05c249b9f665b028c
[2m2025-12-10T12:17:44.412852Z[0m [34mDEBUG[0m [2mhyper::proto::h1::conn[0m[2m:[0m incoming body is content-length (45 bytes)
[2m2025-12-10T12:17:44.412861Z[0m [34mDEBUG[0m [2methereum_transaction_pool_monitor::eth_client[0m[2m:[0m 📨 Received WebSocket message: {"jsonrpc":"2.0","method":"eth_subscription","params":{"subscription":"0xb60af543a4ead1cf1df939ac89b7e704","result":"0xc7f0d31221ff8cfc40d5c820a33d60090a8efb81e6fa8c3b9274d327f39d057a"}}
[2m2025-12-10T12:17:44.412873Z[0m [34mDEBUG[0m [2mhyper::proto::h1::conn[0m[2m:[0m incoming body completed
[2m2025-12-10T12:17:44.412878Z[0m [34mDEBUG[0m [2methereum_transaction_pool_monitor::eth_client[0m[2m:[0m 📨 Received pending transaction: 0xc7f0d31221ff8cfc40d5c820a33d60090a8efb81e6fa8c3b9274d327f39d057a
[2m2025-12-10T12:17:44.412891Z[0m [34mDEBUG[0m [2methereum_transaction_pool_monitor::eth_client[0m[2m:[0m 📨 Received WebSocket message: {"jsonrpc":"2.0","method":"eth_subscription","params":{"subscription":"0xb60af543a4ead1cf1df939ac89b7e704","result":"0x85a340f4c8f5569096a7e07333493cfb506dcd216f9f8ea35efbf16e840f10b7"}}
[2m2025-12-10T12:17:44.412907Z[0m [34mDEBUG[0m [2methereum_transaction_pool_monitor::eth_client[0m[2m:[0m 📨 Received pending transaction: 0x85a340f4c8f5569096a7e07333493cfb506dcd216f9f8ea35efbf16e840f10b7
[2m2025-12-10T12:17:44.412908Z[0m [34mDEBUG[0m [2mhyper::client::pool[0m[2m:[0m pooling idle connection for ("http", 192.168.0.14:8545)
[2m2025-12-10T12:17:44.412925Z[0m [34mDEBUG[0m [2methereum_transaction_pool_monitor::eth_client[0m[2m:[0m 📨 Received WebSocket message: {"jsonrpc":"2.0","method":"eth_subscription","params":{"subscription":"0xb60af543a4ead1cf1df939ac89b7e704","result":"0x005380c1362bf304ad683df7a4cc9fb5b1022eb6c1c0363055a0f26fd9a4f50f"}}
[2m2025-12-10T12:17:44.412945Z[0m [34mDEBUG[0m [2methereum_transaction_pool_monitor::eth_client[0m[2m:[0m 📨 Received pending transaction: 0x005380c1362bf304ad683df7a4cc9fb5b1022eb6c1c0363055a0f26fd9a4f50f
[2m2025-12-10T12:17:44.412955Z[0m [34mDEBUG[0m [2methereum_transaction_pool_monitor::eth_client[0m[2m:[0m 📨 Received WebSocket message: {"jsonrpc":"2.0","method":"eth_subscription","params":{"subscription":"0xb60af543a4ead1cf1df939ac89b7e704","result":"0x3013c4e73748aadf646edb1f2619c4c7b94b7eb524a5963ae904a14d793f0878"}}
[2m2025-12-10T12:17:44.412971Z[0m [34mDEBUG[0m [2methereum_transaction_pool_monitor::eth_client[0m[2m:[0m 📨 Received pending transaction: 0x3013c4e73748aadf646edb1f2619c4c7b94b7eb524a5963ae904a14d793f0878
[2m2025-12-10T12:17:44.413005Z[0m [34mDEBUG[0m [2mhyper::client::pool[0m[2m:[0m reuse idle connection for ("http", 192.168.0.14:8545)
[2m2025-12-10T12:17:44.413053Z[0m [34mDEBUG[0m [2mhyper::proto::h1::io[0m[2m:[0m flushed 172 bytes
[2m2025-12-10T12:17:44.438830Z[0m [34mDEBUG[0m [2methereum_transaction_pool_monitor::eth_client[0m[2m:[0m 📨 Received WebSocket message: {"jsonrpc":"2.0","method":"eth_subscription","params":{"subscription":"0xb60af543a4ead1cf1df939ac89b7e704","result":"0xd8aec7e6ce3e7049af8afaaeedfe28c779c898d74b2277d666fe265850a33faa"}}
[2m2025-12-10T12:17:44.438877Z[0m [34mDEBUG[0m [2methereum_transaction_pool_monitor::eth_client[0m[2m:[0m 📨 Received pending transaction: 0xd8aec7e6ce3e7049af8afaaeedfe28c779c898d74b2277d666fe265850a33faa
[2m2025-12-10T12:17:44.455803Z[0m [34mDEBUG[0m [2mhyper::proto::h1::io[0m[2m:[0m parsed 4 headers
[2m2025-12-10T12:17:44.455840Z[0m [34mDEBUG[0m [2mhyper::proto::h1::conn[0m[2m:[0m incoming body is content-length (1227 bytes)
[2m2025-12-10T12:17:44.455865Z[0m [34mDEBUG[0m [2mhyper::proto::h1::conn[0m[2m:[0m incoming body completed
[2m2025-12-10T12:17:44.455913Z[0m [34mDEBUG[0m [2mhyper::client::pool[0m[2m:[0m pooling idle connection for ("http", 192.168.0.14:8545)
[2m2025-12-10T12:17:44.455934Z[0m [34mDEBUG[0m [2methereum_transaction_pool_monitor::eth_client[0m[2m:[0m 📡 Transaction fetch RPC completed in 43.37825ms
[2m2025-12-10T12:17:44.686457Z[0m [34mDEBUG[0m [2methereum_transaction_pool_monitor::eth_client[0m[2m:[0m ✅ Transaction 0xb57ce8bc956994b81f71fc1d83cc07a2595d16235016426f0d25ef121a5fecb8 fetched and parsed in 273.894375ms
[2m2025-12-10T12:17:44.686554Z[0m [34mDEBUG[0m [2methereum_transaction_pool_monitor::mempool_monitor[0m[2m:[0m 🔍 Skipping tx 0xb57ce8bc956994b81f71fc1d83cc07a2595d16235016426f0d25ef121a5fecb8 - not a DEX interaction (target: 0xF6801D319497789f934ec7F83E142a9536312B08)
[2m2025-12-10T12:17:44.686619Z[0m [34mDEBUG[0m [2methereum_transaction_pool_monitor::mempool_monitor[0m[2m:[0m 📨 Processing new pending transaction: 0x1ccafb67d73275388d8521c84dbbed441369b4a3125140f76cb2a90edcd5b545
[2m2025-12-10T12:17:44.686630Z[0m [34mDEBUG[0m [2methereum_transaction_pool_monitor::mempool_monitor[0m[2m:[0m 🔍 Fetching transaction details for: 0x1ccafb67d73275388d8521c84dbbed441369b4a3125140f76cb2a90edcd5b545
[2m2025-12-10T12:17:44.686640Z[0m [34mDEBUG[0m [2methereum_transaction_pool_monitor::eth_client[0m[2m:[0m 🔍 Fetching transaction details for hash: 0x1ccafb67d73275388d8521c84dbbed441369b4a3125140f76cb2a90edcd5b545
[2m2025-12-10T12:17:44.686737Z[0m [34mDEBUG[0m [2mhyper::client::pool[0m[2m:[0m reuse idle connection for ("http", 192.168.0.14:8545)
[2m2025-12-10T12:17:44.686821Z[0m [34mDEBUG[0m [2mhyper::proto::h1::io[0m[2m:[0m flushed 250 bytes
[2m2025-12-10T12:17:44.686877Z[0m [34mDEBUG[0m [2methereum_transaction_pool_monitor::eth_client[0m[2m:[0m 📨 Received WebSocket message: {"jsonrpc":"2.0","method":"eth_subscription","params":{"subscription":"0xb60af543a4ead1cf1df939ac89b7e704","result":"0x272bde39c28108c726b19d9c41bc3fd0f8ef713c4822295c45727d671945dd62"}}
[2m2025-12-10T12:17:44.686899Z[0m [34mDEBUG[0m [2mhyper::proto::h1::io[0m[2m:[0m parsed 4 headers
[2m2025-12-10T12:17:44.686900Z[0m [34mDEBUG[0m [2methereum_transaction_pool_monitor::eth_client[0m[2m:[0m 📨 Received pending transaction: 0x272bde39c28108c726b19d9c41bc3fd0f8ef713c4822295c45727d671945dd62
[2m2025-12-10T12:17:44.686920Z[0m [34mDEBUG[0m [2mhyper::proto::h1::conn[0m[2m:[0m incoming body is content-length (45 bytes)
[2m2025-12-10T12:17:44.686942Z[0m [34mDEBUG[0m [2mhyper::proto::h1::conn[0m[2m:[0m incoming body completed
[2m2025-12-10T12:17:44.686974Z[0m [34mDEBUG[0m [2mhyper::client::pool[0m[2m:[0m pooling idle connection for ("http", 192.168.0.14:8545)
[2m2025-12-10T12:17:44.687044Z[0m [34mDEBUG[0m [2mhyper::client::pool[0m[2m:[0m reuse idle connection for ("http", 192.168.0.14:8545)
[2m2025-12-10T12:17:44.687088Z[0m [34mDEBUG[0m [2mhyper::proto::h1::io[0m[2m:[0m flushed 172 bytes
[2m2025-12-10T12:17:44.716646Z[0m [34mDEBUG[0m [2methereum_transaction_pool_monitor::eth_client[0m[2m:[0m 📨 Received WebSocket message: {"jsonrpc":"2.0","method":"eth_subscription","params":{"subscription":"0xb60af543a4ead1cf1df939ac89b7e704","result":"0xca2e066fc6aebdf3aaff684aed6007c148cb3f814da45833fdf32a0377b32de8"}}
[2m2025-12-10T12:17:44.717088Z[0m [34mDEBUG[0m [2methereum_transaction_pool_monitor::eth_client[0m[2m:[0m 📨 Received pending transaction: 0xca2e066fc6aebdf3aaff684aed6007c148cb3f814da45833fdf32a0377b32de8
[2m2025-12-10T12:17:44.717193Z[0m [34mDEBUG[0m [2mhyper::proto::h1::io[0m[2m:[0m parsed 4 headers
[2m2025-12-10T12:17:44.717193Z[0m [34mDEBUG[0m [2mhyper::proto::h1::io[0m[2m:[0m parsed 4 headers
[2m2025-12-10T12:17:44.717208Z[0m [34mDEBUG[0m [2mhyper::proto::h1::conn[0m[2m:[0m incoming body is content-length (45 bytes)
[2m2025-12-10T12:17:44.717216Z[0m [34mDEBUG[0m [2mhyper::proto::h1::conn[0m[2m:[0m incoming body is content-length (1548 bytes)
[2m2025-12-10T12:17:44.717232Z[0m [34mDEBUG[0m [2mhyper::proto::h1::conn[0m[2m:[0m incoming body completed
[2m2025-12-10T12:17:44.717268Z[0m [34mDEBUG[0m [2mhyper::client::pool[0m[2m:[0m pooling idle connection for ("http", 192.168.0.14:8545)
[2m2025-12-10T12:17:44.717272Z[0m [34mDEBUG[0m [2methereum_transaction_pool_monitor::eth_client[0m[2m:[0m 📡 Transaction fetch RPC completed in 30.622ms
[2m2025-12-10T12:17:44.717376Z[0m [34mDEBUG[0m [2mhyper::client::pool[0m[2m:[0m reuse idle connection for ("http", 192.168.0.14:8545)
[2m2025-12-10T12:17:44.717433Z[0m [34mDEBUG[0m [2mhyper::proto::h1::io[0m[2m:[0m flushed 172 bytes
[2m2025-12-10T12:17:44.718704Z[0m [34mDEBUG[0m [2mhyper::proto::h1::conn[0m[2m:[0m incoming body completed
[2m2025-12-10T12:17:44.718746Z[0m [34mDEBUG[0m [2mhyper::client::pool[0m[2m:[0m pooling idle connection for ("http", 192.168.0.14:8545)
[2m2025-12-10T12:17:44.730374Z[0m [34mDEBUG[0m [2mhyper::proto::h1::io[0m[2m:[0m parsed 4 headers
[2m2025-12-10T12:17:44.730406Z[0m [34mDEBUG[0m [2mhyper::proto::h1::conn[0m[2m:[0m incoming body is content-length (45 bytes)
[2m2025-12-10T12:17:44.730430Z[0m [34mDEBUG[0m [2mhyper::proto::h1::conn[0m[2m:[0m incoming body completed
[2m2025-12-10T12:17:44.730474Z[0m [34mDEBUG[0m [2mhyper::client::pool[0m[2m:[0m pooling idle connection for ("http", 192.168.0.14:8545)
[2m2025-12-10T12:17:44.730599Z[0m [34mDEBUG[0m [2mhyper::client::pool[0m[2m:[0m reuse idle connection for ("http", 192.168.0.14:8545)
[2m2025-12-10T12:17:44.730703Z[0m [34mDEBUG[0m [2mhyper::proto::h1::io[0m[2m:[0m flushed 172 bytes
[2m2025-12-10T12:17:44.735859Z[0m [34mDEBUG[0m [2mhyper::proto::h1::io[0m[2m:[0m parsed 4 headers
[2m2025-12-10T12:17:44.735886Z[0m [34mDEBUG[0m [2mhyper::proto::h1::conn[0m[2m:[0m incoming body is content-length (45 bytes)
[2m2025-12-10T12:17:44.735907Z[0m [34mDEBUG[0m [2mhyper::proto::h1::conn[0m[2m:[0m incoming body completed
[2m2025-12-10T12:17:44.735945Z[0m [34mDEBUG[0m [2mhyper::client::pool[0m[2m:[0m pooling idle connection for ("http", 192.168.0.14:8545)
[2m2025-12-10T12:17:44.736080Z[0m [34mDEBUG[0m [2mhyper::client::pool[0m[2m:[0m reuse idle connection for ("http", 192.168.0.14:8545)
[2m2025-12-10T12:17:44.736157Z[0m [34mDEBUG[0m [2mhyper::proto::h1::io[0m[2m:[0m flushed 172 bytes
[2m2025-12-10T12:17:44.760062Z[0m [34mDEBUG[0m [2mhyper::proto::h1::io[0m[2m:[0m parsed 4 headers
[2m2025-12-10T12:17:44.760108Z[0m [34mDEBUG[0m [2mhyper::proto::h1::conn[0m[2m:[0m incoming body is content-length (45 bytes)
[2m2025-12-10T12:17:44.760134Z[0m [34mDEBUG[0m [2mhyper::proto::h1::conn[0m[2m:[0m incoming body completed
[2m2025-12-10T12:17:44.760184Z[0m [34mDEBUG[0m [2mhyper::client::pool[0m[2m:[0m pooling idle connection for ("http", 192.168.0.14:8545)
[2m2025-12-10T12:17:44.760307Z[0m [34mDEBUG[0m [2mhyper::client::pool[0m[2m:[0m reuse idle connection for ("http", 192.168.0.14:8545)
[2m2025-12-10T12:17:44.760370Z[0m [34mDEBUG[0m [2mhyper::proto::h1::io[0m[2m:[0m flushed 172 bytes
[2m2025-12-10T12:17:44.770636Z[0m [34mDEBUG[0m [2mhyper::proto::h1::io[0m[2m:[0m parsed 4 headers
[2m2025-12-10T12:17:44.770671Z[0m [34mDEBUG[0m [2mhyper::proto::h1::conn[0m[2m:[0m incoming body is content-length (45 bytes)
[2m2025-12-10T12:17:44.770694Z[0m [34mDEBUG[0m [2mhyper::proto::h1::conn[0m[2m:[0m incoming body completed
[2m2025-12-10T12:17:44.770739Z[0m [34mDEBUG[0m [2mhyper::client::pool[0m[2m:[0m pooling idle connection for ("http", 192.168.0.14:8545)
[2m2025-12-10T12:17:44.770867Z[0m [34mDEBUG[0m [2mhyper::client::pool[0m[2m:[0m reuse idle connection for ("http", 192.168.0.14:8545)
[2m2025-12-10T12:17:44.770939Z[0m [34mDEBUG[0m [2mhyper::proto::h1::io[0m[2m:[0m flushed 172 bytes
[2m2025-12-10T12:17:44.777226Z[0m [34mDEBUG[0m [2mhyper::proto::h1::io[0m[2m:[0m parsed 4 headers
[2m2025-12-10T12:17:44.777256Z[0m [34mDEBUG[0m [2mhyper::proto::h1::conn[0m[2m:[0m incoming body is content-length (45 bytes)
[2m2025-12-10T12:17:44.777279Z[0m [34mDEBUG[0m [2mhyper::proto::h1::conn[0m[2m:[0m incoming body completed
[2m2025-12-10T12:17:44.777324Z[0m [34mDEBUG[0m [2mhyper::client::pool[0m[2m:[0m pooling idle connection for ("http", 192.168.0.14:8545)
[2m2025-12-10T12:17:44.777439Z[0m [34mDEBUG[0m [2mhyper::client::pool[0m[2m:[0m reuse idle connection for ("http", 192.168.0.14:8545)
[2m2025-12-10T12:17:44.777496Z[0m [34mDEBUG[0m [2mhyper::proto::h1::io[0m[2m:[0m flushed 172 bytes
[2m2025-12-10T12:17:44.782866Z[0m [34mDEBUG[0m [2mhyper::proto::h1::io[0m[2m:[0m parsed 4 headers
[2m2025-12-10T12:17:44.782901Z[0m [34mDEBUG[0m [2mhyper::proto::h1::conn[0m[2m:[0m incoming body is content-length (45 bytes)
[2m2025-12-10T12:17:44.782924Z[0m [34mDEBUG[0m [2mhyper::proto::h1::conn[0m[2m:[0m incoming body completed
[2m2025-12-10T12:17:44.782971Z[0m [34mDEBUG[0m [2mhyper::client::pool[0m[2m:[0m pooling idle connection for ("http", 192.168.0.14:8545)
[2m2025-12-10T12:17:44.847450Z[0m [34mDEBUG[0m [2mhyper::client::pool[0m[2m:[0m reuse idle connection for ("http", 192.168.0.14:8545)
[2m2025-12-10T12:17:44.847576Z[0m [34mDEBUG[0m [2mhyper::proto::h1::io[0m[2m:[0m flushed 172 bytes
[2m2025-12-10T12:17:44.860964Z[0m [34mDEBUG[0m [2methereum_transaction_pool_monitor::eth_client[0m[2m:[0m 📨 Received WebSocket message: {"jsonrpc":"2.0","method":"eth_subscription","params":{"subscription":"0xb60af543a4ead1cf1df939ac89b7e704","result":"0x2c57eff3f91c48b43251efa3801e7072771476211b5f79c39d6ab3ba8924e03a"}}
[2m2025-12-10T12:17:44.861018Z[0m [34mDEBUG[0m [2methereum_transaction_pool_monitor::eth_client[0m[2m:[0m 📨 Received pending transaction: 0x2c57eff3f91c48b43251efa3801e7072771476211b5f79c39d6ab3ba8924e03a
[2m2025-12-10T12:17:44.875020Z[0m [34mDEBUG[0m [2mhyper::proto::h1::io[0m[2m:[0m parsed 4 headers
[2m2025-12-10T12:17:44.875062Z[0m [34mDEBUG[0m [2mhyper::proto::h1::conn[0m[2m:[0m incoming body is content-length (45 bytes)
[2m2025-12-10T12:17:44.875089Z[0m [34mDEBUG[0m [2mhyper::proto::h1::conn[0m[2m:[0m incoming body completed
[2m2025-12-10T12:17:44.875141Z[0m [34mDEBUG[0m [2mhyper::client::pool[0m[2m:[0m pooling idle connection for ("http", 192.168.0.14:8545)
[2m2025-12-10T12:17:44.914123Z[0m [34mDEBUG[0m [2methereum_transaction_pool_monitor::eth_client[0m[2m:[0m 📨 Received WebSocket message: {"jsonrpc":"2.0","method":"eth_subscription","params":{"subscription":"0xb60af543a4ead1cf1df939ac89b7e704","result":"0xc733d5379331079ff39943e7edd86c6a2450425adf48e6a4e58614dd3e4f94a4"}}
[2m2025-12-10T12:17:44.914232Z[0m [34mDEBUG[0m [2methereum_transaction_pool_monitor::eth_client[0m[2m:[0m 📨 Received pending transaction: 0xc733d5379331079ff39943e7edd86c6a2450425adf48e6a4e58614dd3e4f94a4
[2m2025-12-10T12:17:44.948484Z[0m [34mDEBUG[0m [2mhyper::client::pool[0m[2m:[0m reuse idle connection for ("http", 192.168.0.14:8545)
[2m2025-12-10T12:17:44.948613Z[0m [34mDEBUG[0m [2mhyper::proto::h1::io[0m[2m:[0m flushed 172 bytes
[2m2025-12-10T12:17:44.948673Z[0m [34mDEBUG[0m [2methereum_transaction_pool_monitor::eth_client[0m[2m:[0m 📨 Received WebSocket message: {"jsonrpc":"2.0","method":"eth_subscription","params":{"subscription":"0xb60af543a4ead1cf1df939ac89b7e704","result":"0x168b5da279108241f446d85492d8d74c710aaf9e940a854c77da2647f2b18e2a"}}
[2m2025-12-10T12:17:44.948701Z[0m [34mDEBUG[0m [2methereum_transaction_pool_monitor::eth_client[0m[2m:[0m 📨 Received pending transaction: 0x168b5da279108241f446d85492d8d74c710aaf9e940a854c77da2647f2b18e2a
[2m2025-12-10T12:17:44.951479Z[0m [34mDEBUG[0m [2methereum_transaction_pool_monitor::eth_client[0m[2m:[0m ✅ Transaction 0x1ccafb67d73275388d8521c84dbbed441369b4a3125140f76cb2a90edcd5b545 fetched and parsed in 264.83025ms
[2m2025-12-10T12:17:44.951511Z[0m [34mDEBUG[0m [2methereum_transaction_pool_monitor::mempool_monitor[0m[2m:[0m 🔍 Skipping tx 0x1ccafb67d73275388d8521c84dbbed441369b4a3125140f76cb2a90edcd5b545 - not a DEX interaction (target: 0xF6801D319497789f934ec7F83E142a9536312B08)
[2m2025-12-10T12:17:44.951575Z[0m [34mDEBUG[0m [2methereum_transaction_pool_monitor::mempool_monitor[0m[2m:[0m 📨 Processing new pending transaction: 0x30f9c93cb5956c22921138d397aa36bd5abf66beda20c605931532dcaa70b6e1
[2m2025-12-10T12:17:44.951587Z[0m [34mDEBUG[0m [2methereum_transaction_pool_monitor::mempool_monitor[0m[2m:[0m 🔍 Fetching transaction details for: 0x30f9c93cb5956c22921138d397aa36bd5abf66beda20c605931532dcaa70b6e1
[2m2025-12-10T12:17:44.951596Z[0m [34mDEBUG[0m [2methereum_transaction_pool_monitor::eth_client[0m[2m:[0m 🔍 Fetching transaction details for hash: 0x30f9c93cb5956c22921138d397aa36bd5abf66beda20c605931532dcaa70b6e1
[2m2025-12-10T12:17:44.951653Z[0m [34mDEBUG[0m [2mhyper::client::pool[0m[2m:[0m reuse idle connection for ("http", 192.168.0.14:8545)
[2m2025-12-10T12:17:44.951705Z[0m [34mDEBUG[0m [2mhyper::proto::h1::io[0m[2m:[0m flushed 250 bytes
[2m2025-12-10T12:17:44.977746Z[0m [34mDEBUG[0m [2methereum_transaction_pool_monitor::eth_client[0m[2m:[0m 📨 Received WebSocket message: {"jsonrpc":"2.0","method":"eth_subscription","params":{"subscription":"0xb60af543a4ead1cf1df939ac89b7e704","result":"0x0ff965446b28520024d1155bed9231ac6c022b9b7e839abb9e3c2ff59044eb2d"}}
[2m2025-12-10T12:17:44.977862Z[0m [34mDEBUG[0m [2methereum_transaction_pool_monitor::eth_client[0m[2m:[0m 📨 Received pending transaction: 0x0ff965446b28520024d1155bed9231ac6c022b9b7e839abb9e3c2ff59044eb2d
[2m2025-12-10T12:17:44.983397Z[0m [34mDEBUG[0m [2mhyper::proto::h1::io[0m[2m:[0m parsed 4 headers
[2m2025-12-10T12:17:44.983422Z[0m [34mDEBUG[0m [2mhyper::proto::h1::conn[0m[2m:[0m incoming body is content-length (45 bytes)
[2m2025-12-10T12:17:44.983444Z[0m [34mDEBUG[0m [2mhyper::proto::h1::conn[0m[2m:[0m incoming body completed
[2m2025-12-10T12:17:44.983486Z[0m [34mDEBUG[0m [2mhyper::client::pool[0m[2m:[0m pooling idle connection for ("http", 192.168.0.14:8545)
[2m2025-12-10T12:17:44.990743Z[0m [34mDEBUG[0m [2mhyper::proto::h1::io[0m[2m:[0m parsed 4 headers
[2m2025-12-10T12:17:44.990753Z[0m [34mDEBUG[0m [2mhyper::proto::h1::conn[0m[2m:[0m incoming body is content-length (844 bytes)
[2m2025-12-10T12:17:44.990767Z[0m [34mDEBUG[0m [2mhyper::proto::h1::conn[0m[2m:[0m incoming body completed
[2m2025-12-10T12:17:44.990790Z[0m [34mDEBUG[0m [2mhyper::client::pool[0m[2m:[0m pooling idle connection for ("http", 192.168.0.14:8545)
[2m2025-12-10T12:17:44.990803Z[0m [34mDEBUG[0m [2methereum_transaction_pool_monitor::eth_client[0m[2m:[0m 📡 Transaction fetch RPC completed in 39.19775ms
[2m2025-12-10T12:17:45.182465Z[0m [34mDEBUG[0m [2methereum_transaction_pool_monitor::eth_client[0m[2m:[0m ✅ Transaction 0x30f9c93cb5956c22921138d397aa36bd5abf66beda20c605931532dcaa70b6e1 fetched and parsed in 230.851334ms
[2m2025-12-10T12:17:45.182574Z[0m [34mDEBUG[0m [2methereum_transaction_pool_monitor::mempool_monitor[0m[2m:[0m 🔍 Skipping tx 0x30f9c93cb5956c22921138d397aa36bd5abf66beda20c605931532dcaa70b6e1 - not a DEX interaction (target: 0xB8f28C60dD8240141185a192fa4156A23E189305)
[2m2025-12-10T12:17:45.182657Z[0m [34mDEBUG[0m [2methereum_transaction_pool_monitor::mempool_monitor[0m[2m:[0m 📨 Processing new pending transaction: 0xd4ab364e52c3d919f11d1426c4162a122984442ec840ec21d52b2ab943695702
[2m2025-12-10T12:17:45.182669Z[0m [34mDEBUG[0m [2methereum_transaction_pool_monitor::mempool_monitor[0m[2m:[0m 🔍 Fetching transaction details for: 0xd4ab364e52c3d919f11d1426c4162a122984442ec840ec21d52b2ab943695702
[2m2025-12-10T12:17:45.182679Z[0m [34mDEBUG[0m [2methereum_transaction_pool_monitor::eth_client[0m[2m:[0m 🔍 Fetching transaction details for hash: 0xd4ab364e52c3d919f11d1426c4162a122984442ec840ec21d52b2ab943695702
[2m2025-12-10T12:17:45.182793Z[0m [34mDEBUG[0m [2mhyper::client::pool[0m[2m:[0m reuse idle connection for ("http", 192.168.0.14:8545)
[2m2025-12-10T12:17:45.182910Z[0m [34mDEBUG[0m [2mhyper::proto::h1::io[0m[2m:[0m flushed 250 bytes
[2m2025-12-10T12:17:45.182993Z[0m [34mDEBUG[0m [2mhyper::client::pool[0m[2m:[0m reuse idle connection for ("http", 192.168.0.14:8545)
[2m2025-12-10T12:17:45.182999Z[0m [34mDEBUG[0m [2methereum_transaction_pool_monitor::eth_client[0m[2m:[0m 📨 Received WebSocket message: {"jsonrpc":"2.0","method":"eth_subscription","params":{"subscription":"0xb60af543a4ead1cf1df939ac89b7e704","result":"0x7fc6300fae96f14aac2b5351cb7a08e9695699bc7231f01a1ebc6d257c307723"}}
[2m2025-12-10T12:17:45.183028Z[0m [34mDEBUG[0m [2mhyper::proto::h1::io[0m[2m:[0m flushed 172 bytes
[2m2025-12-10T12:17:45.183028Z[0m [34mDEBUG[0m [2methereum_transaction_pool_monitor::eth_client[0m[2m:[0m 📨 Received pending transaction: 0x7fc6300fae96f14aac2b5351cb7a08e9695699bc7231f01a1ebc6d257c307723
[2m2025-12-10T12:17:45.520467Z[0m [34mDEBUG[0m [2mhyper::proto::h1::io[0m[2m:[0m parsed 4 headers
[2m2025-12-10T12:17:45.520693Z[0m [34mDEBUG[0m [2mhyper::proto::h1::conn[0m[2m:[0m incoming body is content-length (844 bytes)
[2m2025-12-10T12:17:45.520795Z[0m [34mDEBUG[0m [2mhyper::proto::h1::conn[0m[2m:[0m incoming body completed
[2m2025-12-10T12:17:45.520947Z[0m [34mDEBUG[0m [2mhyper::client::pool[0m[2m:[0m pooling idle connection for ("http", 192.168.0.14:8545)
[2m2025-12-10T12:17:45.521018Z[0m [34mDEBUG[0m [2methereum_transaction_pool_monitor::eth_client[0m[2m:[0m 📡 Transaction fetch RPC completed in 338.329208ms
[2m2025-12-10T12:17:45.758667Z[0m [34mDEBUG[0m [2methereum_transaction_pool_monitor::eth_client[0m[2m:[0m ✅ Transaction 0xd4ab364e52c3d919f11d1426c4162a122984442ec840ec21d52b2ab943695702 fetched and parsed in 575.971667ms
[2m2025-12-10T12:17:45.758735Z[0m [34mDEBUG[0m [2methereum_transaction_pool_monitor::mempool_monitor[0m[2m:[0m 🔍 Skipping tx 0xd4ab364e52c3d919f11d1426c4162a122984442ec840ec21d52b2ab943695702 - not a DEX interaction (target: 0xB8f28C60dD8240141185a192fa4156A23E189305)
[2m2025-12-10T12:17:45.758831Z[0m [34mDEBUG[0m [2methereum_transaction_pool_monitor::mempool_monitor[0m[2m:[0m 📨 Processing new pending transaction: 0x2ba5468d1b1b083c6b17b2877a25509906e7317ff2ce1e72d017cb93cc75db63
[2m2025-12-10T12:17:45.758846Z[0m [34mDEBUG[0m [2methereum_transaction_pool_monitor::mempool_monitor[0m[2m:[0m 🔍 Fetching transaction details for: 0x2ba5468d1b1b083c6b17b2877a25509906e7317ff2ce1e72d017cb93cc75db63
[2m2025-12-10T12:17:45.758857Z[0m [34mDEBUG[0m [2methereum_transaction_pool_monitor::eth_client[0m[2m:[0m 🔍 Fetching transaction details for hash: 0x2ba5468d1b1b083c6b17b2877a25509906e7317ff2ce1e72d017cb93cc75db63
[2m2025-12-10T12:17:45.758993Z[0m [34mDEBUG[0m [2mhyper::client::pool[0m[2m:[0m reuse idle connection for ("http", 192.168.0.14:8545)
[2m2025-12-10T12:17:45.759110Z[0m [34mDEBUG[0m [2mhyper::proto::h1::io[0m[2m:[0m flushed 250 bytes
[2m2025-12-10T12:17:45.759194Z[0m [34mDEBUG[0m [2methereum_transaction_pool_monitor::eth_client[0m[2m:[0m 📨 Received WebSocket message: {"jsonrpc":"2.0","method":"eth_subscription","params":{"subscription":"0xb60af543a4ead1cf1df939ac89b7e704","result":"0xfe0b9136fdc30d656f53da761dfbbf3e9e8b84ce2acb2b6a221485436666eb90"}}
[2m2025-12-10T12:17:45.759219Z[0m [34mDEBUG[0m [2mhyper::proto::h1::io[0m[2m:[0m parsed 4 headers
[2m2025-12-10T12:17:45.759227Z[0m [34mDEBUG[0m [2methereum_transaction_pool_monitor::eth_client[0m[2m:[0m 📨 Received pending transaction: 0xfe0b9136fdc30d656f53da761dfbbf3e9e8b84ce2acb2b6a221485436666eb90
[2m2025-12-10T12:17:45.759240Z[0m [34mDEBUG[0m [2mhyper::proto::h1::conn[0m[2m:[0m incoming body is content-length (45 bytes)
[2m2025-12-10T12:17:45.759254Z[0m [34mDEBUG[0m [2methereum_transaction_pool_monitor::eth_client[0m[2m:[0m 📨 Received WebSocket message: {"jsonrpc":"2.0","method":"eth_subscription","params":{"subscription":"0xb60af543a4ead1cf1df939ac89b7e704","result":"0xf0a42df30f904595759138f12ba3a0d0271e0180a69b78cf12e4d0929b254c53"}}
[2m2025-12-10T12:17:45.759267Z[0m [34mDEBUG[0m [2mhyper::proto::h1::conn[0m[2m:[0m incoming body completed
[2m2025-12-10T12:17:45.759272Z[0m [34mDEBUG[0m [2methereum_transaction_pool_monitor::eth_client[0m[2m:[0m 📨 Received pending transaction: 0xf0a42df30f904595759138f12ba3a0d0271e0180a69b78cf12e4d0929b254c53
[2m2025-12-10T12:17:45.759284Z[0m [34mDEBUG[0m [2methereum_transaction_pool_monitor::eth_client[0m[2m:[0m 📨 Received WebSocket message: {"jsonrpc":"2.0","method":"eth_subscription","params":{"subscription":"0xb60af543a4ead1cf1df939ac89b7e704","result":"0x57e5c05a21d4bcb09c606d8c2e9dff1bb04301c0b1873f9d20c6fdc03cf13b93"}}
[2m2025-12-10T12:17:45.759302Z[0m [34mDEBUG[0m [2methereum_transaction_pool_monitor::eth_client[0m[2m:[0m 📨 Received pending transaction: 0x57e5c05a21d4bcb09c606d8c2e9dff1bb04301c0b1873f9d20c6fdc03cf13b93
[2m2025-12-10T12:17:45.759313Z[0m [34mDEBUG[0m [2methereum_transaction_pool_monitor::eth_client[0m[2m:[0m 📨 Received WebSocket message: {"jsonrpc":"2.0","method":"eth_subscription","params":{"subscription":"0xb60af543a4ead1cf1df939ac89b7e704","result":"0x208441c5d45c4d1b49d6576f8269824a80e7542b09d8fe681d2c2b5f7e704ea6"}}
[2m2025-12-10T12:17:45.759319Z[0m [34mDEBUG[0m [2mhyper::client::pool[0m[2m:[0m pooling idle connection for ("http", 192.168.0.14:8545)
[2m2025-12-10T12:17:45.759329Z[0m [34mDEBUG[0m [2methereum_transaction_pool_monitor::eth_client[0m[2m:[0m 📨 Received pending transaction: 0x208441c5d45c4d1b49d6576f8269824a80e7542b09d8fe681d2c2b5f7e704ea6
[2m2025-12-10T12:17:45.759341Z[0m [34mDEBUG[0m [2methereum_transaction_pool_monitor::eth_client[0m[2m:[0m 📨 Received WebSocket message: {"jsonrpc":"2.0","method":"eth_subscription","params":{"subscription":"0xb60af543a4ead1cf1df939ac89b7e704","result":"0x90a07ad2aa7311721819794afa947544df02d4083453c8efef7ac729adbd9b48"}}
[2m2025-12-10T12:17:45.759356Z[0m [34mDEBUG[0m [2methereum_transaction_pool_monitor::eth_client[0m[2m:[0m 📨 Received pending transaction: 0x90a07ad2aa7311721819794afa947544df02d4083453c8efef7ac729adbd9b48
[2m2025-12-10T12:17:45.759367Z[0m [34mDEBUG[0m [2methereum_transaction_pool_monitor::eth_client[0m[2m:[0m 📨 Received WebSocket message: {"jsonrpc":"2.0","method":"eth_subscription","params":{"subscription":"0xb60af543a4ead1cf1df939ac89b7e704","result":"0x2b07043a0df8073d7358038b52397f114b0b8a3b622033872b4686fb3dab0190"}}
[2m2025-12-10T12:17:45.759382Z[0m [34mDEBUG[0m [2methereum_transaction_pool_monitor::eth_client[0m[2m:[0m 📨 Received pending transaction: 0x2b07043a0df8073d7358038b52397f114b0b8a3b622033872b4686fb3dab0190
[2m2025-12-10T12:17:45.759392Z[0m [34mDEBUG[0m [2methereum_transaction_pool_monitor::eth_client[0m[2m:[0m 📨 Received WebSocket message: {"jsonrpc":"2.0","method":"eth_subscription","params":{"subscription":"0xb60af543a4ead1cf1df939ac89b7e704","result":"0x07a76bd77823f81ddf25e9f5e47e4b73fbcbe50cc7c46fe6c37709eadc3cbad7"}}
[2m2025-12-10T12:17:45.759408Z[0m [34mDEBUG[0m [2methereum_transaction_pool_monitor::eth_client[0m[2m:[0m 📨 Received pending transaction: 0x07a76bd77823f81ddf25e9f5e47e4b73fbcbe50cc7c46fe6c37709eadc3cbad7
[2m2025-12-10T12:17:45.759418Z[0m [34mDEBUG[0m [2methereum_transaction_pool_monitor::eth_client[0m[2m:[0m 📨 Received WebSocket message: {"jsonrpc":"2.0","method":"eth_subscription","params":{"subscription":"0xb60af543a4ead1cf1df939ac89b7e704","result":"0xf147c5c52b5992b59153a609fa7668fd681f624c2d961edb1201b09b17d1c75a"}}
[2m2025-12-10T12:17:45.759433Z[0m [34mDEBUG[0m [2methereum_transaction_pool_monitor::eth_client[0m[2m:[0m 📨 Received pending transaction: 0xf147c5c52b5992b59153a609fa7668fd681f624c2d961edb1201b09b17d1c75a
[2m2025-12-10T12:17:45.759438Z[0m [34mDEBUG[0m [2mhyper::client::pool[0m[2m:[0m reuse idle connection for ("http", 192.168.0.14:8545)
[2m2025-12-10T12:17:45.759443Z[0m [34mDEBUG[0m [2methereum_transaction_pool_monitor::eth_client[0m[2m:[0m 📨 Received WebSocket message: {"jsonrpc":"2.0","method":"eth_subscription","params":{"subscription":"0xb60af543a4ead1cf1df939ac89b7e704","result":"0x3d4af09e8e7fcd41cd27055f7bddeb1d58af284a06a33d8bdbebf8a6120273e2"}}
[2m2025-12-10T12:17:45.759459Z[0m [34mDEBUG[0m [2methereum_transaction_pool_monitor::eth_client[0m[2m:[0m 📨 Received pending transaction: 0x3d4af09e8e7fcd41cd27055f7bddeb1d58af284a06a33d8bdbebf8a6120273e2
[2m2025-12-10T12:17:45.759493Z[0m [34mDEBUG[0m [2mhyper::proto::h1::io[0m[2m:[0m flushed 172 bytes
[2m2025-12-10T12:17:45.793619Z[0m [34mDEBUG[0m [2mhyper::proto::h1::io[0m[2m:[0m parsed 4 headers
[2m2025-12-10T12:17:45.793633Z[0m [34mDEBUG[0m [2mhyper::proto::h1::io[0m[2m:[0m parsed 4 headers
[2m2025-12-10T12:17:45.793651Z[0m [34mDEBUG[0m [2mhyper::proto::h1::conn[0m[2m:[0m incoming body is content-length (1229 bytes)
[2m2025-12-10T12:17:45.793677Z[0m [34mDEBUG[0m [2mhyper::proto::h1::conn[0m[2m:[0m incoming body is content-length (45 bytes)
[2m2025-12-10T12:17:45.793714Z[0m [34mDEBUG[0m [2mhyper::proto::h1::conn[0m[2m:[0m incoming body completed
[2m2025-12-10T12:17:45.793742Z[0m [34mDEBUG[0m [2mhyper::proto::h1::conn[0m[2m:[0m incoming body completed
[2m2025-12-10T12:17:45.793776Z[0m [34mDEBUG[0m [2mhyper::client::pool[0m[2m:[0m pooling idle connection for ("http", 192.168.0.14:8545)
[2m2025-12-10T12:17:45.793777Z[0m [34mDEBUG[0m [2mhyper::client::pool[0m[2m:[0m pooling idle connection for ("http", 192.168.0.14:8545)
[2m2025-12-10T12:17:45.793800Z[0m [34mDEBUG[0m [2methereum_transaction_pool_monitor::eth_client[0m[2m:[0m 📡 Transaction fetch RPC completed in 34.932417ms
[2m2025-12-10T12:17:45.793915Z[0m [34mDEBUG[0m [2mhyper::client::pool[0m[2m:[0m reuse idle connection for ("http", 192.168.0.14:8545)
[2m2025-12-10T12:17:45.793978Z[0m [34mDEBUG[0m [2mhyper::proto::h1::io[0m[2m:[0m flushed 172 bytes
[2m2025-12-10T12:17:45.807784Z[0m [34mDEBUG[0m [2mhyper::proto::h1::io[0m[2m:[0m parsed 4 headers
[2m2025-12-10T12:17:45.807814Z[0m [34mDEBUG[0m [2mhyper::proto::h1::conn[0m[2m:[0m incoming body is content-length (45 bytes)
[2m2025-12-10T12:17:45.807836Z[0m [34mDEBUG[0m [2mhyper::proto::h1::conn[0m[2m:[0m incoming body completed
[2m2025-12-10T12:17:45.807878Z[0m [34mDEBUG[0m [2mhyper::client::pool[0m[2m:[0m pooling idle connection for ("http", 192.168.0.14:8545)
[2m2025-12-10T12:17:45.807993Z[0m [34mDEBUG[0m [2mhyper::client::pool[0m[2m:[0m reuse idle connection for ("http", 192.168.0.14:8545)
[2m2025-12-10T12:17:45.808052Z[0m [34mDEBUG[0m [2mhyper::proto::h1::io[0m[2m:[0m flushed 172 bytes
[2m2025-12-10T12:17:45.819151Z[0m [34mDEBUG[0m [2mhyper::proto::h1::io[0m[2m:[0m parsed 4 headers
[2m2025-12-10T12:17:45.819179Z[0m [34mDEBUG[0m [2mhyper::proto::h1::conn[0m[2m:[0m incoming body is content-length (45 bytes)
[2m2025-12-10T12:17:45.819200Z[0m [34mDEBUG[0m [2mhyper::proto::h1::conn[0m[2m:[0m incoming body completed
[2m2025-12-10T12:17:45.819240Z[0m [34mDEBUG[0m [2mhyper::client::pool[0m[2m:[0m pooling idle connection for ("http", 192.168.0.14:8545)
[2m2025-12-10T12:17:45.819345Z[0m [34mDEBUG[0m [2mhyper::client::pool[0m[2m:[0m reuse idle connection for ("http", 192.168.0.14:8545)
[2m2025-12-10T12:17:45.819401Z[0m [34mDEBUG[0m [2mhyper::proto::h1::io[0m[2m:[0m flushed 172 bytes
[2m2025-12-10T12:17:45.830565Z[0m [34mDEBUG[0m [2mhyper::proto::h1::io[0m[2m:[0m parsed 4 headers
[2m2025-12-10T12:17:45.830657Z[0m [34mDEBUG[0m [2mhyper::proto::h1::conn[0m[2m:[0m incoming body is content-length (45 bytes)
[2m2025-12-10T12:17:45.830681Z[0m [34mDEBUG[0m [2mhyper::proto::h1::conn[0m[2m:[0m incoming body completed
[2m2025-12-10T12:17:45.830739Z[0m [34mDEBUG[0m [2mhyper::client::pool[0m[2m:[0m pooling idle connection for ("http", 192.168.0.14:8545)
[2m2025-12-10T12:17:45.830872Z[0m [34mDEBUG[0m [2mhyper::client::pool[0m[2m:[0m reuse idle connection for ("http", 192.168.0.14:8545)
[2m2025-12-10T12:17:45.830943Z[0m [34mDEBUG[0m [2mhyper::proto::h1::io[0m[2m:[0m flushed 172 bytes
[2m2025-12-10T12:17:45.848319Z[0m [34mDEBUG[0m [2mhyper::proto::h1::io[0m[2m:[0m parsed 4 headers
[2m2025-12-10T12:17:45.848349Z[0m [34mDEBUG[0m [2mhyper::proto::h1::conn[0m[2m:[0m incoming body is content-length (45 bytes)
[2m2025-12-10T12:17:45.848372Z[0m [34mDEBUG[0m [2mhyper::proto::h1::conn[0m[2m:[0m incoming body completed
[2m2025-12-10T12:17:45.848414Z[0m [34mDEBUG[0m [2mhyper::client::pool[0m[2m:[0m pooling idle connection for ("http", 192.168.0.14:8545)
[2m2025-12-10T12:17:45.848531Z[0m [34mDEBUG[0m [2mhyper::client::pool[0m[2m:[0m reuse idle connection for ("http", 192.168.0.14:8545)
[2m2025-12-10T12:17:45.848590Z[0m [34mDEBUG[0m [2mhyper::proto::h1::io[0m[2m:[0m flushed 172 bytes
[2m2025-12-10T12:17:45.857172Z[0m [34mDEBUG[0m [2mhyper::proto::h1::io[0m[2m:[0m parsed 4 headers
[2m2025-12-10T12:17:45.857270Z[0m [34mDEBUG[0m [2mhyper::proto::h1::conn[0m[2m:[0m incoming body is content-length (45 bytes)
[2m2025-12-10T12:17:45.857313Z[0m [34mDEBUG[0m [2mhyper::proto::h1::conn[0m[2m:[0m incoming body completed
[2m2025-12-10T12:17:45.857459Z[0m [34mDEBUG[0m [2mhyper::client::pool[0m[2m:[0m pooling idle connection for ("http", 192.168.0.14:8545)
[2m2025-12-10T12:17:45.857656Z[0m [34mDEBUG[0m [2mhyper::client::pool[0m[2m:[0m reuse idle connection for ("http", 192.168.0.14:8545)
[2m2025-12-10T12:17:45.857749Z[0m [34mDEBUG[0m [2mhyper::proto::h1::io[0m[2m:[0m flushed 172 bytes
[2m2025-12-10T12:17:45.861055Z[0m [34mDEBUG[0m [2mhyper::proto::h1::io[0m[2m:[0m parsed 4 headers
[2m2025-12-10T12:17:45.864090Z[0m [34mDEBUG[0m [2mhyper::proto::h1::conn[0m[2m:[0m incoming body is content-length (45 bytes)
[2m2025-12-10T12:17:45.864112Z[0m [34mDEBUG[0m [2mhyper::proto::h1::conn[0m[2m:[0m incoming body completed
[2m2025-12-10T12:17:45.864163Z[0m [34mDEBUG[0m [2mhyper::client::pool[0m[2m:[0m pooling idle connection for ("http", 192.168.0.14:8545)
[2m2025-12-10T12:17:45.864264Z[0m [34mDEBUG[0m [2mhyper::client::pool[0m[2m:[0m reuse idle connection for ("http", 192.168.0.14:8545)
[2m2025-12-10T12:17:45.864326Z[0m [34mDEBUG[0m [2mhyper::proto::h1::io[0m[2m:[0m flushed 172 bytes
[2m2025-12-10T12:17:45.867577Z[0m [34mDEBUG[0m [2mhyper::proto::h1::io[0m[2m:[0m parsed 4 headers
[2m2025-12-10T12:17:45.867584Z[0m [34mDEBUG[0m [2mhyper::proto::h1::conn[0m[2m:[0m incoming body is content-length (45 bytes)
[2m2025-12-10T12:17:45.867596Z[0m [34mDEBUG[0m [2mhyper::proto::h1::conn[0m[2m:[0m incoming body completed
[2m2025-12-10T12:17:45.867614Z[0m [34mDEBUG[0m [2mhyper::client::pool[0m[2m:[0m pooling idle connection for ("http", 192.168.0.14:8545)
[2m2025-12-10T12:17:45.947437Z[0m [34mDEBUG[0m [2mhyper::client::pool[0m[2m:[0m reuse idle connection for ("http", 192.168.0.14:8545)
[2m2025-12-10T12:17:45.947608Z[0m [34mDEBUG[0m [2mhyper::proto::h1::io[0m[2m:[0m flushed 172 bytes
[2m2025-12-10T12:17:45.951012Z[0m [34mDEBUG[0m [2mhyper::proto::h1::io[0m[2m:[0m parsed 4 headers
[2m2025-12-10T12:17:45.951030Z[0m [34mDEBUG[0m [2mhyper::proto::h1::conn[0m[2m:[0m incoming body is content-length (45 bytes)
[2m2025-12-10T12:17:45.951050Z[0m [34mDEBUG[0m [2mhyper::proto::h1::conn[0m[2m:[0m incoming body completed
[2m2025-12-10T12:17:45.951083Z[0m [34mDEBUG[0m [2mhyper::client::pool[0m[2m:[0m pooling idle connection for ("http", 192.168.0.14:8545)
[2m2025-12-10T12:17:45.989105Z[0m [34mDEBUG[0m [2methereum_transaction_pool_monitor::eth_client[0m[2m:[0m ✅ Transaction 0x2ba5468d1b1b083c6b17b2877a25509906e7317ff2ce1e72d017cb93cc75db63 fetched and parsed in 230.233042ms
[2m2025-12-10T12:17:45.989162Z[0m [34mDEBUG[0m [2methereum_transaction_pool_monitor::mempool_monitor[0m[2m:[0m 🔍 Skipping tx 0x2ba5468d1b1b083c6b17b2877a25509906e7317ff2ce1e72d017cb93cc75db63 - not a DEX interaction (target: 0xF6801D319497789f934ec7F83E142a9536312B08)
[2m2025-12-10T12:17:45.989224Z[0m [34mDEBUG[0m [2methereum_transaction_pool_monitor::mempool_monitor[0m[2m:[0m 📨 Processing new pending transaction: 0xf9cb34aeef6e419fdae5b058a9fc89b29b16605d88686e6e82615c87919d1c54
[2m2025-12-10T12:17:45.989235Z[0m [34mDEBUG[0m [2methereum_transaction_pool_monitor::mempool_monitor[0m[2m:[0m 🔍 Fetching transaction details for: 0xf9cb34aeef6e419fdae5b058a9fc89b29b16605d88686e6e82615c87919d1c54
[2m2025-12-10T12:17:45.989244Z[0m [34mDEBUG[0m [2methereum_transaction_pool_monitor::eth_client[0m[2m:[0m 🔍 Fetching transaction details for hash: 0xf9cb34aeef6e419fdae5b058a9fc89b29b16605d88686e6e82615c87919d1c54
[2m2025-12-10T12:17:45.989333Z[0m [34mDEBUG[0m [2mhyper::client::pool[0m[2m:[0m reuse idle connection for ("http", 192.168.0.14:8545)
[2m2025-12-10T12:17:45.989409Z[0m [34mDEBUG[0m [2mhyper::proto::h1::io[0m[2m:[0m flushed 250 bytes
[2m2025-12-10T12:17:45.995569Z[0m [34mDEBUG[0m [2mhyper::proto::h1::io[0m[2m:[0m parsed 4 headers
[2m2025-12-10T12:17:45.995577Z[0m [34mDEBUG[0m [2mhyper::proto::h1::conn[0m[2m:[0m incoming body is content-length (4889 bytes)
[2m2025-12-10T12:17:45.995594Z[0m [34mDEBUG[0m [2mhyper::proto::h1::conn[0m[2m:[0m incoming body completed
[2m2025-12-10T12:17:45.995624Z[0m [34mDEBUG[0m [2mhyper::client::pool[0m[2m:[0m pooling idle connection for ("http", 192.168.0.14:8545)
[2m2025-12-10T12:17:45.995638Z[0m [34mDEBUG[0m [2methereum_transaction_pool_monitor::eth_client[0m[2m:[0m 📡 Transaction fetch RPC completed in 6.384916ms
[2m2025-12-10T12:17:45.995711Z[0m [34mDEBUG[0m [2methereum_transaction_pool_monitor::eth_client[0m[2m:[0m DeFi transaction detected - Address: 0x881d40237659c251811cec9c364ef91dc08d300c, Type: DexRouter, Value: 0.0006 ETH, Gas: 2.27 Gwei
[2m2025-12-10T12:17:45.995748Z[0m [34mDEBUG[0m [2methereum_transaction_pool_monitor::eth_client[0m[2m:[0m ✅ Transaction 0xf9cb34aeef6e419fdae5b058a9fc89b29b16605d88686e6e82615c87919d1c54 fetched and parsed in 6.4955ms
[2m2025-12-10T12:17:45.995769Z[0m [34mDEBUG[0m [2methereum_transaction_pool_monitor::mempool_monitor[0m[2m:[0m 🎯 Found DEX interaction: 0xf9cb34aeef6e419fdae5b058a9fc89b29b16605d88686e6e82615c87919d1c54 -> 0x881D40237659C251811CEC9c364ef91dC08D300C
[2m2025-12-10T12:17:45.995812Z[0m [34mDEBUG[0m [2methereum_transaction_pool_monitor::mempool_monitor[0m[2m:[0m 🔄 Converting transaction to mempool format...
[2m2025-12-10T12:17:45.995924Z[0m [34mDEBUG[0m [2methereum_transaction_pool_monitor::mempool_monitor[0m[2m:[0m 🔍 Checking address: 0x881d40237659c251811cec9c364ef91dc08d300c - Pool: false, Router: true
[2m2025-12-10T12:17:45.995933Z[0m [34mDEBUG[0m [2methereum_transaction_pool_monitor::mempool_monitor[0m[2m:[0m 🔍 Parsing router transaction input to find target pool...
[2m2025-12-10T12:17:45.995955Z[0m [34mDEBUG[0m [2methereum_transaction_pool_monitor::mempool_monitor[0m[2m:[0m 🔍 Router function selector: 0x5f575529
[2m2025-12-10T12:17:45.995972Z[0m [34mDEBUG[0m [2methereum_transaction_pool_monitor::mempool_monitor[0m[2m:[0m 🔍 Unknown router function selector: 0x5f575529
[2m2025-12-10T12:17:45.995982Z[0m [34mDEBUG[0m [2methereum_transaction_pool_monitor::mempool_monitor[0m[2m:[0m 🎯 DEX transaction detected: 0xf9cb34aeef6e419fdae5b058a9fc89b29b16605d88686e6e82615c87919d1c54 ($0)
[2m2025-12-10T12:17:45.995992Z[0m [34mDEBUG[0m [2methereum_transaction_pool_monitor::mempool_monitor[0m[2m:[0m 🔄 Proceeding with DEX router transaction despite low ETH value ($0) - analyzing token swap
[2m2025-12-10T12:17:45.996014Z[0m [32m INFO[0m [2methereum_transaction_pool_monitor::mempool_monitor[0m[2m:[0m ✨ Potential MEV target: 0xf9cb34aeef6e419fdae5b058a9fc89b29b16605d88686e6e82615c87919d1c54 ($0, 0.0 gwei)
[2m2025-12-10T12:17:45.996023Z[0m [32m INFO[0m [2methereum_transaction_pool_monitor::mempool_monitor[0m[2m:[0m 🧠 Analyzing sandwich opportunity for transaction: 0xf9cb34aeef6e419fdae5b058a9fc89b29b16605d88686e6e82615c87919d1c54
[2m2025-12-10T12:17:45.996032Z[0m [34mDEBUG[0m [2methereum_transaction_pool_monitor::mempool_monitor[0m[2m:[0m ❌ No target pool found for victim tx: 0xf9cb34aeef6e419fdae5b058a9fc89b29b16605d88686e6e82615c87919d1c54 - skipping
[2m2025-12-10T12:17:45.996046Z[0m [34mDEBUG[0m [2methereum_transaction_pool_monitor::mempool_monitor[0m[2m:[0m 🔍 No sandwich opportunity found for this transaction
[2m2025-12-10T12:17:45.996058Z[0m [34mDEBUG[0m [2methereum_transaction_pool_monitor::mempool_monitor[0m[2m:[0m 📨 Processing new pending transaction: 0xaf6f53519f356fb043d8a271842b68a8d56a0a7ad79fbaf63dcf31a62c1a2573
[2m2025-12-10T12:17:45.996068Z[0m [34mDEBUG[0m [2methereum_transaction_pool_monitor::mempool_monitor[0m[2m:[0m 🔍 Fetching transaction details for: 0xaf6f53519f356fb043d8a271842b68a8d56a0a7ad79fbaf63dcf31a62c1a2573
[2m2025-12-10T12:17:45.996076Z[0m [34mDEBUG[0m [2methereum_transaction_pool_monitor::eth_client[0m[2m:[0m 🔍 Fetching transaction details for hash: 0xaf6f53519f356fb043d8a271842b68a8d56a0a7ad79fbaf63dcf31a62c1a2573
[2m2025-12-10T12:17:45.996118Z[0m [34mDEBUG[0m [2mhyper::client::pool[0m[2m:[0m reuse idle connection for ("http", 192.168.0.14:8545)
[2m2025-12-10T12:17:45.996153Z[0m [34mDEBUG[0m [2mhyper::proto::h1::io[0m[2m:[0m flushed 250 bytes
[2m2025-12-10T12:17:46.000984Z[0m [34mDEBUG[0m [2methereum_transaction_pool_monitor::eth_client[0m[2m:[0m 📨 Received WebSocket message: {"jsonrpc":"2.0","method":"eth_subscription","params":{"subscription":"0xb60af543a4ead1cf1df939ac89b7e704","result":"0x9e0749b07b79da115169608a0d5be18f0c47228a04bff8458ee1feae312f68e8"}}
[2m2025-12-10T12:17:46.001011Z[0m [34mDEBUG[0m [2methereum_transaction_pool_monitor::eth_client[0m[2m:[0m 📨 Received pending transaction: 0x9e0749b07b79da115169608a0d5be18f0c47228a04bff8458ee1feae312f68e8
[2m2025-12-10T12:17:46.004665Z[0m [34mDEBUG[0m [2mhyper::proto::h1::io[0m[2m:[0m parsed 4 headers
[2m2025-12-10T12:17:46.004676Z[0m [34mDEBUG[0m [2mhyper::proto::h1::conn[0m[2m:[0m incoming body is content-length (846 bytes)
[2m2025-12-10T12:17:46.004693Z[0m [34mDEBUG[0m [2mhyper::proto::h1::conn[0m[2m:[0m incoming body completed
[2m2025-12-10T12:17:46.004731Z[0m [34mDEBUG[0m [2mhyper::client::pool[0m[2m:[0m pooling idle connection for ("http", 192.168.0.14:8545)
[2m2025-12-10T12:17:46.004747Z[0m [34mDEBUG[0m [2methereum_transaction_pool_monitor::eth_client[0m[2m:[0m 📡 Transaction fetch RPC completed in 8.662667ms
[2m2025-12-10T12:17:46.186530Z[0m [34mDEBUG[0m [2methereum_transaction_pool_monitor::eth_client[0m[2m:[0m ✅ Transaction 0xaf6f53519f356fb043d8a271842b68a8d56a0a7ad79fbaf63dcf31a62c1a2573 fetched and parsed in 190.439208ms
[2m2025-12-10T12:17:46.186592Z[0m [34mDEBUG[0m [2methereum_transaction_pool_monitor::mempool_monitor[0m[2m:[0m 🔍 Skipping tx 0xaf6f53519f356fb043d8a271842b68a8d56a0a7ad79fbaf63dcf31a62c1a2573 - not a DEX interaction (target: 0xA0b86991c6218b36c1d19D4a2e9Eb0cE3606eB48)
[2m2025-12-10T12:17:46.186663Z[0m [34mDEBUG[0m [2methereum_transaction_pool_monitor::mempool_monitor[0m[2m:[0m 📨 Processing new pending transaction: 0x7113368c9a3041ccdb4cbc9830c31b55af94628dbc2be66bc57c8468551d7563
[2m2025-12-10T12:17:46.186675Z[0m [34mDEBUG[0m [2methereum_transaction_pool_monitor::mempool_monitor[0m[2m:[0m 🔍 Fetching transaction details for: 0x7113368c9a3041ccdb4cbc9830c31b55af94628dbc2be66bc57c8468551d7563
[2m2025-12-10T12:17:46.186685Z[0m [34mDEBUG[0m [2methereum_transaction_pool_monitor::eth_client[0m[2m:[0m 🔍 Fetching transaction details for hash: 0x7113368c9a3041ccdb4cbc9830c31b55af94628dbc2be66bc57c8468551d7563
[2m2025-12-10T12:17:46.186779Z[0m [34mDEBUG[0m [2mhyper::client::pool[0m[2m:[0m reuse idle connection for ("http", 192.168.0.14:8545)
[2m2025-12-10T12:17:46.186853Z[0m [34mDEBUG[0m [2mhyper::proto::h1::io[0m[2m:[0m flushed 250 bytes
[2m2025-12-10T12:17:46.186918Z[0m [34mDEBUG[0m [2methereum_transaction_pool_monitor::eth_client[0m[2m:[0m 📨 Received WebSocket message: {"jsonrpc":"2.0","method":"eth_subscription","params":{"subscription":"0xb60af543a4ead1cf1df939ac89b7e704","result":"0x826531fa099a7b698d29f54ffee582fe7864309f29b8fc373681a5c7d23559b9"}}
[2m2025-12-10T12:17:46.186921Z[0m [34mDEBUG[0m [2mhyper::client::pool[0m[2m:[0m reuse idle connection for ("http", 192.168.0.14:8545)
[2m2025-12-10T12:17:46.186943Z[0m [34mDEBUG[0m [2methereum_transaction_pool_monitor::eth_client[0m[2m:[0m 📨 Received pending transaction: 0x826531fa099a7b698d29f54ffee582fe7864309f29b8fc373681a5c7d23559b9
[2m2025-12-10T12:17:46.186961Z[0m [34mDEBUG[0m [2mhyper::proto::h1::io[0m[2m:[0m flushed 172 bytes
[2m2025-12-10T12:17:46.186959Z[0m [34mDEBUG[0m [2methereum_transaction_pool_monitor::eth_client[0m[2m:[0m 📨 Received WebSocket message: {"jsonrpc":"2.0","method":"eth_subscription","params":{"subscription":"0xb60af543a4ead1cf1df939ac89b7e704","result":"0xff5ea38ac696da0e93a72003d7d374e5419d3d220cb7aaf18ffc0292d19fbb47"}}
[2m2025-12-10T12:17:46.186981Z[0m [34mDEBUG[0m [2methereum_transaction_pool_monitor::eth_client[0m[2m:[0m 📨 Received pending transaction: 0xff5ea38ac696da0e93a72003d7d374e5419d3d220cb7aaf18ffc0292d19fbb47
[2m2025-12-10T12:17:46.193954Z[0m [34mDEBUG[0m [2mhyper::proto::h1::io[0m[2m:[0m parsed 4 headers
[2m2025-12-10T12:17:46.193966Z[0m [34mDEBUG[0m [2mhyper::proto::h1::conn[0m[2m:[0m incoming body is content-length (45 bytes)
[2m2025-12-10T12:17:46.193984Z[0m [34mDEBUG[0m [2mhyper::proto::h1::conn[0m[2m:[0m incoming body completed
[2m2025-12-10T12:17:46.194010Z[0m [34mDEBUG[0m [2mhyper::client::pool[0m[2m:[0m pooling idle connection for ("http", 192.168.0.14:8545)
[2m2025-12-10T12:17:46.194074Z[0m [34mDEBUG[0m [2mhyper::client::pool[0m[2m:[0m reuse idle connection for ("http", 192.168.0.14:8545)
[2m2025-12-10T12:17:46.194112Z[0m [34mDEBUG[0m [2mhyper::proto::h1::io[0m[2m:[0m flushed 172 bytes
[2m2025-12-10T12:17:46.194126Z[0m [34mDEBUG[0m [2mhyper::proto::h1::io[0m[2m:[0m parsed 4 headers
[2m2025-12-10T12:17:46.194134Z[0m [34mDEBUG[0m [2mhyper::proto::h1::conn[0m[2m:[0m incoming body is content-length (722 bytes)
[2m2025-12-10T12:17:46.194145Z[0m [34mDEBUG[0m [2mhyper::proto::h1::conn[0m[2m:[0m incoming body completed
[2m2025-12-10T12:17:46.194163Z[0m [34mDEBUG[0m [2mhyper::client::pool[0m[2m:[0m pooling idle connection for ("http", 192.168.0.14:8545)
[2m2025-12-10T12:17:46.194175Z[0m [34mDEBUG[0m [2methereum_transaction_pool_monitor::eth_client[0m[2m:[0m 📡 Transaction fetch RPC completed in 7.480625ms
[2m2025-12-10T12:17:46.198526Z[0m [34mDEBUG[0m [2mhyper::proto::h1::io[0m[2m:[0m parsed 4 headers
[2m2025-12-10T12:17:46.198538Z[0m [34mDEBUG[0m [2mhyper::proto::h1::conn[0m[2m:[0m incoming body is content-length (45 bytes)
[2m2025-12-10T12:17:46.198551Z[0m [34mDEBUG[0m [2mhyper::proto::h1::conn[0m[2m:[0m incoming body completed
[2m2025-12-10T12:17:46.198570Z[0m [34mDEBUG[0m [2mhyper::client::pool[0m[2m:[0m pooling idle connection for ("http", 192.168.0.14:8545)
[2m2025-12-10T12:17:46.247738Z[0m [34mDEBUG[0m [2mhyper::client::pool[0m[2m:[0m reuse idle connection for ("http", 192.168.0.14:8545)
[2m2025-12-10T12:17:46.247849Z[0m [34mDEBUG[0m [2mhyper::proto::h1::io[0m[2m:[0m flushed 172 bytes
[2m2025-12-10T12:17:46.251882Z[0m [34mDEBUG[0m [2mhyper::proto::h1::io[0m[2m:[0m parsed 4 headers
[2m2025-12-10T12:17:46.251901Z[0m [34mDEBUG[0m [2mhyper::proto::h1::conn[0m[2m:[0m incoming body is content-length (45 bytes)
[2m2025-12-10T12:17:46.251923Z[0m [34mDEBUG[0m [2mhyper::proto::h1::conn[0m[2m:[0m incoming body completed
[2m2025-12-10T12:17:46.251986Z[0m [34mDEBUG[0m [2mhyper::client::pool[0m[2m:[0m pooling idle connection for ("http", 192.168.0.14:8545)
[2m2025-12-10T12:17:46.347346Z[0m [34mDEBUG[0m [2mhyper::client::pool[0m[2m:[0m reuse idle connection for ("http", 192.168.0.14:8545)
[2m2025-12-10T12:17:46.347483Z[0m [34mDEBUG[0m [2mhyper::proto::h1::io[0m[2m:[0m flushed 172 bytes
[2m2025-12-10T12:17:46.350822Z[0m [34mDEBUG[0m [2mhyper::proto::h1::io[0m[2m:[0m parsed 4 headers
[2m2025-12-10T12:17:46.350833Z[0m [34mDEBUG[0m [2mhyper::proto::h1::conn[0m[2m:[0m incoming body is content-length (45 bytes)
[2m2025-12-10T12:17:46.350851Z[0m [34mDEBUG[0m [2mhyper::proto::h1::conn[0m[2m:[0m incoming body completed
[2m2025-12-10T12:17:46.350880Z[0m [34mDEBUG[0m [2mhyper::client::pool[0m[2m:[0m pooling idle connection for ("http", 192.168.0.14:8545)
[2m2025-12-10T12:17:46.385399Z[0m [34mDEBUG[0m [2methereum_transaction_pool_monitor::eth_client[0m[2m:[0m ✅ Transaction 0x7113368c9a3041ccdb4cbc9830c31b55af94628dbc2be66bc57c8468551d7563 fetched and parsed in 198.699708ms
[2m2025-12-10T12:17:46.385450Z[0m [34mDEBUG[0m [2methereum_transaction_pool_monitor::mempool_monitor[0m[2m:[0m 🔍 Skipping tx 0x7113368c9a3041ccdb4cbc9830c31b55af94628dbc2be66bc57c8468551d7563 - not a DEX interaction (target: 0xa50c4D3491DE3648c64ec42F50978D70Cbb009CD)
[2m2025-12-10T12:17:46.385521Z[0m [34mDEBUG[0m [2methereum_transaction_pool_monitor::mempool_monitor[0m[2m:[0m 📨 Processing new pending transaction: 0x907f4aacb8dcfd2f9357c8dcf93a87658381de9a141101544e54ee27c32432a1
[2m2025-12-10T12:17:46.385532Z[0m [34mDEBUG[0m [2methereum_transaction_pool_monitor::mempool_monitor[0m[2m:[0m 🔍 Fetching transaction details for: 0x907f4aacb8dcfd2f9357c8dcf93a87658381de9a141101544e54ee27c32432a1
[2m2025-12-10T12:17:46.385542Z[0m [34mDEBUG[0m [2methereum_transaction_pool_monitor::eth_client[0m[2m:[0m 🔍 Fetching transaction details for hash: 0x907f4aacb8dcfd2f9357c8dcf93a87658381de9a141101544e54ee27c32432a1
[2m2025-12-10T12:17:46.385631Z[0m [34mDEBUG[0m [2mhyper::client::pool[0m[2m:[0m reuse idle connection for ("http", 192.168.0.14:8545)
[2m2025-12-10T12:17:46.385709Z[0m [34mDEBUG[0m [2mhyper::proto::h1::io[0m[2m:[0m flushed 250 bytes
[2m2025-12-10T12:17:46.397762Z[0m [34mDEBUG[0m [2mhyper::proto::h1::io[0m[2m:[0m parsed 4 headers
[2m2025-12-10T12:17:46.397779Z[0m [34mDEBUG[0m [2mhyper::proto::h1::conn[0m[2m:[0m incoming body is content-length (844 bytes)
[2m2025-12-10T12:17:46.397800Z[0m [34mDEBUG[0m [2mhyper::proto::h1::conn[0m[2m:[0m incoming body completed
[2m2025-12-10T12:17:46.397836Z[0m [34mDEBUG[0m [2mhyper::client::pool[0m[2m:[0m pooling idle connection for ("http", 192.168.0.14:8545)
[2m2025-12-10T12:17:46.397854Z[0m [34mDEBUG[0m [2methereum_transaction_pool_monitor::eth_client[0m[2m:[0m 📡 Transaction fetch RPC completed in 12.302125ms
[2m2025-12-10T12:17:46.587913Z[0m [34mDEBUG[0m [2methereum_transaction_pool_monitor::eth_client[0m[2m:[0m ✅ Transaction 0x907f4aacb8dcfd2f9357c8dcf93a87658381de9a141101544e54ee27c32432a1 fetched and parsed in 202.357833ms
[2m2025-12-10T12:17:46.587969Z[0m [34mDEBUG[0m [2methereum_transaction_pool_monitor::mempool_monitor[0m[2m:[0m 🔍 Skipping tx 0x907f4aacb8dcfd2f9357c8dcf93a87658381de9a141101544e54ee27c32432a1 - not a DEX interaction (target: 0xA0b86991c6218b36c1d19D4a2e9Eb0cE3606eB48)
[2m2025-12-10T12:17:46.588029Z[0m [34mDEBUG[0m [2methereum_transaction_pool_monitor::mempool_monitor[0m[2m:[0m 📨 Processing new pending transaction: 0x7266c068b71923d8115c63f88b82b010fbd34793e6529db55d89b54f4cc7d78a
[2m2025-12-10T12:17:46.588040Z[0m [34mDEBUG[0m [2methereum_transaction_pool_monitor::mempool_monitor[0m[2m:[0m 🔍 Fetching transaction details for: 0x7266c068b71923d8115c63f88b82b010fbd34793e6529db55d89b54f4cc7d78a
[2m2025-12-10T12:17:46.588050Z[0m [34mDEBUG[0m [2methereum_transaction_pool_monitor::eth_client[0m[2m:[0m 🔍 Fetching transaction details for hash: 0x7266c068b71923d8115c63f88b82b010fbd34793e6529db55d89b54f4cc7d78a
[2m2025-12-10T12:17:46.588135Z[0m [34mDEBUG[0m [2mhyper::client::pool[0m[2m:[0m reuse idle connection for ("http", 192.168.0.14:8545)
[2m2025-12-10T12:17:46.588208Z[0m [34mDEBUG[0m [2mhyper::proto::h1::io[0m[2m:[0m flushed 250 bytes
[2m2025-12-10T12:17:46.588282Z[0m [34mDEBUG[0m [2mhyper::client::pool[0m[2m:[0m reuse idle connection for ("http", 192.168.0.14:8545)
[2m2025-12-10T12:17:46.588312Z[0m [34mDEBUG[0m [2mhyper::proto::h1::io[0m[2m:[0m flushed 172 bytes
[2m2025-12-10T12:17:46.593320Z[0m [34mDEBUG[0m [2mhyper::proto::h1::io[0m[2m:[0m parsed 4 headers
[2m2025-12-10T12:17:46.593327Z[0m [34mDEBUG[0m [2mhyper::proto::h1::conn[0m[2m:[0m incoming body is content-length (721 bytes)
[2m2025-12-10T12:17:46.593345Z[0m [34mDEBUG[0m [2mhyper::proto::h1::conn[0m[2m:[0m incoming body completed
[2m2025-12-10T12:17:46.593374Z[0m [34mDEBUG[0m [2mhyper::client::pool[0m[2m:[0m pooling idle connection for ("http", 192.168.0.14:8545)
[2m2025-12-10T12:17:46.593388Z[0m [34mDEBUG[0m [2methereum_transaction_pool_monitor::eth_client[0m[2m:[0m 📡 Transaction fetch RPC completed in 5.328333ms
[2m2025-12-10T12:17:46.781077Z[0m [34mDEBUG[0m [2methereum_transaction_pool_monitor::eth_client[0m[2m:[0m ✅ Transaction 0x7266c068b71923d8115c63f88b82b010fbd34793e6529db55d89b54f4cc7d78a fetched and parsed in 193.013083ms
[2m2025-12-10T12:17:46.781132Z[0m [34mDEBUG[0m [2methereum_transaction_pool_monitor::mempool_monitor[0m[2m:[0m 🔍 Skipping tx 0x7266c068b71923d8115c63f88b82b010fbd34793e6529db55d89b54f4cc7d78a - not a DEX interaction (target: 0x55F2aeA9eB2863ae2bf9049752f9e2B266B57eeb)
[2m2025-12-10T12:17:46.781201Z[0m [34mDEBUG[0m [2methereum_transaction_pool_monitor::mempool_monitor[0m[2m:[0m 📨 Processing new pending transaction: 0x3c9933f881609bd369fdf7033d60b5ec07439967b8d290a7bf1831538e78f3d7
[2m2025-12-10T12:17:46.781214Z[0m [34mDEBUG[0m [2methereum_transaction_pool_monitor::mempool_monitor[0m[2m:[0m 🔍 Fetching transaction details for: 0x3c9933f881609bd369fdf7033d60b5ec07439967b8d290a7bf1831538e78f3d7
[2m2025-12-10T12:17:46.781226Z[0m [34mDEBUG[0m [2methereum_transaction_pool_monitor::eth_client[0m[2m:[0m 🔍 Fetching transaction details for hash: 0x3c9933f881609bd369fdf7033d60b5ec07439967b8d290a7bf1831538e78f3d7
[2m2025-12-10T12:17:46.781316Z[0m [34mDEBUG[0m [2mhyper::client::pool[0m[2m:[0m reuse idle connection for ("http", 192.168.0.14:8545)
[2m2025-12-10T12:17:46.781407Z[0m [34mDEBUG[0m [2mhyper::proto::h1::io[0m[2m:[0m flushed 250 bytes
[2m2025-12-10T12:17:46.781459Z[0m [34mDEBUG[0m [2methereum_transaction_pool_monitor::eth_client[0m[2m:[0m 📨 Received WebSocket message: {"jsonrpc":"2.0","method":"eth_subscription","params":{"subscription":"0xb60af543a4ead1cf1df939ac89b7e704","result":"0x9e43e559247b5e8632b0f187c01a3693e8f5da440fe31464169a5910e81858d6"}}
[2m2025-12-10T12:17:46.781473Z[0m [34mDEBUG[0m [2mhyper::proto::h1::io[0m[2m:[0m parsed 4 headers
[2m2025-12-10T12:17:46.781481Z[0m [34mDEBUG[0m [2methereum_transaction_pool_monitor::eth_client[0m[2m:[0m 📨 Received pending transaction: 0x9e43e559247b5e8632b0f187c01a3693e8f5da440fe31464169a5910e81858d6
[2m2025-12-10T12:17:46.781483Z[0m [34mDEBUG[0m [2mhyper::proto::h1::conn[0m[2m:[0m incoming body is content-length (45 bytes)
[2m2025-12-10T12:17:46.781497Z[0m [34mDEBUG[0m [2methereum_transaction_pool_monitor::eth_client[0m[2m:[0m 📨 Received WebSocket message: {"jsonrpc":"2.0","method":"eth_subscription","params":{"subscription":"0xb60af543a4ead1cf1df939ac89b7e704","result":"0x8beea8233d66c4397a605cf7cc83eb41277d4884438c44f5dfa6e7f31119f868"}}
[2m2025-12-10T12:17:46.781502Z[0m [34mDEBUG[0m [2mhyper::proto::h1::conn[0m[2m:[0m incoming body completed
[2m2025-12-10T12:17:46.781518Z[0m [34mDEBUG[0m [2methereum_transaction_pool_monitor::eth_client[0m[2m:[0m 📨 Received pending transaction: 0x8beea8233d66c4397a605cf7cc83eb41277d4884438c44f5dfa6e7f31119f868
[2m2025-12-10T12:17:46.781530Z[0m [34mDEBUG[0m [2methereum_transaction_pool_monitor::eth_client[0m[2m:[0m 📨 Received WebSocket message: {"jsonrpc":"2.0","method":"eth_subscription","params":{"subscription":"0xb60af543a4ead1cf1df939ac89b7e704","result":"0xa3250523d6833eec2e45948ea40a953b544f0e7f01be0b5e9b2429acc626223a"}}
[2m2025-12-10T12:17:46.781536Z[0m [34mDEBUG[0m [2mhyper::client::pool[0m[2m:[0m pooling idle connection for ("http", 192.168.0.14:8545)
[2m2025-12-10T12:17:46.781546Z[0m [34mDEBUG[0m [2methereum_transaction_pool_monitor::eth_client[0m[2m:[0m 📨 Received pending transaction: 0xa3250523d6833eec2e45948ea40a953b544f0e7f01be0b5e9b2429acc626223a
[2m2025-12-10T12:17:46.781597Z[0m [34mDEBUG[0m [2mhyper::client::pool[0m[2m:[0m reuse idle connection for ("http", 192.168.0.14:8545)
[2m2025-12-10T12:17:46.781635Z[0m [34mDEBUG[0m [2mhyper::proto::h1::io[0m[2m:[0m flushed 172 bytes
[2m2025-12-10T12:17:46.785324Z[0m [34mDEBUG[0m [2mhyper::proto::h1::io[0m[2m:[0m parsed 4 headers
[2m2025-12-10T12:17:46.785341Z[0m [34mDEBUG[0m [2mhyper::proto::h1::conn[0m[2m:[0m incoming body is content-length (1119 bytes)
[2m2025-12-10T12:17:46.785355Z[0m [34mDEBUG[0m [2mhyper::proto::h1::conn[0m[2m:[0m incoming body completed
[2m2025-12-10T12:17:46.785379Z[0m [34mDEBUG[0m [2mhyper::client::pool[0m[2m:[0m pooling idle connection for ("http", 192.168.0.14:8545)
[2m2025-12-10T12:17:46.785393Z[0m [34mDEBUG[0m [2methereum_transaction_pool_monitor::eth_client[0m[2m:[0m 📡 Transaction fetch RPC completed in 4.155916ms
[2m2025-12-10T12:17:46.976327Z[0m [34mDEBUG[0m [2methereum_transaction_pool_monitor::eth_client[0m[2m:[0m ✅ Transaction 0x3c9933f881609bd369fdf7033d60b5ec07439967b8d290a7bf1831538e78f3d7 fetched and parsed in 195.084875ms
[2m2025-12-10T12:17:46.976389Z[0m [34mDEBUG[0m [2methereum_transaction_pool_monitor::mempool_monitor[0m[2m:[0m 🔍 Skipping tx 0x3c9933f881609bd369fdf7033d60b5ec07439967b8d290a7bf1831538e78f3d7 - not a DEX interaction (target: 0x679ac05bFD3d26e8Fcd1ED4fD2fEace6C35F64b9)
[2m2025-12-10T12:17:46.976457Z[0m [34mDEBUG[0m [2methereum_transaction_pool_monitor::mempool_monitor[0m[2m:[0m 📨 Processing new pending transaction: 0xee5f05d3538ec990aa178ea469652925b98b436adf15c50fd17e6111f490ffa6
[2m2025-12-10T12:17:46.976471Z[0m [34mDEBUG[0m [2methereum_transaction_pool_monitor::mempool_monitor[0m[2m:[0m 🔍 Fetching transaction details for: 0xee5f05d3538ec990aa178ea469652925b98b436adf15c50fd17e6111f490ffa6
[2m2025-12-10T12:17:46.976480Z[0m [34mDEBUG[0m [2methereum_transaction_pool_monitor::eth_client[0m[2m:[0m 🔍 Fetching transaction details for hash: 0xee5f05d3538ec990aa178ea469652925b98b436adf15c50fd17e6111f490ffa6
[2m2025-12-10T12:17:46.976580Z[0m [34mDEBUG[0m [2mhyper::client::pool[0m[2m:[0m reuse idle connection for ("http", 192.168.0.14:8545)
[2m2025-12-10T12:17:46.976687Z[0m [34mDEBUG[0m [2mhyper::proto::h1::io[0m[2m:[0m flushed 250 bytes
[2m2025-12-10T12:17:46.976746Z[0m [34mDEBUG[0m [2methereum_transaction_pool_monitor::eth_client[0m[2m:[0m 📨 Received WebSocket message: {"jsonrpc":"2.0","method":"eth_subscription","params":{"subscription":"0xb60af543a4ead1cf1df939ac89b7e704","result":"0x009c1effc31dd2e7c82abc4a61ca026f0eb4d6e371d6a240e0261a9435afdd0f"}}
[2m2025-12-10T12:17:46.976760Z[0m [34mDEBUG[0m [2mhyper::proto::h1::io[0m[2m:[0m parsed 4 headers
[2m2025-12-10T12:17:46.976768Z[0m [34mDEBUG[0m [2methereum_transaction_pool_monitor::eth_client[0m[2m:[0m 📨 Received pending transaction: 0x009c1effc31dd2e7c82abc4a61ca026f0eb4d6e371d6a240e0261a9435afdd0f
[2m2025-12-10T12:17:46.976784Z[0m [34mDEBUG[0m [2mhyper::proto::h1::conn[0m[2m:[0m incoming body is content-length (45 bytes)
[2m2025-12-10T12:17:46.976805Z[0m [34mDEBUG[0m [2mhyper::proto::h1::conn[0m[2m:[0m incoming body completed
[2m2025-12-10T12:17:46.976833Z[0m [34mDEBUG[0m [2mhyper::client::pool[0m[2m:[0m pooling idle connection for ("http", 192.168.0.14:8545)
[2m2025-12-10T12:17:46.976892Z[0m [34mDEBUG[0m [2mhyper::client::pool[0m[2m:[0m reuse idle connection for ("http", 192.168.0.14:8545)
[2m2025-12-10T12:17:46.976931Z[0m [34mDEBUG[0m [2mhyper::proto::h1::io[0m[2m:[0m flushed 172 bytes
[2m2025-12-10T12:17:46.983126Z[0m [34mDEBUG[0m [2mhyper::proto::h1::io[0m[2m:[0m parsed 4 headers
[2m2025-12-10T12:17:46.983134Z[0m [34mDEBUG[0m [2mhyper::proto::h1::conn[0m[2m:[0m incoming body is content-length (847 bytes)
[2m2025-12-10T12:17:46.983146Z[0m [34mDEBUG[0m [2mhyper::proto::h1::conn[0m[2m:[0m incoming body completed
[2m2025-12-10T12:17:46.983166Z[0m [34mDEBUG[0m [2mhyper::client::pool[0m[2m:[0m pooling idle connection for ("http", 192.168.0.14:8545)
[2m2025-12-10T12:17:46.983177Z[0m [34mDEBUG[0m [2methereum_transaction_pool_monitor::eth_client[0m[2m:[0m 📡 Transaction fetch RPC completed in 6.687917ms
[2m2025-12-10T12:17:46.983226Z[0m [34mDEBUG[0m [2methereum_transaction_pool_monitor::eth_client[0m[2m:[0m DeFi transaction detected - Address: 0xdac17f958d2ee523a2206206994597c13d831ec7, Type: Stablecoin, Value: 0 ETH, Gas: 1.16 Gwei
[2m2025-12-10T12:17:46.983270Z[0m [34mDEBUG[0m [2methereum_transaction_pool_monitor::eth_client[0m[2m:[0m ✅ Transaction 0xee5f05d3538ec990aa178ea469652925b98b436adf15c50fd17e6111f490ffa6 fetched and parsed in 6.781334ms
[2m2025-12-10T12:17:46.983285Z[0m [34mDEBUG[0m [2methereum_transaction_pool_monitor::mempool_monitor[0m[2m:[0m 🔍 Skipping tx 0xee5f05d3538ec990aa178ea469652925b98b436adf15c50fd17e6111f490ffa6 - not a DEX interaction (target: 0xdAC17F958D2ee523a2206206994597C13D831ec7)
[2m2025-12-10T12:17:46.983330Z[0m [34mDEBUG[0m [2methereum_transaction_pool_monitor::mempool_monitor[0m[2m:[0m 📨 Processing new pending transaction: 0x9e3d74955f387cca1b3370c0c06e0a0a82656488378cbd29c3baa2e2e8354a26
[2m2025-12-10T12:17:46.983339Z[0m [34mDEBUG[0m [2methereum_transaction_pool_monitor::mempool_monitor[0m[2m:[0m 🔍 Fetching transaction details for: 0x9e3d74955f387cca1b3370c0c06e0a0a82656488378cbd29c3baa2e2e8354a26
[2m2025-12-10T12:17:46.983347Z[0m [34mDEBUG[0m [2methereum_transaction_pool_monitor::eth_client[0m[2m:[0m 🔍 Fetching transaction details for hash: 0x9e3d74955f387cca1b3370c0c06e0a0a82656488378cbd29c3baa2e2e8354a26
[2m2025-12-10T12:17:46.983383Z[0m [34mDEBUG[0m [2mhyper::client::pool[0m[2m:[0m reuse idle connection for ("http", 192.168.0.14:8545)
[2m2025-12-10T12:17:46.983418Z[0m [34mDEBUG[0m [2mhyper::proto::h1::io[0m[2m:[0m flushed 250 bytes
[2m2025-12-10T12:17:46.983874Z[0m [34mDEBUG[0m [2mhyper::proto::h1::io[0m[2m:[0m parsed 4 headers
[2m2025-12-10T12:17:46.983881Z[0m [34mDEBUG[0m [2mhyper::proto::h1::conn[0m[2m:[0m incoming body is content-length (45 bytes)
[2m2025-12-10T12:17:46.983890Z[0m [34mDEBUG[0m [2mhyper::proto::h1::conn[0m[2m:[0m incoming body completed
[2m2025-12-10T12:17:46.983904Z[0m [34mDEBUG[0m [2mhyper::client::pool[0m[2m:[0m pooling idle connection for ("http", 192.168.0.14:8545)
[2m2025-12-10T12:17:46.983953Z[0m [34mDEBUG[0m [2mhyper::client::pool[0m[2m:[0m reuse idle connection for ("http", 192.168.0.14:8545)
[2m2025-12-10T12:17:46.983984Z[0m [34mDEBUG[0m [2mhyper::proto::h1::io[0m[2m:[0m flushed 172 bytes
[2m2025-12-10T12:17:46.987175Z[0m [34mDEBUG[0m [2mhyper::proto::h1::io[0m[2m:[0m parsed 4 headers
[2m2025-12-10T12:17:46.987181Z[0m [34mDEBUG[0m [2mhyper::proto::h1::conn[0m[2m:[0m incoming body is content-length (719 bytes)
[2m2025-12-10T12:17:46.987190Z[0m [34mDEBUG[0m [2mhyper::proto::h1::conn[0m[2m:[0m incoming body completed
[2m2025-12-10T12:17:46.987204Z[0m [34mDEBUG[0m [2mhyper::client::pool[0m[2m:[0m pooling idle connection for ("http", 192.168.0.14:8545)
[2m2025-12-10T12:17:46.987213Z[0m [34mDEBUG[0m [2methereum_transaction_pool_monitor::eth_client[0m[2m:[0m 📡 Transaction fetch RPC completed in 3.857416ms
[2m2025-12-10T12:17:47.180121Z[0m [34mDEBUG[0m [2methereum_transaction_pool_monitor::eth_client[0m[2m:[0m ✅ Transaction 0x9e3d74955f387cca1b3370c0c06e0a0a82656488378cbd29c3baa2e2e8354a26 fetched and parsed in 196.759333ms
[2m2025-12-10T12:17:47.180175Z[0m [34mDEBUG[0m [2methereum_transaction_pool_monitor::mempool_monitor[0m[2m:[0m 🔍 Skipping tx 0x9e3d74955f387cca1b3370c0c06e0a0a82656488378cbd29c3baa2e2e8354a26 - not a DEX interaction (target: 0xA5cC1546699A58E44b899D4eE9418cB6ab394dA5)
[2m2025-12-10T12:17:47.180237Z[0m [34mDEBUG[0m [2methereum_transaction_pool_monitor::mempool_monitor[0m[2m:[0m 📨 Processing new pending transaction: 0xa4b2c58927df3abb8a1a02fbf7ba37dc98a83ada1fc97bd297062ede04bdd8b0
[2m2025-12-10T12:17:47.180249Z[0m [34mDEBUG[0m [2methereum_transaction_pool_monitor::mempool_monitor[0m[2m:[0m 🔍 Fetching transaction details for: 0xa4b2c58927df3abb8a1a02fbf7ba37dc98a83ada1fc97bd297062ede04bdd8b0
[2m2025-12-10T12:17:47.180258Z[0m [34mDEBUG[0m [2methereum_transaction_pool_monitor::eth_client[0m[2m:[0m 🔍 Fetching transaction details for hash: 0xa4b2c58927df3abb8a1a02fbf7ba37dc98a83ada1fc97bd297062ede04bdd8b0
[2m2025-12-10T12:17:47.180352Z[0m [34mDEBUG[0m [2mhyper::client::pool[0m[2m:[0m reuse idle connection for ("http", 192.168.0.14:8545)
[2m2025-12-10T12:17:47.180456Z[0m [34mDEBUG[0m [2mhyper::proto::h1::io[0m[2m:[0m flushed 250 bytes
[2m2025-12-10T12:17:47.180512Z[0m [34mDEBUG[0m [2methereum_transaction_pool_monitor::eth_client[0m[2m:[0m 📨 Received WebSocket message: {"jsonrpc":"2.0","method":"eth_subscription","params":{"subscription":"0xb60af543a4ead1cf1df939ac89b7e704","result":"0x258ef694da6094b96939440ec3a19d40d88c3e6e43f9a08e1537407c65f51512"}}
[2m2025-12-10T12:17:47.180531Z[0m [34mDEBUG[0m [2mhyper::proto::h1::io[0m[2m:[0m parsed 4 headers
[2m2025-12-10T12:17:47.180534Z[0m [34mDEBUG[0m [2methereum_transaction_pool_monitor::eth_client[0m[2m:[0m 📨 Received pending transaction: 0x258ef694da6094b96939440ec3a19d40d88c3e6e43f9a08e1537407c65f51512
[2m2025-12-10T12:17:47.180548Z[0m [34mDEBUG[0m [2mhyper::proto::h1::conn[0m[2m:[0m incoming body is content-length (45 bytes)
[2m2025-12-10T12:17:47.180558Z[0m [34mDEBUG[0m [2methereum_transaction_pool_monitor::eth_client[0m[2m:[0m 📨 Received WebSocket message: {"jsonrpc":"2.0","method":"eth_subscription","params":{"subscription":"0xb60af543a4ead1cf1df939ac89b7e704","result":"0xc2be2a58157a289b693a18b210f64a811e79227612ffb16799eaf4d99e44b037"}}
[2m2025-12-10T12:17:47.180566Z[0m [34mDEBUG[0m [2mhyper::proto::h1::conn[0m[2m:[0m incoming body completed
[2m2025-12-10T12:17:47.180579Z[0m [34mDEBUG[0m [2methereum_transaction_pool_monitor::eth_client[0m[2m:[0m 📨 Received pending transaction: 0xc2be2a58157a289b693a18b210f64a811e79227612ffb16799eaf4d99e44b037
[2m2025-12-10T12:17:47.180612Z[0m [34mDEBUG[0m [2mhyper::client::pool[0m[2m:[0m pooling idle connection for ("http", 192.168.0.14:8545)
[2m2025-12-10T12:17:47.180686Z[0m [34mDEBUG[0m [2mhyper::client::pool[0m[2m:[0m reuse idle connection for ("http", 192.168.0.14:8545)
[2m2025-12-10T12:17:47.180745Z[0m [34mDEBUG[0m [2mhyper::proto::h1::io[0m[2m:[0m flushed 172 bytes
[2m2025-12-10T12:17:47.184586Z[0m [34mDEBUG[0m [2mhyper::proto::h1::io[0m[2m:[0m parsed 4 headers
[2m2025-12-10T12:17:47.184595Z[0m [34mDEBUG[0m [2mhyper::proto::h1::conn[0m[2m:[0m incoming body is content-length (749 bytes)
[2m2025-12-10T12:17:47.184607Z[0m [34mDEBUG[0m [2mhyper::proto::h1::conn[0m[2m:[0m incoming body completed
[2m2025-12-10T12:17:47.184628Z[0m [34mDEBUG[0m [2mhyper::client::pool[0m[2m:[0m pooling idle connection for ("http", 192.168.0.14:8545)
[2m2025-12-10T12:17:47.184640Z[0m [34mDEBUG[0m [2methereum_transaction_pool_monitor::eth_client[0m[2m:[0m 📡 Transaction fetch RPC completed in 4.372417ms
[2m2025-12-10T12:17:47.184679Z[0m [34mDEBUG[0m [2methereum_transaction_pool_monitor::eth_client[0m[2m:[0m DeFi transaction detected - Address: 0xdac17f958d2ee523a2206206994597c13d831ec7, Type: Stablecoin, Value: 0 ETH, Gas: 1.00 Gwei
[2m2025-12-10T12:17:47.184722Z[0m [34mDEBUG[0m [2methereum_transaction_pool_monitor::eth_client[0m[2m:[0m ✅ Transaction 0xa4b2c58927df3abb8a1a02fbf7ba37dc98a83ada1fc97bd297062ede04bdd8b0 fetched and parsed in 4.454125ms
[2m2025-12-10T12:17:47.184739Z[0m [34mDEBUG[0m [2methereum_transaction_pool_monitor::mempool_monitor[0m[2m:[0m 🔍 Skipping tx 0xa4b2c58927df3abb8a1a02fbf7ba37dc98a83ada1fc97bd297062ede04bdd8b0 - not a DEX interaction (target: 0xdAC17F958D2ee523a2206206994597C13D831ec7)
[2m2025-12-10T12:17:47.184792Z[0m [34mDEBUG[0m [2methereum_transaction_pool_monitor::mempool_monitor[0m[2m:[0m 📨 Processing new pending transaction: 0x19b29a22a74d671fe7b44d22d846f69441a6d0e4dd71b82149e81669213c42c7
[2m2025-12-10T12:17:47.184801Z[0m [34mDEBUG[0m [2methereum_transaction_pool_monitor::mempool_monitor[0m[2m:[0m 🔍 Fetching transaction details for: 0x19b29a22a74d671fe7b44d22d846f69441a6d0e4dd71b82149e81669213c42c7
[2m2025-12-10T12:17:47.184810Z[0m [34mDEBUG[0m [2methereum_transaction_pool_monitor::eth_client[0m[2m:[0m 🔍 Fetching transaction details for hash: 0x19b29a22a74d671fe7b44d22d846f69441a6d0e4dd71b82149e81669213c42c7
[2m2025-12-10T12:17:47.184848Z[0m [34mDEBUG[0m [2mhyper::client::pool[0m[2m:[0m reuse idle connection for ("http", 192.168.0.14:8545)
[2m2025-12-10T12:17:47.184890Z[0m [34mDEBUG[0m [2mhyper::proto::h1::io[0m[2m:[0m flushed 250 bytes
[2m2025-12-10T12:17:47.185077Z[0m [34mDEBUG[0m [2mhyper::proto::h1::io[0m[2m:[0m parsed 4 headers
[2m2025-12-10T12:17:47.185084Z[0m [34mDEBUG[0m [2mhyper::proto::h1::conn[0m[2m:[0m incoming body is content-length (45 bytes)
[2m2025-12-10T12:17:47.185094Z[0m [34mDEBUG[0m [2mhyper::proto::h1::conn[0m[2m:[0m incoming body completed
[2m2025-12-10T12:17:47.185431Z[0m [34mDEBUG[0m [2mhyper::client::pool[0m[2m:[0m pooling idle connection for ("http", 192.168.0.14:8545)
[2m2025-12-10T12:17:47.185480Z[0m [34mDEBUG[0m [2mhyper::client::pool[0m[2m:[0m reuse idle connection for ("http", 192.168.0.14:8545)
[2m2025-12-10T12:17:47.185519Z[0m [34mDEBUG[0m [2mhyper::proto::h1::io[0m[2m:[0m flushed 172 bytes
[2m2025-12-10T12:17:47.189053Z[0m [34mDEBUG[0m [2mhyper::proto::h1::io[0m[2m:[0m parsed 4 headers
[2m2025-12-10T12:17:47.189898Z[0m [34mDEBUG[0m [2mhyper::proto::h1::conn[0m[2m:[0m incoming body is content-length (1232 bytes)
[2m2025-12-10T12:17:47.189910Z[0m [34mDEBUG[0m [2mhyper::proto::h1::conn[0m[2m:[0m incoming body completed
[2m2025-12-10T12:17:47.189929Z[0m [34mDEBUG[0m [2mhyper::client::pool[0m[2m:[0m pooling idle connection for ("http", 192.168.0.14:8545)
[2m2025-12-10T12:17:47.189942Z[0m [34mDEBUG[0m [2methereum_transaction_pool_monitor::eth_client[0m[2m:[0m 📡 Transaction fetch RPC completed in 5.123625ms
[2m2025-12-10T12:17:47.380921Z[0m [34mDEBUG[0m [2methereum_transaction_pool_monitor::eth_client[0m[2m:[0m ✅ Transaction 0x19b29a22a74d671fe7b44d22d846f69441a6d0e4dd71b82149e81669213c42c7 fetched and parsed in 196.09975ms
[2m2025-12-10T12:17:47.380969Z[0m [34mDEBUG[0m [2methereum_transaction_pool_monitor::mempool_monitor[0m[2m:[0m 🔍 Skipping tx 0x19b29a22a74d671fe7b44d22d846f69441a6d0e4dd71b82149e81669213c42c7 - not a DEX interaction (target: 0xEff6cb8b614999d130E537751Ee99724D01aA167)
[2m2025-12-10T12:17:47.381029Z[0m [34mDEBUG[0m [2methereum_transaction_pool_monitor::mempool_monitor[0m[2m:[0m 📨 Processing new pending transaction: 0x73f154445390d9a43e273be275ea84d78b1f06f358b0bccc72e75e7100f7b18b
[2m2025-12-10T12:17:47.381043Z[0m [34mDEBUG[0m [2methereum_transaction_pool_monitor::mempool_monitor[0m[2m:[0m 🔍 Fetching transaction details for: 0x73f154445390d9a43e273be275ea84d78b1f06f358b0bccc72e75e7100f7b18b
[2m2025-12-10T12:17:47.381052Z[0m [34mDEBUG[0m [2methereum_transaction_pool_monitor::eth_client[0m[2m:[0m 🔍 Fetching transaction details for hash: 0x73f154445390d9a43e273be275ea84d78b1f06f358b0bccc72e75e7100f7b18b
[2m2025-12-10T12:17:47.381135Z[0m [34mDEBUG[0m [2mhyper::client::pool[0m[2m:[0m reuse idle connection for ("http", 192.168.0.14:8545)
[2m2025-12-10T12:17:47.381237Z[0m [34mDEBUG[0m [2mhyper::proto::h1::io[0m[2m:[0m flushed 250 bytes
[2m2025-12-10T12:17:47.381285Z[0m [34mDEBUG[0m [2mhyper::proto::h1::io[0m[2m:[0m parsed 4 headers
[2m2025-12-10T12:17:47.381292Z[0m [34mDEBUG[0m [2mhyper::proto::h1::conn[0m[2m:[0m incoming body is content-length (45 bytes)
[2m2025-12-10T12:17:47.381306Z[0m [34mDEBUG[0m [2mhyper::proto::h1::conn[0m[2m:[0m incoming body completed
[2m2025-12-10T12:17:47.381334Z[0m [34mDEBUG[0m [2mhyper::client::pool[0m[2m:[0m pooling idle connection for ("http", 192.168.0.14:8545)
[2m2025-12-10T12:17:47.381399Z[0m [34mDEBUG[0m [2mhyper::client::pool[0m[2m:[0m reuse idle connection for ("http", 192.168.0.14:8545)
[2m2025-12-10T12:17:47.381447Z[0m [34mDEBUG[0m [2mhyper::proto::h1::io[0m[2m:[0m flushed 172 bytes
[2m2025-12-10T12:17:47.384182Z[0m [34mDEBUG[0m [2mhyper::proto::h1::io[0m[2m:[0m parsed 4 headers
[2m2025-12-10T12:17:47.384195Z[0m [34mDEBUG[0m [2mhyper::proto::h1::conn[0m[2m:[0m incoming body is content-length (1422 bytes)
[2m2025-12-10T12:17:47.384230Z[0m [34mDEBUG[0m [2methereum_transaction_pool_monitor::eth_client[0m[2m:[0m 📡 Transaction fetch RPC completed in 3.169167ms
[2m2025-12-10T12:17:47.385051Z[0m [34mDEBUG[0m [2mhyper::proto::h1::conn[0m[2m:[0m incoming body completed
[2m2025-12-10T12:17:47.385082Z[0m [34mDEBUG[0m [2mhyper::client::pool[0m[2m:[0m pooling idle connection for ("http", 192.168.0.14:8545)
[2m2025-12-10T12:17:47.385325Z[0m [34mDEBUG[0m [2mhyper::proto::h1::io[0m[2m:[0m parsed 4 headers
[2m2025-12-10T12:17:47.385332Z[0m [34mDEBUG[0m [2mhyper::proto::h1::conn[0m[2m:[0m incoming body is content-length (45 bytes)
[2m2025-12-10T12:17:47.385342Z[0m [34mDEBUG[0m [2mhyper::proto::h1::conn[0m[2m:[0m incoming body completed
[2m2025-12-10T12:17:47.385356Z[0m [34mDEBUG[0m [2mhyper::client::pool[0m[2m:[0m pooling idle connection for ("http", 192.168.0.14:8545)
[2m2025-12-10T12:17:47.385404Z[0m [34mDEBUG[0m [2mhyper::client::pool[0m[2m:[0m reuse idle connection for ("http", 192.168.0.14:8545)
[2m2025-12-10T12:17:47.385436Z[0m [34mDEBUG[0m [2mhyper::proto::h1::io[0m[2m:[0m flushed 172 bytes
[2m2025-12-10T12:17:47.389298Z[0m [34mDEBUG[0m [2mhyper::proto::h1::io[0m[2m:[0m parsed 4 headers
[2m2025-12-10T12:17:47.389308Z[0m [34mDEBUG[0m [2mhyper::proto::h1::conn[0m[2m:[0m incoming body is content-length (45 bytes)
[2m2025-12-10T12:17:47.389320Z[0m [34mDEBUG[0m [2mhyper::proto::h1::conn[0m[2m:[0m incoming body completed
[2m2025-12-10T12:17:47.389338Z[0m [34mDEBUG[0m [2mhyper::client::pool[0m[2m:[0m pooling idle connection for ("http", 192.168.0.14:8545)
[2m2025-12-10T12:17:47.389388Z[0m [34mDEBUG[0m [2mhyper::client::pool[0m[2m:[0m reuse idle connection for ("http", 192.168.0.14:8545)
[2m2025-12-10T12:17:47.389422Z[0m [34mDEBUG[0m [2mhyper::proto::h1::io[0m[2m:[0m flushed 172 bytes
[2m2025-12-10T12:17:47.394316Z[0m [34mDEBUG[0m [2mhyper::proto::h1::io[0m[2m:[0m parsed 4 headers
[2m2025-12-10T12:17:47.394326Z[0m [34mDEBUG[0m [2mhyper::proto::h1::conn[0m[2m:[0m incoming body is content-length (45 bytes)
[2m2025-12-10T12:17:47.394338Z[0m [34mDEBUG[0m [2mhyper::proto::h1::conn[0m[2m:[0m incoming body completed
[2m2025-12-10T12:17:47.394355Z[0m [34mDEBUG[0m [2mhyper::client::pool[0m[2m:[0m pooling idle connection for ("http", 192.168.0.14:8545)
[2m2025-12-10T12:17:47.394407Z[0m [34mDEBUG[0m [2mhyper::client::pool[0m[2m:[0m reuse idle connection for ("http", 192.168.0.14:8545)
[2m2025-12-10T12:17:47.394441Z[0m [34mDEBUG[0m [2mhyper::proto::h1::io[0m[2m:[0m flushed 172 bytes
[2m2025-12-10T12:17:47.398908Z[0m [34mDEBUG[0m [2mhyper::proto::h1::io[0m[2m:[0m parsed 4 headers
[2m2025-12-10T12:17:47.398917Z[0m [34mDEBUG[0m [2mhyper::proto::h1::conn[0m[2m:[0m incoming body is content-length (45 bytes)
[2m2025-12-10T12:17:47.398927Z[0m [34mDEBUG[0m [2mhyper::proto::h1::conn[0m[2m:[0m incoming body completed
[2m2025-12-10T12:17:47.398941Z[0m [34mDEBUG[0m [2mhyper::client::pool[0m[2m:[0m pooling idle connection for ("http", 192.168.0.14:8545)
[2m2025-12-10T12:17:47.448114Z[0m [34mDEBUG[0m [2mhyper::client::pool[0m[2m:[0m reuse idle connection for ("http", 192.168.0.14:8545)
[2m2025-12-10T12:17:47.448261Z[0m [34mDEBUG[0m [2mhyper::proto::h1::io[0m[2m:[0m flushed 172 bytes
[2m2025-12-10T12:17:47.451966Z[0m [34mDEBUG[0m [2mhyper::proto::h1::io[0m[2m:[0m parsed 4 headers
[2m2025-12-10T12:17:47.451976Z[0m [34mDEBUG[0m [2mhyper::proto::h1::conn[0m[2m:[0m incoming body is content-length (45 bytes)
[2m2025-12-10T12:17:47.451992Z[0m [34mDEBUG[0m [2mhyper::proto::h1::conn[0m[2m:[0m incoming body completed
[2m2025-12-10T12:17:47.452017Z[0m [34mDEBUG[0m [2mhyper::client::pool[0m[2m:[0m pooling idle connection for ("http", 192.168.0.14:8545)
[2m2025-12-10T12:17:47.548172Z[0m [34mDEBUG[0m [2mhyper::client::pool[0m[2m:[0m reuse idle connection for ("http", 192.168.0.14:8545)
[2m2025-12-10T12:17:47.548272Z[0m [34mDEBUG[0m [2mhyper::proto::h1::io[0m[2m:[0m flushed 172 bytes
[2m2025-12-10T12:17:47.551291Z[0m [34mDEBUG[0m [2mhyper::proto::h1::io[0m[2m:[0m parsed 4 headers
[2m2025-12-10T12:17:47.551301Z[0m [34mDEBUG[0m [2mhyper::proto::h1::conn[0m[2m:[0m incoming body is content-length (45 bytes)
[2m2025-12-10T12:17:47.551317Z[0m [34mDEBUG[0m [2mhyper::proto::h1::conn[0m[2m:[0m incoming body completed
[2m2025-12-10T12:17:47.551346Z[0m [34mDEBUG[0m [2mhyper::client::pool[0m[2m:[0m pooling idle connection for ("http", 192.168.0.14:8545)
[2m2025-12-10T12:17:47.573023Z[0m [34mDEBUG[0m [2methereum_transaction_pool_monitor::eth_client[0m[2m:[0m ✅ Transaction 0x73f154445390d9a43e273be275ea84d78b1f06f358b0bccc72e75e7100f7b18b fetched and parsed in 191.957125ms
[2m2025-12-10T12:17:47.573069Z[0m [34mDEBUG[0m [2methereum_transaction_pool_monitor::mempool_monitor[0m[2m:[0m 🔍 Skipping tx 0x73f154445390d9a43e273be275ea84d78b1f06f358b0bccc72e75e7100f7b18b - not a DEX interaction (target: 0x44e37608f744A7AEB16f7dC9BF052c310e6CD015)
[2m2025-12-10T12:17:47.573134Z[0m [34mDEBUG[0m [2methereum_transaction_pool_monitor::mempool_monitor[0m[2m:[0m 📨 Processing new pending transaction: 0x61e87045c2a4189ddd5f070c6a2a9caf6e9161684bb73dc78f770fb7732c8fb8
[2m2025-12-10T12:17:47.573146Z[0m [34mDEBUG[0m [2methereum_transaction_pool_monitor::mempool_monitor[0m[2m:[0m 🔍 Fetching transaction details for: 0x61e87045c2a4189ddd5f070c6a2a9caf6e9161684bb73dc78f770fb7732c8fb8
[2m2025-12-10T12:17:47.573156Z[0m [34mDEBUG[0m [2methereum_transaction_pool_monitor::eth_client[0m[2m:[0m 🔍 Fetching transaction details for hash: 0x61e87045c2a4189ddd5f070c6a2a9caf6e9161684bb73dc78f770fb7732c8fb8
[2m2025-12-10T12:17:47.573253Z[0m [34mDEBUG[0m [2mhyper::client::pool[0m[2m:[0m reuse idle connection for ("http", 192.168.0.14:8545)
[2m2025-12-10T12:17:47.573355Z[0m [34mDEBUG[0m [2mhyper::proto::h1::io[0m[2m:[0m flushed 250 bytes
[2m2025-12-10T12:17:47.576472Z[0m [34mDEBUG[0m [2mhyper::proto::h1::io[0m[2m:[0m parsed 4 headers
[2m2025-12-10T12:17:47.576480Z[0m [34mDEBUG[0m [2mhyper::proto::h1::conn[0m[2m:[0m incoming body is content-length (720 bytes)
[2m2025-12-10T12:17:47.576496Z[0m [34mDEBUG[0m [2mhyper::proto::h1::conn[0m[2m:[0m incoming body completed
[2m2025-12-10T12:17:47.576520Z[0m [34mDEBUG[0m [2mhyper::client::pool[0m[2m:[0m pooling idle connection for ("http", 192.168.0.14:8545)
[2m2025-12-10T12:17:47.576534Z[0m [34mDEBUG[0m [2methereum_transaction_pool_monitor::eth_client[0m[2m:[0m 📡 Transaction fetch RPC completed in 3.369041ms
[2m2025-12-10T12:17:47.764717Z[0m [34mDEBUG[0m [2methereum_transaction_pool_monitor::eth_client[0m[2m:[0m ✅ Transaction 0x61e87045c2a4189ddd5f070c6a2a9caf6e9161684bb73dc78f770fb7732c8fb8 fetched and parsed in 191.547458ms
[2m2025-12-10T12:17:47.764764Z[0m [34mDEBUG[0m [2methereum_transaction_pool_monitor::mempool_monitor[0m[2m:[0m 🔍 Skipping tx 0x61e87045c2a4189ddd5f070c6a2a9caf6e9161684bb73dc78f770fb7732c8fb8 - not a DEX interaction (target: 0xB685760EBD368a891F27ae547391F4E2A289895b)
[2m2025-12-10T12:17:47.764836Z[0m [34mDEBUG[0m [2methereum_transaction_pool_monitor::mempool_monitor[0m[2m:[0m 📨 Processing new pending transaction: 0x3331783de87767441f1aa127f8f2a8edc7fb5748b083beadc88dbeb6fe7d572d
[2m2025-12-10T12:17:47.764847Z[0m [34mDEBUG[0m [2methereum_transaction_pool_monitor::mempool_monitor[0m[2m:[0m 🔍 Fetching transaction details for: 0x3331783de87767441f1aa127f8f2a8edc7fb5748b083beadc88dbeb6fe7d572d
[2m2025-12-10T12:17:47.764856Z[0m [34mDEBUG[0m [2methereum_transaction_pool_monitor::eth_client[0m[2m:[0m 🔍 Fetching transaction details for hash: 0x3331783de87767441f1aa127f8f2a8edc7fb5748b083beadc88dbeb6fe7d572d
[2m2025-12-10T12:17:47.764936Z[0m [34mDEBUG[0m [2mhyper::client::pool[0m[2m:[0m reuse idle connection for ("http", 192.168.0.14:8545)
[2m2025-12-10T12:17:47.765024Z[0m [34mDEBUG[0m [2mhyper::proto::h1::io[0m[2m:[0m flushed 250 bytes
[2m2025-12-10T12:17:47.765083Z[0m [34mDEBUG[0m [2mhyper::client::pool[0m[2m:[0m reuse idle connection for ("http", 192.168.0.14:8545)
[2m2025-12-10T12:17:47.765083Z[0m [34mDEBUG[0m [2methereum_transaction_pool_monitor::eth_client[0m[2m:[0m 📨 Received WebSocket message: {"jsonrpc":"2.0","method":"eth_subscription","params":{"subscription":"0xb60af543a4ead1cf1df939ac89b7e704","result":"0x3a076c9e7a59af56b79b0c025bd82f42f016d84c5f1cd5ffd64cc2c1f1df63d3"}}
[2m2025-12-10T12:17:47.765109Z[0m [34mDEBUG[0m [2methereum_transaction_pool_monitor::eth_client[0m[2m:[0m 📨 Received pending transaction: 0x3a076c9e7a59af56b79b0c025bd82f42f016d84c5f1cd5ffd64cc2c1f1df63d3
[2m2025-12-10T12:17:47.765114Z[0m [34mDEBUG[0m [2mhyper::proto::h1::io[0m[2m:[0m flushed 172 bytes
[2m2025-12-10T12:17:47.765125Z[0m [34mDEBUG[0m [2methereum_transaction_pool_monitor::eth_client[0m[2m:[0m 📨 Received WebSocket message: {"jsonrpc":"2.0","method":"eth_subscription","params":{"subscription":"0xb60af543a4ead1cf1df939ac89b7e704","result":"0xcc754b14672cad4cfb1417be5a8dfd92b40ec91456093300dfb4afd41125596a"}}
[2m2025-12-10T12:17:47.765142Z[0m [34mDEBUG[0m [2methereum_transaction_pool_monitor::eth_client[0m[2m:[0m 📨 Received pending transaction: 0xcc754b14672cad4cfb1417be5a8dfd92b40ec91456093300dfb4afd41125596a
[2m2025-12-10T12:17:47.765154Z[0m [34mDEBUG[0m [2methereum_transaction_pool_monitor::eth_client[0m[2m:[0m 📨 Received WebSocket message: {"jsonrpc":"2.0","method":"eth_subscription","params":{"subscription":"0xb60af543a4ead1cf1df939ac89b7e704","result":"0x181c05c233f4b4823a4800182100ad384e21ca527fbf9ceb10750b87be0c7cca"}}
[2m2025-12-10T12:17:47.765170Z[0m [34mDEBUG[0m [2methereum_transaction_pool_monitor::eth_client[0m[2m:[0m 📨 Received pending transaction: 0x181c05c233f4b4823a4800182100ad384e21ca527fbf9ceb10750b87be0c7cca
[2m2025-12-10T12:17:47.769020Z[0m [34mDEBUG[0m [2mhyper::proto::h1::io[0m[2m:[0m parsed 4 headers
[2m2025-12-10T12:17:47.769031Z[0m [34mDEBUG[0m [2mhyper::proto::h1::conn[0m[2m:[0m incoming body is content-length (843 bytes)
[2m2025-12-10T12:17:47.769048Z[0m [34mDEBUG[0m [2mhyper::proto::h1::conn[0m[2m:[0m incoming body completed
[2m2025-12-10T12:17:47.769076Z[0m [34mDEBUG[0m [2mhyper::client::pool[0m[2m:[0m pooling idle connection for ("http", 192.168.0.14:8545)
[2m2025-12-10T12:17:47.769091Z[0m [34mDEBUG[0m [2methereum_transaction_pool_monitor::eth_client[0m[2m:[0m 📡 Transaction fetch RPC completed in 4.225791ms
[2m2025-12-10T12:17:47.769139Z[0m [34mDEBUG[0m [2methereum_transaction_pool_monitor::eth_client[0m[2m:[0m DeFi transaction detected - Address: 0xdac17f958d2ee523a2206206994597c13d831ec7, Type: Stablecoin, Value: 0 ETH, Gas: 0.25 Gwei
[2m2025-12-10T12:17:47.769181Z[0m [34mDEBUG[0m [2methereum_transaction_pool_monitor::eth_client[0m[2m:[0m ✅ Transaction 0x3331783de87767441f1aa127f8f2a8edc7fb5748b083beadc88dbeb6fe7d572d fetched and parsed in 4.31575ms
[2m2025-12-10T12:17:47.769198Z[0m [34mDEBUG[0m [2methereum_transaction_pool_monitor::mempool_monitor[0m[2m:[0m 🔍 Skipping tx 0x3331783de87767441f1aa127f8f2a8edc7fb5748b083beadc88dbeb6fe7d572d - not a DEX interaction (target: 0xdAC17F958D2ee523a2206206994597C13D831ec7)
[2m2025-12-10T12:17:47.769246Z[0m [34mDEBUG[0m [2methereum_transaction_pool_monitor::mempool_monitor[0m[2m:[0m 📨 Processing new pending transaction: 0xbc7325e026f80dfb95f28393e3ae6dacfc15c0c0bd3c93db8723853def22fe41
[2m2025-12-10T12:17:47.769256Z[0m [34mDEBUG[0m [2methereum_transaction_pool_monitor::mempool_monitor[0m[2m:[0m 🔍 Fetching transaction details for: 0xbc7325e026f80dfb95f28393e3ae6dacfc15c0c0bd3c93db8723853def22fe41
[2m2025-12-10T12:17:47.769264Z[0m [34mDEBUG[0m [2methereum_transaction_pool_monitor::eth_client[0m[2m:[0m 🔍 Fetching transaction details for hash: 0xbc7325e026f80dfb95f28393e3ae6dacfc15c0c0bd3c93db8723853def22fe41
[2m2025-12-10T12:17:47.769300Z[0m [34mDEBUG[0m [2mhyper::client::pool[0m[2m:[0m reuse idle connection for ("http", 192.168.0.14:8545)
[2m2025-12-10T12:17:47.769333Z[0m [34mDEBUG[0m [2mhyper::proto::h1::io[0m[2m:[0m flushed 250 bytes
[2m2025-12-10T12:17:47.769508Z[0m [34mDEBUG[0m [2mhyper::proto::h1::io[0m[2m:[0m parsed 4 headers
[2m2025-12-10T12:17:47.769515Z[0m [34mDEBUG[0m [2mhyper::proto::h1::conn[0m[2m:[0m incoming body is content-length (45 bytes)
[2m2025-12-10T12:17:47.769525Z[0m [34mDEBUG[0m [2mhyper::proto::h1::conn[0m[2m:[0m incoming body completed
[2m2025-12-10T12:17:47.769540Z[0m [34mDEBUG[0m [2mhyper::client::pool[0m[2m:[0m pooling idle connection for ("http", 192.168.0.14:8545)
[2m2025-12-10T12:17:47.769581Z[0m [34mDEBUG[0m [2mhyper::client::pool[0m[2m:[0m reuse idle connection for ("http", 192.168.0.14:8545)
[2m2025-12-10T12:17:47.769611Z[0m [34mDEBUG[0m [2mhyper::proto::h1::io[0m[2m:[0m flushed 172 bytes
[2m2025-12-10T12:17:47.773297Z[0m [34mDEBUG[0m [2mhyper::proto::h1::io[0m[2m:[0m parsed 4 headers
[2m2025-12-10T12:17:47.773305Z[0m [34mDEBUG[0m [2mhyper::proto::h1::conn[0m[2m:[0m incoming body is content-length (45 bytes)
[2m2025-12-10T12:17:47.773317Z[0m [34mDEBUG[0m [2mhyper::proto::h1::conn[0m[2m:[0m incoming body completed
[2m2025-12-10T12:17:47.773334Z[0m [34mDEBUG[0m [2mhyper::client::pool[0m[2m:[0m pooling idle connection for ("http", 192.168.0.14:8545)
[2m2025-12-10T12:17:47.773373Z[0m [34mDEBUG[0m [2mhyper::proto::h1::io[0m[2m:[0m parsed 4 headers
[2m2025-12-10T12:17:47.773379Z[0m [34mDEBUG[0m [2mhyper::proto::h1::conn[0m[2m:[0m incoming body is content-length (816 bytes)
[2m2025-12-10T12:17:47.773388Z[0m [34mDEBUG[0m [2mhyper::proto::h1::conn[0m[2m:[0m incoming body completed
[2m2025-12-10T12:17:47.773401Z[0m [34mDEBUG[0m [2mhyper::client::pool[0m[2m:[0m pooling idle connection for ("http", 192.168.0.14:8545)
[2m2025-12-10T12:17:47.773411Z[0m [34mDEBUG[0m [2methereum_transaction_pool_monitor::eth_client[0m[2m:[0m 📡 Transaction fetch RPC completed in 4.138334ms
[2m2025-12-10T12:17:47.993628Z[0m [34mDEBUG[0m [2methereum_transaction_pool_monitor::eth_client[0m[2m:[0m ✅ Transaction 0xbc7325e026f80dfb95f28393e3ae6dacfc15c0c0bd3c93db8723853def22fe41 fetched and parsed in 224.349875ms
[2m2025-12-10T12:17:47.993684Z[0m [34mDEBUG[0m [2methereum_transaction_pool_monitor::mempool_monitor[0m[2m:[0m 🔍 Skipping tx 0xbc7325e026f80dfb95f28393e3ae6dacfc15c0c0bd3c93db8723853def22fe41 - not a DEX interaction (target: 0xB685760EBD368a891F27ae547391F4E2A289895b)
[2m2025-12-10T12:17:47.993746Z[0m [34mDEBUG[0m [2methereum_transaction_pool_monitor::mempool_monitor[0m[2m:[0m 📨 Processing new pending transaction: 0x162940cec84311f52847010cea469b1cfee0a52237212a347fe87c44469404d3
[2m2025-12-10T12:17:47.993757Z[0m [34mDEBUG[0m [2methereum_transaction_pool_monitor::mempool_monitor[0m[2m:[0m 🔍 Fetching transaction details for: 0x162940cec84311f52847010cea469b1cfee0a52237212a347fe87c44469404d3
[2m2025-12-10T12:17:47.993766Z[0m [34mDEBUG[0m [2methereum_transaction_pool_monitor::eth_client[0m[2m:[0m 🔍 Fetching transaction details for hash: 0x162940cec84311f52847010cea469b1cfee0a52237212a347fe87c44469404d3
[2m2025-12-10T12:17:47.993865Z[0m [34mDEBUG[0m [2mhyper::client::pool[0m[2m:[0m reuse idle connection for ("http", 192.168.0.14:8545)
[2m2025-12-10T12:17:47.993953Z[0m [34mDEBUG[0m [2mhyper::proto::h1::io[0m[2m:[0m flushed 250 bytes
[2m2025-12-10T12:17:47.994024Z[0m [34mDEBUG[0m [2mhyper::client::pool[0m[2m:[0m reuse idle connection for ("http", 192.168.0.14:8545)
[2m2025-12-10T12:17:47.994022Z[0m [34mDEBUG[0m [2methereum_transaction_pool_monitor::eth_client[0m[2m:[0m 📨 Received WebSocket message: {"jsonrpc":"2.0","method":"eth_subscription","params":{"subscription":"0xb60af543a4ead1cf1df939ac89b7e704","result":"0x5d8668ede18bccd87287ceae74d95b5db0f25c51d82c6a22362034dbe859bcb0"}}
[2m2025-12-10T12:17:47.994056Z[0m [34mDEBUG[0m [2methereum_transaction_pool_monitor::eth_client[0m[2m:[0m 📨 Received pending transaction: 0x5d8668ede18bccd87287ceae74d95b5db0f25c51d82c6a22362034dbe859bcb0
[2m2025-12-10T12:17:47.994061Z[0m [34mDEBUG[0m [2mhyper::proto::h1::io[0m[2m:[0m flushed 172 bytes
[2m2025-12-10T12:17:47.994068Z[0m [32m INFO[0m [2methereum_transaction_pool_monitor::eth_client[0m[2m:[0m 📊 WebSocket stats - Total: 326 transactions, Rate: 16.2 tx/s
[2m2025-12-10T12:17:48.029472Z[0m [34mDEBUG[0m [2mhyper::proto::h1::io[0m[2m:[0m parsed 4 headers
[2m2025-12-10T12:17:48.029515Z[0m [34mDEBUG[0m [2mhyper::proto::h1::conn[0m[2m:[0m incoming body is content-length (45 bytes)
[2m2025-12-10T12:17:48.029538Z[0m [34mDEBUG[0m [2mhyper::proto::h1::conn[0m[2m:[0m incoming body completed
[2m2025-12-10T12:17:48.029580Z[0m [34mDEBUG[0m [2mhyper::client::pool[0m[2m:[0m pooling idle connection for ("http", 192.168.0.14:8545)
[2m2025-12-10T12:17:48.029695Z[0m [34mDEBUG[0m [2mhyper::client::pool[0m[2m:[0m reuse idle connection for ("http", 192.168.0.14:8545)
[2m2025-12-10T12:17:48.029755Z[0m [34mDEBUG[0m [2mhyper::proto::h1::io[0m[2m:[0m flushed 172 bytes
[2m2025-12-10T12:17:48.029767Z[0m [34mDEBUG[0m [2mhyper::proto::h1::io[0m[2m:[0m parsed 4 headers
[2m2025-12-10T12:17:48.029779Z[0m [34mDEBUG[0m [2mhyper::proto::h1::conn[0m[2m:[0m incoming body is content-length (723 bytes)
[2m2025-12-10T12:17:48.029792Z[0m [34mDEBUG[0m [2mhyper::proto::h1::conn[0m[2m:[0m incoming body completed
[2m2025-12-10T12:17:48.029815Z[0m [34mDEBUG[0m [2mhyper::client::pool[0m[2m:[0m pooling idle connection for ("http", 192.168.0.14:8545)
[2m2025-12-10T12:17:48.029830Z[0m [34mDEBUG[0m [2methereum_transaction_pool_monitor::eth_client[0m[2m:[0m 📡 Transaction fetch RPC completed in 36.054041ms
[2m2025-12-10T12:17:48.039324Z[0m [34mDEBUG[0m [2mhyper::proto::h1::io[0m[2m:[0m parsed 4 headers
[2m2025-12-10T12:17:48.039353Z[0m [34mDEBUG[0m [2mhyper::proto::h1::conn[0m[2m:[0m incoming body is content-length (45 bytes)
[2m2025-12-10T12:17:48.039373Z[0m [34mDEBUG[0m [2mhyper::proto::h1::conn[0m[2m:[0m incoming body completed
[2m2025-12-10T12:17:48.039409Z[0m [34mDEBUG[0m [2mhyper::client::pool[0m[2m:[0m pooling idle connection for ("http", 192.168.0.14:8545)
[2m2025-12-10T12:17:48.048553Z[0m [34mDEBUG[0m [2mhyper::client::pool[0m[2m:[0m reuse idle connection for ("http", 192.168.0.14:8545)
[2m2025-12-10T12:17:48.048635Z[0m [34mDEBUG[0m [2mhyper::proto::h1::io[0m[2m:[0m flushed 172 bytes
[2m2025-12-10T12:17:48.056378Z[0m [34mDEBUG[0m [2mhyper::proto::h1::io[0m[2m:[0m parsed 4 headers
[2m2025-12-10T12:17:48.056388Z[0m [34mDEBUG[0m [2mhyper::proto::h1::conn[0m[2m:[0m incoming body is content-length (45 bytes)
[2m2025-12-10T12:17:48.056403Z[0m [34mDEBUG[0m [2mhyper::proto::h1::conn[0m[2m:[0m incoming body completed
[2m2025-12-10T12:17:48.056429Z[0m [34mDEBUG[0m [2mhyper::client::pool[0m[2m:[0m pooling idle connection for ("http", 192.168.0.14:8545)
[2m2025-12-10T12:17:48.147242Z[0m [34mDEBUG[0m [2mhyper::client::pool[0m[2m:[0m reuse idle connection for ("http", 192.168.0.14:8545)
[2m2025-12-10T12:17:48.147351Z[0m [34mDEBUG[0m [2mhyper::proto::h1::io[0m[2m:[0m flushed 172 bytes
[2m2025-12-10T12:17:48.157310Z[0m [34mDEBUG[0m [2mhyper::proto::h1::io[0m[2m:[0m parsed 4 headers
[2m2025-12-10T12:17:48.157322Z[0m [34mDEBUG[0m [2mhyper::proto::h1::conn[0m[2m:[0m incoming body is content-length (45 bytes)
[2m2025-12-10T12:17:48.157341Z[0m [34mDEBUG[0m [2mhyper::proto::h1::conn[0m[2m:[0m incoming body completed
[2m2025-12-10T12:17:48.157373Z[0m [34mDEBUG[0m [2mhyper::client::pool[0m[2m:[0m pooling idle connection for ("http", 192.168.0.14:8545)
[2m2025-12-10T12:17:48.221006Z[0m [34mDEBUG[0m [2methereum_transaction_pool_monitor::eth_client[0m[2m:[0m ✅ Transaction 0x162940cec84311f52847010cea469b1cfee0a52237212a347fe87c44469404d3 fetched and parsed in 227.225ms
[2m2025-12-10T12:17:48.221053Z[0m [34mDEBUG[0m [2methereum_transaction_pool_monitor::mempool_monitor[0m[2m:[0m 🔍 Skipping tx 0x162940cec84311f52847010cea469b1cfee0a52237212a347fe87c44469404d3 - not a DEX interaction (target: 0x75d9585365fd92814370584d2D35c183b0561956)
[2m2025-12-10T12:17:48.221124Z[0m [34mDEBUG[0m [2methereum_transaction_pool_monitor::mempool_monitor[0m[2m:[0m 📨 Processing new pending transaction: 0x090baaf93d48d2cd8af710be58adb0ec619c92f3f5602979c3ec1719a150f7a8
[2m2025-12-10T12:17:48.221135Z[0m [34mDEBUG[0m [2methereum_transaction_pool_monitor::mempool_monitor[0m[2m:[0m 🔍 Fetching transaction details for: 0x090baaf93d48d2cd8af710be58adb0ec619c92f3f5602979c3ec1719a150f7a8
[2m2025-12-10T12:17:48.221145Z[0m [34mDEBUG[0m [2methereum_transaction_pool_monitor::eth_client[0m[2m:[0m 🔍 Fetching transaction details for hash: 0x090baaf93d48d2cd8af710be58adb0ec619c92f3f5602979c3ec1719a150f7a8
[2m2025-12-10T12:17:48.221232Z[0m [34mDEBUG[0m [2mhyper::client::pool[0m[2m:[0m reuse idle connection for ("http", 192.168.0.14:8545)
[2m2025-12-10T12:17:48.221297Z[0m [34mDEBUG[0m [2mhyper::proto::h1::io[0m[2m:[0m flushed 250 bytes
[2m2025-12-10T12:17:48.248593Z[0m [34mDEBUG[0m [2mhyper::client::pool[0m[2m:[0m reuse idle connection for ("http", 192.168.0.14:8545)
[2m2025-12-10T12:17:48.248649Z[0m [34mDEBUG[0m [2mhyper::proto::h1::io[0m[2m:[0m flushed 172 bytes
[2m2025-12-10T12:17:48.256560Z[0m [34mDEBUG[0m [2mhyper::proto::h1::io[0m[2m:[0m parsed 4 headers
[2m2025-12-10T12:17:48.256570Z[0m [34mDEBUG[0m [2mhyper::proto::h1::conn[0m[2m:[0m incoming body is content-length (841 bytes)
[2m2025-12-10T12:17:48.256590Z[0m [34mDEBUG[0m [2mhyper::proto::h1::conn[0m[2m:[0m incoming body completed
[2m2025-12-10T12:17:48.256628Z[0m [34mDEBUG[0m [2mhyper::client::pool[0m[2m:[0m pooling idle connection for ("http", 192.168.0.14:8545)
[2m2025-12-10T12:17:48.256645Z[0m [34mDEBUG[0m [2methereum_transaction_pool_monitor::eth_client[0m[2m:[0m 📡 Transaction fetch RPC completed in 35.491166ms
[2m2025-12-10T12:17:48.256707Z[0m [34mDEBUG[0m [2methereum_transaction_pool_monitor::eth_client[0m[2m:[0m DeFi transaction detected - Address: 0xdac17f958d2ee523a2206206994597c13d831ec7, Type: Stablecoin, Value: 0 ETH, Gas: 0.22 Gwei
[2m2025-12-10T12:17:48.256758Z[0m [34mDEBUG[0m [2methereum_transaction_pool_monitor::eth_client[0m[2m:[0m ✅ Transaction 0x090baaf93d48d2cd8af710be58adb0ec619c92f3f5602979c3ec1719a150f7a8 fetched and parsed in 35.605083ms
[2m2025-12-10T12:17:48.256776Z[0m [34mDEBUG[0m [2methereum_transaction_pool_monitor::mempool_monitor[0m[2m:[0m 🔍 Skipping tx 0x090baaf93d48d2cd8af710be58adb0ec619c92f3f5602979c3ec1719a150f7a8 - not a DEX interaction (target: 0xdAC17F958D2ee523a2206206994597C13D831ec7)
[2m2025-12-10T12:17:48.256832Z[0m [34mDEBUG[0m [2methereum_transaction_pool_monitor::mempool_monitor[0m[2m:[0m 📨 Processing new pending transaction: 0xa9bf4a7caf15a28bda4a3056bce9522ac59bb49bb507bc6e20d4234fcb7cb0eb
[2m2025-12-10T12:17:48.256841Z[0m [34mDEBUG[0m [2methereum_transaction_pool_monitor::mempool_monitor[0m[2m:[0m 🔍 Fetching transaction details for: 0xa9bf4a7caf15a28bda4a3056bce9522ac59bb49bb507bc6e20d4234fcb7cb0eb
[2m2025-12-10T12:17:48.256850Z[0m [34mDEBUG[0m [2methereum_transaction_pool_monitor::eth_client[0m[2m:[0m 🔍 Fetching transaction details for hash: 0xa9bf4a7caf15a28bda4a3056bce9522ac59bb49bb507bc6e20d4234fcb7cb0eb
[2m2025-12-10T12:17:48.256890Z[0m [34mDEBUG[0m [2mhyper::client::pool[0m[2m:[0m reuse idle connection for ("http", 192.168.0.14:8545)
[2m2025-12-10T12:17:48.256929Z[0m [34mDEBUG[0m [2mhyper::proto::h1::io[0m[2m:[0m flushed 250 bytes
[2m2025-12-10T12:17:48.274351Z[0m [34mDEBUG[0m [2mhyper::proto::h1::io[0m[2m:[0m parsed 4 headers
[2m2025-12-10T12:17:48.274380Z[0m [34mDEBUG[0m [2mhyper::proto::h1::conn[0m[2m:[0m incoming body is content-length (45 bytes)
[2m2025-12-10T12:17:48.274402Z[0m [34mDEBUG[0m [2mhyper::proto::h1::conn[0m[2m:[0m incoming body completed
[2m2025-12-10T12:17:48.274445Z[0m [34mDEBUG[0m [2mhyper::client::pool[0m[2m:[0m pooling idle connection for ("http", 192.168.0.14:8545)
[2m2025-12-10T12:17:48.295105Z[0m [34mDEBUG[0m [2mhyper::proto::h1::io[0m[2m:[0m parsed 4 headers
[2m2025-12-10T12:17:48.295150Z[0m [34mDEBUG[0m [2mhyper::proto::h1::conn[0m[2m:[0m incoming body is content-length (716 bytes)
[2m2025-12-10T12:17:48.295191Z[0m [34mDEBUG[0m [2mhyper::proto::h1::conn[0m[2m:[0m incoming body completed
[2m2025-12-10T12:17:48.295232Z[0m [34mDEBUG[0m [2mhyper::client::pool[0m[2m:[0m pooling idle connection for ("http", 192.168.0.14:8545)
[2m2025-12-10T12:17:48.295251Z[0m [34mDEBUG[0m [2methereum_transaction_pool_monitor::eth_client[0m[2m:[0m 📡 Transaction fetch RPC completed in 38.392417ms
[2m2025-12-10T12:17:48.487956Z[0m [34mDEBUG[0m [2methereum_transaction_pool_monitor::eth_client[0m[2m:[0m ✅ Transaction 0xa9bf4a7caf15a28bda4a3056bce9522ac59bb49bb507bc6e20d4234fcb7cb0eb fetched and parsed in 231.09425ms
[2m2025-12-10T12:17:48.488032Z[0m [34mDEBUG[0m [2methereum_transaction_pool_monitor::mempool_monitor[0m[2m:[0m 🔍 Skipping tx 0xa9bf4a7caf15a28bda4a3056bce9522ac59bb49bb507bc6e20d4234fcb7cb0eb - not a DEX interaction (target: 0x397e78c41C6bB30807e2543ECa0a2CDc6b3b27f7)
[2m2025-12-10T12:17:48.488106Z[0m [34mDEBUG[0m [2methereum_transaction_pool_monitor::mempool_monitor[0m[2m:[0m 📨 Processing new pending transaction: 0xebd89f843f1bf7403ef26fc8b1c8319bb6814c1e9f3678d27799b0a8a2785592
[2m2025-12-10T12:17:48.488116Z[0m [34mDEBUG[0m [2methereum_transaction_pool_monitor::mempool_monitor[0m[2m:[0m 🔍 Fetching transaction details for: 0xebd89f843f1bf7403ef26fc8b1c8319bb6814c1e9f3678d27799b0a8a2785592
[2m2025-12-10T12:17:48.488126Z[0m [34mDEBUG[0m [2methereum_transaction_pool_monitor::eth_client[0m[2m:[0m 🔍 Fetching transaction details for hash: 0xebd89f843f1bf7403ef26fc8b1c8319bb6814c1e9f3678d27799b0a8a2785592
[2m2025-12-10T12:17:48.488239Z[0m [34mDEBUG[0m [2mhyper::client::pool[0m[2m:[0m reuse idle connection for ("http", 192.168.0.14:8545)
[2m2025-12-10T12:17:48.488351Z[0m [34mDEBUG[0m [2mhyper::proto::h1::io[0m[2m:[0m flushed 250 bytes
[2m2025-12-10T12:17:48.488440Z[0m [34mDEBUG[0m [2mhyper::client::pool[0m[2m:[0m reuse idle connection for ("http", 192.168.0.14:8545)
[2m2025-12-10T12:17:48.488480Z[0m [34mDEBUG[0m [2mhyper::proto::h1::io[0m[2m:[0m flushed 172 bytes
[2m2025-12-10T12:17:48.750165Z[0m [34mDEBUG[0m [2mhyper::proto::h1::io[0m[2m:[0m parsed 4 headers
[2m2025-12-10T12:17:48.750442Z[0m [34mDEBUG[0m [2mhyper::proto::h1::conn[0m[2m:[0m incoming body is content-length (45 bytes)
[2m2025-12-10T12:17:48.750524Z[0m [34mDEBUG[0m [2mhyper::proto::h1::conn[0m[2m:[0m incoming body completed
[2m2025-12-10T12:17:48.750749Z[0m [34mDEBUG[0m [2mhyper::client::pool[0m[2m:[0m pooling idle connection for ("http", 192.168.0.14:8545)
[2m2025-12-10T12:17:48.751093Z[0m [34mDEBUG[0m [2mhyper::client::pool[0m[2m:[0m reuse idle connection for ("http", 192.168.0.14:8545)
[2m2025-12-10T12:17:48.751432Z[0m [34mDEBUG[0m [2mhyper::proto::h1::io[0m[2m:[0m flushed 172 bytes
[2m2025-12-10T12:17:48.751488Z[0m [34mDEBUG[0m [2mhyper::proto::h1::io[0m[2m:[0m parsed 4 headers
[2m2025-12-10T12:17:48.751530Z[0m [34mDEBUG[0m [2mhyper::proto::h1::conn[0m[2m:[0m incoming body is content-length (6156 bytes)
[2m2025-12-10T12:17:48.751644Z[0m [34mDEBUG[0m [2methereum_transaction_pool_monitor::eth_client[0m[2m:[0m 📡 Transaction fetch RPC completed in 263.506667ms
[2m2025-12-10T12:17:48.751939Z[0m [34mDEBUG[0m [2mhyper::proto::h1::conn[0m[2m:[0m incoming body completed
[2m2025-12-10T12:17:48.752077Z[0m [34mDEBUG[0m [2mhyper::client::pool[0m[2m:[0m pooling idle connection for ("http", 192.168.0.14:8545)
[2m2025-12-10T12:17:48.752369Z[0m [34mDEBUG[0m [2methereum_transaction_pool_monitor::eth_client[0m[2m:[0m 📨 Received WebSocket message: {"jsonrpc":"2.0","method":"eth_subscription","params":{"subscription":"0xb60af543a4ead1cf1df939ac89b7e704","result":"0x1b7eced7e13a6418468450bf1145ea71e51799a05c69cce0439509d84c8560f2"}}
[2m2025-12-10T12:17:48.752486Z[0m [34mDEBUG[0m [2methereum_transaction_pool_monitor::eth_client[0m[2m:[0m 📨 Received pending transaction: 0x1b7eced7e13a6418468450bf1145ea71e51799a05c69cce0439509d84c8560f2
[2m2025-12-10T12:17:48.752566Z[0m [34mDEBUG[0m [2methereum_transaction_pool_monitor::eth_client[0m[2m:[0m 📨 Received WebSocket message: {"jsonrpc":"2.0","method":"eth_subscription","params":{"subscription":"0xb60af543a4ead1cf1df939ac89b7e704","result":"0xf1d2cee42f4f67ab1cd4ec544acd2dca02e11d347794ac6ffdedae57357618c8"}}
[2m2025-12-10T12:17:48.752650Z[0m [34mDEBUG[0m [2methereum_transaction_pool_monitor::eth_client[0m[2m:[0m 📨 Received pending transaction: 0xf1d2cee42f4f67ab1cd4ec544acd2dca02e11d347794ac6ffdedae57357618c8
[2m2025-12-10T12:17:48.762534Z[0m [34mDEBUG[0m [2methereum_transaction_pool_monitor::eth_client[0m[2m:[0m 📨 Received WebSocket message: {"jsonrpc":"2.0","method":"eth_subscription","params":{"subscription":"0xb60af543a4ead1cf1df939ac89b7e704","result":"0x485151304fc3e49a521630f736949450c59eb5ebf071955327efc08d11de27f8"}}
[2m2025-12-10T12:17:48.763017Z[0m [34mDEBUG[0m [2methereum_transaction_pool_monitor::eth_client[0m[2m:[0m 📨 Received pending transaction: 0x485151304fc3e49a521630f736949450c59eb5ebf071955327efc08d11de27f8
[2m2025-12-10T12:17:48.819593Z[0m [34mDEBUG[0m [2mhyper::proto::h1::io[0m[2m:[0m parsed 4 headers
[2m2025-12-10T12:17:48.819654Z[0m [34mDEBUG[0m [2mhyper::proto::h1::conn[0m[2m:[0m incoming body is content-length (45 bytes)
[2m2025-12-10T12:17:48.819687Z[0m [34mDEBUG[0m [2mhyper::proto::h1::conn[0m[2m:[0m incoming body completed
[2m2025-12-10T12:17:48.819752Z[0m [34mDEBUG[0m [2mhyper::client::pool[0m[2m:[0m pooling idle connection for ("http", 192.168.0.14:8545)
[2m2025-12-10T12:17:48.819919Z[0m [34mDEBUG[0m [2mhyper::client::pool[0m[2m:[0m reuse idle connection for ("http", 192.168.0.14:8545)
[2m2025-12-10T12:17:48.819995Z[0m [34mDEBUG[0m [2mhyper::proto::h1::io[0m[2m:[0m flushed 172 bytes
[2m2025-12-10T12:17:48.917964Z[0m [34mDEBUG[0m [2mhyper::proto::h1::io[0m[2m:[0m parsed 4 headers
[2m2025-12-10T12:17:48.918035Z[0m [34mDEBUG[0m [2mhyper::proto::h1::conn[0m[2m:[0m incoming body is content-length (45 bytes)
[2m2025-12-10T12:17:48.918072Z[0m [34mDEBUG[0m [2mhyper::proto::h1::conn[0m[2m:[0m incoming body completed
[2m2025-12-10T12:17:48.918145Z[0m [34mDEBUG[0m [2mhyper::client::pool[0m[2m:[0m pooling idle connection for ("http", 192.168.0.14:8545)
[2m2025-12-10T12:17:48.918336Z[0m [34mDEBUG[0m [2mhyper::client::pool[0m[2m:[0m reuse idle connection for ("http", 192.168.0.14:8545)
[2m2025-12-10T12:17:48.918450Z[0m [34mDEBUG[0m [2mhyper::proto::h1::io[0m[2m:[0m flushed 172 bytes
[2m2025-12-10T12:17:48.985356Z[0m [34mDEBUG[0m [2methereum_transaction_pool_monitor::eth_client[0m[2m:[0m ✅ Transaction 0xebd89f843f1bf7403ef26fc8b1c8319bb6814c1e9f3678d27799b0a8a2785592 fetched and parsed in 497.217333ms
[2m2025-12-10T12:17:48.985417Z[0m [34mDEBUG[0m [2methereum_transaction_pool_monitor::mempool_monitor[0m[2m:[0m 🔍 Skipping tx 0xebd89f843f1bf7403ef26fc8b1c8319bb6814c1e9f3678d27799b0a8a2785592 - not a DEX interaction (target: 0x3d90f66B534Dd8482b181e24655A9e8265316BE9)
[2m2025-12-10T12:17:48.985489Z[0m [34mDEBUG[0m [2methereum_transaction_pool_monitor::mempool_monitor[0m[2m:[0m 📨 Processing new pending transaction: 0x8107b456613819382390b005fd68ea67ba7a7e2b5e6e9863c5a2573c885e8ed2
[2m2025-12-10T12:17:48.985500Z[0m [34mDEBUG[0m [2methereum_transaction_pool_monitor::mempool_monitor[0m[2m:[0m 🔍 Fetching transaction details for: 0x8107b456613819382390b005fd68ea67ba7a7e2b5e6e9863c5a2573c885e8ed2
[2m2025-12-10T12:17:48.985512Z[0m [34mDEBUG[0m [2methereum_transaction_pool_monitor::eth_client[0m[2m:[0m 🔍 Fetching transaction details for hash: 0x8107b456613819382390b005fd68ea67ba7a7e2b5e6e9863c5a2573c885e8ed2
[2m2025-12-10T12:17:48.985604Z[0m [34mDEBUG[0m [2mhyper::client::pool[0m[2m:[0m reuse idle connection for ("http", 192.168.0.14:8545)
[2m2025-12-10T12:17:48.985686Z[0m [34mDEBUG[0m [2mhyper::proto::h1::io[0m[2m:[0m flushed 250 bytes
[2m2025-12-10T12:17:49.005760Z[0m [34mDEBUG[0m [2mhyper::proto::h1::io[0m[2m:[0m parsed 4 headers
[2m2025-12-10T12:17:49.005811Z[0m [34mDEBUG[0m [2mhyper::proto::h1::conn[0m[2m:[0m incoming body is content-length (45 bytes)
[2m2025-12-10T12:17:49.005841Z[0m [34mDEBUG[0m [2mhyper::proto::h1::conn[0m[2m:[0m incoming body completed
[2m2025-12-10T12:17:49.005899Z[0m [34mDEBUG[0m [2mhyper::client::pool[0m[2m:[0m pooling idle connection for ("http", 192.168.0.14:8545)
[2m2025-12-10T12:17:49.006227Z[0m [34mDEBUG[0m [2mhyper::client::pool[0m[2m:[0m reuse idle connection for ("http", 192.168.0.14:8545)
[2m2025-12-10T12:17:49.006384Z[0m [34mDEBUG[0m [2mhyper::proto::h1::io[0m[2m:[0m flushed 172 bytes
[2m2025-12-10T12:17:49.006456Z[0m [34mDEBUG[0m [2methereum_transaction_pool_monitor::eth_client[0m[2m:[0m 📨 Received WebSocket message: {"jsonrpc":"2.0","method":"eth_subscription","params":{"subscription":"0xb60af543a4ead1cf1df939ac89b7e704","result":"0x254b4187a44da7bbf0f96fa4859ab5d1d87e6a6d544244939beb70dc42d36d9c"}}
[2m2025-12-10T12:17:49.006493Z[0m [34mDEBUG[0m [2methereum_transaction_pool_monitor::eth_client[0m[2m:[0m 📨 Received pending transaction: 0x254b4187a44da7bbf0f96fa4859ab5d1d87e6a6d544244939beb70dc42d36d9c
[2m2025-12-10T12:17:49.075221Z[0m [34mDEBUG[0m [2mhyper::proto::h1::io[0m[2m:[0m parsed 4 headers
[2m2025-12-10T12:17:49.075257Z[0m [34mDEBUG[0m [2mhyper::proto::h1::conn[0m[2m:[0m incoming body is content-length (6285 bytes)
[2m2025-12-10T12:17:49.075321Z[0m [34mDEBUG[0m [2methereum_transaction_pool_monitor::eth_client[0m[2m:[0m 📡 Transaction fetch RPC completed in 89.799833ms
[2m2025-12-10T12:17:49.077081Z[0m [34mDEBUG[0m [2mhyper::proto::h1::conn[0m[2m:[0m incoming body completed
[2m2025-12-10T12:17:49.077131Z[0m [34mDEBUG[0m [2mhyper::client::pool[0m[2m:[0m pooling idle connection for ("http", 192.168.0.14:8545)
[2m2025-12-10T12:17:49.077160Z[0m [34mDEBUG[0m [2mhyper::proto::h1::io[0m[2m:[0m parsed 4 headers
[2m2025-12-10T12:17:49.077170Z[0m [34mDEBUG[0m [2mhyper::proto::h1::conn[0m[2m:[0m incoming body is content-length (45 bytes)
[2m2025-12-10T12:17:49.077182Z[0m [34mDEBUG[0m [2mhyper::proto::h1::conn[0m[2m:[0m incoming body completed
[2m2025-12-10T12:17:49.077205Z[0m [34mDEBUG[0m [2mhyper::client::pool[0m[2m:[0m pooling idle connection for ("http", 192.168.0.14:8545)
[2m2025-12-10T12:17:49.077301Z[0m [34mDEBUG[0m [2mhyper::client::pool[0m[2m:[0m reuse idle connection for ("http", 192.168.0.14:8545)
[2m2025-12-10T12:17:49.077354Z[0m [34mDEBUG[0m [2mhyper::proto::h1::io[0m[2m:[0m flushed 172 bytes
[2m2025-12-10T12:17:49.095993Z[0m [34mDEBUG[0m [2methereum_transaction_pool_monitor::eth_client[0m[2m:[0m 📨 Received WebSocket message: {"jsonrpc":"2.0","method":"eth_subscription","params":{"subscription":"0xb60af543a4ead1cf1df939ac89b7e704","result":"0x0411814f4cd9767d5628ad4a1072c89663943fbae952540e040188e3c509f9fc"}}
[2m2025-12-10T12:17:49.096063Z[0m [34mDEBUG[0m [2methereum_transaction_pool_monitor::eth_client[0m[2m:[0m 📨 Received pending transaction: 0x0411814f4cd9767d5628ad4a1072c89663943fbae952540e040188e3c509f9fc
[2m2025-12-10T12:17:49.227894Z[0m [34mDEBUG[0m [2mhyper::proto::h1::io[0m[2m:[0m parsed 4 headers
[2m2025-12-10T12:17:49.227936Z[0m [34mDEBUG[0m [2mhyper::proto::h1::conn[0m[2m:[0m incoming body is content-length (45 bytes)
[2m2025-12-10T12:17:49.227961Z[0m [34mDEBUG[0m [2mhyper::proto::h1::conn[0m[2m:[0m incoming body completed
[2m2025-12-10T12:17:49.228008Z[0m [34mDEBUG[0m [2mhyper::client::pool[0m[2m:[0m pooling idle connection for ("http", 192.168.0.14:8545)
[2m2025-12-10T12:17:49.228126Z[0m [34mDEBUG[0m [2mhyper::client::pool[0m[2m:[0m reuse idle connection for ("http", 192.168.0.14:8545)
[2m2025-12-10T12:17:49.228187Z[0m [34mDEBUG[0m [2mhyper::proto::h1::io[0m[2m:[0m flushed 172 bytes
[2m2025-12-10T12:17:49.234726Z[0m [34mDEBUG[0m [2mhyper::proto::h1::io[0m[2m:[0m parsed 4 headers
[2m2025-12-10T12:17:49.234745Z[0m [34mDEBUG[0m [2mhyper::proto::h1::conn[0m[2m:[0m incoming body is content-length (45 bytes)
[2m2025-12-10T12:17:49.234762Z[0m [34mDEBUG[0m [2mhyper::proto::h1::conn[0m[2m:[0m incoming body completed
[2m2025-12-10T12:17:49.234791Z[0m [34mDEBUG[0m [2mhyper::client::pool[0m[2m:[0m pooling idle connection for ("http", 192.168.0.14:8545)
[2m2025-12-10T12:17:49.234874Z[0m [34mDEBUG[0m [2mhyper::client::pool[0m[2m:[0m reuse idle connection for ("http", 192.168.0.14:8545)
[2m2025-12-10T12:17:49.234922Z[0m [34mDEBUG[0m [2mhyper::proto::h1::io[0m[2m:[0m flushed 172 bytes
[2m2025-12-10T12:17:49.267654Z[0m [34mDEBUG[0m [2methereum_transaction_pool_monitor::eth_client[0m[2m:[0m ✅ Transaction 0x8107b456613819382390b005fd68ea67ba7a7e2b5e6e9863c5a2573c885e8ed2 fetched and parsed in 282.125833ms
[2m2025-12-10T12:17:49.267716Z[0m [34mDEBUG[0m [2methereum_transaction_pool_monitor::mempool_monitor[0m[2m:[0m 🔍 Skipping tx 0x8107b456613819382390b005fd68ea67ba7a7e2b5e6e9863c5a2573c885e8ed2 - not a DEX interaction (target: 0x663DC15D3C1aC63ff12E45Ab68FeA3F0a883C251)
[2m2025-12-10T12:17:49.267781Z[0m [34mDEBUG[0m [2methereum_transaction_pool_monitor::mempool_monitor[0m[2m:[0m 📨 Processing new pending transaction: 0x8d228eb8be92baeac29b86e7f0412e90e221dedcca2ce01b48925b23609ae4a7
[2m2025-12-10T12:17:49.267792Z[0m [34mDEBUG[0m [2methereum_transaction_pool_monitor::mempool_monitor[0m[2m:[0m 🔍 Fetching transaction details for: 0x8d228eb8be92baeac29b86e7f0412e90e221dedcca2ce01b48925b23609ae4a7
[2m2025-12-10T12:17:49.267802Z[0m [34mDEBUG[0m [2methereum_transaction_pool_monitor::eth_client[0m[2m:[0m 🔍 Fetching transaction details for hash: 0x8d228eb8be92baeac29b86e7f0412e90e221dedcca2ce01b48925b23609ae4a7
[2m2025-12-10T12:17:49.267901Z[0m [34mDEBUG[0m [2mhyper::client::pool[0m[2m:[0m reuse idle connection for ("http", 192.168.0.14:8545)
[2m2025-12-10T12:17:49.267979Z[0m [34mDEBUG[0m [2mhyper::proto::h1::io[0m[2m:[0m flushed 250 bytes
[2m2025-12-10T12:17:49.277937Z[0m [34mDEBUG[0m [2mhyper::proto::h1::io[0m[2m:[0m parsed 4 headers
[2m2025-12-10T12:17:49.277948Z[0m [34mDEBUG[0m [2mhyper::proto::h1::conn[0m[2m:[0m incoming body is content-length (45 bytes)
[2m2025-12-10T12:17:49.277968Z[0m [34mDEBUG[0m [2mhyper::proto::h1::conn[0m[2m:[0m incoming body completed
[2m2025-12-10T12:17:49.278005Z[0m [34mDEBUG[0m [2mhyper::client::pool[0m[2m:[0m pooling idle connection for ("http", 192.168.0.14:8545)
[2m2025-12-10T12:17:49.278087Z[0m [34mDEBUG[0m [2mhyper::client::pool[0m[2m:[0m reuse idle connection for ("http", 192.168.0.14:8545)
[2m2025-12-10T12:17:49.278128Z[0m [34mDEBUG[0m [2mhyper::proto::h1::io[0m[2m:[0m flushed 172 bytes
[2m2025-12-10T12:17:49.338096Z[0m [34mDEBUG[0m [2mhyper::proto::h1::io[0m[2m:[0m parsed 4 headers
[2m2025-12-10T12:17:49.338129Z[0m [34mDEBUG[0m [2mhyper::proto::h1::conn[0m[2m:[0m incoming body is content-length (45 bytes)
[2m2025-12-10T12:17:49.338152Z[0m [34mDEBUG[0m [2mhyper::proto::h1::conn[0m[2m:[0m incoming body completed
[2m2025-12-10T12:17:49.338197Z[0m [34mDEBUG[0m [2mhyper::client::pool[0m[2m:[0m pooling idle connection for ("http", 192.168.0.14:8545)
[2m2025-12-10T12:17:49.338316Z[0m [34mDEBUG[0m [2mhyper::client::pool[0m[2m:[0m reuse idle connection for ("http", 192.168.0.14:8545)
[2m2025-12-10T12:17:49.338384Z[0m [34mDEBUG[0m [2mhyper::proto::h1::io[0m[2m:[0m flushed 172 bytes
[2m2025-12-10T12:17:49.338396Z[0m [34mDEBUG[0m [2mhyper::proto::h1::io[0m[2m:[0m parsed 4 headers
[2m2025-12-10T12:17:49.338405Z[0m [34mDEBUG[0m [2mhyper::proto::h1::conn[0m[2m:[0m incoming body is content-length (4493 bytes)
[2m2025-12-10T12:17:49.338437Z[0m [34mDEBUG[0m [2methereum_transaction_pool_monitor::eth_client[0m[2m:[0m 📡 Transaction fetch RPC completed in 70.625042ms
[2m2025-12-10T12:17:49.340371Z[0m [34mDEBUG[0m [2mhyper::proto::h1::conn[0m[2m:[0m incoming body completed
[2m2025-12-10T12:17:49.340391Z[0m [34mDEBUG[0m [2mhyper::client::pool[0m[2m:[0m pooling idle connection for ("http", 192.168.0.14:8545)
[2m2025-12-10T12:17:49.406412Z[0m [34mDEBUG[0m [2mhyper::proto::h1::io[0m[2m:[0m parsed 4 headers
[2m2025-12-10T12:17:49.406455Z[0m [34mDEBUG[0m [2mhyper::proto::h1::conn[0m[2m:[0m incoming body is content-length (45 bytes)
[2m2025-12-10T12:17:49.406480Z[0m [34mDEBUG[0m [2mhyper::proto::h1::conn[0m[2m:[0m incoming body completed
[2m2025-12-10T12:17:49.406527Z[0m [34mDEBUG[0m [2mhyper::client::pool[0m[2m:[0m pooling idle connection for ("http", 192.168.0.14:8545)
[2m2025-12-10T12:17:49.406643Z[0m [34mDEBUG[0m [2mhyper::client::pool[0m[2m:[0m reuse idle connection for ("http", 192.168.0.14:8545)
[2m2025-12-10T12:17:49.406714Z[0m [34mDEBUG[0m [2mhyper::proto::h1::io[0m[2m:[0m flushed 172 bytes
[2m2025-12-10T12:17:49.502676Z[0m [34mDEBUG[0m [2mhyper::proto::h1::io[0m[2m:[0m parsed 4 headers
[2m2025-12-10T12:17:49.502670Z[0m [34mDEBUG[0m [2methereum_transaction_pool_monitor::eth_client[0m[2m:[0m 📨 Received WebSocket message: {"jsonrpc":"2.0","method":"eth_subscription","params":{"subscription":"0xb60af543a4ead1cf1df939ac89b7e704","result":"0x1cdeb4f20afcf72b0c6592b80c45bba9ead01c267199ef43c9309b2a62c12a88"}}
[2m2025-12-10T12:17:49.502705Z[0m [34mDEBUG[0m [2mhyper::proto::h1::conn[0m[2m:[0m incoming body is content-length (45 bytes)
[2m2025-12-10T12:17:49.502731Z[0m [34mDEBUG[0m [2mhyper::proto::h1::conn[0m[2m:[0m incoming body completed
[2m2025-12-10T12:17:49.502730Z[0m [34mDEBUG[0m [2methereum_transaction_pool_monitor::eth_client[0m[2m:[0m 📨 Received pending transaction: 0x1cdeb4f20afcf72b0c6592b80c45bba9ead01c267199ef43c9309b2a62c12a88
[2m2025-12-10T12:17:49.502772Z[0m [34mDEBUG[0m [2mhyper::client::pool[0m[2m:[0m pooling idle connection for ("http", 192.168.0.14:8545)
[2m2025-12-10T12:17:49.502869Z[0m [34mDEBUG[0m [2mhyper::client::pool[0m[2m:[0m reuse idle connection for ("http", 192.168.0.14:8545)
[2m2025-12-10T12:17:49.502918Z[0m [34mDEBUG[0m [2mhyper::proto::h1::io[0m[2m:[0m flushed 172 bytes
[2m2025-12-10T12:17:49.530545Z[0m [34mDEBUG[0m [2methereum_transaction_pool_monitor::eth_client[0m[2m:[0m ✅ Transaction 0x8d228eb8be92baeac29b86e7f0412e90e221dedcca2ce01b48925b23609ae4a7 fetched and parsed in 262.728542ms
[2m2025-12-10T12:17:49.530592Z[0m [34mDEBUG[0m [2methereum_transaction_pool_monitor::mempool_monitor[0m[2m:[0m 🔍 Skipping tx 0x8d228eb8be92baeac29b86e7f0412e90e221dedcca2ce01b48925b23609ae4a7 - not a DEX interaction (target: 0x0000000000001fF3684f28c67538d4D072C22734)
[2m2025-12-10T12:17:49.530654Z[0m [34mDEBUG[0m [2methereum_transaction_pool_monitor::mempool_monitor[0m[2m:[0m 📨 Processing new pending transaction: 0x449daebc977f0e329991639fdc6833a688615600ec5c586a655e646b4cfe32e2
[2m2025-12-10T12:17:49.530665Z[0m [34mDEBUG[0m [2methereum_transaction_pool_monitor::mempool_monitor[0m[2m:[0m 🔍 Fetching transaction details for: 0x449daebc977f0e329991639fdc6833a688615600ec5c586a655e646b4cfe32e2
[2m2025-12-10T12:17:49.530674Z[0m [34mDEBUG[0m [2methereum_transaction_pool_monitor::eth_client[0m[2m:[0m 🔍 Fetching transaction details for hash: 0x449daebc977f0e329991639fdc6833a688615600ec5c586a655e646b4cfe32e2
[2m2025-12-10T12:17:49.530779Z[0m [34mDEBUG[0m [2mhyper::client::pool[0m[2m:[0m reuse idle connection for ("http", 192.168.0.14:8545)
[2m2025-12-10T12:17:49.530905Z[0m [34mDEBUG[0m [2mhyper::proto::h1::io[0m[2m:[0m flushed 250 bytes
[2m2025-12-10T12:17:49.549146Z[0m [34mDEBUG[0m [2methereum_transaction_pool_monitor::eth_client[0m[2m:[0m 📨 Received WebSocket message: {"jsonrpc":"2.0","method":"eth_subscription","params":{"subscription":"0xb60af543a4ead1cf1df939ac89b7e704","result":"0xd3fce10e8e01a768180097dc9bdec3e2bd532fc6c12af4a9fc063ae55001afc5"}}
[2m2025-12-10T12:17:49.549214Z[0m [34mDEBUG[0m [2methereum_transaction_pool_monitor::eth_client[0m[2m:[0m 📨 Received pending transaction: 0xd3fce10e8e01a768180097dc9bdec3e2bd532fc6c12af4a9fc063ae55001afc5
[2m2025-12-10T12:17:49.555151Z[0m [34mDEBUG[0m [2mhyper::proto::h1::io[0m[2m:[0m parsed 4 headers
[2m2025-12-10T12:17:49.555228Z[0m [34mDEBUG[0m [2mhyper::proto::h1::conn[0m[2m:[0m incoming body is content-length (45 bytes)
[2m2025-12-10T12:17:49.555288Z[0m [34mDEBUG[0m [2mhyper::proto::h1::conn[0m[2m:[0m incoming body completed
[2m2025-12-10T12:17:49.555374Z[0m [34mDEBUG[0m [2mhyper::client::pool[0m[2m:[0m pooling idle connection for ("http", 192.168.0.14:8545)
[2m2025-12-10T12:17:49.555526Z[0m [34mDEBUG[0m [2mhyper::client::pool[0m[2m:[0m reuse idle connection for ("http", 192.168.0.14:8545)
[2m2025-12-10T12:17:49.555629Z[0m [34mDEBUG[0m [2mhyper::proto::h1::io[0m[2m:[0m flushed 172 bytes
[2m2025-12-10T12:17:49.562692Z[0m [34mDEBUG[0m [2mhyper::proto::h1::io[0m[2m:[0m parsed 4 headers
[2m2025-12-10T12:17:49.562707Z[0m [34mDEBUG[0m [2mhyper::proto::h1::conn[0m[2m:[0m incoming body is content-length (688 bytes)
[2m2025-12-10T12:17:49.562724Z[0m [34mDEBUG[0m [2mhyper::proto::h1::conn[0m[2m:[0m incoming body completed
[2m2025-12-10T12:17:49.562780Z[0m [34mDEBUG[0m [2mhyper::client::pool[0m[2m:[0m pooling idle connection for ("http", 192.168.0.14:8545)
[2m2025-12-10T12:17:49.562798Z[0m [34mDEBUG[0m [2methereum_transaction_pool_monitor::eth_client[0m[2m:[0m 📡 Transaction fetch RPC completed in 32.114042ms
[2m2025-12-10T12:17:49.753993Z[0m [34mDEBUG[0m [2methereum_transaction_pool_monitor::eth_client[0m[2m:[0m ✅ Transaction 0x449daebc977f0e329991639fdc6833a688615600ec5c586a655e646b4cfe32e2 fetched and parsed in 223.3045ms
[2m2025-12-10T12:17:49.754055Z[0m [34mDEBUG[0m [2methereum_transaction_pool_monitor::mempool_monitor[0m[2m:[0m 🔍 Skipping tx 0x449daebc977f0e329991639fdc6833a688615600ec5c586a655e646b4cfe32e2 - not a DEX interaction (target: 0x2a37D63EAdFe4b4682a3c28C1c2cD4F109Cc2762)
[2m2025-12-10T12:17:49.754130Z[0m [34mDEBUG[0m [2methereum_transaction_pool_monitor::mempool_monitor[0m[2m:[0m 📨 Processing new pending transaction: 0x991fe53a64a659c5465b7078b7f08b3a88ada7c7c35f43355c856383f42bdcfd
[2m2025-12-10T12:17:49.754142Z[0m [34mDEBUG[0m [2methereum_transaction_pool_monitor::mempool_monitor[0m[2m:[0m 🔍 Fetching transaction details for: 0x991fe53a64a659c5465b7078b7f08b3a88ada7c7c35f43355c856383f42bdcfd
[2m2025-12-10T12:17:49.754151Z[0m [34mDEBUG[0m [2methereum_transaction_pool_monitor::eth_client[0m[2m:[0m 🔍 Fetching transaction details for hash: 0x991fe53a64a659c5465b7078b7f08b3a88ada7c7c35f43355c856383f42bdcfd
[2m2025-12-10T12:17:49.754240Z[0m [34mDEBUG[0m [2mhyper::client::pool[0m[2m:[0m reuse idle connection for ("http", 192.168.0.14:8545)
[2m2025-12-10T12:17:49.754313Z[0m [34mDEBUG[0m [2mhyper::proto::h1::io[0m[2m:[0m flushed 250 bytes
[2m2025-12-10T12:17:49.754360Z[0m [34mDEBUG[0m [2mhyper::proto::h1::io[0m[2m:[0m parsed 4 headers
[2m2025-12-10T12:17:49.754368Z[0m [34mDEBUG[0m [2mhyper::proto::h1::conn[0m[2m:[0m incoming body is content-length (45 bytes)
[2m2025-12-10T12:17:49.754383Z[0m [34mDEBUG[0m [2mhyper::proto::h1::conn[0m[2m:[0m incoming body completed
[2m2025-12-10T12:17:49.754409Z[0m [34mDEBUG[0m [2mhyper::client::pool[0m[2m:[0m pooling idle connection for ("http", 192.168.0.14:8545)
[2m2025-12-10T12:17:49.754471Z[0m [34mDEBUG[0m [2mhyper::client::pool[0m[2m:[0m reuse idle connection for ("http", 192.168.0.14:8545)
[2m2025-12-10T12:17:49.754510Z[0m [34mDEBUG[0m [2mhyper::proto::h1::io[0m[2m:[0m flushed 172 bytes
[2m2025-12-10T12:17:49.811278Z[0m [34mDEBUG[0m [2methereum_transaction_pool_monitor::eth_client[0m[2m:[0m 📨 Received WebSocket message: {"jsonrpc":"2.0","method":"eth_subscription","params":{"subscription":"0xb60af543a4ead1cf1df939ac89b7e704","result":"0x8e9e02f986545912531d81e67c974c7ed46c98e18e4cb139913d5b7c0e773903"}}
[2m2025-12-10T12:17:49.811338Z[0m [34mDEBUG[0m [2methereum_transaction_pool_monitor::eth_client[0m[2m:[0m 📨 Received pending transaction: 0x8e9e02f986545912531d81e67c974c7ed46c98e18e4cb139913d5b7c0e773903
[2m2025-12-10T12:17:49.823893Z[0m [34mDEBUG[0m [2mhyper::proto::h1::io[0m[2m:[0m parsed 4 headers
[2m2025-12-10T12:17:49.823894Z[0m [34mDEBUG[0m [2mhyper::proto::h1::io[0m[2m:[0m parsed 4 headers
[2m2025-12-10T12:17:49.825422Z[0m [34mDEBUG[0m [2mhyper::proto::h1::conn[0m[2m:[0m incoming body is content-length (623 bytes)
[2m2025-12-10T12:17:49.825429Z[0m [34mDEBUG[0m [2mhyper::proto::h1::conn[0m[2m:[0m incoming body is content-length (45 bytes)
[2m2025-12-10T12:17:49.825453Z[0m [34mDEBUG[0m [2mhyper::proto::h1::conn[0m[2m:[0m incoming body completed
[2m2025-12-10T12:17:49.825453Z[0m [34mDEBUG[0m [2mhyper::proto::h1::conn[0m[2m:[0m incoming body completed
[2m2025-12-10T12:17:49.825509Z[0m [34mDEBUG[0m [2mhyper::client::pool[0m[2m:[0m pooling idle connection for ("http", 192.168.0.14:8545)
[2m2025-12-10T12:17:49.825509Z[0m [34mDEBUG[0m [2mhyper::client::pool[0m[2m:[0m pooling idle connection for ("http", 192.168.0.14:8545)
[2m2025-12-10T12:17:49.825653Z[0m [34mDEBUG[0m [2methereum_transaction_pool_monitor::eth_client[0m[2m:[0m 📡 Transaction fetch RPC completed in 71.492416ms
[2m2025-12-10T12:17:49.825768Z[0m [34mDEBUG[0m [2mhyper::client::pool[0m[2m:[0m reuse idle connection for ("http", 192.168.0.14:8545)
[2m2025-12-10T12:17:49.825844Z[0m [34mDEBUG[0m [2mhyper::proto::h1::io[0m[2m:[0m flushed 172 bytes
[2m2025-12-10T12:17:49.888158Z[0m [34mDEBUG[0m [2methereum_transaction_pool_monitor::eth_client[0m[2m:[0m 📨 Received WebSocket message: {"jsonrpc":"2.0","method":"eth_subscription","params":{"subscription":"0xb60af543a4ead1cf1df939ac89b7e704","result":"0x97e1a6140c631b68d6bd147ec0af96439007df41a2568a53aee21f242825e560"}}
[2m2025-12-10T12:17:49.888226Z[0m [34mDEBUG[0m [2methereum_transaction_pool_monitor::eth_client[0m[2m:[0m 📨 Received pending transaction: 0x97e1a6140c631b68d6bd147ec0af96439007df41a2568a53aee21f242825e560
[2m2025-12-10T12:17:49.900890Z[0m [34mDEBUG[0m [2methereum_transaction_pool_monitor::eth_client[0m[2m:[0m 📨 Received WebSocket message: {"jsonrpc":"2.0","method":"eth_subscription","params":{"subscription":"0xb60af543a4ead1cf1df939ac89b7e704","result":"0x093130f7c19aa26ac27c482185ef14fe607c7d558dfdeaf560617236e1e0e0cd"}}
[2m2025-12-10T12:17:49.900922Z[0m [34mDEBUG[0m [2methereum_transaction_pool_monitor::eth_client[0m[2m:[0m 📨 Received pending transaction: 0x093130f7c19aa26ac27c482185ef14fe607c7d558dfdeaf560617236e1e0e0cd
[2m2025-12-10T12:17:49.900971Z[0m [34mDEBUG[0m [2mhyper::proto::h1::io[0m[2m:[0m parsed 4 headers
[2m2025-12-10T12:17:49.900982Z[0m [34mDEBUG[0m [2mhyper::proto::h1::conn[0m[2m:[0m incoming body is content-length (45 bytes)
[2m2025-12-10T12:17:49.901006Z[0m [34mDEBUG[0m [2mhyper::proto::h1::conn[0m[2m:[0m incoming body completed
[2m2025-12-10T12:17:49.901051Z[0m [34mDEBUG[0m [2mhyper::client::pool[0m[2m:[0m pooling idle connection for ("http", 192.168.0.14:8545)
[2m2025-12-10T12:17:49.901167Z[0m [34mDEBUG[0m [2mhyper::client::pool[0m[2m:[0m reuse idle connection for ("http", 192.168.0.14:8545)
[2m2025-12-10T12:17:49.901222Z[0m [34mDEBUG[0m [2mhyper::proto::h1::io[0m[2m:[0m flushed 172 bytes
[2m2025-12-10T12:17:49.927279Z[0m [34mDEBUG[0m [2methereum_transaction_pool_monitor::eth_client[0m[2m:[0m 📨 Received WebSocket message: {"jsonrpc":"2.0","method":"eth_subscription","params":{"subscription":"0xb60af543a4ead1cf1df939ac89b7e704","result":"0xc5b489780348f81884b501e26f004bb951d4a86987fa04c1b4e3b5c1758483ab"}}
[2m2025-12-10T12:17:49.927327Z[0m [34mDEBUG[0m [2methereum_transaction_pool_monitor::eth_client[0m[2m:[0m 📨 Received pending transaction: 0xc5b489780348f81884b501e26f004bb951d4a86987fa04c1b4e3b5c1758483ab
[2m2025-12-10T12:17:49.927343Z[0m [34mDEBUG[0m [2methereum_transaction_pool_monitor::eth_client[0m[2m:[0m 📨 Received WebSocket message: {"jsonrpc":"2.0","method":"eth_subscription","params":{"subscription":"0xb60af543a4ead1cf1df939ac89b7e704","result":"0x5e10da3b0c5d9f8442fc30daac0f43737ecdbd4acbef00a5ec323258216ce728"}}
[2m2025-12-10T12:17:49.927360Z[0m [34mDEBUG[0m [2methereum_transaction_pool_monitor::eth_client[0m[2m:[0m 📨 Received pending transaction: 0x5e10da3b0c5d9f8442fc30daac0f43737ecdbd4acbef00a5ec323258216ce728
[2m2025-12-10T12:17:49.927371Z[0m [34mDEBUG[0m [2methereum_transaction_pool_monitor::eth_client[0m[2m:[0m 📨 Received WebSocket message: {"jsonrpc":"2.0","method":"eth_subscription","params":{"subscription":"0xb60af543a4ead1cf1df939ac89b7e704","result":"0xe57c95dd002630a4ede314ff52c640528d85142384f9ef8a208df57513c46869"}}
[2m2025-12-10T12:17:49.927387Z[0m [34mDEBUG[0m [2methereum_transaction_pool_monitor::eth_client[0m[2m:[0m 📨 Received pending transaction: 0xe57c95dd002630a4ede314ff52c640528d85142384f9ef8a208df57513c46869
[2m2025-12-10T12:17:49.927397Z[0m [34mDEBUG[0m [2methereum_transaction_pool_monitor::eth_client[0m[2m:[0m 📨 Received WebSocket message: {"jsonrpc":"2.0","method":"eth_subscription","params":{"subscription":"0xb60af543a4ead1cf1df939ac89b7e704","result":"0xe0fdebaf22ee589d8e88ac438482d2072d8dcd956132df099e9eb6967bd819b5"}}
[2m2025-12-10T12:17:49.927413Z[0m [34mDEBUG[0m [2methereum_transaction_pool_monitor::eth_client[0m[2m:[0m 📨 Received pending transaction: 0xe0fdebaf22ee589d8e88ac438482d2072d8dcd956132df099e9eb6967bd819b5
[2m2025-12-10T12:17:49.927423Z[0m [34mDEBUG[0m [2methereum_transaction_pool_monitor::eth_client[0m[2m:[0m 📨 Received WebSocket message: {"jsonrpc":"2.0","method":"eth_subscription","params":{"subscription":"0xb60af543a4ead1cf1df939ac89b7e704","result":"0x9578bd051b68a5154012bf974c15aa9bc6e442c06198cd6701fe8b2fad171b13"}}
[2m2025-12-10T12:17:49.927439Z[0m [34mDEBUG[0m [2methereum_transaction_pool_monitor::eth_client[0m[2m:[0m 📨 Received pending transaction: 0x9578bd051b68a5154012bf974c15aa9bc6e442c06198cd6701fe8b2fad171b13
[2m2025-12-10T12:17:49.927449Z[0m [34mDEBUG[0m [2methereum_transaction_pool_monitor::eth_client[0m[2m:[0m 📨 Received WebSocket message: {"jsonrpc":"2.0","method":"eth_subscription","params":{"subscription":"0xb60af543a4ead1cf1df939ac89b7e704","result":"0x0ab08f9b9c1d31ceae96893d2dc5617611c1fcd33735f4da2543413d90dad392"}}
[2m2025-12-10T12:17:49.927465Z[0m [34mDEBUG[0m [2methereum_transaction_pool_monitor::eth_client[0m[2m:[0m 📨 Received pending transaction: 0x0ab08f9b9c1d31ceae96893d2dc5617611c1fcd33735f4da2543413d90dad392
[2m2025-12-10T12:17:49.927475Z[0m [34mDEBUG[0m [2methereum_transaction_pool_monitor::eth_client[0m[2m:[0m 📨 Received WebSocket message: {"jsonrpc":"2.0","method":"eth_subscription","params":{"subscription":"0xb60af543a4ead1cf1df939ac89b7e704","result":"0xbf0f8ec17a550df163bf002f9ad8ae0e92030febb17b8188d6ff0d6ee429fee5"}}
[2m2025-12-10T12:17:49.927490Z[0m [34mDEBUG[0m [2methereum_transaction_pool_monitor::eth_client[0m[2m:[0m 📨 Received pending transaction: 0xbf0f8ec17a550df163bf002f9ad8ae0e92030febb17b8188d6ff0d6ee429fee5
[2m2025-12-10T12:17:49.927501Z[0m [34mDEBUG[0m [2methereum_transaction_pool_monitor::eth_client[0m[2m:[0m 📨 Received WebSocket message: {"jsonrpc":"2.0","method":"eth_subscription","params":{"subscription":"0xb60af543a4ead1cf1df939ac89b7e704","result":"0x1bcbef4052ac9043161b024755fcd577ff96ff561e3d0a6237d6f796639a20e4"}}
[2m2025-12-10T12:17:49.927516Z[0m [34mDEBUG[0m [2methereum_transaction_pool_monitor::eth_client[0m[2m:[0m 📨 Received pending transaction: 0x1bcbef4052ac9043161b024755fcd577ff96ff561e3d0a6237d6f796639a20e4
[2m2025-12-10T12:17:49.927526Z[0m [34mDEBUG[0m [2methereum_transaction_pool_monitor::eth_client[0m[2m:[0m 📨 Received WebSocket message: {"jsonrpc":"2.0","method":"eth_subscription","params":{"subscription":"0xb60af543a4ead1cf1df939ac89b7e704","result":"0x433e133dd9c4aa33488a01487385365f0482e685219157cd4b668b9eb95deb87"}}
[2m2025-12-10T12:17:49.927541Z[0m [34mDEBUG[0m [2methereum_transaction_pool_monitor::eth_client[0m[2m:[0m 📨 Received pending transaction: 0x433e133dd9c4aa33488a01487385365f0482e685219157cd4b668b9eb95deb87
[2m2025-12-10T12:17:49.927551Z[0m [34mDEBUG[0m [2methereum_transaction_pool_monitor::eth_client[0m[2m:[0m 📨 Received WebSocket message: {"jsonrpc":"2.0","method":"eth_subscription","params":{"subscription":"0xb60af543a4ead1cf1df939ac89b7e704","result":"0x04224835f086da5deb3e0fd418029b02905c8fb5b73e4265ca5f0398cd950188"}}
[2m2025-12-10T12:17:49.927566Z[0m [34mDEBUG[0m [2methereum_transaction_pool_monitor::eth_client[0m[2m:[0m 📨 Received pending transaction: 0x04224835f086da5deb3e0fd418029b02905c8fb5b73e4265ca5f0398cd950188
[2m2025-12-10T12:17:49.927576Z[0m [34mDEBUG[0m [2methereum_transaction_pool_monitor::eth_client[0m[2m:[0m 📨 Received WebSocket message: {"jsonrpc":"2.0","method":"eth_subscription","params":{"subscription":"0xb60af543a4ead1cf1df939ac89b7e704","result":"0x46c0460bf60eddda246b45c142e91b00f50b2435c3625a868fba3cf4d806a64d"}}
[2m2025-12-10T12:17:49.927592Z[0m [34mDEBUG[0m [2methereum_transaction_pool_monitor::eth_client[0m[2m:[0m 📨 Received pending transaction: 0x46c0460bf60eddda246b45c142e91b00f50b2435c3625a868fba3cf4d806a64d
[2m2025-12-10T12:17:49.927602Z[0m [34mDEBUG[0m [2methereum_transaction_pool_monitor::eth_client[0m[2m:[0m 📨 Received WebSocket message: {"jsonrpc":"2.0","method":"eth_subscription","params":{"subscription":"0xb60af543a4ead1cf1df939ac89b7e704","result":"0x845432370b4c8257e8c81dc2a90bd01a99a25650cac11a28697f886804672a75"}}
[2m2025-12-10T12:17:49.927617Z[0m [34mDEBUG[0m [2methereum_transaction_pool_monitor::eth_client[0m[2m:[0m 📨 Received pending transaction: 0x845432370b4c8257e8c81dc2a90bd01a99a25650cac11a28697f886804672a75
[2m2025-12-10T12:17:49.927627Z[0m [34mDEBUG[0m [2methereum_transaction_pool_monitor::eth_client[0m[2m:[0m 📨 Received WebSocket message: {"jsonrpc":"2.0","method":"eth_subscription","params":{"subscription":"0xb60af543a4ead1cf1df939ac89b7e704","result":"0xdc8c739dce01dad6e4e6a55afc22c2a159469904609ca743808fe67c36f4b760"}}
[2m2025-12-10T12:17:49.927642Z[0m [34mDEBUG[0m [2methereum_transaction_pool_monitor::eth_client[0m[2m:[0m 📨 Received pending transaction: 0xdc8c739dce01dad6e4e6a55afc22c2a159469904609ca743808fe67c36f4b760
[2m2025-12-10T12:17:49.927653Z[0m [34mDEBUG[0m [2methereum_transaction_pool_monitor::eth_client[0m[2m:[0m 📨 Received WebSocket message: {"jsonrpc":"2.0","method":"eth_subscription","params":{"subscription":"0xb60af543a4ead1cf1df939ac89b7e704","result":"0xeb203b9d580cc3b0300076dd54aefcddd29dd1bc9004966107e7eb53fa7c97c0"}}
[2m2025-12-10T12:17:49.927668Z[0m [34mDEBUG[0m [2methereum_transaction_pool_monitor::eth_client[0m[2m:[0m 📨 Received pending transaction: 0xeb203b9d580cc3b0300076dd54aefcddd29dd1bc9004966107e7eb53fa7c97c0
[2m2025-12-10T12:17:49.927678Z[0m [34mDEBUG[0m [2methereum_transaction_pool_monitor::eth_client[0m[2m:[0m 📨 Received WebSocket message: {"jsonrpc":"2.0","method":"eth_subscription","params":{"subscription":"0xb60af543a4ead1cf1df939ac89b7e704","result":"0x8d7c96063d858aaf38c3720e0f0bd1315a2b5a8f9a9b1941671c670d2b844b3b"}}
[2m2025-12-10T12:17:49.927693Z[0m [34mDEBUG[0m [2methereum_transaction_pool_monitor::eth_client[0m[2m:[0m 📨 Received pending transaction: 0x8d7c96063d858aaf38c3720e0f0bd1315a2b5a8f9a9b1941671c670d2b844b3b
[2m2025-12-10T12:17:49.927703Z[0m [34mDEBUG[0m [2methereum_transaction_pool_monitor::eth_client[0m[2m:[0m 📨 Received WebSocket message: {"jsonrpc":"2.0","method":"eth_subscription","params":{"subscription":"0xb60af543a4ead1cf1df939ac89b7e704","result":"0x377636880b42e34b59f9b6476f0dc56439fe8a129ccd3e9063838be6f32bc1a5"}}
[2m2025-12-10T12:17:49.927718Z[0m [34mDEBUG[0m [2methereum_transaction_pool_monitor::eth_client[0m[2m:[0m 📨 Received pending transaction: 0x377636880b42e34b59f9b6476f0dc56439fe8a129ccd3e9063838be6f32bc1a5
[2m2025-12-10T12:17:49.927728Z[0m [34mDEBUG[0m [2methereum_transaction_pool_monitor::eth_client[0m[2m:[0m 📨 Received WebSocket message: {"jsonrpc":"2.0","method":"eth_subscription","params":{"subscription":"0xb60af543a4ead1cf1df939ac89b7e704","result":"0xeea2175e15069f2ad5142af41d39a0956a4ea46157102c3f09d35b2006cdf723"}}
[2m2025-12-10T12:17:49.927743Z[0m [34mDEBUG[0m [2methereum_transaction_pool_monitor::eth_client[0m[2m:[0m 📨 Received pending transaction: 0xeea2175e15069f2ad5142af41d39a0956a4ea46157102c3f09d35b2006cdf723
[2m2025-12-10T12:17:49.927754Z[0m [34mDEBUG[0m [2methereum_transaction_pool_monitor::eth_client[0m[2m:[0m 📨 Received WebSocket message: {"jsonrpc":"2.0","method":"eth_subscription","params":{"subscription":"0xb60af543a4ead1cf1df939ac89b7e704","result":"0x2dfe7f6573f5bc09e1ed14006d8ae95551439da79d92acc812ea7f519433f3bf"}}
[2m2025-12-10T12:17:49.927769Z[0m [34mDEBUG[0m [2methereum_transaction_pool_monitor::eth_client[0m[2m:[0m 📨 Received pending transaction: 0x2dfe7f6573f5bc09e1ed14006d8ae95551439da79d92acc812ea7f519433f3bf
[2m2025-12-10T12:17:49.927779Z[0m [34mDEBUG[0m [2methereum_transaction_pool_monitor::eth_client[0m[2m:[0m 📨 Received WebSocket message: {"jsonrpc":"2.0","method":"eth_subscription","params":{"subscription":"0xb60af543a4ead1cf1df939ac89b7e704","result":"0xa217715c19e5f7bccff899881aaf5fedbd8499100ce5e563b77a28c6c6b5cfd4"}}
[2m2025-12-10T12:17:49.927794Z[0m [34mDEBUG[0m [2methereum_transaction_pool_monitor::eth_client[0m[2m:[0m 📨 Received pending transaction: 0xa217715c19e5f7bccff899881aaf5fedbd8499100ce5e563b77a28c6c6b5cfd4
[2m2025-12-10T12:17:49.927804Z[0m [34mDEBUG[0m [2methereum_transaction_pool_monitor::eth_client[0m[2m:[0m 📨 Received WebSocket message: {"jsonrpc":"2.0","method":"eth_subscription","params":{"subscription":"0xb60af543a4ead1cf1df939ac89b7e704","result":"0x32046568ae223857ddf322def22cd1097e75cad7b0fb89e5f8aade878f2669e6"}}
[2m2025-12-10T12:17:49.927819Z[0m [34mDEBUG[0m [2methereum_transaction_pool_monitor::eth_client[0m[2m:[0m 📨 Received pending transaction: 0x32046568ae223857ddf322def22cd1097e75cad7b0fb89e5f8aade878f2669e6
[2m2025-12-10T12:17:49.927832Z[0m [34mDEBUG[0m [2methereum_transaction_pool_monitor::eth_client[0m[2m:[0m 📨 Received WebSocket message: {"jsonrpc":"2.0","method":"eth_subscription","params":{"subscription":"0xb60af543a4ead1cf1df939ac89b7e704","result":"0x3ef694b7c6f7271a6d6233622fc49bf10f2a9f0f967acebba799cff00c8dc4de"}}
[2m2025-12-10T12:17:49.927847Z[0m [34mDEBUG[0m [2methereum_transaction_pool_monitor::eth_client[0m[2m:[0m 📨 Received pending transaction: 0x3ef694b7c6f7271a6d6233622fc49bf10f2a9f0f967acebba799cff00c8dc4de
[2m2025-12-10T12:17:49.927904Z[0m [34mDEBUG[0m [2methereum_transaction_pool_monitor::eth_client[0m[2m:[0m 📨 Received WebSocket message: {"jsonrpc":"2.0","method":"eth_subscription","params":{"subscription":"0xb60af543a4ead1cf1df939ac89b7e704","result":"0x2da4b737750058cf63d5579f6b7f29241369585b9eb6fc6d4321f35b098e9b24"}}
[2m2025-12-10T12:17:49.927921Z[0m [34mDEBUG[0m [2methereum_transaction_pool_monitor::eth_client[0m[2m:[0m 📨 Received pending transaction: 0x2da4b737750058cf63d5579f6b7f29241369585b9eb6fc6d4321f35b098e9b24
[2m2025-12-10T12:17:49.927931Z[0m [34mDEBUG[0m [2methereum_transaction_pool_monitor::eth_client[0m[2m:[0m 📨 Received WebSocket message: {"jsonrpc":"2.0","method":"eth_subscription","params":{"subscription":"0xb60af543a4ead1cf1df939ac89b7e704","result":"0xc94ef5afe90cef63ac79586a846bd4a3fab3a7758072302ebeb31f8e63c166aa"}}
[2m2025-12-10T12:17:49.927950Z[0m [34mDEBUG[0m [2methereum_transaction_pool_monitor::eth_client[0m[2m:[0m 📨 Received pending transaction: 0xc94ef5afe90cef63ac79586a846bd4a3fab3a7758072302ebeb31f8e63c166aa
[2m2025-12-10T12:17:49.932428Z[0m [34mDEBUG[0m [2methereum_transaction_pool_monitor::eth_client[0m[2m:[0m 📨 Received WebSocket message: {"jsonrpc":"2.0","method":"eth_subscription","params":{"subscription":"0xb60af543a4ead1cf1df939ac89b7e704","result":"0x904e63f2a747c2a6d9433ee9a348338ad656d48f36c41eb52a1225a625f78f78"}}
[2m2025-12-10T12:17:49.932447Z[0m [34mDEBUG[0m [2methereum_transaction_pool_monitor::eth_client[0m[2m:[0m 📨 Received pending transaction: 0x904e63f2a747c2a6d9433ee9a348338ad656d48f36c41eb52a1225a625f78f78
[2m2025-12-10T12:17:49.967233Z[0m [34mDEBUG[0m [2mhyper::proto::h1::io[0m[2m:[0m parsed 4 headers
[2m2025-12-10T12:17:49.967265Z[0m [34mDEBUG[0m [2mhyper::proto::h1::conn[0m[2m:[0m incoming body is content-length (45 bytes)
[2m2025-12-10T12:17:49.967290Z[0m [34mDEBUG[0m [2mhyper::proto::h1::conn[0m[2m:[0m incoming body completed
[2m2025-12-10T12:17:49.967370Z[0m [34mDEBUG[0m [2mhyper::client::pool[0m[2m:[0m pooling idle connection for ("http", 192.168.0.14:8545)
[2m2025-12-10T12:17:49.967540Z[0m [34mDEBUG[0m [2mhyper::client::pool[0m[2m:[0m reuse idle connection for ("http", 192.168.0.14:8545)
[2m2025-12-10T12:17:49.967616Z[0m [34mDEBUG[0m [2mhyper::proto::h1::io[0m[2m:[0m flushed 172 bytes
[2m2025-12-10T12:17:49.994833Z[0m [34mDEBUG[0m [2methereum_transaction_pool_monitor::eth_client[0m[2m:[0m 📨 Received WebSocket message: {"jsonrpc":"2.0","method":"eth_subscription","params":{"subscription":"0xb60af543a4ead1cf1df939ac89b7e704","result":"0x5b6c5c4e61706d9f3146000bd1df21f89c7e68da4638269239510bd83c617466"}}
[2m2025-12-10T12:17:49.994880Z[0m [34mDEBUG[0m [2methereum_transaction_pool_monitor::eth_client[0m[2m:[0m 📨 Received pending transaction: 0x5b6c5c4e61706d9f3146000bd1df21f89c7e68da4638269239510bd83c617466
[2m2025-12-10T12:17:50.000048Z[0m [34mDEBUG[0m [2methereum_transaction_pool_monitor::eth_client[0m[2m:[0m 📨 Received WebSocket message: {"jsonrpc":"2.0","method":"eth_subscription","params":{"subscription":"0xb60af543a4ead1cf1df939ac89b7e704","result":"0xa11e57b557043ac0e8ebb25e5e52a9ead6a33af54301d3abcb1b21fed2657fa8"}}
[2m2025-12-10T12:17:50.000074Z[0m [34mDEBUG[0m [2methereum_transaction_pool_monitor::eth_client[0m[2m:[0m 📨 Received pending transaction: 0xa11e57b557043ac0e8ebb25e5e52a9ead6a33af54301d3abcb1b21fed2657fa8
[2m2025-12-10T12:17:50.017639Z[0m [34mDEBUG[0m [2methereum_transaction_pool_monitor::eth_client[0m[2m:[0m ✅ Transaction 0x991fe53a64a659c5465b7078b7f08b3a88ada7c7c35f43355c856383f42bdcfd fetched and parsed in 263.476416ms
[2m2025-12-10T12:17:50.017677Z[0m [34mDEBUG[0m [2methereum_transaction_pool_monitor::mempool_monitor[0m[2m:[0m 🔍 Skipping tx 0x991fe53a64a659c5465b7078b7f08b3a88ada7c7c35f43355c856383f42bdcfd - not a DEX interaction (target: 0x31b4240b124c94F772f3342cBEC9e43a1f95F805)
[2m2025-12-10T12:17:50.017739Z[0m [34mDEBUG[0m [2methereum_transaction_pool_monitor::mempool_monitor[0m[2m:[0m 📨 Processing new pending transaction: 0x067458ced840f1cef8f580a20b07f334025866ffa0c43fb4867dff1ffd4fac6c
[2m2025-12-10T12:17:50.017750Z[0m [34mDEBUG[0m [2methereum_transaction_pool_monitor::mempool_monitor[0m[2m:[0m 🔍 Fetching transaction details for: 0x067458ced840f1cef8f580a20b07f334025866ffa0c43fb4867dff1ffd4fac6c
[2m2025-12-10T12:17:50.017760Z[0m [34mDEBUG[0m [2methereum_transaction_pool_monitor::eth_client[0m[2m:[0m 🔍 Fetching transaction details for hash: 0x067458ced840f1cef8f580a20b07f334025866ffa0c43fb4867dff1ffd4fac6c
[2m2025-12-10T12:17:50.017850Z[0m [34mDEBUG[0m [2mhyper::client::pool[0m[2m:[0m reuse idle connection for ("http", 192.168.0.14:8545)
[2m2025-12-10T12:17:50.017915Z[0m [34mDEBUG[0m [2mhyper::proto::h1::io[0m[2m:[0m flushed 250 bytes
[2m2025-12-10T12:17:50.020221Z[0m [34mDEBUG[0m [2methereum_transaction_pool_monitor::eth_client[0m[2m:[0m 📨 Received WebSocket message: {"jsonrpc":"2.0","method":"eth_subscription","params":{"subscription":"0xb60af543a4ead1cf1df939ac89b7e704","result":"0x140f5c76c6587d96c8528b64a29dc222e3fb74f082388d919f5f86905ad51d9b"}}
[2m2025-12-10T12:17:50.020244Z[0m [34mDEBUG[0m [2methereum_transaction_pool_monitor::eth_client[0m[2m:[0m 📨 Received pending transaction: 0x140f5c76c6587d96c8528b64a29dc222e3fb74f082388d919f5f86905ad51d9b
[2m2025-12-10T12:17:50.030490Z[0m [34mDEBUG[0m [2mhyper::proto::h1::io[0m[2m:[0m parsed 4 headers
[2m2025-12-10T12:17:50.030498Z[0m [34mDEBUG[0m [2mhyper::proto::h1::conn[0m[2m:[0m incoming body is content-length (45 bytes)
[2m2025-12-10T12:17:50.030515Z[0m [34mDEBUG[0m [2mhyper::proto::h1::conn[0m[2m:[0m incoming body completed
[2m2025-12-10T12:17:50.030552Z[0m [34mDEBUG[0m [2mhyper::client::pool[0m[2m:[0m pooling idle connection for ("http", 192.168.0.14:8545)
[2m2025-12-10T12:17:50.047730Z[0m [34mDEBUG[0m [2mhyper::client::pool[0m[2m:[0m reuse idle connection for ("http", 192.168.0.14:8545)
[2m2025-12-10T12:17:50.047783Z[0m [34mDEBUG[0m [2mhyper::proto::h1::io[0m[2m:[0m flushed 172 bytes
[2m2025-12-10T12:17:50.066935Z[0m [34mDEBUG[0m [2mhyper::proto::h1::io[0m[2m:[0m parsed 4 headers
[2m2025-12-10T12:17:50.066946Z[0m [34mDEBUG[0m [2mhyper::proto::h1::conn[0m[2m:[0m incoming body is content-length (1042 bytes)
[2m2025-12-10T12:17:50.066962Z[0m [34mDEBUG[0m [2mhyper::proto::h1::conn[0m[2m:[0m incoming body completed
[2m2025-12-10T12:17:50.066991Z[0m [34mDEBUG[0m [2mhyper::client::pool[0m[2m:[0m pooling idle connection for ("http", 192.168.0.14:8545)
[2m2025-12-10T12:17:50.067004Z[0m [34mDEBUG[0m [2methereum_transaction_pool_monitor::eth_client[0m[2m:[0m 📡 Transaction fetch RPC completed in 49.235042ms
[2m2025-12-10T12:17:50.256179Z[0m [34mDEBUG[0m [2methereum_transaction_pool_monitor::eth_client[0m[2m:[0m ✅ Transaction 0x067458ced840f1cef8f580a20b07f334025866ffa0c43fb4867dff1ffd4fac6c fetched and parsed in 238.405834ms
[2m2025-12-10T12:17:50.258888Z[0m [34mDEBUG[0m [2methereum_transaction_pool_monitor::mempool_monitor[0m[2m:[0m 🔍 Skipping tx 0x067458ced840f1cef8f580a20b07f334025866ffa0c43fb4867dff1ffd4fac6c - not a DEX interaction (target: 0xCf5540fFFCdC3d510B18bFcA6d2b9987b0772559)
[2m2025-12-10T12:17:50.258959Z[0m [34mDEBUG[0m [2methereum_transaction_pool_monitor::mempool_monitor[0m[2m:[0m 📨 Processing new pending transaction: 0xe90f46dae71d6f3fd18c1ae47d9d781c1ae5674213a50b033b3d136a38ba16c6
[2m2025-12-10T12:17:50.258970Z[0m [34mDEBUG[0m [2methereum_transaction_pool_monitor::mempool_monitor[0m[2m:[0m 🔍 Fetching transaction details for: 0xe90f46dae71d6f3fd18c1ae47d9d781c1ae5674213a50b033b3d136a38ba16c6
[2m2025-12-10T12:17:50.258980Z[0m [34mDEBUG[0m [2methereum_transaction_pool_monitor::eth_client[0m[2m:[0m 🔍 Fetching transaction details for hash: 0xe90f46dae71d6f3fd18c1ae47d9d781c1ae5674213a50b033b3d136a38ba16c6
[2m2025-12-10T12:17:50.259071Z[0m [34mDEBUG[0m [2mhyper::client::pool[0m[2m:[0m reuse idle connection for ("http", 192.168.0.14:8545)
[2m2025-12-10T12:17:50.259135Z[0m [34mDEBUG[0m [2mhyper::proto::h1::io[0m[2m:[0m flushed 250 bytes
[2m2025-12-10T12:17:50.259192Z[0m [34mDEBUG[0m [2methereum_transaction_pool_monitor::eth_client[0m[2m:[0m 📨 Received WebSocket message: {"jsonrpc":"2.0","method":"eth_subscription","params":{"subscription":"0xb60af543a4ead1cf1df939ac89b7e704","result":"0xf53b2136204098c8d90744316dc48c92225b939ffb7fe0aa68288c5b2b89347e"}}
[2m2025-12-10T12:17:50.259207Z[0m [34mDEBUG[0m [2mhyper::proto::h1::io[0m[2m:[0m parsed 4 headers
[2m2025-12-10T12:17:50.259217Z[0m [34mDEBUG[0m [2methereum_transaction_pool_monitor::eth_client[0m[2m:[0m 📨 Received pending transaction: 0xf53b2136204098c8d90744316dc48c92225b939ffb7fe0aa68288c5b2b89347e
[2m2025-12-10T12:17:50.259221Z[0m [34mDEBUG[0m [2mhyper::proto::h1::conn[0m[2m:[0m incoming body is content-length (45 bytes)
[2m2025-12-10T12:17:50.259239Z[0m [34mDEBUG[0m [2mhyper::proto::h1::conn[0m[2m:[0m incoming body completed
[2m2025-12-10T12:17:50.259267Z[0m [34mDEBUG[0m [2mhyper::client::pool[0m[2m:[0m pooling idle connection for ("http", 192.168.0.14:8545)
[2m2025-12-10T12:17:50.259331Z[0m [34mDEBUG[0m [2mhyper::client::pool[0m[2m:[0m reuse idle connection for ("http", 192.168.0.14:8545)
[2m2025-12-10T12:17:50.259376Z[0m [34mDEBUG[0m [2mhyper::proto::h1::io[0m[2m:[0m flushed 172 bytes
[2m2025-12-10T12:17:50.263768Z[0m [34mDEBUG[0m [2methereum_transaction_pool_monitor::eth_client[0m[2m:[0m 📨 Received WebSocket message: {"jsonrpc":"2.0","method":"eth_subscription","params":{"subscription":"0xb60af543a4ead1cf1df939ac89b7e704","result":"0x3b813da5a7e93c3d5cb0bae55f30c95229676eb6fec087c409b0eb095cf85ba6"}}
[2m2025-12-10T12:17:50.263798Z[0m [34mDEBUG[0m [2methereum_transaction_pool_monitor::eth_client[0m[2m:[0m 📨 Received pending transaction: 0x3b813da5a7e93c3d5cb0bae55f30c95229676eb6fec087c409b0eb095cf85ba6
[2m2025-12-10T12:17:50.295962Z[0m [34mDEBUG[0m [2mhyper::proto::h1::io[0m[2m:[0m parsed 4 headers
[2m2025-12-10T12:17:50.296036Z[0m [34mDEBUG[0m [2mhyper::proto::h1::conn[0m[2m:[0m incoming body is content-length (38 bytes)
[2m2025-12-10T12:17:50.296079Z[0m [34mDEBUG[0m [2mhyper::proto::h1::conn[0m[2m:[0m incoming body completed
[2m2025-12-10T12:17:50.296476Z[0m [34mDEBUG[0m [2mhyper::client::pool[0m[2m:[0m pooling idle connection for ("http", 192.168.0.14:8545)
[2m2025-12-10T12:17:50.296508Z[0m [34mDEBUG[0m [2methereum_transaction_pool_monitor::eth_client[0m[2m:[0m 📡 Transaction fetch RPC completed in 37.518291ms
[2m2025-12-10T12:17:50.296554Z[0m [34mDEBUG[0m [2methereum_transaction_pool_monitor::eth_client[0m[2m:[0m ✅ Transaction 0xe90f46dae71d6f3fd18c1ae47d9d781c1ae5674213a50b033b3d136a38ba16c6 fetched and parsed in 37.564666ms
[2m2025-12-10T12:17:50.296575Z[0m [34mDEBUG[0m [2methereum_transaction_pool_monitor::mempool_monitor[0m[2m:[0m 🔍 Skipping tx 0xe90f46dae71d6f3fd18c1ae47d9d781c1ae5674213a50b033b3d136a38ba16c6 - contract creation
[2m2025-12-10T12:17:50.296593Z[0m [34mDEBUG[0m [2methereum_transaction_pool_monitor::mempool_monitor[0m[2m:[0m 📨 Processing new pending transaction: 0xd3919f8750016834c96babeef275f0a36a4017386ea825c4f49884ae12bf8106
[2m2025-12-10T12:17:50.296604Z[0m [34mDEBUG[0m [2methereum_transaction_pool_monitor::mempool_monitor[0m[2m:[0m 🔍 Fetching transaction details for: 0xd3919f8750016834c96babeef275f0a36a4017386ea825c4f49884ae12bf8106
[2m2025-12-10T12:17:50.296613Z[0m [34mDEBUG[0m [2methereum_transaction_pool_monitor::eth_client[0m[2m:[0m 🔍 Fetching transaction details for hash: 0xd3919f8750016834c96babeef275f0a36a4017386ea825c4f49884ae12bf8106
[2m2025-12-10T12:17:50.296701Z[0m [34mDEBUG[0m [2mhyper::client::pool[0m[2m:[0m reuse idle connection for ("http", 192.168.0.14:8545)
[2m2025-12-10T12:17:50.296778Z[0m [34mDEBUG[0m [2mhyper::proto::h1::io[0m[2m:[0m flushed 250 bytes
[2m2025-12-10T12:17:50.296783Z[0m [34mDEBUG[0m [2methereum_transaction_pool_monitor::eth_client[0m[2m:[0m 📨 Received WebSocket message: {"jsonrpc":"2.0","method":"eth_subscription","params":{"subscription":"0xb60af543a4ead1cf1df939ac89b7e704","result":"0xc740969b9208f57b5212f30c6a73ec1a2e4051bda7aee2cbf9cd1cf27684042a"}}
[2m2025-12-10T12:17:50.297250Z[0m [34mDEBUG[0m [2methereum_transaction_pool_monitor::eth_client[0m[2m:[0m 📨 Received pending transaction: 0xc740969b9208f57b5212f30c6a73ec1a2e4051bda7aee2cbf9cd1cf27684042a
[2m2025-12-10T12:17:50.297381Z[0m [34mDEBUG[0m [2methereum_transaction_pool_monitor::eth_client[0m[2m:[0m 📨 Received WebSocket message: {"jsonrpc":"2.0","method":"eth_subscription","params":{"subscription":"0xb60af543a4ead1cf1df939ac89b7e704","result":"0xf78860be6b31ebbf7a16bc19efaa13b6cb1ae8ae0dcf9ab92035a58227a175e1"}}
[2m2025-12-10T12:17:50.297404Z[0m [34mDEBUG[0m [2methereum_transaction_pool_monitor::eth_client[0m[2m:[0m 📨 Received pending transaction: 0xf78860be6b31ebbf7a16bc19efaa13b6cb1ae8ae0dcf9ab92035a58227a175e1
[2m2025-12-10T12:17:50.302172Z[0m [34mDEBUG[0m [2mhyper::proto::h1::io[0m[2m:[0m parsed 4 headers
[2m2025-12-10T12:17:50.302231Z[0m [34mDEBUG[0m [2mhyper::proto::h1::conn[0m[2m:[0m incoming body is content-length (45 bytes)
[2m2025-12-10T12:17:50.302274Z[0m [34mDEBUG[0m [2mhyper::proto::h1::conn[0m[2m:[0m incoming body completed
[2m2025-12-10T12:17:50.302346Z[0m [34mDEBUG[0m [2mhyper::client::pool[0m[2m:[0m pooling idle connection for ("http", 192.168.0.14:8545)
[2m2025-12-10T12:17:50.302567Z[0m [34mDEBUG[0m [2mhyper::client::pool[0m[2m:[0m reuse idle connection for ("http", 192.168.0.14:8545)
[2m2025-12-10T12:17:50.302718Z[0m [34mDEBUG[0m [2mhyper::proto::h1::io[0m[2m:[0m flushed 172 bytes
[2m2025-12-10T12:17:50.354586Z[0m [34mDEBUG[0m [2mhyper::proto::h1::io[0m[2m:[0m parsed 4 headers
[2m2025-12-10T12:17:50.354638Z[0m [34mDEBUG[0m [2mhyper::proto::h1::conn[0m[2m:[0m incoming body is content-length (720 bytes)
[2m2025-12-10T12:17:50.354669Z[0m [34mDEBUG[0m [2mhyper::proto::h1::conn[0m[2m:[0m incoming body completed
[2m2025-12-10T12:17:50.354738Z[0m [34mDEBUG[0m [2mhyper::client::pool[0m[2m:[0m pooling idle connection for ("http", 192.168.0.14:8545)
[2m2025-12-10T12:17:50.354764Z[0m [34mDEBUG[0m [2methereum_transaction_pool_monitor::eth_client[0m[2m:[0m 📡 Transaction fetch RPC completed in 58.141583ms
[2m2025-12-10T12:17:50.550962Z[0m [34mDEBUG[0m [2methereum_transaction_pool_monitor::eth_client[0m[2m:[0m ✅ Transaction 0xd3919f8750016834c96babeef275f0a36a4017386ea825c4f49884ae12bf8106 fetched and parsed in 254.335166ms
[2m2025-12-10T12:17:50.551031Z[0m [34mDEBUG[0m [2methereum_transaction_pool_monitor::mempool_monitor[0m[2m:[0m 🔍 Skipping tx 0xd3919f8750016834c96babeef275f0a36a4017386ea825c4f49884ae12bf8106 - not a DEX interaction (target: 0x81264211C0987007e488ce9c7A37FC1FAc171dAe)
[2m2025-12-10T12:17:50.551109Z[0m [34mDEBUG[0m [2methereum_transaction_pool_monitor::mempool_monitor[0m[2m:[0m 📨 Processing new pending transaction: 0x1f5f0c9a912641f846d5f5f19bd0fdce11fd23e70e8ab83129e7fb31302b7fa4
[2m2025-12-10T12:17:50.551126Z[0m [34mDEBUG[0m [2methereum_transaction_pool_monitor::mempool_monitor[0m[2m:[0m 🔍 Fetching transaction details for: 0x1f5f0c9a912641f846d5f5f19bd0fdce11fd23e70e8ab83129e7fb31302b7fa4
[2m2025-12-10T12:17:50.551138Z[0m [34mDEBUG[0m [2methereum_transaction_pool_monitor::eth_client[0m[2m:[0m 🔍 Fetching transaction details for hash: 0x1f5f0c9a912641f846d5f5f19bd0fdce11fd23e70e8ab83129e7fb31302b7fa4
[2m2025-12-10T12:17:50.551227Z[0m [34mDEBUG[0m [2mhyper::client::pool[0m[2m:[0m reuse idle connection for ("http", 192.168.0.14:8545)
[2m2025-12-10T12:17:50.551303Z[0m [34mDEBUG[0m [2mhyper::proto::h1::io[0m[2m:[0m flushed 250 bytes
[2m2025-12-10T12:17:50.551357Z[0m [34mDEBUG[0m [2methereum_transaction_pool_monitor::eth_client[0m[2m:[0m 📨 Received WebSocket message: {"jsonrpc":"2.0","method":"eth_subscription","params":{"subscription":"0xb60af543a4ead1cf1df939ac89b7e704","result":"0xe114a68ecdff4532dbf3ae3b2d25210e7c7873fbeaa3881ad95e7f45f1785f1d"}}
[2m2025-12-10T12:17:50.551381Z[0m [34mDEBUG[0m [2methereum_transaction_pool_monitor::eth_client[0m[2m:[0m 📨 Received pending transaction: 0xe114a68ecdff4532dbf3ae3b2d25210e7c7873fbeaa3881ad95e7f45f1785f1d
[2m2025-12-10T12:17:50.551382Z[0m [34mDEBUG[0m [2mhyper::proto::h1::io[0m[2m:[0m parsed 4 headers
[2m2025-12-10T12:17:50.551395Z[0m [34mDEBUG[0m [2methereum_transaction_pool_monitor::eth_client[0m[2m:[0m 📨 Received WebSocket message: {"jsonrpc":"2.0","method":"eth_subscription","params":{"subscription":"0xb60af543a4ead1cf1df939ac89b7e704","result":"0x291aad8d52f04322fb12c02c4aa7a8c263350b9ba782449e208aa6724b0bd0dd"}}
[2m2025-12-10T12:17:50.551399Z[0m [34mDEBUG[0m [2mhyper::proto::h1::conn[0m[2m:[0m incoming body is content-length (45 bytes)
[2m2025-12-10T12:17:50.551413Z[0m [34mDEBUG[0m [2methereum_transaction_pool_monitor::eth_client[0m[2m:[0m 📨 Received pending transaction: 0x291aad8d52f04322fb12c02c4aa7a8c263350b9ba782449e208aa6724b0bd0dd
[2m2025-12-10T12:17:50.551424Z[0m [34mDEBUG[0m [2mhyper::proto::h1::conn[0m[2m:[0m incoming body completed
[2m2025-12-10T12:17:50.551458Z[0m [34mDEBUG[0m [2mhyper::client::pool[0m[2m:[0m pooling idle connection for ("http", 192.168.0.14:8545)
[2m2025-12-10T12:17:50.551531Z[0m [34mDEBUG[0m [2mhyper::client::pool[0m[2m:[0m reuse idle connection for ("http", 192.168.0.14:8545)
[2m2025-12-10T12:17:50.551576Z[0m [34mDEBUG[0m [2mhyper::proto::h1::io[0m[2m:[0m flushed 172 bytes
[2m2025-12-10T12:17:50.584083Z[0m [34mDEBUG[0m [2mhyper::proto::h1::io[0m[2m:[0m parsed 4 headers
[2m2025-12-10T12:17:50.584121Z[0m [34mDEBUG[0m [2mhyper::proto::h1::conn[0m[2m:[0m incoming body is content-length (1198 bytes)
[2m2025-12-10T12:17:50.584148Z[0m [34mDEBUG[0m [2mhyper::proto::h1::conn[0m[2m:[0m incoming body completed
[2m2025-12-10T12:17:50.584198Z[0m [34mDEBUG[0m [2mhyper::client::pool[0m[2m:[0m pooling idle connection for ("http", 192.168.0.14:8545)
[2m2025-12-10T12:17:50.584222Z[0m [34mDEBUG[0m [2methereum_transaction_pool_monitor::eth_client[0m[2m:[0m 📡 Transaction fetch RPC completed in 33.074ms
[2m2025-12-10T12:17:50.775984Z[0m [34mDEBUG[0m [2methereum_transaction_pool_monitor::eth_client[0m[2m:[0m ✅ Transaction 0x1f5f0c9a912641f846d5f5f19bd0fdce11fd23e70e8ab83129e7fb31302b7fa4 fetched and parsed in 224.828791ms
[2m2025-12-10T12:17:50.776054Z[0m [34mDEBUG[0m [2methereum_transaction_pool_monitor::mempool_monitor[0m[2m:[0m 🔍 Skipping tx 0x1f5f0c9a912641f846d5f5f19bd0fdce11fd23e70e8ab83129e7fb31302b7fa4 - not a DEX interaction (target: 0xCf5540fFFCdC3d510B18bFcA6d2b9987b0772559)
[2m2025-12-10T12:17:50.776126Z[0m [34mDEBUG[0m [2methereum_transaction_pool_monitor::mempool_monitor[0m[2m:[0m 📨 Processing new pending transaction: 0x912a7e46e5fbde1fd38820f7bbaa310983e04011745c406809350344dd53304d
[2m2025-12-10T12:17:50.776140Z[0m [34mDEBUG[0m [2methereum_transaction_pool_monitor::mempool_monitor[0m[2m:[0m 🔍 Fetching transaction details for: 0x912a7e46e5fbde1fd38820f7bbaa310983e04011745c406809350344dd53304d
[2m2025-12-10T12:17:50.776151Z[0m [34mDEBUG[0m [2methereum_transaction_pool_monitor::eth_client[0m[2m:[0m 🔍 Fetching transaction details for hash: 0x912a7e46e5fbde1fd38820f7bbaa310983e04011745c406809350344dd53304d
[2m2025-12-10T12:17:50.776255Z[0m [34mDEBUG[0m [2mhyper::client::pool[0m[2m:[0m reuse idle connection for ("http", 192.168.0.14:8545)
[2m2025-12-10T12:17:50.776353Z[0m [34mDEBUG[0m [2mhyper::proto::h1::io[0m[2m:[0m flushed 250 bytes
[2m2025-12-10T12:17:50.776416Z[0m [34mDEBUG[0m [2methereum_transaction_pool_monitor::eth_client[0m[2m:[0m 📨 Received WebSocket message: {"jsonrpc":"2.0","method":"eth_subscription","params":{"subscription":"0xb60af543a4ead1cf1df939ac89b7e704","result":"0xd8a8f96f186d895051e1a407dced61a929133b0e56d6b20d47c90de338145118"}}
[2m2025-12-10T12:17:50.776432Z[0m [34mDEBUG[0m [2mhyper::proto::h1::io[0m[2m:[0m parsed 4 headers
[2m2025-12-10T12:17:50.776441Z[0m [34mDEBUG[0m [2methereum_transaction_pool_monitor::eth_client[0m[2m:[0m 📨 Received pending transaction: 0xd8a8f96f186d895051e1a407dced61a929133b0e56d6b20d47c90de338145118
[2m2025-12-10T12:17:50.776446Z[0m [34mDEBUG[0m [2mhyper::proto::h1::conn[0m[2m:[0m incoming body is content-length (45 bytes)
[2m2025-12-10T12:17:50.776457Z[0m [34mDEBUG[0m [2methereum_transaction_pool_monitor::eth_client[0m[2m:[0m 📨 Received WebSocket message: {"jsonrpc":"2.0","method":"eth_subscription","params":{"subscription":"0xb60af543a4ead1cf1df939ac89b7e704","result":"0x338c1781a1524a1e57589a6928221c0a0d299d8c0bc3f5eeaac6ede677cfbfac"}}
[2m2025-12-10T12:17:50.776466Z[0m [34mDEBUG[0m [2mhyper::proto::h1::conn[0m[2m:[0m incoming body completed
[2m2025-12-10T12:17:50.776478Z[0m [34mDEBUG[0m [2methereum_transaction_pool_monitor::eth_client[0m[2m:[0m 📨 Received pending transaction: 0x338c1781a1524a1e57589a6928221c0a0d299d8c0bc3f5eeaac6ede677cfbfac
[2m2025-12-10T12:17:50.776492Z[0m [34mDEBUG[0m [2methereum_transaction_pool_monitor::eth_client[0m[2m:[0m 📨 Received WebSocket message: {"jsonrpc":"2.0","method":"eth_subscription","params":{"subscription":"0xb60af543a4ead1cf1df939ac89b7e704","result":"0x6fc08fa5ca468ee9048420694564192949f525822396a683307bd969ee70489e"}}
[2m2025-12-10T12:17:50.776502Z[0m [34mDEBUG[0m [2mhyper::client::pool[0m[2m:[0m pooling idle connection for ("http", 192.168.0.14:8545)
[2m2025-12-10T12:17:50.776508Z[0m [34mDEBUG[0m [2methereum_transaction_pool_monitor::eth_client[0m[2m:[0m 📨 Received pending transaction: 0x6fc08fa5ca468ee9048420694564192949f525822396a683307bd969ee70489e
[2m2025-12-10T12:17:50.776520Z[0m [34mDEBUG[0m [2methereum_transaction_pool_monitor::eth_client[0m[2m:[0m 📨 Received WebSocket message: {"jsonrpc":"2.0","method":"eth_subscription","params":{"subscription":"0xb60af543a4ead1cf1df939ac89b7e704","result":"0x194f8cf69811c1f4f62ac6f38192f0d2e3f5037be4577512626cbc12bcace71f"}}
[2m2025-12-10T12:17:50.776535Z[0m [34mDEBUG[0m [2methereum_transaction_pool_monitor::eth_client[0m[2m:[0m 📨 Received pending transaction: 0x194f8cf69811c1f4f62ac6f38192f0d2e3f5037be4577512626cbc12bcace71f
[2m2025-12-10T12:17:50.776546Z[0m [34mDEBUG[0m [2methereum_transaction_pool_monitor::eth_client[0m[2m:[0m 📨 Received WebSocket message: {"jsonrpc":"2.0","method":"eth_subscription","params":{"subscription":"0xb60af543a4ead1cf1df939ac89b7e704","result":"0x3ee3fbbf5342b947d3e59064fe0a1552b841ee2090e07946361fffeb9fea8273"}}
[2m2025-12-10T12:17:50.776563Z[0m [34mDEBUG[0m [2methereum_transaction_pool_monitor::eth_client[0m[2m:[0m 📨 Received pending transaction: 0x3ee3fbbf5342b947d3e59064fe0a1552b841ee2090e07946361fffeb9fea8273
[2m2025-12-10T12:17:50.776576Z[0m [34mDEBUG[0m [2mhyper::client::pool[0m[2m:[0m reuse idle connection for ("http", 192.168.0.14:8545)
[2m2025-12-10T12:17:50.776621Z[0m [34mDEBUG[0m [2mhyper::proto::h1::io[0m[2m:[0m flushed 172 bytes
[2m2025-12-10T12:17:50.787687Z[0m [34mDEBUG[0m [2mhyper::proto::h1::io[0m[2m:[0m parsed 4 headers
[2m2025-12-10T12:17:50.787709Z[0m [34mDEBUG[0m [2mhyper::proto::h1::conn[0m[2m:[0m incoming body is content-length (3479 bytes)
[2m2025-12-10T12:17:50.787727Z[0m [34mDEBUG[0m [2mhyper::proto::h1::conn[0m[2m:[0m incoming body completed
[2m2025-12-10T12:17:50.787758Z[0m [34mDEBUG[0m [2mhyper::client::pool[0m[2m:[0m pooling idle connection for ("http", 192.168.0.14:8545)
[2m2025-12-10T12:17:50.787774Z[0m [34mDEBUG[0m [2methereum_transaction_pool_monitor::eth_client[0m[2m:[0m 📡 Transaction fetch RPC completed in 11.613833ms
[2m2025-12-10T12:17:51.010354Z[0m [34mDEBUG[0m [2methereum_transaction_pool_monitor::eth_client[0m[2m:[0m ✅ Transaction 0x912a7e46e5fbde1fd38820f7bbaa310983e04011745c406809350344dd53304d fetched and parsed in 234.188166ms
[2m2025-12-10T12:17:51.010413Z[0m [34mDEBUG[0m [2methereum_transaction_pool_monitor::mempool_monitor[0m[2m:[0m 🔍 Skipping tx 0x912a7e46e5fbde1fd38820f7bbaa310983e04011745c406809350344dd53304d - not a DEX interaction (target: 0x3057Fe9CE0785055D546e974Befa47B5E9f0cccc)
[2m2025-12-10T12:17:51.010488Z[0m [34mDEBUG[0m [2methereum_transaction_pool_monitor::mempool_monitor[0m[2m:[0m 📨 Processing new pending transaction: 0xf73bc052687db5e62b13188082793f4fdf2e817646dc07d0675cddc603efd01b
[2m2025-12-10T12:17:51.010498Z[0m [34mDEBUG[0m [2methereum_transaction_pool_monitor::mempool_monitor[0m[2m:[0m 🔍 Fetching transaction details for: 0xf73bc052687db5e62b13188082793f4fdf2e817646dc07d0675cddc603efd01b
[2m2025-12-10T12:17:51.010508Z[0m [34mDEBUG[0m [2methereum_transaction_pool_monitor::eth_client[0m[2m:[0m 🔍 Fetching transaction details for hash: 0xf73bc052687db5e62b13188082793f4fdf2e817646dc07d0675cddc603efd01b
[2m2025-12-10T12:17:51.010607Z[0m [34mDEBUG[0m [2mhyper::client::pool[0m[2m:[0m reuse idle connection for ("http", 192.168.0.14:8545)
[2m2025-12-10T12:17:51.010693Z[0m [34mDEBUG[0m [2mhyper::proto::h1::io[0m[2m:[0m flushed 250 bytes
[2m2025-12-10T12:17:51.010755Z[0m [34mDEBUG[0m [2mhyper::proto::h1::io[0m[2m:[0m parsed 4 headers
[2m2025-12-10T12:17:51.010762Z[0m [34mDEBUG[0m [2mhyper::proto::h1::conn[0m[2m:[0m incoming body is content-length (45 bytes)
[2m2025-12-10T12:17:51.010779Z[0m [34mDEBUG[0m [2mhyper::proto::h1::conn[0m[2m:[0m incoming body completed
[2m2025-12-10T12:17:51.010783Z[0m [34mDEBUG[0m [2methereum_transaction_pool_monitor::eth_client[0m[2m:[0m 📨 Received WebSocket message: {"jsonrpc":"2.0","method":"eth_subscription","params":{"subscription":"0xb60af543a4ead1cf1df939ac89b7e704","result":"0x6ecf2b8c8500f5022e2142f332900c00e0bdb7b37e9aef1810e8a1edf17eb46b"}}
[2m2025-12-10T12:17:51.010807Z[0m [34mDEBUG[0m [2mhyper::client::pool[0m[2m:[0m pooling idle connection for ("http", 192.168.0.14:8545)
[2m2025-12-10T12:17:51.010816Z[0m [34mDEBUG[0m [2methereum_transaction_pool_monitor::eth_client[0m[2m:[0m 📨 Received pending transaction: 0x6ecf2b8c8500f5022e2142f332900c00e0bdb7b37e9aef1810e8a1edf17eb46b
[2m2025-12-10T12:17:51.010836Z[0m [34mDEBUG[0m [2methereum_transaction_pool_monitor::eth_client[0m[2m:[0m 📨 Received WebSocket message: {"jsonrpc":"2.0","method":"eth_subscription","params":{"subscription":"0xb60af543a4ead1cf1df939ac89b7e704","result":"0x2a19a2d722e8ebeec11a90c77d0fb101816bc97eae95aaa31462827a50662ff8"}}
[2m2025-12-10T12:17:51.010854Z[0m [34mDEBUG[0m [2methereum_transaction_pool_monitor::eth_client[0m[2m:[0m 📨 Received pending transaction: 0x2a19a2d722e8ebeec11a90c77d0fb101816bc97eae95aaa31462827a50662ff8
[2m2025-12-10T12:17:51.010866Z[0m [34mDEBUG[0m [2methereum_transaction_pool_monitor::eth_client[0m[2m:[0m 📨 Received WebSocket message: {"jsonrpc":"2.0","method":"eth_subscription","params":{"subscription":"0xb60af543a4ead1cf1df939ac89b7e704","result":"0x2d5a4e0e70fe9a2fb4628ae40c88a3d5a054d5a25246d7999f099febc0e86a10"}}
[2m2025-12-10T12:17:51.010874Z[0m [34mDEBUG[0m [2mhyper::client::pool[0m[2m:[0m reuse idle connection for ("http", 192.168.0.14:8545)
[2m2025-12-10T12:17:51.010884Z[0m [34mDEBUG[0m [2methereum_transaction_pool_monitor::eth_client[0m[2m:[0m 📨 Received pending transaction: 0x2d5a4e0e70fe9a2fb4628ae40c88a3d5a054d5a25246d7999f099febc0e86a10
[2m2025-12-10T12:17:51.010897Z[0m [34mDEBUG[0m [2methereum_transaction_pool_monitor::eth_client[0m[2m:[0m 📨 Received WebSocket message: {"jsonrpc":"2.0","method":"eth_subscription","params":{"subscription":"0xb60af543a4ead1cf1df939ac89b7e704","result":"0x8ce28efa2bb6e463e6bf8beadf83000a737c08a6913a36adc1f66638cc99b97f"}}
[2m2025-12-10T12:17:51.010912Z[0m [34mDEBUG[0m [2mhyper::proto::h1::io[0m[2m:[0m flushed 172 bytes
[2m2025-12-10T12:17:51.010915Z[0m [34mDEBUG[0m [2methereum_transaction_pool_monitor::eth_client[0m[2m:[0m 📨 Received pending transaction: 0x8ce28efa2bb6e463e6bf8beadf83000a737c08a6913a36adc1f66638cc99b97f
[2m2025-12-10T12:17:51.062138Z[0m [34mDEBUG[0m [2mhyper::proto::h1::io[0m[2m:[0m parsed 4 headers
[2m2025-12-10T12:17:51.062179Z[0m [34mDEBUG[0m [2mhyper::proto::h1::conn[0m[2m:[0m incoming body is content-length (718 bytes)
[2m2025-12-10T12:17:51.062204Z[0m [34mDEBUG[0m [2mhyper::proto::h1::conn[0m[2m:[0m incoming body completed
[2m2025-12-10T12:17:51.062252Z[0m [34mDEBUG[0m [2mhyper::client::pool[0m[2m:[0m pooling idle connection for ("http", 192.168.0.14:8545)
[2m2025-12-10T12:17:51.062273Z[0m [34mDEBUG[0m [2methereum_transaction_pool_monitor::eth_client[0m[2m:[0m 📡 Transaction fetch RPC completed in 51.755417ms
[2m2025-12-10T12:17:51.250909Z[0m [34mDEBUG[0m [2methereum_transaction_pool_monitor::eth_client[0m[2m:[0m ✅ Transaction 0xf73bc052687db5e62b13188082793f4fdf2e817646dc07d0675cddc603efd01b fetched and parsed in 240.386375ms
[2m2025-12-10T12:17:51.250964Z[0m [34mDEBUG[0m [2methereum_transaction_pool_monitor::mempool_monitor[0m[2m:[0m 🔍 Skipping tx 0xf73bc052687db5e62b13188082793f4fdf2e817646dc07d0675cddc603efd01b - not a DEX interaction (target: 0xd60AA5CbcD5c6CC098d6a0fa927FDe3b3900Bf2b)
[2m2025-12-10T12:17:51.251029Z[0m [34mDEBUG[0m [2methereum_transaction_pool_monitor::mempool_monitor[0m[2m:[0m 📨 Processing new pending transaction: 0x9fc57b143bd4314edc67962a6efc0ff73b8874507a41f9eb2c90bceb24045447
[2m2025-12-10T12:17:51.251041Z[0m [34mDEBUG[0m [2methereum_transaction_pool_monitor::mempool_monitor[0m[2m:[0m 🔍 Fetching transaction details for: 0x9fc57b143bd4314edc67962a6efc0ff73b8874507a41f9eb2c90bceb24045447
[2m2025-12-10T12:17:51.251050Z[0m [34mDEBUG[0m [2methereum_transaction_pool_monitor::eth_client[0m[2m:[0m 🔍 Fetching transaction details for hash: 0x9fc57b143bd4314edc67962a6efc0ff73b8874507a41f9eb2c90bceb24045447
[2m2025-12-10T12:17:51.251152Z[0m [34mDEBUG[0m [2mhyper::client::pool[0m[2m:[0m reuse idle connection for ("http", 192.168.0.14:8545)
[2m2025-12-10T12:17:51.251233Z[0m [34mDEBUG[0m [2mhyper::proto::h1::io[0m[2m:[0m flushed 250 bytes
[2m2025-12-10T12:17:51.251289Z[0m [34mDEBUG[0m [2methereum_transaction_pool_monitor::eth_client[0m[2m:[0m 📨 Received WebSocket message: {"jsonrpc":"2.0","method":"eth_subscription","params":{"subscription":"0xb60af543a4ead1cf1df939ac89b7e704","result":"0xa8983a030b36701ed2b81ab06cfcb697e0a1d2a904074f34e52d6a612f2c0b4f"}}
[2m2025-12-10T12:17:51.251311Z[0m [34mDEBUG[0m [2mhyper::proto::h1::io[0m[2m:[0m parsed 4 headers
[2m2025-12-10T12:17:51.251312Z[0m [34mDEBUG[0m [2methereum_transaction_pool_monitor::eth_client[0m[2m:[0m 📨 Received pending transaction: 0xa8983a030b36701ed2b81ab06cfcb697e0a1d2a904074f34e52d6a612f2c0b4f
[2m2025-12-10T12:17:51.251327Z[0m [34mDEBUG[0m [2mhyper::proto::h1::conn[0m[2m:[0m incoming body is content-length (45 bytes)
[2m2025-12-10T12:17:51.251347Z[0m [34mDEBUG[0m [2mhyper::proto::h1::conn[0m[2m:[0m incoming body completed
[2m2025-12-10T12:17:51.251379Z[0m [34mDEBUG[0m [2mhyper::client::pool[0m[2m:[0m pooling idle connection for ("http", 192.168.0.14:8545)
[2m2025-12-10T12:17:51.251453Z[0m [34mDEBUG[0m [2mhyper::client::pool[0m[2m:[0m reuse idle connection for ("http", 192.168.0.14:8545)
[2m2025-12-10T12:17:51.251497Z[0m [34mDEBUG[0m [2mhyper::proto::h1::io[0m[2m:[0m flushed 172 bytes
[2m2025-12-10T12:17:51.302870Z[0m [34mDEBUG[0m [2mhyper::proto::h1::io[0m[2m:[0m parsed 4 headers
[2m2025-12-10T12:17:51.302891Z[0m [34mDEBUG[0m [2mhyper::proto::h1::conn[0m[2m:[0m incoming body is content-length (841 bytes)
[2m2025-12-10T12:17:51.302909Z[0m [34mDEBUG[0m [2mhyper::proto::h1::conn[0m[2m:[0m incoming body completed
[2m2025-12-10T12:17:51.302944Z[0m [34mDEBUG[0m [2mhyper::client::pool[0m[2m:[0m pooling idle connection for ("http", 192.168.0.14:8545)
[2m2025-12-10T12:17:51.302961Z[0m [34mDEBUG[0m [2methereum_transaction_pool_monitor::eth_client[0m[2m:[0m 📡 Transaction fetch RPC completed in 51.900917ms
[2m2025-12-10T12:17:51.303011Z[0m [34mDEBUG[0m [2methereum_transaction_pool_monitor::eth_client[0m[2m:[0m DeFi transaction detected - Address: 0x6b175474e89094c44da98b954eedeac495271d0f, Type: Stablecoin, Value: 0 ETH, Gas: 0.21 Gwei
[2m2025-12-10T12:17:51.303055Z[0m [34mDEBUG[0m [2methereum_transaction_pool_monitor::eth_client[0m[2m:[0m ✅ Transaction 0x9fc57b143bd4314edc67962a6efc0ff73b8874507a41f9eb2c90bceb24045447 fetched and parsed in 51.995792ms
[2m2025-12-10T12:17:51.303075Z[0m [34mDEBUG[0m [2methereum_transaction_pool_monitor::mempool_monitor[0m[2m:[0m 🔍 Skipping tx 0x9fc57b143bd4314edc67962a6efc0ff73b8874507a41f9eb2c90bceb24045447 - not a DEX interaction (target: 0x6B175474E89094C44Da98b954EedeAC495271d0F)
[2m2025-12-10T12:17:51.303129Z[0m [34mDEBUG[0m [2methereum_transaction_pool_monitor::mempool_monitor[0m[2m:[0m 📨 Processing new pending transaction: 0x928c88d16cfb685a10c788ec57560b09954c06d0d0e0d4aacfe33c8eef8ead62
[2m2025-12-10T12:17:51.303151Z[0m [34mDEBUG[0m [2methereum_transaction_pool_monitor::mempool_monitor[0m[2m:[0m 🔍 Fetching transaction details for: 0x928c88d16cfb685a10c788ec57560b09954c06d0d0e0d4aacfe33c8eef8ead62
[2m2025-12-10T12:17:51.303159Z[0m [34mDEBUG[0m [2methereum_transaction_pool_monitor::eth_client[0m[2m:[0m 🔍 Fetching transaction details for hash: 0x928c88d16cfb685a10c788ec57560b09954c06d0d0e0d4aacfe33c8eef8ead62
[2m2025-12-10T12:17:51.303218Z[0m [34mDEBUG[0m [2mhyper::client::pool[0m[2m:[0m reuse idle connection for ("http", 192.168.0.14:8545)
[2m2025-12-10T12:17:51.303261Z[0m [34mDEBUG[0m [2mhyper::proto::h1::io[0m[2m:[0m flushed 250 bytes
[2m2025-12-10T12:17:51.308295Z[0m [34mDEBUG[0m [2mhyper::proto::h1::io[0m[2m:[0m parsed 4 headers
[2m2025-12-10T12:17:51.308303Z[0m [34mDEBUG[0m [2mhyper::proto::h1::conn[0m[2m:[0m incoming body is content-length (45 bytes)
[2m2025-12-10T12:17:51.308317Z[0m [34mDEBUG[0m [2mhyper::proto::h1::conn[0m[2m:[0m incoming body completed
[2m2025-12-10T12:17:51.308338Z[0m [34mDEBUG[0m [2mhyper::client::pool[0m[2m:[0m pooling idle connection for ("http", 192.168.0.14:8545)
[2m2025-12-10T12:17:51.308402Z[0m [34mDEBUG[0m [2mhyper::client::pool[0m[2m:[0m reuse idle connection for ("http", 192.168.0.14:8545)
[2m2025-12-10T12:17:51.308442Z[0m [34mDEBUG[0m [2mhyper::proto::h1::io[0m[2m:[0m flushed 172 bytes
[2m2025-12-10T12:17:51.348847Z[0m [34mDEBUG[0m [2mhyper::proto::h1::io[0m[2m:[0m parsed 4 headers
[2m2025-12-10T12:17:51.352181Z[0m [34mDEBUG[0m [2mhyper::proto::h1::conn[0m[2m:[0m incoming body is content-length (3321 bytes)
[2m2025-12-10T12:17:51.352209Z[0m [34mDEBUG[0m [2mhyper::proto::h1::conn[0m[2m:[0m incoming body completed
[2m2025-12-10T12:17:51.352260Z[0m [34mDEBUG[0m [2mhyper::client::pool[0m[2m:[0m pooling idle connection for ("http", 192.168.0.14:8545)
[2m2025-12-10T12:17:51.352280Z[0m [34mDEBUG[0m [2methereum_transaction_pool_monitor::eth_client[0m[2m:[0m 📡 Transaction fetch RPC completed in 49.110917ms
[2m2025-12-10T12:17:51.544252Z[0m [34mDEBUG[0m [2methereum_transaction_pool_monitor::eth_client[0m[2m:[0m ✅ Transaction 0x928c88d16cfb685a10c788ec57560b09954c06d0d0e0d4aacfe33c8eef8ead62 fetched and parsed in 241.079458ms
[2m2025-12-10T12:17:51.544301Z[0m [34mDEBUG[0m [2methereum_transaction_pool_monitor::mempool_monitor[0m[2m:[0m 🔍 Skipping tx 0x928c88d16cfb685a10c788ec57560b09954c06d0d0e0d4aacfe33c8eef8ead62 - not a DEX interaction (target: 0x69460570c93f9DE5E2edbC3052bf10125f0Ca22d)
[2m2025-12-10T12:17:51.544375Z[0m [34mDEBUG[0m [2methereum_transaction_pool_monitor::mempool_monitor[0m[2m:[0m 📨 Processing new pending transaction: 0x4982618213842a9d2a77858ac34fc035a88711e9ea23b07389dbaea585187c73
[2m2025-12-10T12:17:51.544387Z[0m [34mDEBUG[0m [2methereum_transaction_pool_monitor::mempool_monitor[0m[2m:[0m 🔍 Fetching transaction details for: 0x4982618213842a9d2a77858ac34fc035a88711e9ea23b07389dbaea585187c73
[2m2025-12-10T12:17:51.544397Z[0m [34mDEBUG[0m [2methereum_transaction_pool_monitor::eth_client[0m[2m:[0m 🔍 Fetching transaction details for hash: 0x4982618213842a9d2a77858ac34fc035a88711e9ea23b07389dbaea585187c73
[2m2025-12-10T12:17:51.544494Z[0m [34mDEBUG[0m [2mhyper::client::pool[0m[2m:[0m reuse idle connection for ("http", 192.168.0.14:8545)
[2m2025-12-10T12:17:51.544597Z[0m [34mDEBUG[0m [2mhyper::proto::h1::io[0m[2m:[0m flushed 250 bytes
[2m2025-12-10T12:17:51.544660Z[0m [34mDEBUG[0m [2methereum_transaction_pool_monitor::eth_client[0m[2m:[0m 📨 Received WebSocket message: {"jsonrpc":"2.0","method":"eth_subscription","params":{"subscription":"0xb60af543a4ead1cf1df939ac89b7e704","result":"0xedd80bd65c3cd567d4fa995dcf0652c2973e3b31f90930965704ee1d7e726c95"}}
[2m2025-12-10T12:17:51.544686Z[0m [34mDEBUG[0m [2methereum_transaction_pool_monitor::eth_client[0m[2m:[0m 📨 Received pending transaction: 0xedd80bd65c3cd567d4fa995dcf0652c2973e3b31f90930965704ee1d7e726c95
[2m2025-12-10T12:17:51.544702Z[0m [34mDEBUG[0m [2methereum_transaction_pool_monitor::eth_client[0m[2m:[0m 📨 Received WebSocket message: {"jsonrpc":"2.0","method":"eth_subscription","params":{"subscription":"0xb60af543a4ead1cf1df939ac89b7e704","result":"0x8fe457577410c9b2ac71e6d4a94c4285f4f124ed68a1865b7ff1f45c1bfbf75d"}}
[2m2025-12-10T12:17:51.544718Z[0m [34mDEBUG[0m [2methereum_transaction_pool_monitor::eth_client[0m[2m:[0m 📨 Received pending transaction: 0x8fe457577410c9b2ac71e6d4a94c4285f4f124ed68a1865b7ff1f45c1bfbf75d
[2m2025-12-10T12:17:51.544718Z[0m [34mDEBUG[0m [2mhyper::proto::h1::io[0m[2m:[0m parsed 4 headers
[2m2025-12-10T12:17:51.544760Z[0m [34mDEBUG[0m [2mhyper::proto::h1::conn[0m[2m:[0m incoming body is content-length (45 bytes)
[2m2025-12-10T12:17:51.544779Z[0m [34mDEBUG[0m [2mhyper::proto::h1::conn[0m[2m:[0m incoming body completed
[2m2025-12-10T12:17:51.544811Z[0m [34mDEBUG[0m [2mhyper::client::pool[0m[2m:[0m pooling idle connection for ("http", 192.168.0.14:8545)
[2m2025-12-10T12:17:51.544888Z[0m [34mDEBUG[0m [2mhyper::client::pool[0m[2m:[0m reuse idle connection for ("http", 192.168.0.14:8545)
[2m2025-12-10T12:17:51.544931Z[0m [34mDEBUG[0m [2mhyper::proto::h1::io[0m[2m:[0m flushed 172 bytes
[2m2025-12-10T12:17:51.545884Z[0m [34mDEBUG[0m [2methereum_transaction_pool_monitor::eth_client[0m[2m:[0m 📨 Received WebSocket message: {"jsonrpc":"2.0","method":"eth_subscription","params":{"subscription":"0xb60af543a4ead1cf1df939ac89b7e704","result":"0xf49dcf0530da41dde5e8bcae7ee4bae521fed46b66f4735eaa280442fa042b47"}}
[2m2025-12-10T12:17:51.545970Z[0m [34mDEBUG[0m [2methereum_transaction_pool_monitor::eth_client[0m[2m:[0m 📨 Received pending transaction: 0xf49dcf0530da41dde5e8bcae7ee4bae521fed46b66f4735eaa280442fa042b47
[2m2025-12-10T12:17:51.571076Z[0m [34mDEBUG[0m [2mhyper::proto::h1::io[0m[2m:[0m parsed 4 headers
[2m2025-12-10T12:17:51.571116Z[0m [34mDEBUG[0m [2mhyper::proto::h1::conn[0m[2m:[0m incoming body is content-length (842 bytes)
[2m2025-12-10T12:17:51.571142Z[0m [34mDEBUG[0m [2mhyper::proto::h1::conn[0m[2m:[0m incoming body completed
[2m2025-12-10T12:17:51.571189Z[0m [34mDEBUG[0m [2mhyper::client::pool[0m[2m:[0m pooling idle connection for ("http", 192.168.0.14:8545)
[2m2025-12-10T12:17:51.571208Z[0m [34mDEBUG[0m [2methereum_transaction_pool_monitor::eth_client[0m[2m:[0m 📡 Transaction fetch RPC completed in 26.801334ms
[2m2025-12-10T12:17:51.571271Z[0m [34mDEBUG[0m [2methereum_transaction_pool_monitor::eth_client[0m[2m:[0m DeFi transaction detected - Address: 0xdac17f958d2ee523a2206206994597c13d831ec7, Type: Stablecoin, Value: 0 ETH, Gas: 0.17 Gwei
[2m2025-12-10T12:17:51.571319Z[0m [34mDEBUG[0m [2methereum_transaction_pool_monitor::eth_client[0m[2m:[0m ✅ Transaction 0x4982618213842a9d2a77858ac34fc035a88711e9ea23b07389dbaea585187c73 fetched and parsed in 26.913542ms
[2m2025-12-10T12:17:51.571342Z[0m [34mDEBUG[0m [2methereum_transaction_pool_monitor::mempool_monitor[0m[2m:[0m 🔍 Skipping tx 0x4982618213842a9d2a77858ac34fc035a88711e9ea23b07389dbaea585187c73 - not a DEX interaction (target: 0xdAC17F958D2ee523a2206206994597C13D831ec7)
[2m2025-12-10T12:17:51.571401Z[0m [34mDEBUG[0m [2methereum_transaction_pool_monitor::mempool_monitor[0m[2m:[0m 📨 Processing new pending transaction: 0x21a073364816448ebaafeb2816e99edfbdb4bbd2c41602bc4a3fff40d76e4e4d
[2m2025-12-10T12:17:51.571411Z[0m [34mDEBUG[0m [2methereum_transaction_pool_monitor::mempool_monitor[0m[2m:[0m 🔍 Fetching transaction details for: 0x21a073364816448ebaafeb2816e99edfbdb4bbd2c41602bc4a3fff40d76e4e4d
[2m2025-12-10T12:17:51.571420Z[0m [34mDEBUG[0m [2methereum_transaction_pool_monitor::eth_client[0m[2m:[0m 🔍 Fetching transaction details for hash: 0x21a073364816448ebaafeb2816e99edfbdb4bbd2c41602bc4a3fff40d76e4e4d
[2m2025-12-10T12:17:51.571496Z[0m [34mDEBUG[0m [2mhyper::client::pool[0m[2m:[0m reuse idle connection for ("http", 192.168.0.14:8545)
[2m2025-12-10T12:17:51.571549Z[0m [34mDEBUG[0m [2mhyper::proto::h1::io[0m[2m:[0m flushed 250 bytes
[2m2025-12-10T12:17:51.577159Z[0m [34mDEBUG[0m [2mhyper::proto::h1::io[0m[2m:[0m parsed 4 headers
[2m2025-12-10T12:17:51.577179Z[0m [34mDEBUG[0m [2mhyper::proto::h1::conn[0m[2m:[0m incoming body is content-length (45 bytes)
[2m2025-12-10T12:17:51.577196Z[0m [34mDEBUG[0m [2mhyper::proto::h1::conn[0m[2m:[0m incoming body completed
[2m2025-12-10T12:17:51.577229Z[0m [34mDEBUG[0m [2mhyper::client::pool[0m[2m:[0m pooling idle connection for ("http", 192.168.0.14:8545)
[2m2025-12-10T12:17:51.577321Z[0m [34mDEBUG[0m [2mhyper::client::pool[0m[2m:[0m reuse idle connection for ("http", 192.168.0.14:8545)
[2m2025-12-10T12:17:51.577375Z[0m [34mDEBUG[0m [2mhyper::proto::h1::io[0m[2m:[0m flushed 172 bytes
[2m2025-12-10T12:17:51.598948Z[0m [34mDEBUG[0m [2mhyper::proto::h1::io[0m[2m:[0m parsed 4 headers
[2m2025-12-10T12:17:51.598991Z[0m [34mDEBUG[0m [2mhyper::proto::h1::conn[0m[2m:[0m incoming body is content-length (840 bytes)
[2m2025-12-10T12:17:51.599015Z[0m [34mDEBUG[0m [2mhyper::proto::h1::conn[0m[2m:[0m incoming body completed
[2m2025-12-10T12:17:51.599065Z[0m [34mDEBUG[0m [2mhyper::client::pool[0m[2m:[0m pooling idle connection for ("http", 192.168.0.14:8545)
[2m2025-12-10T12:17:51.599088Z[0m [34mDEBUG[0m [2methereum_transaction_pool_monitor::eth_client[0m[2m:[0m 📡 Transaction fetch RPC completed in 27.658417ms
[2m2025-12-10T12:17:51.599152Z[0m [34mDEBUG[0m [2methereum_transaction_pool_monitor::eth_client[0m[2m:[0m DeFi transaction detected - Address: 0xdac17f958d2ee523a2206206994597c13d831ec7, Type: Stablecoin, Value: 0 ETH, Gas: 0.19 Gwei
[2m2025-12-10T12:17:51.599196Z[0m [34mDEBUG[0m [2methereum_transaction_pool_monitor::eth_client[0m[2m:[0m ✅ Transaction 0x21a073364816448ebaafeb2816e99edfbdb4bbd2c41602bc4a3fff40d76e4e4d fetched and parsed in 27.767958ms
[2m2025-12-10T12:17:51.599218Z[0m [34mDEBUG[0m [2methereum_transaction_pool_monitor::mempool_monitor[0m[2m:[0m 🔍 Skipping tx 0x21a073364816448ebaafeb2816e99edfbdb4bbd2c41602bc4a3fff40d76e4e4d - not a DEX interaction (target: 0xdAC17F958D2ee523a2206206994597C13D831ec7)
[2m2025-12-10T12:17:51.599275Z[0m [34mDEBUG[0m [2methereum_transaction_pool_monitor::mempool_monitor[0m[2m:[0m 📨 Processing new pending transaction: 0xbd36e90db84e1ae8f05f894a6d708098c353938f24ac942f9c73abbc8edcf5a6
[2m2025-12-10T12:17:51.599285Z[0m [34mDEBUG[0m [2methereum_transaction_pool_monitor::mempool_monitor[0m[2m:[0m 🔍 Fetching transaction details for: 0xbd36e90db84e1ae8f05f894a6d708098c353938f24ac942f9c73abbc8edcf5a6
[2m2025-12-10T12:17:51.599294Z[0m [34mDEBUG[0m [2methereum_transaction_pool_monitor::eth_client[0m[2m:[0m 🔍 Fetching transaction details for hash: 0xbd36e90db84e1ae8f05f894a6d708098c353938f24ac942f9c73abbc8edcf5a6
[2m2025-12-10T12:17:51.599371Z[0m [34mDEBUG[0m [2mhyper::client::pool[0m[2m:[0m reuse idle connection for ("http", 192.168.0.14:8545)
[2m2025-12-10T12:17:51.599428Z[0m [34mDEBUG[0m [2mhyper::proto::h1::io[0m[2m:[0m flushed 250 bytes
[2m2025-12-10T12:17:51.599462Z[0m [34mDEBUG[0m [2mhyper::proto::h1::io[0m[2m:[0m parsed 4 headers
[2m2025-12-10T12:17:51.599468Z[0m [34mDEBUG[0m [2mhyper::proto::h1::conn[0m[2m:[0m incoming body is content-length (45 bytes)
[2m2025-12-10T12:17:51.599479Z[0m [34mDEBUG[0m [2mhyper::proto::h1::conn[0m[2m:[0m incoming body completed
[2m2025-12-10T12:17:51.599497Z[0m [34mDEBUG[0m [2mhyper::client::pool[0m[2m:[0m pooling idle connection for ("http", 192.168.0.14:8545)
[2m2025-12-10T12:17:51.599552Z[0m [34mDEBUG[0m [2mhyper::client::pool[0m[2m:[0m reuse idle connection for ("http", 192.168.0.14:8545)
[2m2025-12-10T12:17:51.599591Z[0m [34mDEBUG[0m [2mhyper::proto::h1::io[0m[2m:[0m flushed 172 bytes
[2m2025-12-10T12:17:51.627413Z[0m [34mDEBUG[0m [2mhyper::proto::h1::io[0m[2m:[0m parsed 4 headers
[2m2025-12-10T12:17:51.627439Z[0m [34mDEBUG[0m [2mhyper::proto::h1::conn[0m[2m:[0m incoming body is content-length (45 bytes)
[2m2025-12-10T12:17:51.627459Z[0m [34mDEBUG[0m [2mhyper::proto::h1::conn[0m[2m:[0m incoming body completed
[2m2025-12-10T12:17:51.627498Z[0m [34mDEBUG[0m [2mhyper::client::pool[0m[2m:[0m pooling idle connection for ("http", 192.168.0.14:8545)
[2m2025-12-10T12:17:51.627603Z[0m [34mDEBUG[0m [2mhyper::client::pool[0m[2m:[0m reuse idle connection for ("http", 192.168.0.14:8545)
[2m2025-12-10T12:17:51.627659Z[0m [34mDEBUG[0m [2mhyper::proto::h1::io[0m[2m:[0m flushed 172 bytes
[2m2025-12-10T12:17:51.627665Z[0m [34mDEBUG[0m [2mhyper::proto::h1::io[0m[2m:[0m parsed 4 headers
[2m2025-12-10T12:17:51.627675Z[0m [34mDEBUG[0m [2mhyper::proto::h1::conn[0m[2m:[0m incoming body is content-length (840 bytes)
[2m2025-12-10T12:17:51.627686Z[0m [34mDEBUG[0m [2mhyper::proto::h1::conn[0m[2m:[0m incoming body completed
[2m2025-12-10T12:17:51.627704Z[0m [34mDEBUG[0m [2mhyper::client::pool[0m[2m:[0m pooling idle connection for ("http", 192.168.0.14:8545)
[2m2025-12-10T12:17:51.627716Z[0m [34mDEBUG[0m [2methereum_transaction_pool_monitor::eth_client[0m[2m:[0m 📡 Transaction fetch RPC completed in 28.413625ms
[2m2025-12-10T12:17:51.673098Z[0m [34mDEBUG[0m [2mhyper::proto::h1::io[0m[2m:[0m parsed 4 headers
[2m2025-12-10T12:17:51.673128Z[0m [34mDEBUG[0m [2mhyper::proto::h1::conn[0m[2m:[0m incoming body is content-length (45 bytes)
[2m2025-12-10T12:17:51.673152Z[0m [34mDEBUG[0m [2mhyper::proto::h1::conn[0m[2m:[0m incoming body completed
[2m2025-12-10T12:17:51.673190Z[0m [34mDEBUG[0m [2mhyper::client::pool[0m[2m:[0m pooling idle connection for ("http", 192.168.0.14:8545)
[2m2025-12-10T12:17:51.673296Z[0m [34mDEBUG[0m [2mhyper::client::pool[0m[2m:[0m reuse idle connection for ("http", 192.168.0.14:8545)
[2m2025-12-10T12:17:51.673353Z[0m [34mDEBUG[0m [2mhyper::proto::h1::io[0m[2m:[0m flushed 172 bytes
[2m2025-12-10T12:17:51.712925Z[0m [34mDEBUG[0m [2mhyper::proto::h1::io[0m[2m:[0m parsed 4 headers
[2m2025-12-10T12:17:51.712958Z[0m [34mDEBUG[0m [2mhyper::proto::h1::conn[0m[2m:[0m incoming body is content-length (45 bytes)
[2m2025-12-10T12:17:51.712979Z[0m [34mDEBUG[0m [2mhyper::proto::h1::conn[0m[2m:[0m incoming body completed
[2m2025-12-10T12:17:51.713019Z[0m [34mDEBUG[0m [2mhyper::client::pool[0m[2m:[0m pooling idle connection for ("http", 192.168.0.14:8545)
[2m2025-12-10T12:17:51.713128Z[0m [34mDEBUG[0m [2mhyper::client::pool[0m[2m:[0m reuse idle connection for ("http", 192.168.0.14:8545)
[2m2025-12-10T12:17:51.713182Z[0m [34mDEBUG[0m [2mhyper::proto::h1::io[0m[2m:[0m flushed 172 bytes
[2m2025-12-10T12:17:51.760995Z[0m [34mDEBUG[0m [2mhyper::proto::h1::io[0m[2m:[0m parsed 4 headers
[2m2025-12-10T12:17:51.761025Z[0m [34mDEBUG[0m [2mhyper::proto::h1::conn[0m[2m:[0m incoming body is content-length (45 bytes)
[2m2025-12-10T12:17:51.761045Z[0m [34mDEBUG[0m [2mhyper::proto::h1::conn[0m[2m:[0m incoming body completed
[2m2025-12-10T12:17:51.761082Z[0m [34mDEBUG[0m [2mhyper::client::pool[0m[2m:[0m pooling idle connection for ("http", 192.168.0.14:8545)
[2m2025-12-10T12:17:51.761182Z[0m [34mDEBUG[0m [2mhyper::client::pool[0m[2m:[0m reuse idle connection for ("http", 192.168.0.14:8545)
[2m2025-12-10T12:17:51.761246Z[0m [34mDEBUG[0m [2mhyper::proto::h1::io[0m[2m:[0m flushed 172 bytes
[2m2025-12-10T12:17:51.781462Z[0m [34mDEBUG[0m [2mhyper::proto::h1::io[0m[2m:[0m parsed 4 headers
[2m2025-12-10T12:17:51.781498Z[0m [34mDEBUG[0m [2mhyper::proto::h1::conn[0m[2m:[0m incoming body is content-length (45 bytes)
[2m2025-12-10T12:17:51.781520Z[0m [34mDEBUG[0m [2mhyper::proto::h1::conn[0m[2m:[0m incoming body completed
[2m2025-12-10T12:17:51.781563Z[0m [34mDEBUG[0m [2mhyper::client::pool[0m[2m:[0m pooling idle connection for ("http", 192.168.0.14:8545)
[2m2025-12-10T12:17:51.785662Z[0m [34mDEBUG[0m [2mhyper::client::pool[0m[2m:[0m reuse idle connection for ("http", 192.168.0.14:8545)
[2m2025-12-10T12:17:51.785727Z[0m [34mDEBUG[0m [2mhyper::proto::h1::io[0m[2m:[0m flushed 172 bytes
[2m2025-12-10T12:17:51.793709Z[0m [34mDEBUG[0m [2mhyper::proto::h1::io[0m[2m:[0m parsed 4 headers
[2m2025-12-10T12:17:51.793721Z[0m [34mDEBUG[0m [2mhyper::proto::h1::conn[0m[2m:[0m incoming body is content-length (45 bytes)
[2m2025-12-10T12:17:51.793735Z[0m [34mDEBUG[0m [2mhyper::proto::h1::conn[0m[2m:[0m incoming body completed
[2m2025-12-10T12:17:51.793756Z[0m [34mDEBUG[0m [2mhyper::client::pool[0m[2m:[0m pooling idle connection for ("http", 192.168.0.14:8545)
[2m2025-12-10T12:17:51.793836Z[0m [34mDEBUG[0m [2mhyper::client::pool[0m[2m:[0m reuse idle connection for ("http", 192.168.0.14:8545)
[2m2025-12-10T12:17:51.793886Z[0m [34mDEBUG[0m [2mhyper::proto::h1::io[0m[2m:[0m flushed 172 bytes
[2m2025-12-10T12:17:51.802612Z[0m [34mDEBUG[0m [2mhyper::proto::h1::io[0m[2m:[0m parsed 4 headers
[2m2025-12-10T12:17:51.802627Z[0m [34mDEBUG[0m [2mhyper::proto::h1::conn[0m[2m:[0m incoming body is content-length (45 bytes)
[2m2025-12-10T12:17:51.802642Z[0m [34mDEBUG[0m [2mhyper::proto::h1::conn[0m[2m:[0m incoming body completed
[2m2025-12-10T12:17:51.802666Z[0m [34mDEBUG[0m [2mhyper::client::pool[0m[2m:[0m pooling idle connection for ("http", 192.168.0.14:8545)
[2m2025-12-10T12:17:51.802737Z[0m [34mDEBUG[0m [2mhyper::client::pool[0m[2m:[0m reuse idle connection for ("http", 192.168.0.14:8545)
[2m2025-12-10T12:17:51.802781Z[0m [34mDEBUG[0m [2mhyper::proto::h1::io[0m[2m:[0m flushed 172 bytes
[2m2025-12-10T12:17:51.811031Z[0m [34mDEBUG[0m [2mhyper::proto::h1::io[0m[2m:[0m parsed 4 headers
[2m2025-12-10T12:17:51.811041Z[0m [34mDEBUG[0m [2mhyper::proto::h1::conn[0m[2m:[0m incoming body is content-length (45 bytes)
[2m2025-12-10T12:17:51.811052Z[0m [34mDEBUG[0m [2mhyper::proto::h1::conn[0m[2m:[0m incoming body completed
[2m2025-12-10T12:17:51.811070Z[0m [34mDEBUG[0m [2mhyper::client::pool[0m[2m:[0m pooling idle connection for ("http", 192.168.0.14:8545)
[2m2025-12-10T12:17:51.818194Z[0m [34mDEBUG[0m [2methereum_transaction_pool_monitor::eth_client[0m[2m:[0m ✅ Transaction 0xbd36e90db84e1ae8f05f894a6d708098c353938f24ac942f9c73abbc8edcf5a6 fetched and parsed in 218.891ms
[2m2025-12-10T12:17:51.818234Z[0m [34mDEBUG[0m [2methereum_transaction_pool_monitor::mempool_monitor[0m[2m:[0m 🔍 Skipping tx 0xbd36e90db84e1ae8f05f894a6d708098c353938f24ac942f9c73abbc8edcf5a6 - not a DEX interaction (target: 0xA0b86991c6218b36c1d19D4a2e9Eb0cE3606eB48)
[2m2025-12-10T12:17:51.818309Z[0m [34mDEBUG[0m [2methereum_transaction_pool_monitor::mempool_monitor[0m[2m:[0m 📨 Processing new pending transaction: 0x2409ff60024cf1d424782b826aa6d8516ebfd89cf20b924d06076e98ae6e6c24
[2m2025-12-10T12:17:51.818320Z[0m [34mDEBUG[0m [2methereum_transaction_pool_monitor::mempool_monitor[0m[2m:[0m 🔍 Fetching transaction details for: 0x2409ff60024cf1d424782b826aa6d8516ebfd89cf20b924d06076e98ae6e6c24
[2m2025-12-10T12:17:51.818330Z[0m [34mDEBUG[0m [2methereum_transaction_pool_monitor::eth_client[0m[2m:[0m 🔍 Fetching transaction details for hash: 0x2409ff60024cf1d424782b826aa6d8516ebfd89cf20b924d06076e98ae6e6c24
[2m2025-12-10T12:17:51.818403Z[0m [34mDEBUG[0m [2mhyper::client::pool[0m[2m:[0m reuse idle connection for ("http", 192.168.0.14:8545)
[2m2025-12-10T12:17:51.818487Z[0m [34mDEBUG[0m [2mhyper::proto::h1::io[0m[2m:[0m flushed 250 bytes
[2m2025-12-10T12:17:51.847197Z[0m [34mDEBUG[0m [2mhyper::client::pool[0m[2m:[0m reuse idle connection for ("http", 192.168.0.14:8545)
[2m2025-12-10T12:17:51.847289Z[0m [34mDEBUG[0m [2mhyper::proto::h1::io[0m[2m:[0m flushed 172 bytes
[2m2025-12-10T12:17:51.865047Z[0m [34mDEBUG[0m [2mhyper::proto::h1::io[0m[2m:[0m parsed 4 headers
[2m2025-12-10T12:17:51.865076Z[0m [34mDEBUG[0m [2mhyper::proto::h1::conn[0m[2m:[0m incoming body is content-length (839 bytes)
[2m2025-12-10T12:17:51.865093Z[0m [34mDEBUG[0m [2mhyper::proto::h1::conn[0m[2m:[0m incoming body completed
[2m2025-12-10T12:17:51.865123Z[0m [34mDEBUG[0m [2mhyper::client::pool[0m[2m:[0m pooling idle connection for ("http", 192.168.0.14:8545)
[2m2025-12-10T12:17:51.865139Z[0m [34mDEBUG[0m [2methereum_transaction_pool_monitor::eth_client[0m[2m:[0m 📡 Transaction fetch RPC completed in 46.799375ms
[2m2025-12-10T12:17:51.865191Z[0m [34mDEBUG[0m [2methereum_transaction_pool_monitor::eth_client[0m[2m:[0m DeFi transaction detected - Address: 0x6b175474e89094c44da98b954eedeac495271d0f, Type: Stablecoin, Value: 0 ETH, Gas: 0.19 Gwei
[2m2025-12-10T12:17:51.865235Z[0m [34mDEBUG[0m [2methereum_transaction_pool_monitor::eth_client[0m[2m:[0m ✅ Transaction 0x2409ff60024cf1d424782b826aa6d8516ebfd89cf20b924d06076e98ae6e6c24 fetched and parsed in 46.895875ms
[2m2025-12-10T12:17:51.865255Z[0m [34mDEBUG[0m [2methereum_transaction_pool_monitor::mempool_monitor[0m[2m:[0m 🔍 Skipping tx 0x2409ff60024cf1d424782b826aa6d8516ebfd89cf20b924d06076e98ae6e6c24 - not a DEX interaction (target: 0x6B175474E89094C44Da98b954EedeAC495271d0F)
[2m2025-12-10T12:17:51.865311Z[0m [34mDEBUG[0m [2methereum_transaction_pool_monitor::mempool_monitor[0m[2m:[0m 📨 Processing new pending transaction: 0x514304f95c71978078246c2133fa741571d5a8d0225ff0081523527e3aa787db
[2m2025-12-10T12:17:51.865321Z[0m [34mDEBUG[0m [2methereum_transaction_pool_monitor::mempool_monitor[0m[2m:[0m 🔍 Fetching transaction details for: 0x514304f95c71978078246c2133fa741571d5a8d0225ff0081523527e3aa787db
[2m2025-12-10T12:17:51.865330Z[0m [34mDEBUG[0m [2methereum_transaction_pool_monitor::eth_client[0m[2m:[0m 🔍 Fetching transaction details for hash: 0x514304f95c71978078246c2133fa741571d5a8d0225ff0081523527e3aa787db
[2m2025-12-10T12:17:51.865380Z[0m [34mDEBUG[0m [2mhyper::client::pool[0m[2m:[0m reuse idle connection for ("http", 192.168.0.14:8545)
[2m2025-12-10T12:17:51.865424Z[0m [34mDEBUG[0m [2mhyper::proto::h1::io[0m[2m:[0m flushed 250 bytes
[2m2025-12-10T12:17:51.882389Z[0m [34mDEBUG[0m [2mhyper::proto::h1::io[0m[2m:[0m parsed 4 headers
[2m2025-12-10T12:17:51.882408Z[0m [34mDEBUG[0m [2mhyper::proto::h1::conn[0m[2m:[0m incoming body is content-length (45 bytes)
[2m2025-12-10T12:17:51.882426Z[0m [34mDEBUG[0m [2mhyper::proto::h1::conn[0m[2m:[0m incoming body completed
[2m2025-12-10T12:17:51.882457Z[0m [34mDEBUG[0m [2mhyper::client::pool[0m[2m:[0m pooling idle connection for ("http", 192.168.0.14:8545)
[2m2025-12-10T12:17:51.900199Z[0m [34mDEBUG[0m [2mhyper::proto::h1::io[0m[2m:[0m parsed 4 headers
[2m2025-12-10T12:17:51.900212Z[0m [34mDEBUG[0m [2mhyper::proto::h1::conn[0m[2m:[0m incoming body is content-length (841 bytes)
[2m2025-12-10T12:17:51.900226Z[0m [34mDEBUG[0m [2mhyper::proto::h1::conn[0m[2m:[0m incoming body completed
[2m2025-12-10T12:17:51.900251Z[0m [34mDEBUG[0m [2mhyper::client::pool[0m[2m:[0m pooling idle connection for ("http", 192.168.0.14:8545)
[2m2025-12-10T12:17:51.900265Z[0m [34mDEBUG[0m [2methereum_transaction_pool_monitor::eth_client[0m[2m:[0m 📡 Transaction fetch RPC completed in 34.926333ms
[2m2025-12-10T12:17:52.088160Z[0m [34mDEBUG[0m [2methereum_transaction_pool_monitor::eth_client[0m[2m:[0m ✅ Transaction 0x514304f95c71978078246c2133fa741571d5a8d0225ff0081523527e3aa787db fetched and parsed in 222.815666ms
[2m2025-12-10T12:17:52.088222Z[0m [34mDEBUG[0m [2methereum_transaction_pool_monitor::mempool_monitor[0m[2m:[0m 🔍 Skipping tx 0x514304f95c71978078246c2133fa741571d5a8d0225ff0081523527e3aa787db - not a DEX interaction (target: 0xA0b86991c6218b36c1d19D4a2e9Eb0cE3606eB48)
[2m2025-12-10T12:17:52.088287Z[0m [34mDEBUG[0m [2methereum_transaction_pool_monitor::mempool_monitor[0m[2m:[0m 📨 Processing new pending transaction: 0x0c8e4f8e6b7cd403f3661363c83ef109b862e054fd59bbf136956c16dd958bdd
[2m2025-12-10T12:17:52.088298Z[0m [34mDEBUG[0m [2methereum_transaction_pool_monitor::mempool_monitor[0m[2m:[0m 🔍 Fetching transaction details for: 0x0c8e4f8e6b7cd403f3661363c83ef109b862e054fd59bbf136956c16dd958bdd
[2m2025-12-10T12:17:52.088308Z[0m [34mDEBUG[0m [2methereum_transaction_pool_monitor::eth_client[0m[2m:[0m 🔍 Fetching transaction details for hash: 0x0c8e4f8e6b7cd403f3661363c83ef109b862e054fd59bbf136956c16dd958bdd
[2m2025-12-10T12:17:52.088409Z[0m [34mDEBUG[0m [2mhyper::client::pool[0m[2m:[0m reuse idle connection for ("http", 192.168.0.14:8545)
[2m2025-12-10T12:17:52.088509Z[0m [34mDEBUG[0m [2mhyper::proto::h1::io[0m[2m:[0m flushed 250 bytes
[2m2025-12-10T12:17:52.088574Z[0m [34mDEBUG[0m [2mhyper::client::pool[0m[2m:[0m reuse idle connection for ("http", 192.168.0.14:8545)
[2m2025-12-10T12:17:52.088576Z[0m [34mDEBUG[0m [2methereum_transaction_pool_monitor::eth_client[0m[2m:[0m 📨 Received WebSocket message: {"jsonrpc":"2.0","method":"eth_subscription","params":{"subscription":"0xb60af543a4ead1cf1df939ac89b7e704","result":"0x0373408b85451bafbdeaad542e91f38ed06ad14930c12b7bca5d17a35dc900e2"}}
[2m2025-12-10T12:17:52.088601Z[0m [34mDEBUG[0m [2methereum_transaction_pool_monitor::eth_client[0m[2m:[0m 📨 Received pending transaction: 0x0373408b85451bafbdeaad542e91f38ed06ad14930c12b7bca5d17a35dc900e2
[2m2025-12-10T12:17:52.088606Z[0m [34mDEBUG[0m [2mhyper::proto::h1::io[0m[2m:[0m flushed 172 bytes
[2m2025-12-10T12:17:52.120407Z[0m [34mDEBUG[0m [2mhyper::proto::h1::io[0m[2m:[0m parsed 4 headers
[2m2025-12-10T12:17:52.120432Z[0m [34mDEBUG[0m [2mhyper::proto::h1::conn[0m[2m:[0m incoming body is content-length (45 bytes)
[2m2025-12-10T12:17:52.120451Z[0m [34mDEBUG[0m [2mhyper::proto::h1::conn[0m[2m:[0m incoming body completed
[2m2025-12-10T12:17:52.120487Z[0m [34mDEBUG[0m [2mhyper::client::pool[0m[2m:[0m pooling idle connection for ("http", 192.168.0.14:8545)
[2m2025-12-10T12:17:52.120576Z[0m [34mDEBUG[0m [2mhyper::client::pool[0m[2m:[0m reuse idle connection for ("http", 192.168.0.14:8545)
[2m2025-12-10T12:17:52.120629Z[0m [34mDEBUG[0m [2mhyper::proto::h1::io[0m[2m:[0m flushed 172 bytes
[2m2025-12-10T12:17:52.120634Z[0m [34mDEBUG[0m [2mhyper::proto::h1::io[0m[2m:[0m parsed 4 headers
[2m2025-12-10T12:17:52.120647Z[0m [34mDEBUG[0m [2mhyper::proto::h1::conn[0m[2m:[0m incoming body is content-length (839 bytes)
[2m2025-12-10T12:17:52.120659Z[0m [34mDEBUG[0m [2mhyper::proto::h1::conn[0m[2m:[0m incoming body completed
[2m2025-12-10T12:17:52.120680Z[0m [34mDEBUG[0m [2mhyper::client::pool[0m[2m:[0m pooling idle connection for ("http", 192.168.0.14:8545)
[2m2025-12-10T12:17:52.120692Z[0m [34mDEBUG[0m [2methereum_transaction_pool_monitor::eth_client[0m[2m:[0m 📡 Transaction fetch RPC completed in 32.37525ms
[2m2025-12-10T12:17:52.167587Z[0m [34mDEBUG[0m [2mhyper::proto::h1::io[0m[2m:[0m parsed 4 headers
[2m2025-12-10T12:17:52.167627Z[0m [34mDEBUG[0m [2mhyper::proto::h1::conn[0m[2m:[0m incoming body is content-length (45 bytes)
[2m2025-12-10T12:17:52.167653Z[0m [34mDEBUG[0m [2mhyper::proto::h1::conn[0m[2m:[0m incoming body completed
[2m2025-12-10T12:17:52.167702Z[0m [34mDEBUG[0m [2mhyper::client::pool[0m[2m:[0m pooling idle connection for ("http", 192.168.0.14:8545)
[2m2025-12-10T12:17:52.167842Z[0m [34mDEBUG[0m [2mhyper::client::pool[0m[2m:[0m reuse idle connection for ("http", 192.168.0.14:8545)
[2m2025-12-10T12:17:52.167934Z[0m [34mDEBUG[0m [2mhyper::proto::h1::io[0m[2m:[0m flushed 172 bytes
[2m2025-12-10T12:17:52.178134Z[0m [34mDEBUG[0m [2methereum_transaction_pool_monitor::eth_client[0m[2m:[0m 📨 Received WebSocket message: {"jsonrpc":"2.0","method":"eth_subscription","params":{"subscription":"0xb60af543a4ead1cf1df939ac89b7e704","result":"0x909fe35e279eac06f8d5fc039528b626742acc8c0c6a8c4784d4e080e9e3d3c5"}}
[2m2025-12-10T12:17:52.178167Z[0m [34mDEBUG[0m [2methereum_transaction_pool_monitor::eth_client[0m[2m:[0m 📨 Received pending transaction: 0x909fe35e279eac06f8d5fc039528b626742acc8c0c6a8c4784d4e080e9e3d3c5
[2m2025-12-10T12:17:52.178184Z[0m [34mDEBUG[0m [2methereum_transaction_pool_monitor::eth_client[0m[2m:[0m 📨 Received WebSocket message: {"jsonrpc":"2.0","method":"eth_subscription","params":{"subscription":"0xb60af543a4ead1cf1df939ac89b7e704","result":"0x2d25adc5d9b4609593258eb0f5056ff66e39eb97cfc77b158fcec8c7c090b5e6"}}
[2m2025-12-10T12:17:52.178201Z[0m [34mDEBUG[0m [2methereum_transaction_pool_monitor::eth_client[0m[2m:[0m 📨 Received pending transaction: 0x2d25adc5d9b4609593258eb0f5056ff66e39eb97cfc77b158fcec8c7c090b5e6
[2m2025-12-10T12:17:52.182476Z[0m [34mDEBUG[0m [2mhyper::proto::h1::io[0m[2m:[0m parsed 4 headers
[2m2025-12-10T12:17:52.182488Z[0m [34mDEBUG[0m [2mhyper::proto::h1::conn[0m[2m:[0m incoming body is content-length (45 bytes)
[2m2025-12-10T12:17:52.182511Z[0m [34mDEBUG[0m [2mhyper::proto::h1::conn[0m[2m:[0m incoming body completed
[2m2025-12-10T12:17:52.182555Z[0m [34mDEBUG[0m [2mhyper::client::pool[0m[2m:[0m pooling idle connection for ("http", 192.168.0.14:8545)
[2m2025-12-10T12:17:52.247746Z[0m [34mDEBUG[0m [2mhyper::client::pool[0m[2m:[0m reuse idle connection for ("http", 192.168.0.14:8545)
[2m2025-12-10T12:17:52.247864Z[0m [34mDEBUG[0m [2mhyper::proto::h1::io[0m[2m:[0m flushed 172 bytes
[2m2025-12-10T12:17:52.297719Z[0m [34mDEBUG[0m [2mhyper::proto::h1::io[0m[2m:[0m parsed 4 headers
[2m2025-12-10T12:17:52.297749Z[0m [34mDEBUG[0m [2mhyper::proto::h1::conn[0m[2m:[0m incoming body is content-length (45 bytes)
[2m2025-12-10T12:17:52.297769Z[0m [34mDEBUG[0m [2mhyper::proto::h1::conn[0m[2m:[0m incoming body completed
[2m2025-12-10T12:17:52.297807Z[0m [34mDEBUG[0m [2mhyper::client::pool[0m[2m:[0m pooling idle connection for ("http", 192.168.0.14:8545)
[2m2025-12-10T12:17:52.309579Z[0m [34mDEBUG[0m [2methereum_transaction_pool_monitor::eth_client[0m[2m:[0m ✅ Transaction 0x0c8e4f8e6b7cd403f3661363c83ef109b862e054fd59bbf136956c16dd958bdd fetched and parsed in 221.261ms
[2m2025-12-10T12:17:52.309618Z[0m [34mDEBUG[0m [2methereum_transaction_pool_monitor::mempool_monitor[0m[2m:[0m 🔍 Skipping tx 0x0c8e4f8e6b7cd403f3661363c83ef109b862e054fd59bbf136956c16dd958bdd - not a DEX interaction (target: 0xA0b86991c6218b36c1d19D4a2e9Eb0cE3606eB48)
[2m2025-12-10T12:17:52.309687Z[0m [34mDEBUG[0m [2methereum_transaction_pool_monitor::mempool_monitor[0m[2m:[0m 📨 Processing new pending transaction: 0x2f1d8578030e7a4f50ec0c6b0b9b9b7b344752bea04f8db7cfb5e6075a3c2368
[2m2025-12-10T12:17:52.309703Z[0m [34mDEBUG[0m [2methereum_transaction_pool_monitor::mempool_monitor[0m[2m:[0m 🔍 Fetching transaction details for: 0x2f1d8578030e7a4f50ec0c6b0b9b9b7b344752bea04f8db7cfb5e6075a3c2368
[2m2025-12-10T12:17:52.309712Z[0m [34mDEBUG[0m [2methereum_transaction_pool_monitor::eth_client[0m[2m:[0m 🔍 Fetching transaction details for hash: 0x2f1d8578030e7a4f50ec0c6b0b9b9b7b344752bea04f8db7cfb5e6075a3c2368
[2m2025-12-10T12:17:52.309788Z[0m [34mDEBUG[0m [2mhyper::client::pool[0m[2m:[0m reuse idle connection for ("http", 192.168.0.14:8545)
[2m2025-12-10T12:17:52.309860Z[0m [34mDEBUG[0m [2mhyper::proto::h1::io[0m[2m:[0m flushed 250 bytes
[2m2025-12-10T12:17:52.347475Z[0m [34mDEBUG[0m [2mhyper::client::pool[0m[2m:[0m reuse idle connection for ("http", 192.168.0.14:8545)
[2m2025-12-10T12:17:52.347565Z[0m [34mDEBUG[0m [2mhyper::proto::h1::io[0m[2m:[0m flushed 172 bytes
[2m2025-12-10T12:17:52.355695Z[0m [34mDEBUG[0m [2methereum_transaction_pool_monitor::eth_client[0m[2m:[0m 📨 Received WebSocket message: {"jsonrpc":"2.0","method":"eth_subscription","params":{"subscription":"0xb60af543a4ead1cf1df939ac89b7e704","result":"0xe204b3a121eef102a4edea22789ad2ce0cd00aeb0d98f9e42e1a015608e23654"}}
[2m2025-12-10T12:17:52.355731Z[0m [34mDEBUG[0m [2methereum_transaction_pool_monitor::eth_client[0m[2m:[0m 📨 Received pending transaction: 0xe204b3a121eef102a4edea22789ad2ce0cd00aeb0d98f9e42e1a015608e23654
[2m2025-12-10T12:17:52.380427Z[0m [34mDEBUG[0m [2mhyper::proto::h1::io[0m[2m:[0m parsed 4 headers
[2m2025-12-10T12:17:52.380450Z[0m [34mDEBUG[0m [2mhyper::proto::h1::conn[0m[2m:[0m incoming body is content-length (839 bytes)
[2m2025-12-10T12:17:52.380473Z[0m [34mDEBUG[0m [2mhyper::proto::h1::conn[0m[2m:[0m incoming body completed
[2m2025-12-10T12:17:52.380518Z[0m [34mDEBUG[0m [2mhyper::client::pool[0m[2m:[0m pooling idle connection for ("http", 192.168.0.14:8545)
[2m2025-12-10T12:17:52.380539Z[0m [34mDEBUG[0m [2methereum_transaction_pool_monitor::eth_client[0m[2m:[0m 📡 Transaction fetch RPC completed in 70.81825ms
[2m2025-12-10T12:17:52.380585Z[0m [34mDEBUG[0m [2methereum_transaction_pool_monitor::eth_client[0m[2m:[0m DeFi transaction detected - Address: 0xdac17f958d2ee523a2206206994597c13d831ec7, Type: Stablecoin, Value: 0 ETH, Gas: 0.19 Gwei
[2m2025-12-10T12:17:52.380624Z[0m [34mDEBUG[0m [2methereum_transaction_pool_monitor::eth_client[0m[2m:[0m ✅ Transaction 0x2f1d8578030e7a4f50ec0c6b0b9b9b7b344752bea04f8db7cfb5e6075a3c2368 fetched and parsed in 70.902541ms
[2m2025-12-10T12:17:52.380641Z[0m [34mDEBUG[0m [2methereum_transaction_pool_monitor::mempool_monitor[0m[2m:[0m 🔍 Skipping tx 0x2f1d8578030e7a4f50ec0c6b0b9b9b7b344752bea04f8db7cfb5e6075a3c2368 - not a DEX interaction (target: 0xdAC17F958D2ee523a2206206994597C13D831ec7)
[2m2025-12-10T12:17:52.380690Z[0m [34mDEBUG[0m [2methereum_transaction_pool_monitor::mempool_monitor[0m[2m:[0m 📨 Processing new pending transaction: 0xe18c78f6afb1c5ab4f01f26ce60f8be9e45e7e78c6783b988cf41ac1a2aa1246
[2m2025-12-10T12:17:52.380698Z[0m [34mDEBUG[0m [2methereum_transaction_pool_monitor::mempool_monitor[0m[2m:[0m 🔍 Fetching transaction details for: 0xe18c78f6afb1c5ab4f01f26ce60f8be9e45e7e78c6783b988cf41ac1a2aa1246
[2m2025-12-10T12:17:52.380706Z[0m [34mDEBUG[0m [2methereum_transaction_pool_monitor::eth_client[0m[2m:[0m 🔍 Fetching transaction details for hash: 0xe18c78f6afb1c5ab4f01f26ce60f8be9e45e7e78c6783b988cf41ac1a2aa1246
[2m2025-12-10T12:17:52.380757Z[0m [34mDEBUG[0m [2mhyper::client::pool[0m[2m:[0m reuse idle connection for ("http", 192.168.0.14:8545)
[2m2025-12-10T12:17:52.380790Z[0m [34mDEBUG[0m [2mhyper::proto::h1::io[0m[2m:[0m flushed 250 bytes
[2m2025-12-10T12:17:52.399758Z[0m [34mDEBUG[0m [2mhyper::proto::h1::io[0m[2m:[0m parsed 4 headers
[2m2025-12-10T12:17:52.399768Z[0m [34mDEBUG[0m [2mhyper::proto::h1::conn[0m[2m:[0m incoming body is content-length (45 bytes)
[2m2025-12-10T12:17:52.399782Z[0m [34mDEBUG[0m [2mhyper::proto::h1::conn[0m[2m:[0m incoming body completed
[2m2025-12-10T12:17:52.399804Z[0m [34mDEBUG[0m [2mhyper::client::pool[0m[2m:[0m pooling idle connection for ("http", 192.168.0.14:8545)
[2m2025-12-10T12:17:52.438395Z[0m [34mDEBUG[0m [2mhyper::proto::h1::io[0m[2m:[0m parsed 4 headers
[2m2025-12-10T12:17:52.438391Z[0m [34mDEBUG[0m [2methereum_transaction_pool_monitor::eth_client[0m[2m:[0m 📨 Received WebSocket message: {"jsonrpc":"2.0","method":"eth_subscription","params":{"subscription":"0xb60af543a4ead1cf1df939ac89b7e704","result":"0xa2eff6da07c7455826590babbf365514cbfe9fb71124496ef5394e6157267666"}}
[2m2025-12-10T12:17:52.438424Z[0m [34mDEBUG[0m [2mhyper::proto::h1::conn[0m[2m:[0m incoming body is content-length (636 bytes)
[2m2025-12-10T12:17:52.438449Z[0m [34mDEBUG[0m [2methereum_transaction_pool_monitor::eth_client[0m[2m:[0m 📨 Received pending transaction: 0xa2eff6da07c7455826590babbf365514cbfe9fb71124496ef5394e6157267666
[2m2025-12-10T12:17:52.438452Z[0m [34mDEBUG[0m [2mhyper::proto::h1::conn[0m[2m:[0m incoming body completed
[2m2025-12-10T12:17:52.438498Z[0m [34mDEBUG[0m [2mhyper::client::pool[0m[2m:[0m pooling idle connection for ("http", 192.168.0.14:8545)
[2m2025-12-10T12:17:52.438515Z[0m [34mDEBUG[0m [2methereum_transaction_pool_monitor::eth_client[0m[2m:[0m 📡 Transaction fetch RPC completed in 57.800041ms
[2m2025-12-10T12:17:52.447637Z[0m [34mDEBUG[0m [2mhyper::client::pool[0m[2m:[0m reuse idle connection for ("http", 192.168.0.14:8545)
[2m2025-12-10T12:17:52.447705Z[0m [34mDEBUG[0m [2mhyper::proto::h1::io[0m[2m:[0m flushed 172 bytes
[2m2025-12-10T12:17:52.486147Z[0m [34mDEBUG[0m [2mhyper::proto::h1::io[0m[2m:[0m parsed 4 headers
[2m2025-12-10T12:17:52.486174Z[0m [34mDEBUG[0m [2mhyper::proto::h1::conn[0m[2m:[0m incoming body is content-length (45 bytes)
[2m2025-12-10T12:17:52.486202Z[0m [34mDEBUG[0m [2mhyper::proto::h1::conn[0m[2m:[0m incoming body completed
[2m2025-12-10T12:17:52.486244Z[0m [34mDEBUG[0m [2mhyper::client::pool[0m[2m:[0m pooling idle connection for ("http", 192.168.0.14:8545)
[2m2025-12-10T12:17:52.490147Z[0m [34mDEBUG[0m [2methereum_transaction_pool_monitor::eth_client[0m[2m:[0m 📨 Received WebSocket message: {"jsonrpc":"2.0","method":"eth_subscription","params":{"subscription":"0xb60af543a4ead1cf1df939ac89b7e704","result":"0xd2bcdb9cbc4a8f4968d3b8ba6521a73d8eb8e3267ec05d2e3bdfcb897ee59c4f"}}
[2m2025-12-10T12:17:52.490176Z[0m [34mDEBUG[0m [2methereum_transaction_pool_monitor::eth_client[0m[2m:[0m 📨 Received pending transaction: 0xd2bcdb9cbc4a8f4968d3b8ba6521a73d8eb8e3267ec05d2e3bdfcb897ee59c4f
[2m2025-12-10T12:17:52.548327Z[0m [34mDEBUG[0m [2mhyper::client::pool[0m[2m:[0m reuse idle connection for ("http", 192.168.0.14:8545)
[2m2025-12-10T12:17:52.548437Z[0m [34mDEBUG[0m [2mhyper::proto::h1::io[0m[2m:[0m flushed 172 bytes
[2m2025-12-10T12:17:52.589026Z[0m [34mDEBUG[0m [2mhyper::proto::h1::io[0m[2m:[0m parsed 4 headers
[2m2025-12-10T12:17:52.589060Z[0m [34mDEBUG[0m [2mhyper::proto::h1::conn[0m[2m:[0m incoming body is content-length (45 bytes)
[2m2025-12-10T12:17:52.589084Z[0m [34mDEBUG[0m [2mhyper::proto::h1::conn[0m[2m:[0m incoming body completed
[2m2025-12-10T12:17:52.589128Z[0m [34mDEBUG[0m [2mhyper::client::pool[0m[2m:[0m pooling idle connection for ("http", 192.168.0.14:8545)
[2m2025-12-10T12:17:52.597227Z[0m [34mDEBUG[0m [2methereum_transaction_pool_monitor::eth_client[0m[2m:[0m 📨 Received WebSocket message: {"jsonrpc":"2.0","method":"eth_subscription","params":{"subscription":"0xb60af543a4ead1cf1df939ac89b7e704","result":"0x20756a2c7c2044c9b458b0d7e9626770777701291ed7fe6904f160d3c0a4b95e"}}
[2m2025-12-10T12:17:52.597261Z[0m [34mDEBUG[0m [2methereum_transaction_pool_monitor::eth_client[0m[2m:[0m 📨 Received pending transaction: 0x20756a2c7c2044c9b458b0d7e9626770777701291ed7fe6904f160d3c0a4b95e
[2m2025-12-10T12:17:52.612445Z[0m [34mDEBUG[0m [2methereum_transaction_pool_monitor::eth_client[0m[2m:[0m 📨 Received WebSocket message: {"jsonrpc":"2.0","method":"eth_subscription","params":{"subscription":"0xb60af543a4ead1cf1df939ac89b7e704","result":"0xfbe42e998b97f5367d19761ffc06f4be811f649d48f9060126e7508ea5369baa"}}
[2m2025-12-10T12:17:52.612472Z[0m [34mDEBUG[0m [2methereum_transaction_pool_monitor::eth_client[0m[2m:[0m 📨 Received pending transaction: 0xfbe42e998b97f5367d19761ffc06f4be811f649d48f9060126e7508ea5369baa
[2m2025-12-10T12:17:52.628104Z[0m [34mDEBUG[0m [2methereum_transaction_pool_monitor::eth_client[0m[2m:[0m ✅ Transaction 0xe18c78f6afb1c5ab4f01f26ce60f8be9e45e7e78c6783b988cf41ac1a2aa1246 fetched and parsed in 247.388541ms
[2m2025-12-10T12:17:52.628139Z[0m [34mDEBUG[0m [2methereum_transaction_pool_monitor::mempool_monitor[0m[2m:[0m 🔍 Skipping tx 0xe18c78f6afb1c5ab4f01f26ce60f8be9e45e7e78c6783b988cf41ac1a2aa1246 - not a DEX interaction (target: 0xe3580639aF8BB275D142BB37Dd93A84D24be0f9a)
[2m2025-12-10T12:17:52.628200Z[0m [34mDEBUG[0m [2methereum_transaction_pool_monitor::mempool_monitor[0m[2m:[0m 📨 Processing new pending transaction: 0x7aa3b73361e89ebdf6afecb31d696e71136d848858c7ed189c51766585393717
[2m2025-12-10T12:17:52.628210Z[0m [34mDEBUG[0m [2methereum_transaction_pool_monitor::mempool_monitor[0m[2m:[0m 🔍 Fetching transaction details for: 0x7aa3b73361e89ebdf6afecb31d696e71136d848858c7ed189c51766585393717
[2m2025-12-10T12:17:52.628219Z[0m [34mDEBUG[0m [2methereum_transaction_pool_monitor::eth_client[0m[2m:[0m 🔍 Fetching transaction details for hash: 0x7aa3b73361e89ebdf6afecb31d696e71136d848858c7ed189c51766585393717
[2m2025-12-10T12:17:52.628300Z[0m [34mDEBUG[0m [2mhyper::client::pool[0m[2m:[0m reuse idle connection for ("http", 192.168.0.14:8545)
[2m2025-12-10T12:17:52.628366Z[0m [34mDEBUG[0m [2mhyper::proto::h1::io[0m[2m:[0m flushed 250 bytes
[2m2025-12-10T12:17:52.647352Z[0m [34mDEBUG[0m [2mhyper::client::pool[0m[2m:[0m reuse idle connection for ("http", 192.168.0.14:8545)
[2m2025-12-10T12:17:52.647423Z[0m [34mDEBUG[0m [2mhyper::proto::h1::io[0m[2m:[0m flushed 172 bytes
[2m2025-12-10T12:17:52.685521Z[0m [34mDEBUG[0m [2mhyper::proto::h1::io[0m[2m:[0m parsed 4 headers
[2m2025-12-10T12:17:52.685538Z[0m [34mDEBUG[0m [2mhyper::proto::h1::conn[0m[2m:[0m incoming body is content-length (635 bytes)
[2m2025-12-10T12:17:52.685557Z[0m [34mDEBUG[0m [2mhyper::proto::h1::conn[0m[2m:[0m incoming body completed
[2m2025-12-10T12:17:52.685587Z[0m [34mDEBUG[0m [2mhyper::client::pool[0m[2m:[0m pooling idle connection for ("http", 192.168.0.14:8545)
[2m2025-12-10T12:17:52.685602Z[0m [34mDEBUG[0m [2methereum_transaction_pool_monitor::eth_client[0m[2m:[0m 📡 Transaction fetch RPC completed in 57.373958ms
[2m2025-12-10T12:17:52.904576Z[0m [34mDEBUG[0m [2methereum_transaction_pool_monitor::eth_client[0m[2m:[0m ✅ Transaction 0x7aa3b73361e89ebdf6afecb31d696e71136d848858c7ed189c51766585393717 fetched and parsed in 276.343916ms
[2m2025-12-10T12:17:52.904637Z[0m [34mDEBUG[0m [2methereum_transaction_pool_monitor::mempool_monitor[0m[2m:[0m 🔍 Skipping tx 0x7aa3b73361e89ebdf6afecb31d696e71136d848858c7ed189c51766585393717 - not a DEX interaction (target: 0x961a59504D03da38E4BA2AdF7FB53c305a840A04)
[2m2025-12-10T12:17:52.904710Z[0m [34mDEBUG[0m [2methereum_transaction_pool_monitor::mempool_monitor[0m[2m:[0m 📨 Processing new pending transaction: 0x8d5ec8e2336cb92399106d43488e98dd3cc54c3b04b321ce4c116878680b5a44
[2m2025-12-10T12:17:52.904722Z[0m [34mDEBUG[0m [2methereum_transaction_pool_monitor::mempool_monitor[0m[2m:[0m 🔍 Fetching transaction details for: 0x8d5ec8e2336cb92399106d43488e98dd3cc54c3b04b321ce4c116878680b5a44
[2m2025-12-10T12:17:52.904732Z[0m [34mDEBUG[0m [2methereum_transaction_pool_monitor::eth_client[0m[2m:[0m 🔍 Fetching transaction details for hash: 0x8d5ec8e2336cb92399106d43488e98dd3cc54c3b04b321ce4c116878680b5a44
[2m2025-12-10T12:17:52.904825Z[0m [34mDEBUG[0m [2mhyper::client::pool[0m[2m:[0m reuse idle connection for ("http", 192.168.0.14:8545)
[2m2025-12-10T12:17:52.904896Z[0m [34mDEBUG[0m [2mhyper::proto::h1::io[0m[2m:[0m flushed 250 bytes
[2m2025-12-10T12:17:52.904947Z[0m [34mDEBUG[0m [2methereum_transaction_pool_monitor::eth_client[0m[2m:[0m 📨 Received WebSocket message: {"jsonrpc":"2.0","method":"eth_subscription","params":{"subscription":"0xb60af543a4ead1cf1df939ac89b7e704","result":"0x67abf38e9485f028784bcb2a2aac71078fdfeab2e09472a3aa2fce9fce35abeb"}}
[2m2025-12-10T12:17:52.904968Z[0m [34mDEBUG[0m [2mhyper::proto::h1::io[0m[2m:[0m parsed 4 headers
[2m2025-12-10T12:17:52.904971Z[0m [34mDEBUG[0m [2methereum_transaction_pool_monitor::eth_client[0m[2m:[0m 📨 Received pending transaction: 0x67abf38e9485f028784bcb2a2aac71078fdfeab2e09472a3aa2fce9fce35abeb
[2m2025-12-10T12:17:52.904989Z[0m [34mDEBUG[0m [2mhyper::proto::h1::conn[0m[2m:[0m incoming body is content-length (45 bytes)
[2m2025-12-10T12:17:52.905004Z[0m [34mDEBUG[0m [2methereum_transaction_pool_monitor::eth_client[0m[2m:[0m 📨 Received WebSocket message: {"jsonrpc":"2.0","method":"eth_subscription","params":{"subscription":"0xb60af543a4ead1cf1df939ac89b7e704","result":"0xa7d24b37009153e1e0299039c9670e144887d9eeb756b767ee3a0996bf85cd3d"}}
[2m2025-12-10T12:17:52.905010Z[0m [34mDEBUG[0m [2mhyper::proto::h1::conn[0m[2m:[0m incoming body completed
[2m2025-12-10T12:17:52.905021Z[0m [34mDEBUG[0m [2methereum_transaction_pool_monitor::eth_client[0m[2m:[0m 📨 Received pending transaction: 0xa7d24b37009153e1e0299039c9670e144887d9eeb756b767ee3a0996bf85cd3d
[2m2025-12-10T12:17:52.905033Z[0m [34mDEBUG[0m [2methereum_transaction_pool_monitor::eth_client[0m[2m:[0m 📨 Received WebSocket message: {"jsonrpc":"2.0","method":"eth_subscription","params":{"subscription":"0xb60af543a4ead1cf1df939ac89b7e704","result":"0x26196091d7929fcc0dcf7ac31743ca1e2eb87019ef5ac6518a482911f9f9163e"}}
[2m2025-12-10T12:17:52.905041Z[0m [34mDEBUG[0m [2mhyper::client::pool[0m[2m:[0m pooling idle connection for ("http", 192.168.0.14:8545)
[2m2025-12-10T12:17:52.905049Z[0m [34mDEBUG[0m [2methereum_transaction_pool_monitor::eth_client[0m[2m:[0m 📨 Received pending transaction: 0x26196091d7929fcc0dcf7ac31743ca1e2eb87019ef5ac6518a482911f9f9163e
[2m2025-12-10T12:17:52.905113Z[0m [34mDEBUG[0m [2mhyper::client::pool[0m[2m:[0m reuse idle connection for ("http", 192.168.0.14:8545)
[2m2025-12-10T12:17:52.905154Z[0m [34mDEBUG[0m [2mhyper::proto::h1::io[0m[2m:[0m flushed 172 bytes
[2m2025-12-10T12:17:52.934090Z[0m [34mDEBUG[0m [2methereum_transaction_pool_monitor::eth_client[0m[2m:[0m 📨 Received WebSocket message: {"jsonrpc":"2.0","method":"eth_subscription","params":{"subscription":"0xb60af543a4ead1cf1df939ac89b7e704","result":"0x6d6b72bf68d39d2e774d4816b46da6ae0550204a60cf145e50e8f4e9f9cf26b4"}}
[2m2025-12-10T12:17:52.934165Z[0m [34mDEBUG[0m [2methereum_transaction_pool_monitor::eth_client[0m[2m:[0m 📨 Received pending transaction: 0x6d6b72bf68d39d2e774d4816b46da6ae0550204a60cf145e50e8f4e9f9cf26b4
[2m2025-12-10T12:17:52.959520Z[0m [34mDEBUG[0m [2methereum_transaction_pool_monitor::eth_client[0m[2m:[0m 📨 Received WebSocket message: {"jsonrpc":"2.0","method":"eth_subscription","params":{"subscription":"0xb60af543a4ead1cf1df939ac89b7e704","result":"0x6f7d026d3ac1716e721da0ed4f2970327291c4e41fbc066a0c31d5fe1ebb9d5d"}}
[2m2025-12-10T12:17:52.959567Z[0m [34mDEBUG[0m [2methereum_transaction_pool_monitor::eth_client[0m[2m:[0m 📨 Received pending transaction: 0x6f7d026d3ac1716e721da0ed4f2970327291c4e41fbc066a0c31d5fe1ebb9d5d
[2m2025-12-10T12:17:52.964855Z[0m [34mDEBUG[0m [2mhyper::proto::h1::io[0m[2m:[0m parsed 4 headers
[2m2025-12-10T12:17:52.964883Z[0m [34mDEBUG[0m [2mhyper::proto::h1::conn[0m[2m:[0m incoming body is content-length (45 bytes)
[2m2025-12-10T12:17:52.964912Z[0m [34mDEBUG[0m [2mhyper::proto::h1::conn[0m[2m:[0m incoming body completed
[2m2025-12-10T12:17:52.964977Z[0m [34mDEBUG[0m [2mhyper::client::pool[0m[2m:[0m pooling idle connection for ("http", 192.168.0.14:8545)
[2m2025-12-10T12:17:52.965129Z[0m [34mDEBUG[0m [2mhyper::client::pool[0m[2m:[0m reuse idle connection for ("http", 192.168.0.14:8545)
[2m2025-12-10T12:17:52.965216Z[0m [34mDEBUG[0m [2mhyper::proto::h1::io[0m[2m:[0m flushed 172 bytes
[2m2025-12-10T12:17:52.970240Z[0m [34mDEBUG[0m [2mhyper::proto::h1::io[0m[2m:[0m parsed 4 headers
[2m2025-12-10T12:17:52.970252Z[0m [34mDEBUG[0m [2mhyper::proto::h1::conn[0m[2m:[0m incoming body is content-length (637 bytes)
[2m2025-12-10T12:17:52.970267Z[0m [34mDEBUG[0m [2mhyper::proto::h1::conn[0m[2m:[0m incoming body completed
[2m2025-12-10T12:17:52.970296Z[0m [34mDEBUG[0m [2mhyper::client::pool[0m[2m:[0m pooling idle connection for ("http", 192.168.0.14:8545)
[2m2025-12-10T12:17:52.970311Z[0m [34mDEBUG[0m [2methereum_transaction_pool_monitor::eth_client[0m[2m:[0m 📡 Transaction fetch RPC completed in 65.569625ms
[2m2025-12-10T12:17:53.161483Z[0m [34mDEBUG[0m [2methereum_transaction_pool_monitor::eth_client[0m[2m:[0m ✅ Transaction 0x8d5ec8e2336cb92399106d43488e98dd3cc54c3b04b321ce4c116878680b5a44 fetched and parsed in 256.735709ms
[2m2025-12-10T12:17:53.161533Z[0m [34mDEBUG[0m [2methereum_transaction_pool_monitor::mempool_monitor[0m[2m:[0m 🔍 Skipping tx 0x8d5ec8e2336cb92399106d43488e98dd3cc54c3b04b321ce4c116878680b5a44 - not a DEX interaction (target: 0x4e7bec47b0C553fD0e70912D9023B6e881Bdc710)
[2m2025-12-10T12:17:53.161608Z[0m [34mDEBUG[0m [2methereum_transaction_pool_monitor::mempool_monitor[0m[2m:[0m 📨 Processing new pending transaction: 0x356c9ebaca9e44fe2cb384b7f2b281a82681a0065c74feaf8d225b61b63da16b
[2m2025-12-10T12:17:53.161620Z[0m [34mDEBUG[0m [2methereum_transaction_pool_monitor::mempool_monitor[0m[2m:[0m 🔍 Fetching transaction details for: 0x356c9ebaca9e44fe2cb384b7f2b281a82681a0065c74feaf8d225b61b63da16b
[2m2025-12-10T12:17:53.161629Z[0m [34mDEBUG[0m [2methereum_transaction_pool_monitor::eth_client[0m[2m:[0m 🔍 Fetching transaction details for hash: 0x356c9ebaca9e44fe2cb384b7f2b281a82681a0065c74feaf8d225b61b63da16b
[2m2025-12-10T12:17:53.161720Z[0m [34mDEBUG[0m [2mhyper::client::pool[0m[2m:[0m reuse idle connection for ("http", 192.168.0.14:8545)
[2m2025-12-10T12:17:53.161808Z[0m [34mDEBUG[0m [2mhyper::proto::h1::io[0m[2m:[0m flushed 250 bytes
[2m2025-12-10T12:17:53.161870Z[0m [34mDEBUG[0m [2mhyper::proto::h1::io[0m[2m:[0m parsed 4 headers
[2m2025-12-10T12:17:53.161877Z[0m [34mDEBUG[0m [2mhyper::proto::h1::conn[0m[2m:[0m incoming body is content-length (45 bytes)
[2m2025-12-10T12:17:53.161878Z[0m [34mDEBUG[0m [2methereum_transaction_pool_monitor::eth_client[0m[2m:[0m 📨 Received WebSocket message: {"jsonrpc":"2.0","method":"eth_subscription","params":{"subscription":"0xb60af543a4ead1cf1df939ac89b7e704","result":"0x96f5bff473e70eb07a0d7d07c22855a2cc2a8d3c65f8976bb9a7a376b1166918"}}
[2m2025-12-10T12:17:53.161893Z[0m [34mDEBUG[0m [2mhyper::proto::h1::conn[0m[2m:[0m incoming body completed
[2m2025-12-10T12:17:53.161906Z[0m [34mDEBUG[0m [2methereum_transaction_pool_monitor::eth_client[0m[2m:[0m 📨 Received pending transaction: 0x96f5bff473e70eb07a0d7d07c22855a2cc2a8d3c65f8976bb9a7a376b1166918
[2m2025-12-10T12:17:53.161920Z[0m [34mDEBUG[0m [2mhyper::client::pool[0m[2m:[0m pooling idle connection for ("http", 192.168.0.14:8545)
[2m2025-12-10T12:17:53.161923Z[0m [34mDEBUG[0m [2methereum_transaction_pool_monitor::eth_client[0m[2m:[0m 📨 Received WebSocket message: {"jsonrpc":"2.0","method":"eth_subscription","params":{"subscription":"0xb60af543a4ead1cf1df939ac89b7e704","result":"0x461dd56f29f7a4a54ac22973ae90f0d313676617d73120b30d64ee5e3a5031fe"}}
[2m2025-12-10T12:17:53.161941Z[0m [34mDEBUG[0m [2methereum_transaction_pool_monitor::eth_client[0m[2m:[0m 📨 Received pending transaction: 0x461dd56f29f7a4a54ac22973ae90f0d313676617d73120b30d64ee5e3a5031fe
[2m2025-12-10T12:17:53.161953Z[0m [34mDEBUG[0m [2methereum_transaction_pool_monitor::eth_client[0m[2m:[0m 📨 Received WebSocket message: {"jsonrpc":"2.0","method":"eth_subscription","params":{"subscription":"0xb60af543a4ead1cf1df939ac89b7e704","result":"0x07717ac777d08112aa7fcf83b04088fdf5dd64e42372f16fcb5a3b48582cd031"}}
[2m2025-12-10T12:17:53.161969Z[0m [34mDEBUG[0m [2methereum_transaction_pool_monitor::eth_client[0m[2m:[0m 📨 Received pending transaction: 0x07717ac777d08112aa7fcf83b04088fdf5dd64e42372f16fcb5a3b48582cd031
[2m2025-12-10T12:17:53.161982Z[0m [34mDEBUG[0m [2mhyper::client::pool[0m[2m:[0m reuse idle connection for ("http", 192.168.0.14:8545)
[2m2025-12-10T12:17:53.162022Z[0m [34mDEBUG[0m [2mhyper::proto::h1::io[0m[2m:[0m flushed 172 bytes
[2m2025-12-10T12:17:53.174703Z[0m [34mDEBUG[0m [2mhyper::proto::h1::io[0m[2m:[0m parsed 4 headers
[2m2025-12-10T12:17:53.174732Z[0m [34mDEBUG[0m [2mhyper::proto::h1::conn[0m[2m:[0m incoming body is content-length (45 bytes)
[2m2025-12-10T12:17:53.174752Z[0m [34mDEBUG[0m [2mhyper::proto::h1::conn[0m[2m:[0m incoming body completed
[2m2025-12-10T12:17:53.174786Z[0m [34mDEBUG[0m [2mhyper::client::pool[0m[2m:[0m pooling idle connection for ("http", 192.168.0.14:8545)
[2m2025-12-10T12:17:53.174880Z[0m [34mDEBUG[0m [2mhyper::client::pool[0m[2m:[0m reuse idle connection for ("http", 192.168.0.14:8545)
[2m2025-12-10T12:17:53.174937Z[0m [34mDEBUG[0m [2mhyper::proto::h1::io[0m[2m:[0m flushed 172 bytes
[2m2025-12-10T12:17:53.177315Z[0m [34mDEBUG[0m [2mhyper::proto::h1::io[0m[2m:[0m parsed 4 headers
[2m2025-12-10T12:17:53.177323Z[0m [34mDEBUG[0m [2mhyper::proto::h1::conn[0m[2m:[0m incoming body is content-length (637 bytes)
[2m2025-12-10T12:17:53.177335Z[0m [34mDEBUG[0m [2mhyper::proto::h1::conn[0m[2m:[0m incoming body completed
[2m2025-12-10T12:17:53.177353Z[0m [34mDEBUG[0m [2mhyper::client::pool[0m[2m:[0m pooling idle connection for ("http", 192.168.0.14:8545)
[2m2025-12-10T12:17:53.177364Z[0m [34mDEBUG[0m [2methereum_transaction_pool_monitor::eth_client[0m[2m:[0m 📡 Transaction fetch RPC completed in 15.726416ms
[2m2025-12-10T12:17:53.366260Z[0m [34mDEBUG[0m [2methereum_transaction_pool_monitor::eth_client[0m[2m:[0m ✅ Transaction 0x356c9ebaca9e44fe2cb384b7f2b281a82681a0065c74feaf8d225b61b63da16b fetched and parsed in 204.616125ms
[2m2025-12-10T12:17:53.366326Z[0m [34mDEBUG[0m [2methereum_transaction_pool_monitor::mempool_monitor[0m[2m:[0m 🔍 Skipping tx 0x356c9ebaca9e44fe2cb384b7f2b281a82681a0065c74feaf8d225b61b63da16b - not a DEX interaction (target: 0x3b97345aA2B77B4259179c24273014dACBe4b6Fc)
[2m2025-12-10T12:17:53.366406Z[0m [34mDEBUG[0m [2methereum_transaction_pool_monitor::mempool_monitor[0m[2m:[0m 📨 Processing new pending transaction: 0x3b866ab0f43a1002c82f3f7b1a0eed368f52a9c3ac92f66d149831efc90009da
[2m2025-12-10T12:17:53.366421Z[0m [34mDEBUG[0m [2methereum_transaction_pool_monitor::mempool_monitor[0m[2m:[0m 🔍 Fetching transaction details for: 0x3b866ab0f43a1002c82f3f7b1a0eed368f52a9c3ac92f66d149831efc90009da
[2m2025-12-10T12:17:53.366431Z[0m [34mDEBUG[0m [2methereum_transaction_pool_monitor::eth_client[0m[2m:[0m 🔍 Fetching transaction details for hash: 0x3b866ab0f43a1002c82f3f7b1a0eed368f52a9c3ac92f66d149831efc90009da
[2m2025-12-10T12:17:53.366542Z[0m [34mDEBUG[0m [2mhyper::client::pool[0m[2m:[0m reuse idle connection for ("http", 192.168.0.14:8545)
[2m2025-12-10T12:17:53.366639Z[0m [34mDEBUG[0m [2mhyper::proto::h1::io[0m[2m:[0m flushed 250 bytes
[2m2025-12-10T12:17:53.366698Z[0m [34mDEBUG[0m [2mhyper::proto::h1::io[0m[2m:[0m parsed 4 headers
[2m2025-12-10T12:17:53.366705Z[0m [34mDEBUG[0m [2mhyper::proto::h1::conn[0m[2m:[0m incoming body is content-length (45 bytes)
[2m2025-12-10T12:17:53.366722Z[0m [34mDEBUG[0m [2mhyper::proto::h1::conn[0m[2m:[0m incoming body completed
[2m2025-12-10T12:17:53.366755Z[0m [34mDEBUG[0m [2mhyper::client::pool[0m[2m:[0m pooling idle connection for ("http", 192.168.0.14:8545)
[2m2025-12-10T12:17:53.366828Z[0m [34mDEBUG[0m [2mhyper::client::pool[0m[2m:[0m reuse idle connection for ("http", 192.168.0.14:8545)
[2m2025-12-10T12:17:53.366884Z[0m [34mDEBUG[0m [2mhyper::proto::h1::io[0m[2m:[0m flushed 172 bytes
[2m2025-12-10T12:17:53.369595Z[0m [34mDEBUG[0m [2methereum_transaction_pool_monitor::eth_client[0m[2m:[0m 📨 Received WebSocket message: {"jsonrpc":"2.0","method":"eth_subscription","params":{"subscription":"0xb60af543a4ead1cf1df939ac89b7e704","result":"0xcdbb6bf3968bd4d1320958dbd40d1622e56c04c76e452481a6fa75b746481ea9"}}
[2m2025-12-10T12:17:53.369626Z[0m [34mDEBUG[0m [2methereum_transaction_pool_monitor::eth_client[0m[2m:[0m 📨 Received pending transaction: 0xcdbb6bf3968bd4d1320958dbd40d1622e56c04c76e452481a6fa75b746481ea9
[2m2025-12-10T12:17:53.385494Z[0m [34mDEBUG[0m [2mhyper::proto::h1::io[0m[2m:[0m parsed 4 headers
[2m2025-12-10T12:17:53.385516Z[0m [34mDEBUG[0m [2mhyper::proto::h1::conn[0m[2m:[0m incoming body is content-length (45 bytes)
[2m2025-12-10T12:17:53.385536Z[0m [34mDEBUG[0m [2mhyper::proto::h1::conn[0m[2m:[0m incoming body completed
[2m2025-12-10T12:17:53.385572Z[0m [34mDEBUG[0m [2mhyper::client::pool[0m[2m:[0m pooling idle connection for ("http", 192.168.0.14:8545)
[2m2025-12-10T12:17:53.385677Z[0m [34mDEBUG[0m [2mhyper::client::pool[0m[2m:[0m reuse idle connection for ("http", 192.168.0.14:8545)
[2m2025-12-10T12:17:53.385742Z[0m [34mDEBUG[0m [2mhyper::proto::h1::io[0m[2m:[0m flushed 172 bytes
[2m2025-12-10T12:17:53.387503Z[0m [34mDEBUG[0m [2mhyper::proto::h1::io[0m[2m:[0m parsed 4 headers
[2m2025-12-10T12:17:53.387512Z[0m [34mDEBUG[0m [2mhyper::proto::h1::conn[0m[2m:[0m incoming body is content-length (639 bytes)
[2m2025-12-10T12:17:53.387524Z[0m [34mDEBUG[0m [2mhyper::proto::h1::conn[0m[2m:[0m incoming body completed
[2m2025-12-10T12:17:53.387543Z[0m [34mDEBUG[0m [2mhyper::client::pool[0m[2m:[0m pooling idle connection for ("http", 192.168.0.14:8545)
[2m2025-12-10T12:17:53.387555Z[0m [34mDEBUG[0m [2methereum_transaction_pool_monitor::eth_client[0m[2m:[0m 📡 Transaction fetch RPC completed in 21.114708ms
[2m2025-12-10T12:17:53.575801Z[0m [34mDEBUG[0m [2methereum_transaction_pool_monitor::eth_client[0m[2m:[0m ✅ Transaction 0x3b866ab0f43a1002c82f3f7b1a0eed368f52a9c3ac92f66d149831efc90009da fetched and parsed in 209.351583ms
[2m2025-12-10T12:17:53.575857Z[0m [34mDEBUG[0m [2methereum_transaction_pool_monitor::mempool_monitor[0m[2m:[0m 🔍 Skipping tx 0x3b866ab0f43a1002c82f3f7b1a0eed368f52a9c3ac92f66d149831efc90009da - not a DEX interaction (target: 0xbeeA2D5C69cDBd144D99dEceB86e9121d1A1EEEE)
[2m2025-12-10T12:17:53.575934Z[0m [34mDEBUG[0m [2methereum_transaction_pool_monitor::mempool_monitor[0m[2m:[0m 📨 Processing new pending transaction: 0xf21647531d5f97578ab06614d86759593caec74e3abd1b6c178673f2c2b9d4e0
[2m2025-12-10T12:17:53.575946Z[0m [34mDEBUG[0m [2methereum_transaction_pool_monitor::mempool_monitor[0m[2m:[0m 🔍 Fetching transaction details for: 0xf21647531d5f97578ab06614d86759593caec74e3abd1b6c178673f2c2b9d4e0
[2m2025-12-10T12:17:53.575955Z[0m [34mDEBUG[0m [2methereum_transaction_pool_monitor::eth_client[0m[2m:[0m 🔍 Fetching transaction details for hash: 0xf21647531d5f97578ab06614d86759593caec74e3abd1b6c178673f2c2b9d4e0
[2m2025-12-10T12:17:53.576085Z[0m [34mDEBUG[0m [2mhyper::client::pool[0m[2m:[0m reuse idle connection for ("http", 192.168.0.14:8545)
[2m2025-12-10T12:17:53.576180Z[0m [34mDEBUG[0m [2mhyper::proto::h1::io[0m[2m:[0m flushed 250 bytes
[2m2025-12-10T12:17:53.576228Z[0m [34mDEBUG[0m [2mhyper::proto::h1::io[0m[2m:[0m parsed 4 headers
[2m2025-12-10T12:17:53.576235Z[0m [34mDEBUG[0m [2mhyper::proto::h1::conn[0m[2m:[0m incoming body is content-length (45 bytes)
[2m2025-12-10T12:17:53.576251Z[0m [34mDEBUG[0m [2mhyper::proto::h1::conn[0m[2m:[0m incoming body completed
[2m2025-12-10T12:17:53.576278Z[0m [34mDEBUG[0m [2mhyper::client::pool[0m[2m:[0m pooling idle connection for ("http", 192.168.0.14:8545)
[2m2025-12-10T12:17:53.576348Z[0m [34mDEBUG[0m [2mhyper::client::pool[0m[2m:[0m reuse idle connection for ("http", 192.168.0.14:8545)
[2m2025-12-10T12:17:53.576390Z[0m [34mDEBUG[0m [2mhyper::proto::h1::io[0m[2m:[0m flushed 172 bytes
[2m2025-12-10T12:17:53.617045Z[0m [34mDEBUG[0m [2mhyper::proto::h1::io[0m[2m:[0m parsed 4 headers
[2m2025-12-10T12:17:53.617085Z[0m [34mDEBUG[0m [2mhyper::proto::h1::conn[0m[2m:[0m incoming body is content-length (839 bytes)
[2m2025-12-10T12:17:53.617112Z[0m [34mDEBUG[0m [2mhyper::proto::h1::conn[0m[2m:[0m incoming body completed
[2m2025-12-10T12:17:53.617164Z[0m [34mDEBUG[0m [2mhyper::client::pool[0m[2m:[0m pooling idle connection for ("http", 192.168.0.14:8545)
[2m2025-12-10T12:17:53.617185Z[0m [34mDEBUG[0m [2methereum_transaction_pool_monitor::eth_client[0m[2m:[0m 📡 Transaction fetch RPC completed in 41.220875ms
[2m2025-12-10T12:17:53.617246Z[0m [34mDEBUG[0m [2methereum_transaction_pool_monitor::eth_client[0m[2m:[0m DeFi transaction detected - Address: 0xdac17f958d2ee523a2206206994597c13d831ec7, Type: Stablecoin, Value: 0 ETH, Gas: 0.17 Gwei
[2m2025-12-10T12:17:53.617292Z[0m [34mDEBUG[0m [2methereum_transaction_pool_monitor::eth_client[0m[2m:[0m ✅ Transaction 0xf21647531d5f97578ab06614d86759593caec74e3abd1b6c178673f2c2b9d4e0 fetched and parsed in 41.328ms
[2m2025-12-10T12:17:53.617313Z[0m [34mDEBUG[0m [2methereum_transaction_pool_monitor::mempool_monitor[0m[2m:[0m 🔍 Skipping tx 0xf21647531d5f97578ab06614d86759593caec74e3abd1b6c178673f2c2b9d4e0 - not a DEX interaction (target: 0xdAC17F958D2ee523a2206206994597C13D831ec7)
[2m2025-12-10T12:17:53.617375Z[0m [34mDEBUG[0m [2methereum_transaction_pool_monitor::mempool_monitor[0m[2m:[0m 📨 Processing new pending transaction: 0x215ce655e138dee48e78dfdc0c9afc305e7df260ee008cad5cd0906e74c9cd3f
[2m2025-12-10T12:17:53.617384Z[0m [34mDEBUG[0m [2methereum_transaction_pool_monitor::mempool_monitor[0m[2m:[0m 🔍 Fetching transaction details for: 0x215ce655e138dee48e78dfdc0c9afc305e7df260ee008cad5cd0906e74c9cd3f
[2m2025-12-10T12:17:53.617393Z[0m [34mDEBUG[0m [2methereum_transaction_pool_monitor::eth_client[0m[2m:[0m 🔍 Fetching transaction details for hash: 0x215ce655e138dee48e78dfdc0c9afc305e7df260ee008cad5cd0906e74c9cd3f
[2m2025-12-10T12:17:53.617467Z[0m [34mDEBUG[0m [2mhyper::client::pool[0m[2m:[0m reuse idle connection for ("http", 192.168.0.14:8545)
[2m2025-12-10T12:17:53.617523Z[0m [34mDEBUG[0m [2mhyper::proto::h1::io[0m[2m:[0m flushed 250 bytes
[2m2025-12-10T12:17:53.622599Z[0m [34mDEBUG[0m [2mhyper::proto::h1::io[0m[2m:[0m parsed 4 headers
[2m2025-12-10T12:17:53.622630Z[0m [34mDEBUG[0m [2mhyper::proto::h1::conn[0m[2m:[0m incoming body is content-length (45 bytes)
[2m2025-12-10T12:17:53.622653Z[0m [34mDEBUG[0m [2mhyper::proto::h1::conn[0m[2m:[0m incoming body completed
[2m2025-12-10T12:17:53.622652Z[0m [34mDEBUG[0m [2methereum_transaction_pool_monitor::eth_client[0m[2m:[0m 📨 Received WebSocket message: {"jsonrpc":"2.0","method":"eth_subscription","params":{"subscription":"0xb60af543a4ead1cf1df939ac89b7e704","result":"0xa6de9bcd7754673fb2ca8a1c44e379ba1e94ff89739880064f1849ce18b3486d"}}
[2m2025-12-10T12:17:53.622689Z[0m [34mDEBUG[0m [2methereum_transaction_pool_monitor::eth_client[0m[2m:[0m 📨 Received pending transaction: 0xa6de9bcd7754673fb2ca8a1c44e379ba1e94ff89739880064f1849ce18b3486d
[2m2025-12-10T12:17:53.622697Z[0m [34mDEBUG[0m [2mhyper::client::pool[0m[2m:[0m pooling idle connection for ("http", 192.168.0.14:8545)
[2m2025-12-10T12:17:53.622815Z[0m [34mDEBUG[0m [2mhyper::client::pool[0m[2m:[0m reuse idle connection for ("http", 192.168.0.14:8545)
[2m2025-12-10T12:17:53.622874Z[0m [34mDEBUG[0m [2mhyper::proto::h1::io[0m[2m:[0m flushed 172 bytes
[2m2025-12-10T12:17:53.658232Z[0m [34mDEBUG[0m [2mhyper::proto::h1::io[0m[2m:[0m parsed 4 headers
[2m2025-12-10T12:17:53.658264Z[0m [34mDEBUG[0m [2mhyper::proto::h1::conn[0m[2m:[0m incoming body is content-length (840 bytes)
[2m2025-12-10T12:17:53.658286Z[0m [34mDEBUG[0m [2mhyper::proto::h1::conn[0m[2m:[0m incoming body completed
[2m2025-12-10T12:17:53.658329Z[0m [34mDEBUG[0m [2mhyper::client::pool[0m[2m:[0m pooling idle connection for ("http", 192.168.0.14:8545)
[2m2025-12-10T12:17:53.658349Z[0m [34mDEBUG[0m [2methereum_transaction_pool_monitor::eth_client[0m[2m:[0m 📡 Transaction fetch RPC completed in 40.946709ms
[2m2025-12-10T12:17:53.658409Z[0m [34mDEBUG[0m [2methereum_transaction_pool_monitor::eth_client[0m[2m:[0m DeFi transaction detected - Address: 0xdac17f958d2ee523a2206206994597c13d831ec7, Type: Stablecoin, Value: 0 ETH, Gas: 0.19 Gwei
[2m2025-12-10T12:17:53.658454Z[0m [34mDEBUG[0m [2methereum_transaction_pool_monitor::eth_client[0m[2m:[0m ✅ Transaction 0x215ce655e138dee48e78dfdc0c9afc305e7df260ee008cad5cd0906e74c9cd3f fetched and parsed in 41.052542ms
[2m2025-12-10T12:17:53.658475Z[0m [34mDEBUG[0m [2methereum_transaction_pool_monitor::mempool_monitor[0m[2m:[0m 🔍 Skipping tx 0x215ce655e138dee48e78dfdc0c9afc305e7df260ee008cad5cd0906e74c9cd3f - not a DEX interaction (target: 0xdAC17F958D2ee523a2206206994597C13D831ec7)
[2m2025-12-10T12:17:53.658537Z[0m [34mDEBUG[0m [2methereum_transaction_pool_monitor::mempool_monitor[0m[2m:[0m 📨 Processing new pending transaction: 0x3b59fe056108e84c158a48511205f4cb436787599476b9040fc6d39f4c890e80
[2m2025-12-10T12:17:53.658548Z[0m [34mDEBUG[0m [2methereum_transaction_pool_monitor::mempool_monitor[0m[2m:[0m 🔍 Fetching transaction details for: 0x3b59fe056108e84c158a48511205f4cb436787599476b9040fc6d39f4c890e80
[2m2025-12-10T12:17:53.658557Z[0m [34mDEBUG[0m [2methereum_transaction_pool_monitor::eth_client[0m[2m:[0m 🔍 Fetching transaction details for hash: 0x3b59fe056108e84c158a48511205f4cb436787599476b9040fc6d39f4c890e80
[2m2025-12-10T12:17:53.658626Z[0m [34mDEBUG[0m [2mhyper::client::pool[0m[2m:[0m reuse idle connection for ("http", 192.168.0.14:8545)
[2m2025-12-10T12:17:53.658675Z[0m [34mDEBUG[0m [2mhyper::proto::h1::io[0m[2m:[0m flushed 250 bytes
[2m2025-12-10T12:17:53.664518Z[0m [34mDEBUG[0m [2mhyper::proto::h1::io[0m[2m:[0m parsed 4 headers
[2m2025-12-10T12:17:53.664546Z[0m [34mDEBUG[0m [2mhyper::proto::h1::conn[0m[2m:[0m incoming body is content-length (45 bytes)
[2m2025-12-10T12:17:53.664567Z[0m [34mDEBUG[0m [2mhyper::proto::h1::conn[0m[2m:[0m incoming body completed
[2m2025-12-10T12:17:53.664605Z[0m [34mDEBUG[0m [2mhyper::client::pool[0m[2m:[0m pooling idle connection for ("http", 192.168.0.14:8545)
[2m2025-12-10T12:17:53.664718Z[0m [34mDEBUG[0m [2mhyper::client::pool[0m[2m:[0m reuse idle connection for ("http", 192.168.0.14:8545)
[2m2025-12-10T12:17:53.664787Z[0m [34mDEBUG[0m [2mhyper::proto::h1::io[0m[2m:[0m flushed 172 bytes
[2m2025-12-10T12:17:53.669351Z[0m [34mDEBUG[0m [2methereum_transaction_pool_monitor::eth_client[0m[2m:[0m 📨 Received WebSocket message: {"jsonrpc":"2.0","method":"eth_subscription","params":{"subscription":"0xb60af543a4ead1cf1df939ac89b7e704","result":"0x1901f393a2dd42c1ad98d0f7a122ac7f2e24f839c03cd74e4c1ca2e73e4dc71c"}}
[2m2025-12-10T12:17:53.669375Z[0m [34mDEBUG[0m [2methereum_transaction_pool_monitor::eth_client[0m[2m:[0m 📨 Received pending transaction: 0x1901f393a2dd42c1ad98d0f7a122ac7f2e24f839c03cd74e4c1ca2e73e4dc71c
[2m2025-12-10T12:17:53.718734Z[0m [34mDEBUG[0m [2mhyper::proto::h1::io[0m[2m:[0m parsed 4 headers
[2m2025-12-10T12:17:53.718763Z[0m [34mDEBUG[0m [2mhyper::proto::h1::conn[0m[2m:[0m incoming body is content-length (840 bytes)
[2m2025-12-10T12:17:53.718787Z[0m [34mDEBUG[0m [2mhyper::proto::h1::conn[0m[2m:[0m incoming body completed
[2m2025-12-10T12:17:53.718830Z[0m [34mDEBUG[0m [2mhyper::client::pool[0m[2m:[0m pooling idle connection for ("http", 192.168.0.14:8545)
[2m2025-12-10T12:17:53.718852Z[0m [34mDEBUG[0m [2methereum_transaction_pool_monitor::eth_client[0m[2m:[0m 📡 Transaction fetch RPC completed in 60.285834ms
[2m2025-12-10T12:17:53.909622Z[0m [34mDEBUG[0m [2methereum_transaction_pool_monitor::eth_client[0m[2m:[0m ✅ Transaction 0x3b59fe056108e84c158a48511205f4cb436787599476b9040fc6d39f4c890e80 fetched and parsed in 251.049875ms
[2m2025-12-10T12:17:53.909686Z[0m [34mDEBUG[0m [2methereum_transaction_pool_monitor::mempool_monitor[0m[2m:[0m 🔍 Skipping tx 0x3b59fe056108e84c158a48511205f4cb436787599476b9040fc6d39f4c890e80 - not a DEX interaction (target: 0xA0b86991c6218b36c1d19D4a2e9Eb0cE3606eB48)
[2m2025-12-10T12:17:53.909764Z[0m [34mDEBUG[0m [2methereum_transaction_pool_monitor::mempool_monitor[0m[2m:[0m 📨 Processing new pending transaction: 0x51e9669cf31df5b0365e506de846020e30f068fc23fdb30681c57bfc45ea8f9a
[2m2025-12-10T12:17:53.909775Z[0m [34mDEBUG[0m [2methereum_transaction_pool_monitor::mempool_monitor[0m[2m:[0m 🔍 Fetching transaction details for: 0x51e9669cf31df5b0365e506de846020e30f068fc23fdb30681c57bfc45ea8f9a
[2m2025-12-10T12:17:53.909784Z[0m [34mDEBUG[0m [2methereum_transaction_pool_monitor::eth_client[0m[2m:[0m 🔍 Fetching transaction details for hash: 0x51e9669cf31df5b0365e506de846020e30f068fc23fdb30681c57bfc45ea8f9a
[2m2025-12-10T12:17:53.909895Z[0m [34mDEBUG[0m [2mhyper::client::pool[0m[2m:[0m reuse idle connection for ("http", 192.168.0.14:8545)
[2m2025-12-10T12:17:53.910014Z[0m [34mDEBUG[0m [2mhyper::proto::h1::io[0m[2m:[0m flushed 250 bytes
[2m2025-12-10T12:17:53.910075Z[0m [34mDEBUG[0m [2methereum_transaction_pool_monitor::eth_client[0m[2m:[0m 📨 Received WebSocket message: {"jsonrpc":"2.0","method":"eth_subscription","params":{"subscription":"0xb60af543a4ead1cf1df939ac89b7e704","result":"0x8f9d1c69a070a66d87b35de40aa99706333c88cac8763eee8e7016b5346008d2"}}
[2m2025-12-10T12:17:53.910099Z[0m [34mDEBUG[0m [2methereum_transaction_pool_monitor::eth_client[0m[2m:[0m 📨 Received pending transaction: 0x8f9d1c69a070a66d87b35de40aa99706333c88cac8763eee8e7016b5346008d2
[2m2025-12-10T12:17:53.910112Z[0m [34mDEBUG[0m [2mhyper::proto::h1::io[0m[2m:[0m parsed 4 headers
[2m2025-12-10T12:17:53.910114Z[0m [34mDEBUG[0m [2methereum_transaction_pool_monitor::eth_client[0m[2m:[0m 📨 Received WebSocket message: {"jsonrpc":"2.0","method":"eth_subscription","params":{"subscription":"0xb60af543a4ead1cf1df939ac89b7e704","result":"0x5ace93cbcfc8d9f013a9d9de47dea26994f9e6c0978717ea5644405d29477704"}}
[2m2025-12-10T12:17:53.910130Z[0m [34mDEBUG[0m [2mhyper::proto::h1::conn[0m[2m:[0m incoming body is content-length (45 bytes)
[2m2025-12-10T12:17:53.910140Z[0m [34mDEBUG[0m [2methereum_transaction_pool_monitor::eth_client[0m[2m:[0m 📨 Received pending transaction: 0x5ace93cbcfc8d9f013a9d9de47dea26994f9e6c0978717ea5644405d29477704
[2m2025-12-10T12:17:53.910151Z[0m [34mDEBUG[0m [2mhyper::proto::h1::conn[0m[2m:[0m incoming body completed
[2m2025-12-10T12:17:53.910186Z[0m [34mDEBUG[0m [2mhyper::client::pool[0m[2m:[0m pooling idle connection for ("http", 192.168.0.14:8545)
[2m2025-12-10T12:17:53.910268Z[0m [34mDEBUG[0m [2mhyper::client::pool[0m[2m:[0m reuse idle connection for ("http", 192.168.0.14:8545)
[2m2025-12-10T12:17:53.910320Z[0m [34mDEBUG[0m [2mhyper::proto::h1::io[0m[2m:[0m flushed 172 bytes
[2m2025-12-10T12:17:53.913684Z[0m [34mDEBUG[0m [2mhyper::proto::h1::io[0m[2m:[0m parsed 4 headers
[2m2025-12-10T12:17:53.913692Z[0m [34mDEBUG[0m [2mhyper::proto::h1::conn[0m[2m:[0m incoming body is content-length (840 bytes)
[2m2025-12-10T12:17:53.913704Z[0m [34mDEBUG[0m [2mhyper::proto::h1::conn[0m[2m:[0m incoming body completed
[2m2025-12-10T12:17:53.913727Z[0m [34mDEBUG[0m [2mhyper::client::pool[0m[2m:[0m pooling idle connection for ("http", 192.168.0.14:8545)
[2m2025-12-10T12:17:53.913738Z[0m [34mDEBUG[0m [2methereum_transaction_pool_monitor::eth_client[0m[2m:[0m 📡 Transaction fetch RPC completed in 3.945167ms
[2m2025-12-10T12:17:54.102504Z[0m [34mDEBUG[0m [2methereum_transaction_pool_monitor::eth_client[0m[2m:[0m ✅ Transaction 0x51e9669cf31df5b0365e506de846020e30f068fc23fdb30681c57bfc45ea8f9a fetched and parsed in 192.706834ms
[2m2025-12-10T12:17:54.102561Z[0m [34mDEBUG[0m [2methereum_transaction_pool_monitor::mempool_monitor[0m[2m:[0m 🔍 Skipping tx 0x51e9669cf31df5b0365e506de846020e30f068fc23fdb30681c57bfc45ea8f9a - not a DEX interaction (target: 0xA0b86991c6218b36c1d19D4a2e9Eb0cE3606eB48)
[2m2025-12-10T12:17:54.102633Z[0m [34mDEBUG[0m [2methereum_transaction_pool_monitor::mempool_monitor[0m[2m:[0m 📨 Processing new pending transaction: 0x26decc32b37ed6ee98f3adceae88fdf2bcec73ec33f47b40d8f1bcad1f7cbe78
[2m2025-12-10T12:17:54.102645Z[0m [34mDEBUG[0m [2methereum_transaction_pool_monitor::mempool_monitor[0m[2m:[0m 🔍 Fetching transaction details for: 0x26decc32b37ed6ee98f3adceae88fdf2bcec73ec33f47b40d8f1bcad1f7cbe78
[2m2025-12-10T12:17:54.102655Z[0m [34mDEBUG[0m [2methereum_transaction_pool_monitor::eth_client[0m[2m:[0m 🔍 Fetching transaction details for hash: 0x26decc32b37ed6ee98f3adceae88fdf2bcec73ec33f47b40d8f1bcad1f7cbe78
[2m2025-12-10T12:17:54.102740Z[0m [34mDEBUG[0m [2mhyper::client::pool[0m[2m:[0m reuse idle connection for ("http", 192.168.0.14:8545)
[2m2025-12-10T12:17:54.102829Z[0m [34mDEBUG[0m [2mhyper::proto::h1::io[0m[2m:[0m flushed 250 bytes
[2m2025-12-10T12:17:54.102881Z[0m [34mDEBUG[0m [2methereum_transaction_pool_monitor::eth_client[0m[2m:[0m 📨 Received WebSocket message: {"jsonrpc":"2.0","method":"eth_subscription","params":{"subscription":"0xb60af543a4ead1cf1df939ac89b7e704","result":"0xeba894cda420738ce69dcf3bb4403c203e1d0f279f570dc8a55ea0b260935424"}}
[2m2025-12-10T12:17:54.102901Z[0m [34mDEBUG[0m [2mhyper::proto::h1::io[0m[2m:[0m parsed 4 headers
[2m2025-12-10T12:17:54.102905Z[0m [34mDEBUG[0m [2methereum_transaction_pool_monitor::eth_client[0m[2m:[0m 📨 Received pending transaction: 0xeba894cda420738ce69dcf3bb4403c203e1d0f279f570dc8a55ea0b260935424
[2m2025-12-10T12:17:54.102918Z[0m [34mDEBUG[0m [2mhyper::proto::h1::conn[0m[2m:[0m incoming body is content-length (45 bytes)
[2m2025-12-10T12:17:54.102937Z[0m [34mDEBUG[0m [2mhyper::proto::h1::conn[0m[2m:[0m incoming body completed
[2m2025-12-10T12:17:54.102968Z[0m [34mDEBUG[0m [2mhyper::client::pool[0m[2m:[0m pooling idle connection for ("http", 192.168.0.14:8545)
[2m2025-12-10T12:17:54.103042Z[0m [34mDEBUG[0m [2mhyper::client::pool[0m[2m:[0m reuse idle connection for ("http", 192.168.0.14:8545)
[2m2025-12-10T12:17:54.103092Z[0m [34mDEBUG[0m [2mhyper::proto::h1::io[0m[2m:[0m flushed 172 bytes
[2m2025-12-10T12:17:54.106515Z[0m [34mDEBUG[0m [2mhyper::proto::h1::io[0m[2m:[0m parsed 4 headers
[2m2025-12-10T12:17:54.106525Z[0m [34mDEBUG[0m [2mhyper::proto::h1::conn[0m[2m:[0m incoming body is content-length (840 bytes)
[2m2025-12-10T12:17:54.106536Z[0m [34mDEBUG[0m [2mhyper::proto::h1::conn[0m[2m:[0m incoming body completed
[2m2025-12-10T12:17:54.106556Z[0m [34mDEBUG[0m [2mhyper::client::pool[0m[2m:[0m pooling idle connection for ("http", 192.168.0.14:8545)
[2m2025-12-10T12:17:54.106569Z[0m [34mDEBUG[0m [2methereum_transaction_pool_monitor::eth_client[0m[2m:[0m 📡 Transaction fetch RPC completed in 3.904333ms
[2m2025-12-10T12:17:54.106609Z[0m [34mDEBUG[0m [2methereum_transaction_pool_monitor::eth_client[0m[2m:[0m DeFi transaction detected - Address: 0xdac17f958d2ee523a2206206994597c13d831ec7, Type: Stablecoin, Value: 0 ETH, Gas: 0.17 Gwei
[2m2025-12-10T12:17:54.106654Z[0m [34mDEBUG[0m [2methereum_transaction_pool_monitor::eth_client[0m[2m:[0m ✅ Transaction 0x26decc32b37ed6ee98f3adceae88fdf2bcec73ec33f47b40d8f1bcad1f7cbe78 fetched and parsed in 3.990083ms
[2m2025-12-10T12:17:54.106670Z[0m [34mDEBUG[0m [2methereum_transaction_pool_monitor::mempool_monitor[0m[2m:[0m 🔍 Skipping tx 0x26decc32b37ed6ee98f3adceae88fdf2bcec73ec33f47b40d8f1bcad1f7cbe78 - not a DEX interaction (target: 0xdAC17F958D2ee523a2206206994597C13D831ec7)
[2m2025-12-10T12:17:54.106717Z[0m [34mDEBUG[0m [2methereum_transaction_pool_monitor::mempool_monitor[0m[2m:[0m 📨 Processing new pending transaction: 0xd41d74a4e4254bf1db9b62705e45b3b04299894968e65fed194ff5286695bdc6
[2m2025-12-10T12:17:54.106726Z[0m [34mDEBUG[0m [2methereum_transaction_pool_monitor::mempool_monitor[0m[2m:[0m 🔍 Fetching transaction details for: 0xd41d74a4e4254bf1db9b62705e45b3b04299894968e65fed194ff5286695bdc6
[2m2025-12-10T12:17:54.106735Z[0m [34mDEBUG[0m [2methereum_transaction_pool_monitor::eth_client[0m[2m:[0m 🔍 Fetching transaction details for hash: 0xd41d74a4e4254bf1db9b62705e45b3b04299894968e65fed194ff5286695bdc6
[2m2025-12-10T12:17:54.106771Z[0m [34mDEBUG[0m [2mhyper::client::pool[0m[2m:[0m reuse idle connection for ("http", 192.168.0.14:8545)
[2m2025-12-10T12:17:54.106808Z[0m [34mDEBUG[0m [2mhyper::proto::h1::io[0m[2m:[0m flushed 250 bytes
[2m2025-12-10T12:17:54.107015Z[0m [34mDEBUG[0m [2mhyper::proto::h1::io[0m[2m:[0m parsed 4 headers
[2m2025-12-10T12:17:54.107022Z[0m [34mDEBUG[0m [2mhyper::proto::h1::conn[0m[2m:[0m incoming body is content-length (45 bytes)
[2m2025-12-10T12:17:54.107031Z[0m [34mDEBUG[0m [2mhyper::proto::h1::conn[0m[2m:[0m incoming body completed
[2m2025-12-10T12:17:54.107045Z[0m [34mDEBUG[0m [2mhyper::client::pool[0m[2m:[0m pooling idle connection for ("http", 192.168.0.14:8545)
[2m2025-12-10T12:17:54.107086Z[0m [34mDEBUG[0m [2mhyper::client::pool[0m[2m:[0m reuse idle connection for ("http", 192.168.0.14:8545)
[2m2025-12-10T12:17:54.107124Z[0m [34mDEBUG[0m [2mhyper::proto::h1::io[0m[2m:[0m flushed 172 bytes
[2m2025-12-10T12:17:54.110747Z[0m [34mDEBUG[0m [2mhyper::proto::h1::io[0m[2m:[0m parsed 4 headers
[2m2025-12-10T12:17:54.110757Z[0m [34mDEBUG[0m [2mhyper::proto::h1::conn[0m[2m:[0m incoming body is content-length (842 bytes)
[2m2025-12-10T12:17:54.110768Z[0m [34mDEBUG[0m [2mhyper::proto::h1::conn[0m[2m:[0m incoming body completed
[2m2025-12-10T12:17:54.110785Z[0m [34mDEBUG[0m [2mhyper::client::pool[0m[2m:[0m pooling idle connection for ("http", 192.168.0.14:8545)
[2m2025-12-10T12:17:54.110797Z[0m [34mDEBUG[0m [2methereum_transaction_pool_monitor::eth_client[0m[2m:[0m 📡 Transaction fetch RPC completed in 4.05325ms
[2m2025-12-10T12:17:54.302317Z[0m [34mDEBUG[0m [2methereum_transaction_pool_monitor::eth_client[0m[2m:[0m ✅ Transaction 0xd41d74a4e4254bf1db9b62705e45b3b04299894968e65fed194ff5286695bdc6 fetched and parsed in 195.567458ms
[2m2025-12-10T12:17:54.302379Z[0m [34mDEBUG[0m [2methereum_transaction_pool_monitor::mempool_monitor[0m[2m:[0m 🔍 Skipping tx 0xd41d74a4e4254bf1db9b62705e45b3b04299894968e65fed194ff5286695bdc6 - not a DEX interaction (target: 0xA0b86991c6218b36c1d19D4a2e9Eb0cE3606eB48)
[2m2025-12-10T12:17:54.302452Z[0m [34mDEBUG[0m [2methereum_transaction_pool_monitor::mempool_monitor[0m[2m:[0m 📨 Processing new pending transaction: 0xb4038fe452d07d9af6eaa233af9e6257a5344dbf8907f74fa191c5015890649a
[2m2025-12-10T12:17:54.302464Z[0m [34mDEBUG[0m [2methereum_transaction_pool_monitor::mempool_monitor[0m[2m:[0m 🔍 Fetching transaction details for: 0xb4038fe452d07d9af6eaa233af9e6257a5344dbf8907f74fa191c5015890649a
[2m2025-12-10T12:17:54.302473Z[0m [34mDEBUG[0m [2methereum_transaction_pool_monitor::eth_client[0m[2m:[0m 🔍 Fetching transaction details for hash: 0xb4038fe452d07d9af6eaa233af9e6257a5344dbf8907f74fa191c5015890649a
[2m2025-12-10T12:17:54.302564Z[0m [34mDEBUG[0m [2mhyper::client::pool[0m[2m:[0m reuse idle connection for ("http", 192.168.0.14:8545)
[2m2025-12-10T12:17:54.302662Z[0m [34mDEBUG[0m [2mhyper::proto::h1::io[0m[2m:[0m flushed 250 bytes
[2m2025-12-10T12:17:54.302716Z[0m [34mDEBUG[0m [2methereum_transaction_pool_monitor::eth_client[0m[2m:[0m 📨 Received WebSocket message: {"jsonrpc":"2.0","method":"eth_subscription","params":{"subscription":"0xb60af543a4ead1cf1df939ac89b7e704","result":"0xd075014f81d7395ae67ec62f00f27830c722422f1091dcf56954640f5eef1310"}}
[2m2025-12-10T12:17:54.302727Z[0m [34mDEBUG[0m [2mhyper::proto::h1::io[0m[2m:[0m parsed 4 headers
[2m2025-12-10T12:17:54.302739Z[0m [34mDEBUG[0m [2mhyper::proto::h1::conn[0m[2m:[0m incoming body is content-length (45 bytes)
[2m2025-12-10T12:17:54.302741Z[0m [34mDEBUG[0m [2methereum_transaction_pool_monitor::eth_client[0m[2m:[0m 📨 Received pending transaction: 0xd075014f81d7395ae67ec62f00f27830c722422f1091dcf56954640f5eef1310
[2m2025-12-10T12:17:54.302756Z[0m [34mDEBUG[0m [2mhyper::proto::h1::conn[0m[2m:[0m incoming body completed
[2m2025-12-10T12:17:54.302758Z[0m [34mDEBUG[0m [2methereum_transaction_pool_monitor::eth_client[0m[2m:[0m 📨 Received WebSocket message: {"jsonrpc":"2.0","method":"eth_subscription","params":{"subscription":"0xb60af543a4ead1cf1df939ac89b7e704","result":"0x58ee830ec9d158d2a49899bbcb65209851497aef02ce3fc574550853b33fd94b"}}
[2m2025-12-10T12:17:54.302775Z[0m [34mDEBUG[0m [2methereum_transaction_pool_monitor::eth_client[0m[2m:[0m 📨 Received pending transaction: 0x58ee830ec9d158d2a49899bbcb65209851497aef02ce3fc574550853b33fd94b
[2m2025-12-10T12:17:54.302780Z[0m [34mDEBUG[0m [2mhyper::client::pool[0m[2m:[0m pooling idle connection for ("http", 192.168.0.14:8545)
[2m2025-12-10T12:17:54.302786Z[0m [34mDEBUG[0m [2methereum_transaction_pool_monitor::eth_client[0m[2m:[0m 📨 Received WebSocket message: {"jsonrpc":"2.0","method":"eth_subscription","params":{"subscription":"0xb60af543a4ead1cf1df939ac89b7e704","result":"0xa9481f1e05cb167aad2ed09bb390d887eb98631d4787dae3f1d7b4dfe0953c5b"}}
[2m2025-12-10T12:17:54.302804Z[0m [34mDEBUG[0m [2methereum_transaction_pool_monitor::eth_client[0m[2m:[0m 📨 Received pending transaction: 0xa9481f1e05cb167aad2ed09bb390d887eb98631d4787dae3f1d7b4dfe0953c5b
[2m2025-12-10T12:17:54.302815Z[0m [34mDEBUG[0m [2methereum_transaction_pool_monitor::eth_client[0m[2m:[0m 📨 Received WebSocket message: {"jsonrpc":"2.0","method":"eth_subscription","params":{"subscription":"0xb60af543a4ead1cf1df939ac89b7e704","result":"0xcfed9f8fe2722988e969e79033f18a0a4963d6a4973457d189346b9b3579a52a"}}
[2m2025-12-10T12:17:54.302831Z[0m [34mDEBUG[0m [2methereum_transaction_pool_monitor::eth_client[0m[2m:[0m 📨 Received pending transaction: 0xcfed9f8fe2722988e969e79033f18a0a4963d6a4973457d189346b9b3579a52a
[2m2025-12-10T12:17:54.302839Z[0m [34mDEBUG[0m [2mhyper::client::pool[0m[2m:[0m reuse idle connection for ("http", 192.168.0.14:8545)
[2m2025-12-10T12:17:54.302881Z[0m [34mDEBUG[0m [2mhyper::proto::h1::io[0m[2m:[0m flushed 172 bytes
[2m2025-12-10T12:17:54.307643Z[0m [34mDEBUG[0m [2mhyper::proto::h1::io[0m[2m:[0m parsed 4 headers
[2m2025-12-10T12:17:54.307653Z[0m [34mDEBUG[0m [2mhyper::proto::h1::conn[0m[2m:[0m incoming body is content-length (839 bytes)
[2m2025-12-10T12:17:54.307666Z[0m [34mDEBUG[0m [2mhyper::proto::h1::conn[0m[2m:[0m incoming body completed
[2m2025-12-10T12:17:54.307686Z[0m [34mDEBUG[0m [2mhyper::client::pool[0m[2m:[0m pooling idle connection for ("http", 192.168.0.14:8545)
[2m2025-12-10T12:17:54.307698Z[0m [34mDEBUG[0m [2methereum_transaction_pool_monitor::eth_client[0m[2m:[0m 📡 Transaction fetch RPC completed in 5.215375ms
[2m2025-12-10T12:17:54.499979Z[0m [34mDEBUG[0m [2methereum_transaction_pool_monitor::eth_client[0m[2m:[0m ✅ Transaction 0xb4038fe452d07d9af6eaa233af9e6257a5344dbf8907f74fa191c5015890649a fetched and parsed in 197.49225ms
[2m2025-12-10T12:17:54.500036Z[0m [34mDEBUG[0m [2methereum_transaction_pool_monitor::mempool_monitor[0m[2m:[0m 🔍 Skipping tx 0xb4038fe452d07d9af6eaa233af9e6257a5344dbf8907f74fa191c5015890649a - not a DEX interaction (target: 0xA0b86991c6218b36c1d19D4a2e9Eb0cE3606eB48)
[2m2025-12-10T12:17:54.500100Z[0m [34mDEBUG[0m [2methereum_transaction_pool_monitor::mempool_monitor[0m[2m:[0m 📨 Processing new pending transaction: 0x02f81eb26641bee96e1d5d5f1a3430dfe97c3808a4ea7a8b88607dd8d834ead1
[2m2025-12-10T12:17:54.500188Z[0m [34mDEBUG[0m [2methereum_transaction_pool_monitor::mempool_monitor[0m[2m:[0m 🔍 Fetching transaction details for: 0x02f81eb26641bee96e1d5d5f1a3430dfe97c3808a4ea7a8b88607dd8d834ead1
[2m2025-12-10T12:17:54.500198Z[0m [34mDEBUG[0m [2methereum_transaction_pool_monitor::eth_client[0m[2m:[0m 🔍 Fetching transaction details for hash: 0x02f81eb26641bee96e1d5d5f1a3430dfe97c3808a4ea7a8b88607dd8d834ead1
[2m2025-12-10T12:17:54.500285Z[0m [34mDEBUG[0m [2mhyper::client::pool[0m[2m:[0m reuse idle connection for ("http", 192.168.0.14:8545)
[2m2025-12-10T12:17:54.500386Z[0m [34mDEBUG[0m [2mhyper::proto::h1::io[0m[2m:[0m flushed 250 bytes
[2m2025-12-10T12:17:54.500442Z[0m [34mDEBUG[0m [2methereum_transaction_pool_monitor::eth_client[0m[2m:[0m 📨 Received WebSocket message: {"jsonrpc":"2.0","method":"eth_subscription","params":{"subscription":"0xb60af543a4ead1cf1df939ac89b7e704","result":"0x5f9893b24839802ad2052212cfc7f246bd0f5c07cc0d008dcd521c3b5f6d3ec7"}}
[2m2025-12-10T12:17:54.500475Z[0m [34mDEBUG[0m [2methereum_transaction_pool_monitor::eth_client[0m[2m:[0m 📨 Received pending transaction: 0x5f9893b24839802ad2052212cfc7f246bd0f5c07cc0d008dcd521c3b5f6d3ec7
[2m2025-12-10T12:17:54.500513Z[0m [34mDEBUG[0m [2mhyper::proto::h1::io[0m[2m:[0m parsed 4 headers
[2m2025-12-10T12:17:54.500521Z[0m [34mDEBUG[0m [2mhyper::proto::h1::conn[0m[2m:[0m incoming body is content-length (45 bytes)
[2m2025-12-10T12:17:54.500554Z[0m [34mDEBUG[0m [2mhyper::proto::h1::conn[0m[2m:[0m incoming body completed
[2m2025-12-10T12:17:54.500587Z[0m [34mDEBUG[0m [2mhyper::client::pool[0m[2m:[0m pooling idle connection for ("http", 192.168.0.14:8545)
[2m2025-12-10T12:17:54.500664Z[0m [34mDEBUG[0m [2mhyper::client::pool[0m[2m:[0m reuse idle connection for ("http", 192.168.0.14:8545)
[2m2025-12-10T12:17:54.500712Z[0m [34mDEBUG[0m [2mhyper::proto::h1::io[0m[2m:[0m flushed 172 bytes
[2m2025-12-10T12:17:54.504469Z[0m [34mDEBUG[0m [2mhyper::proto::h1::io[0m[2m:[0m parsed 4 headers
[2m2025-12-10T12:17:54.504486Z[0m [34mDEBUG[0m [2mhyper::proto::h1::conn[0m[2m:[0m incoming body is content-length (841 bytes)
[2m2025-12-10T12:17:54.504502Z[0m [34mDEBUG[0m [2mhyper::proto::h1::conn[0m[2m:[0m incoming body completed
[2m2025-12-10T12:17:54.504530Z[0m [34mDEBUG[0m [2mhyper::client::pool[0m[2m:[0m pooling idle connection for ("http", 192.168.0.14:8545)
[2m2025-12-10T12:17:54.504544Z[0m [34mDEBUG[0m [2methereum_transaction_pool_monitor::eth_client[0m[2m:[0m 📡 Transaction fetch RPC completed in 4.337083ms
[2m2025-12-10T12:17:54.504590Z[0m [34mDEBUG[0m [2methereum_transaction_pool_monitor::eth_client[0m[2m:[0m DeFi transaction detected - Address: 0xdac17f958d2ee523a2206206994597c13d831ec7, Type: Stablecoin, Value: 0 ETH, Gas: 0.17 Gwei
[2m2025-12-10T12:17:54.504647Z[0m [34mDEBUG[0m [2methereum_transaction_pool_monitor::eth_client[0m[2m:[0m ✅ Transaction 0x02f81eb26641bee96e1d5d5f1a3430dfe97c3808a4ea7a8b88607dd8d834ead1 fetched and parsed in 4.439791ms
[2m2025-12-10T12:17:54.504716Z[0m [34mDEBUG[0m [2methereum_transaction_pool_monitor::mempool_monitor[0m[2m:[0m 🔍 Skipping tx 0x02f81eb26641bee96e1d5d5f1a3430dfe97c3808a4ea7a8b88607dd8d834ead1 - not a DEX interaction (target: 0xdAC17F958D2ee523a2206206994597C13D831ec7)
[2m2025-12-10T12:17:54.504948Z[0m [34mDEBUG[0m [2methereum_transaction_pool_monitor::mempool_monitor[0m[2m:[0m 📨 Processing new pending transaction: 0x695d4812f8617dd6237ec2006085bb8cd85a02fd66363fe82627dfed90de7862
[2m2025-12-10T12:17:54.504990Z[0m [34mDEBUG[0m [2methereum_transaction_pool_monitor::mempool_monitor[0m[2m:[0m 🔍 Fetching transaction details for: 0x695d4812f8617dd6237ec2006085bb8cd85a02fd66363fe82627dfed90de7862
[2m2025-12-10T12:17:54.505000Z[0m [34mDEBUG[0m [2methereum_transaction_pool_monitor::eth_client[0m[2m:[0m 🔍 Fetching transaction details for hash: 0x695d4812f8617dd6237ec2006085bb8cd85a02fd66363fe82627dfed90de7862
[2m2025-12-10T12:17:54.505068Z[0m [34mDEBUG[0m [2mhyper::client::pool[0m[2m:[0m reuse idle connection for ("http", 192.168.0.14:8545)
[2m2025-12-10T12:17:54.505137Z[0m [34mDEBUG[0m [2mhyper::proto::h1::io[0m[2m:[0m flushed 250 bytes
[2m2025-12-10T12:17:54.505189Z[0m [34mDEBUG[0m [2mhyper::proto::h1::io[0m[2m:[0m parsed 4 headers
[2m2025-12-10T12:17:54.505195Z[0m [34mDEBUG[0m [2mhyper::proto::h1::conn[0m[2m:[0m incoming body is content-length (45 bytes)
[2m2025-12-10T12:17:54.505207Z[0m [34mDEBUG[0m [2mhyper::proto::h1::conn[0m[2m:[0m incoming body completed
[2m2025-12-10T12:17:54.505245Z[0m [34mDEBUG[0m [2mhyper::client::pool[0m[2m:[0m pooling idle connection for ("http", 192.168.0.14:8545)
[2m2025-12-10T12:17:54.505332Z[0m [34mDEBUG[0m [2mhyper::client::pool[0m[2m:[0m reuse idle connection for ("http", 192.168.0.14:8545)
[2m2025-12-10T12:17:54.505477Z[0m [34mDEBUG[0m [2mhyper::proto::h1::io[0m[2m:[0m flushed 172 bytes
[2m2025-12-10T12:17:54.508880Z[0m [34mDEBUG[0m [2mhyper::proto::h1::io[0m[2m:[0m parsed 4 headers
[2m2025-12-10T12:17:54.508910Z[0m [34mDEBUG[0m [2mhyper::proto::h1::conn[0m[2m:[0m incoming body is content-length (45 bytes)
[2m2025-12-10T12:17:54.508931Z[0m [34mDEBUG[0m [2mhyper::proto::h1::conn[0m[2m:[0m incoming body completed
[2m2025-12-10T12:17:54.508972Z[0m [34mDEBUG[0m [2mhyper::client::pool[0m[2m:[0m pooling idle connection for ("http", 192.168.0.14:8545)
[2m2025-12-10T12:17:54.509069Z[0m [34mDEBUG[0m [2mhyper::client::pool[0m[2m:[0m reuse idle connection for ("http", 192.168.0.14:8545)
[2m2025-12-10T12:17:54.509143Z[0m [34mDEBUG[0m [2mhyper::proto::h1::io[0m[2m:[0m flushed 172 bytes
[2m2025-12-10T12:17:54.509297Z[0m [34mDEBUG[0m [2mhyper::proto::h1::io[0m[2m:[0m parsed 4 headers
[2m2025-12-10T12:17:54.509306Z[0m [34mDEBUG[0m [2mhyper::proto::h1::conn[0m[2m:[0m incoming body is content-length (711 bytes)
[2m2025-12-10T12:17:54.509318Z[0m [34mDEBUG[0m [2mhyper::proto::h1::conn[0m[2m:[0m incoming body completed
[2m2025-12-10T12:17:54.509340Z[0m [34mDEBUG[0m [2mhyper::client::pool[0m[2m:[0m pooling idle connection for ("http", 192.168.0.14:8545)
[2m2025-12-10T12:17:54.509352Z[0m [34mDEBUG[0m [2methereum_transaction_pool_monitor::eth_client[0m[2m:[0m 📡 Transaction fetch RPC completed in 4.34225ms
[2m2025-12-10T12:17:54.703397Z[0m [34mDEBUG[0m [2methereum_transaction_pool_monitor::eth_client[0m[2m:[0m ✅ Transaction 0x695d4812f8617dd6237ec2006085bb8cd85a02fd66363fe82627dfed90de7862 fetched and parsed in 198.384709ms
[2m2025-12-10T12:17:54.703449Z[0m [34mDEBUG[0m [2methereum_transaction_pool_monitor::mempool_monitor[0m[2m:[0m 🔍 Skipping tx 0x695d4812f8617dd6237ec2006085bb8cd85a02fd66363fe82627dfed90de7862 - not a DEX interaction (target: 0xe69E7A257eb806F7e008276395160DFf6b6afb84)
[2m2025-12-10T12:17:54.703519Z[0m [34mDEBUG[0m [2methereum_transaction_pool_monitor::mempool_monitor[0m[2m:[0m 📨 Processing new pending transaction: 0x447ea435665c14f05fc753d5be39a7473404f03f401aa83c9b7526f7ef3724de
[2m2025-12-10T12:17:54.703530Z[0m [34mDEBUG[0m [2methereum_transaction_pool_monitor::mempool_monitor[0m[2m:[0m 🔍 Fetching transaction details for: 0x447ea435665c14f05fc753d5be39a7473404f03f401aa83c9b7526f7ef3724de
[2m2025-12-10T12:17:54.703539Z[0m [34mDEBUG[0m [2methereum_transaction_pool_monitor::eth_client[0m[2m:[0m 🔍 Fetching transaction details for hash: 0x447ea435665c14f05fc753d5be39a7473404f03f401aa83c9b7526f7ef3724de
[2m2025-12-10T12:17:54.703625Z[0m [34mDEBUG[0m [2mhyper::client::pool[0m[2m:[0m reuse idle connection for ("http", 192.168.0.14:8545)
[2m2025-12-10T12:17:54.703713Z[0m [34mDEBUG[0m [2mhyper::proto::h1::io[0m[2m:[0m flushed 250 bytes
[2m2025-12-10T12:17:54.703758Z[0m [34mDEBUG[0m [2mhyper::proto::h1::io[0m[2m:[0m parsed 4 headers
[2m2025-12-10T12:17:54.703766Z[0m [34mDEBUG[0m [2mhyper::proto::h1::conn[0m[2m:[0m incoming body is content-length (45 bytes)
[2m2025-12-10T12:17:54.703781Z[0m [34mDEBUG[0m [2mhyper::proto::h1::conn[0m[2m:[0m incoming body completed
[2m2025-12-10T12:17:54.703807Z[0m [34mDEBUG[0m [2mhyper::client::pool[0m[2m:[0m pooling idle connection for ("http", 192.168.0.14:8545)
[2m2025-12-10T12:17:54.703870Z[0m [34mDEBUG[0m [2mhyper::client::pool[0m[2m:[0m reuse idle connection for ("http", 192.168.0.14:8545)
[2m2025-12-10T12:17:54.703910Z[0m [34mDEBUG[0m [2mhyper::proto::h1::io[0m[2m:[0m flushed 172 bytes
[2m2025-12-10T12:17:54.711578Z[0m [34mDEBUG[0m [2mhyper::proto::h1::io[0m[2m:[0m parsed 4 headers
[2m2025-12-10T12:17:54.711598Z[0m [34mDEBUG[0m [2mhyper::proto::h1::conn[0m[2m:[0m incoming body is content-length (45 bytes)
[2m2025-12-10T12:17:54.711614Z[0m [34mDEBUG[0m [2mhyper::proto::h1::conn[0m[2m:[0m incoming body completed
[2m2025-12-10T12:17:54.711639Z[0m [34mDEBUG[0m [2mhyper::client::pool[0m[2m:[0m pooling idle connection for ("http", 192.168.0.14:8545)
[2m2025-12-10T12:17:54.711713Z[0m [34mDEBUG[0m [2mhyper::client::pool[0m[2m:[0m reuse idle connection for ("http", 192.168.0.14:8545)
[2m2025-12-10T12:17:54.711762Z[0m [34mDEBUG[0m [2mhyper::proto::h1::io[0m[2m:[0m flushed 172 bytes
[2m2025-12-10T12:17:54.712212Z[0m [34mDEBUG[0m [2mhyper::proto::h1::io[0m[2m:[0m parsed 4 headers
[2m2025-12-10T12:17:54.712220Z[0m [34mDEBUG[0m [2mhyper::proto::h1::conn[0m[2m:[0m incoming body is content-length (637 bytes)
[2m2025-12-10T12:17:54.712230Z[0m [34mDEBUG[0m [2mhyper::proto::h1::conn[0m[2m:[0m incoming body completed
[2m2025-12-10T12:17:54.712245Z[0m [34mDEBUG[0m [2mhyper::client::pool[0m[2m:[0m pooling idle connection for ("http", 192.168.0.14:8545)
[2m2025-12-10T12:17:54.712256Z[0m [34mDEBUG[0m [2methereum_transaction_pool_monitor::eth_client[0m[2m:[0m 📡 Transaction fetch RPC completed in 8.707708ms
[2m2025-12-10T12:17:54.903477Z[0m [34mDEBUG[0m [2methereum_transaction_pool_monitor::eth_client[0m[2m:[0m ✅ Transaction 0x447ea435665c14f05fc753d5be39a7473404f03f401aa83c9b7526f7ef3724de fetched and parsed in 199.92375ms
[2m2025-12-10T12:17:54.903532Z[0m [34mDEBUG[0m [2methereum_transaction_pool_monitor::mempool_monitor[0m[2m:[0m 🔍 Skipping tx 0x447ea435665c14f05fc753d5be39a7473404f03f401aa83c9b7526f7ef3724de - not a DEX interaction (target: 0xFCe2DA58E1207E6436BcDf9e55415A93a7F0b495)
[2m2025-12-10T12:17:54.903602Z[0m [34mDEBUG[0m [2methereum_transaction_pool_monitor::mempool_monitor[0m[2m:[0m 📨 Processing new pending transaction: 0xde862a2e7880b00128c8fdcc2eb2d9b47f1b78625c2708bc93948941dc4ad4a3
[2m2025-12-10T12:17:54.903614Z[0m [34mDEBUG[0m [2methereum_transaction_pool_monitor::mempool_monitor[0m[2m:[0m 🔍 Fetching transaction details for: 0xde862a2e7880b00128c8fdcc2eb2d9b47f1b78625c2708bc93948941dc4ad4a3
[2m2025-12-10T12:17:54.903623Z[0m [34mDEBUG[0m [2methereum_transaction_pool_monitor::eth_client[0m[2m:[0m 🔍 Fetching transaction details for hash: 0xde862a2e7880b00128c8fdcc2eb2d9b47f1b78625c2708bc93948941dc4ad4a3
[2m2025-12-10T12:17:54.903708Z[0m [34mDEBUG[0m [2mhyper::client::pool[0m[2m:[0m reuse idle connection for ("http", 192.168.0.14:8545)
[2m2025-12-10T12:17:54.903799Z[0m [34mDEBUG[0m [2mhyper::proto::h1::io[0m[2m:[0m flushed 250 bytes
[2m2025-12-10T12:17:54.903848Z[0m [34mDEBUG[0m [2mhyper::proto::h1::io[0m[2m:[0m parsed 4 headers
[2m2025-12-10T12:17:54.903855Z[0m [34mDEBUG[0m [2mhyper::proto::h1::conn[0m[2m:[0m incoming body is content-length (45 bytes)
[2m2025-12-10T12:17:54.903871Z[0m [34mDEBUG[0m [2mhyper::proto::h1::conn[0m[2m:[0m incoming body completed
[2m2025-12-10T12:17:54.903896Z[0m [34mDEBUG[0m [2mhyper::client::pool[0m[2m:[0m pooling idle connection for ("http", 192.168.0.14:8545)
[2m2025-12-10T12:17:54.903958Z[0m [34mDEBUG[0m [2mhyper::client::pool[0m[2m:[0m reuse idle connection for ("http", 192.168.0.14:8545)
[2m2025-12-10T12:17:54.903997Z[0m [34mDEBUG[0m [2mhyper::proto::h1::io[0m[2m:[0m flushed 172 bytes
[2m2025-12-10T12:17:54.910095Z[0m [34mDEBUG[0m [2mhyper::proto::h1::io[0m[2m:[0m parsed 4 headers
[2m2025-12-10T12:17:54.910104Z[0m [34mDEBUG[0m [2mhyper::proto::h1::conn[0m[2m:[0m incoming body is content-length (45 bytes)
[2m2025-12-10T12:17:54.910115Z[0m [34mDEBUG[0m [2mhyper::proto::h1::conn[0m[2m:[0m incoming body completed
[2m2025-12-10T12:17:54.910133Z[0m [34mDEBUG[0m [2mhyper::client::pool[0m[2m:[0m pooling idle connection for ("http", 192.168.0.14:8545)
[2m2025-12-10T12:17:54.910184Z[0m [34mDEBUG[0m [2mhyper::client::pool[0m[2m:[0m reuse idle connection for ("http", 192.168.0.14:8545)
[2m2025-12-10T12:17:54.910217Z[0m [34mDEBUG[0m [2mhyper::proto::h1::io[0m[2m:[0m flushed 172 bytes
[2m2025-12-10T12:17:54.913267Z[0m [34mDEBUG[0m [2mhyper::proto::h1::io[0m[2m:[0m parsed 4 headers
[2m2025-12-10T12:17:54.913274Z[0m [34mDEBUG[0m [2mhyper::proto::h1::conn[0m[2m:[0m incoming body is content-length (636 bytes)
[2m2025-12-10T12:17:54.913284Z[0m [34mDEBUG[0m [2mhyper::proto::h1::conn[0m[2m:[0m incoming body completed
[2m2025-12-10T12:17:54.913299Z[0m [34mDEBUG[0m [2mhyper::client::pool[0m[2m:[0m pooling idle connection for ("http", 192.168.0.14:8545)
[2m2025-12-10T12:17:54.913309Z[0m [34mDEBUG[0m [2methereum_transaction_pool_monitor::eth_client[0m[2m:[0m 📡 Transaction fetch RPC completed in 9.677375ms
[2m2025-12-10T12:17:55.105488Z[0m [34mDEBUG[0m [2methereum_transaction_pool_monitor::eth_client[0m[2m:[0m ✅ Transaction 0xde862a2e7880b00128c8fdcc2eb2d9b47f1b78625c2708bc93948941dc4ad4a3 fetched and parsed in 201.849833ms
[2m2025-12-10T12:17:55.105552Z[0m [34mDEBUG[0m [2methereum_transaction_pool_monitor::mempool_monitor[0m[2m:[0m 🔍 Skipping tx 0xde862a2e7880b00128c8fdcc2eb2d9b47f1b78625c2708bc93948941dc4ad4a3 - not a DEX interaction (target: 0xCC8D4Ec3A468A53E8C0cf58837620aA132144f00)
[2m2025-12-10T12:17:55.105628Z[0m [34mDEBUG[0m [2methereum_transaction_pool_monitor::mempool_monitor[0m[2m:[0m 📨 Processing new pending transaction: 0xd7121a777f697b6ded726f60d9a90a89ecb0af0866e9729e21a61f14888943ca
[2m2025-12-10T12:17:55.105639Z[0m [34mDEBUG[0m [2methereum_transaction_pool_monitor::mempool_monitor[0m[2m:[0m 🔍 Fetching transaction details for: 0xd7121a777f697b6ded726f60d9a90a89ecb0af0866e9729e21a61f14888943ca
[2m2025-12-10T12:17:55.105648Z[0m [34mDEBUG[0m [2methereum_transaction_pool_monitor::eth_client[0m[2m:[0m 🔍 Fetching transaction details for hash: 0xd7121a777f697b6ded726f60d9a90a89ecb0af0866e9729e21a61f14888943ca
[2m2025-12-10T12:17:55.105741Z[0m [34mDEBUG[0m [2mhyper::client::pool[0m[2m:[0m reuse idle connection for ("http", 192.168.0.14:8545)
[2m2025-12-10T12:17:55.105849Z[0m [34mDEBUG[0m [2mhyper::proto::h1::io[0m[2m:[0m flushed 250 bytes
[2m2025-12-10T12:17:55.105914Z[0m [34mDEBUG[0m [2methereum_transaction_pool_monitor::eth_client[0m[2m:[0m 📨 Received WebSocket message: {"jsonrpc":"2.0","method":"eth_subscription","params":{"subscription":"0xb60af543a4ead1cf1df939ac89b7e704","result":"0x5cc1aa8b9e2d3c9c5d3d4ce58154e0a41411826455b098581f7f30f3a6ff6d5b"}}
[2m2025-12-10T12:17:55.105923Z[0m [34mDEBUG[0m [2mhyper::proto::h1::io[0m[2m:[0m parsed 4 headers
[2m2025-12-10T12:17:55.105936Z[0m [34mDEBUG[0m [2mhyper::proto::h1::conn[0m[2m:[0m incoming body is content-length (45 bytes)
[2m2025-12-10T12:17:55.105938Z[0m [34mDEBUG[0m [2methereum_transaction_pool_monitor::eth_client[0m[2m:[0m 📨 Received pending transaction: 0x5cc1aa8b9e2d3c9c5d3d4ce58154e0a41411826455b098581f7f30f3a6ff6d5b
[2m2025-12-10T12:17:55.105954Z[0m [34mDEBUG[0m [2mhyper::proto::h1::conn[0m[2m:[0m incoming body completed
[2m2025-12-10T12:17:55.105958Z[0m [34mDEBUG[0m [2methereum_transaction_pool_monitor::eth_client[0m[2m:[0m 📨 Received WebSocket message: {"jsonrpc":"2.0","method":"eth_subscription","params":{"subscription":"0xb60af543a4ead1cf1df939ac89b7e704","result":"0x0c72ab77d448d10628b075fae77e28947a51a7ec0f4a47c4fc16570294fa81cb"}}
[2m2025-12-10T12:17:55.105976Z[0m [34mDEBUG[0m [2methereum_transaction_pool_monitor::eth_client[0m[2m:[0m 📨 Received pending transaction: 0x0c72ab77d448d10628b075fae77e28947a51a7ec0f4a47c4fc16570294fa81cb
[2m2025-12-10T12:17:55.105985Z[0m [34mDEBUG[0m [2mhyper::client::pool[0m[2m:[0m pooling idle connection for ("http", 192.168.0.14:8545)
[2m2025-12-10T12:17:55.106060Z[0m [34mDEBUG[0m [2mhyper::client::pool[0m[2m:[0m reuse idle connection for ("http", 192.168.0.14:8545)
[2m2025-12-10T12:17:55.106103Z[0m [34mDEBUG[0m [2mhyper::proto::h1::io[0m[2m:[0m flushed 172 bytes
[2m2025-12-10T12:17:55.110310Z[0m [34mDEBUG[0m [2mhyper::proto::h1::io[0m[2m:[0m parsed 4 headers
[2m2025-12-10T12:17:55.110318Z[0m [34mDEBUG[0m [2mhyper::proto::h1::conn[0m[2m:[0m incoming body is content-length (45 bytes)
[2m2025-12-10T12:17:55.110330Z[0m [34mDEBUG[0m [2mhyper::proto::h1::conn[0m[2m:[0m incoming body completed
[2m2025-12-10T12:17:55.110349Z[0m [34mDEBUG[0m [2mhyper::client::pool[0m[2m:[0m pooling idle connection for ("http", 192.168.0.14:8545)
[2m2025-12-10T12:17:55.110402Z[0m [34mDEBUG[0m [2mhyper::client::pool[0m[2m:[0m reuse idle connection for ("http", 192.168.0.14:8545)
[2m2025-12-10T12:17:55.110437Z[0m [34mDEBUG[0m [2mhyper::proto::h1::io[0m[2m:[0m flushed 172 bytes
[2m2025-12-10T12:17:55.119471Z[0m [34mDEBUG[0m [2mhyper::proto::h1::io[0m[2m:[0m parsed 4 headers
[2m2025-12-10T12:17:55.119482Z[0m [34mDEBUG[0m [2mhyper::proto::h1::conn[0m[2m:[0m incoming body is content-length (637 bytes)
[2m2025-12-10T12:17:55.119496Z[0m [34mDEBUG[0m [2mhyper::proto::h1::conn[0m[2m:[0m incoming body completed
[2m2025-12-10T12:17:55.119518Z[0m [34mDEBUG[0m [2mhyper::client::pool[0m[2m:[0m pooling idle connection for ("http", 192.168.0.14:8545)
[2m2025-12-10T12:17:55.119530Z[0m [34mDEBUG[0m [2methereum_transaction_pool_monitor::eth_client[0m[2m:[0m 📡 Transaction fetch RPC completed in 13.87175ms
[2m2025-12-10T12:17:55.311164Z[0m [34mDEBUG[0m [2methereum_transaction_pool_monitor::eth_client[0m[2m:[0m ✅ Transaction 0xd7121a777f697b6ded726f60d9a90a89ecb0af0866e9729e21a61f14888943ca fetched and parsed in 205.502959ms
[2m2025-12-10T12:17:55.311215Z[0m [34mDEBUG[0m [2methereum_transaction_pool_monitor::mempool_monitor[0m[2m:[0m 🔍 Skipping tx 0xd7121a777f697b6ded726f60d9a90a89ecb0af0866e9729e21a61f14888943ca - not a DEX interaction (target: 0x13283a311A8e20D7B619f11c61C65d504a9849DE)
[2m2025-12-10T12:17:55.311279Z[0m [34mDEBUG[0m [2methereum_transaction_pool_monitor::mempool_monitor[0m[2m:[0m 📨 Processing new pending transaction: 0x0b534060c500a27fb4c0db319276f7aeefd75c2e277451a7f76c36c9b1ad967f
[2m2025-12-10T12:17:55.311290Z[0m [34mDEBUG[0m [2methereum_transaction_pool_monitor::mempool_monitor[0m[2m:[0m 🔍 Fetching transaction details for: 0x0b534060c500a27fb4c0db319276f7aeefd75c2e277451a7f76c36c9b1ad967f
[2m2025-12-10T12:17:55.311299Z[0m [34mDEBUG[0m [2methereum_transaction_pool_monitor::eth_client[0m[2m:[0m 🔍 Fetching transaction details for hash: 0x0b534060c500a27fb4c0db319276f7aeefd75c2e277451a7f76c36c9b1ad967f
[2m2025-12-10T12:17:55.311381Z[0m [34mDEBUG[0m [2mhyper::client::pool[0m[2m:[0m reuse idle connection for ("http", 192.168.0.14:8545)
[2m2025-12-10T12:17:55.311469Z[0m [34mDEBUG[0m [2mhyper::proto::h1::io[0m[2m:[0m flushed 250 bytes
[2m2025-12-10T12:17:55.311520Z[0m [34mDEBUG[0m [2methereum_transaction_pool_monitor::eth_client[0m[2m:[0m 📨 Received WebSocket message: {"jsonrpc":"2.0","method":"eth_subscription","params":{"subscription":"0xb60af543a4ead1cf1df939ac89b7e704","result":"0xf914ee9db5fe654ece7135ebe95ef125352acea019660ea61b5d25945b3a1d30"}}
[2m2025-12-10T12:17:55.311530Z[0m [34mDEBUG[0m [2mhyper::proto::h1::io[0m[2m:[0m parsed 4 headers
[2m2025-12-10T12:17:55.311540Z[0m [34mDEBUG[0m [2mhyper::proto::h1::conn[0m[2m:[0m incoming body is content-length (45 bytes)
[2m2025-12-10T12:17:55.311542Z[0m [34mDEBUG[0m [2methereum_transaction_pool_monitor::eth_client[0m[2m:[0m 📨 Received pending transaction: 0xf914ee9db5fe654ece7135ebe95ef125352acea019660ea61b5d25945b3a1d30
[2m2025-12-10T12:17:55.311555Z[0m [34mDEBUG[0m [2mhyper::proto::h1::conn[0m[2m:[0m incoming body completed
[2m2025-12-10T12:17:55.311559Z[0m [34mDEBUG[0m [2methereum_transaction_pool_monitor::eth_client[0m[2m:[0m 📨 Received WebSocket message: {"jsonrpc":"2.0","method":"eth_subscription","params":{"subscription":"0xb60af543a4ead1cf1df939ac89b7e704","result":"0x8101bde1d8fe7e77f0b6165c24df42a59e94d37a3deac20edc2dc078f926786b"}}
[2m2025-12-10T12:17:55.311576Z[0m [34mDEBUG[0m [2methereum_transaction_pool_monitor::eth_client[0m[2m:[0m 📨 Received pending transaction: 0x8101bde1d8fe7e77f0b6165c24df42a59e94d37a3deac20edc2dc078f926786b
[2m2025-12-10T12:17:55.311578Z[0m [34mDEBUG[0m [2mhyper::client::pool[0m[2m:[0m pooling idle connection for ("http", 192.168.0.14:8545)
[2m2025-12-10T12:17:55.311636Z[0m [34mDEBUG[0m [2mhyper::client::pool[0m[2m:[0m reuse idle connection for ("http", 192.168.0.14:8545)
[2m2025-12-10T12:17:55.311676Z[0m [34mDEBUG[0m [2mhyper::proto::h1::io[0m[2m:[0m flushed 172 bytes
[2m2025-12-10T12:17:55.316471Z[0m [34mDEBUG[0m [2mhyper::proto::h1::io[0m[2m:[0m parsed 4 headers
[2m2025-12-10T12:17:55.316479Z[0m [34mDEBUG[0m [2mhyper::proto::h1::conn[0m[2m:[0m incoming body is content-length (45 bytes)
[2m2025-12-10T12:17:55.316492Z[0m [34mDEBUG[0m [2mhyper::proto::h1::conn[0m[2m:[0m incoming body completed
[2m2025-12-10T12:17:55.316511Z[0m [34mDEBUG[0m [2mhyper::client::pool[0m[2m:[0m pooling idle connection for ("http", 192.168.0.14:8545)
[2m2025-12-10T12:17:55.316569Z[0m [34mDEBUG[0m [2mhyper::client::pool[0m[2m:[0m reuse idle connection for ("http", 192.168.0.14:8545)
[2m2025-12-10T12:17:55.316608Z[0m [34mDEBUG[0m [2mhyper::proto::h1::io[0m[2m:[0m flushed 172 bytes
[2m2025-12-10T12:17:55.317771Z[0m [34mDEBUG[0m [2mhyper::proto::h1::io[0m[2m:[0m parsed 4 headers
[2m2025-12-10T12:17:55.317779Z[0m [34mDEBUG[0m [2mhyper::proto::h1::conn[0m[2m:[0m incoming body is content-length (637 bytes)
[2m2025-12-10T12:17:55.317790Z[0m [34mDEBUG[0m [2mhyper::proto::h1::conn[0m[2m:[0m incoming body completed
[2m2025-12-10T12:17:55.317804Z[0m [34mDEBUG[0m [2mhyper::client::pool[0m[2m:[0m pooling idle connection for ("http", 192.168.0.14:8545)
[2m2025-12-10T12:17:55.317814Z[0m [34mDEBUG[0m [2methereum_transaction_pool_monitor::eth_client[0m[2m:[0m 📡 Transaction fetch RPC completed in 6.506ms
[2m2025-12-10T12:17:55.511735Z[0m [34mDEBUG[0m [2methereum_transaction_pool_monitor::eth_client[0m[2m:[0m ✅ Transaction 0x0b534060c500a27fb4c0db319276f7aeefd75c2e277451a7f76c36c9b1ad967f fetched and parsed in 200.424084ms
[2m2025-12-10T12:17:55.511788Z[0m [34mDEBUG[0m [2methereum_transaction_pool_monitor::mempool_monitor[0m[2m:[0m 🔍 Skipping tx 0x0b534060c500a27fb4c0db319276f7aeefd75c2e277451a7f76c36c9b1ad967f - not a DEX interaction (target: 0x7a07F1A543B12ef0D5F7FCa80B3Ab4792d3e68E9)
[2m2025-12-10T12:17:55.511855Z[0m [34mDEBUG[0m [2methereum_transaction_pool_monitor::mempool_monitor[0m[2m:[0m 📨 Processing new pending transaction: 0x32046568ae223857ddf322def22cd1097e75cad7b0fb89e5f8aade878f2669e6
[2m2025-12-10T12:17:55.511865Z[0m [34mDEBUG[0m [2methereum_transaction_pool_monitor::mempool_monitor[0m[2m:[0m 🔍 Fetching transaction details for: 0x32046568ae223857ddf322def22cd1097e75cad7b0fb89e5f8aade878f2669e6
[2m2025-12-10T12:17:55.511874Z[0m [34mDEBUG[0m [2methereum_transaction_pool_monitor::eth_client[0m[2m:[0m 🔍 Fetching transaction details for hash: 0x32046568ae223857ddf322def22cd1097e75cad7b0fb89e5f8aade878f2669e6
[2m2025-12-10T12:17:55.511953Z[0m [34mDEBUG[0m [2mhyper::client::pool[0m[2m:[0m reuse idle connection for ("http", 192.168.0.14:8545)
[2m2025-12-10T12:17:55.512040Z[0m [34mDEBUG[0m [2mhyper::proto::h1::io[0m[2m:[0m flushed 250 bytes
[2m2025-12-10T12:17:55.512087Z[0m [34mDEBUG[0m [2methereum_transaction_pool_monitor::eth_client[0m[2m:[0m 📨 Received WebSocket message: {"jsonrpc":"2.0","method":"eth_subscription","params":{"subscription":"0xb60af543a4ead1cf1df939ac89b7e704","result":"0x456618a661ccd99314eb941c6521bbc98df35c562a87b6906b05cb6925b86797"}}
[2m2025-12-10T12:17:55.512102Z[0m [34mDEBUG[0m [2mhyper::proto::h1::io[0m[2m:[0m parsed 4 headers
[2m2025-12-10T12:17:55.512108Z[0m [34mDEBUG[0m [2methereum_transaction_pool_monitor::eth_client[0m[2m:[0m 📨 Received pending transaction: 0x456618a661ccd99314eb941c6521bbc98df35c562a87b6906b05cb6925b86797
[2m2025-12-10T12:17:55.512113Z[0m [34mDEBUG[0m [2mhyper::proto::h1::conn[0m[2m:[0m incoming body is content-length (45 bytes)
[2m2025-12-10T12:17:55.512124Z[0m [34mDEBUG[0m [2methereum_transaction_pool_monitor::eth_client[0m[2m:[0m 📨 Received WebSocket message: {"jsonrpc":"2.0","method":"eth_subscription","params":{"subscription":"0xb60af543a4ead1cf1df939ac89b7e704","result":"0xed5b73876e3237dbdb792c86a79948452ce87b35f5c7a93d3a04bc550b0ea9ab"}}
[2m2025-12-10T12:17:55.512130Z[0m [34mDEBUG[0m [2mhyper::proto::h1::conn[0m[2m:[0m incoming body completed
[2m2025-12-10T12:17:55.512141Z[0m [34mDEBUG[0m [2methereum_transaction_pool_monitor::eth_client[0m[2m:[0m 📨 Received pending transaction: 0xed5b73876e3237dbdb792c86a79948452ce87b35f5c7a93d3a04bc550b0ea9ab
[2m2025-12-10T12:17:55.512153Z[0m [34mDEBUG[0m [2methereum_transaction_pool_monitor::eth_client[0m[2m:[0m 📨 Received WebSocket message: {"jsonrpc":"2.0","method":"eth_subscription","params":{"subscription":"0xb60af543a4ead1cf1df939ac89b7e704","result":"0xa78836a0794b879f93e61a6a70190083ebc3436322f94e9a9790294ddadc6bc3"}}
[2m2025-12-10T12:17:55.512159Z[0m [34mDEBUG[0m [2mhyper::client::pool[0m[2m:[0m pooling idle connection for ("http", 192.168.0.14:8545)
[2m2025-12-10T12:17:55.512169Z[0m [34mDEBUG[0m [2methereum_transaction_pool_monitor::eth_client[0m[2m:[0m 📨 Received pending transaction: 0xa78836a0794b879f93e61a6a70190083ebc3436322f94e9a9790294ddadc6bc3
[2m2025-12-10T12:17:55.512220Z[0m [34mDEBUG[0m [2mhyper::client::pool[0m[2m:[0m reuse idle connection for ("http", 192.168.0.14:8545)
[2m2025-12-10T12:17:55.512259Z[0m [34mDEBUG[0m [2mhyper::proto::h1::io[0m[2m:[0m flushed 172 bytes
[2m2025-12-10T12:17:55.524844Z[0m [34mDEBUG[0m [2mhyper::proto::h1::io[0m[2m:[0m parsed 4 headers
[2m2025-12-10T12:17:55.524865Z[0m [34mDEBUG[0m [2mhyper::proto::h1::conn[0m[2m:[0m incoming body is content-length (45 bytes)
[2m2025-12-10T12:17:55.524882Z[0m [34mDEBUG[0m [2mhyper::proto::h1::conn[0m[2m:[0m incoming body completed
[2m2025-12-10T12:17:55.524912Z[0m [34mDEBUG[0m [2mhyper::client::pool[0m[2m:[0m pooling idle connection for ("http", 192.168.0.14:8545)
[2m2025-12-10T12:17:55.524994Z[0m [34mDEBUG[0m [2mhyper::client::pool[0m[2m:[0m reuse idle connection for ("http", 192.168.0.14:8545)
[2m2025-12-10T12:17:55.525047Z[0m [34mDEBUG[0m [2mhyper::proto::h1::io[0m[2m:[0m flushed 172 bytes
[2m2025-12-10T12:17:55.525575Z[0m [34mDEBUG[0m [2mhyper::proto::h1::io[0m[2m:[0m parsed 4 headers
[2m2025-12-10T12:17:55.525583Z[0m [34mDEBUG[0m [2mhyper::proto::h1::conn[0m[2m:[0m incoming body is content-length (638 bytes)
[2m2025-12-10T12:17:55.525593Z[0m [34mDEBUG[0m [2mhyper::proto::h1::conn[0m[2m:[0m incoming body completed
[2m2025-12-10T12:17:55.525611Z[0m [34mDEBUG[0m [2mhyper::client::pool[0m[2m:[0m pooling idle connection for ("http", 192.168.0.14:8545)
[2m2025-12-10T12:17:55.525622Z[0m [34mDEBUG[0m [2methereum_transaction_pool_monitor::eth_client[0m[2m:[0m 📡 Transaction fetch RPC completed in 13.738292ms
[2m2025-12-10T12:17:55.718487Z[0m [34mDEBUG[0m [2methereum_transaction_pool_monitor::eth_client[0m[2m:[0m ✅ Transaction 0x32046568ae223857ddf322def22cd1097e75cad7b0fb89e5f8aade878f2669e6 fetched and parsed in 206.600458ms
[2m2025-12-10T12:17:55.718537Z[0m [34mDEBUG[0m [2methereum_transaction_pool_monitor::mempool_monitor[0m[2m:[0m 🔍 Skipping tx 0x32046568ae223857ddf322def22cd1097e75cad7b0fb89e5f8aade878f2669e6 - not a DEX interaction (target: 0x03D1D1A462231343AdD0141D62690Bb58A5C6d7f)
[2m2025-12-10T12:17:55.718607Z[0m [34mDEBUG[0m [2methereum_transaction_pool_monitor::mempool_monitor[0m[2m:[0m 📨 Processing new pending transaction: 0x7065ba466b27ea7c847fc8224248b62c0cd489e94c7b660c35d7242a6c2eef9e
[2m2025-12-10T12:17:55.718621Z[0m [34mDEBUG[0m [2methereum_transaction_pool_monitor::mempool_monitor[0m[2m:[0m 🔍 Fetching transaction details for: 0x7065ba466b27ea7c847fc8224248b62c0cd489e94c7b660c35d7242a6c2eef9e
[2m2025-12-10T12:17:55.718633Z[0m [34mDEBUG[0m [2methereum_transaction_pool_monitor::eth_client[0m[2m:[0m 🔍 Fetching transaction details for hash: 0x7065ba466b27ea7c847fc8224248b62c0cd489e94c7b660c35d7242a6c2eef9e
[2m2025-12-10T12:17:55.718720Z[0m [34mDEBUG[0m [2mhyper::client::pool[0m[2m:[0m reuse idle connection for ("http", 192.168.0.14:8545)
[2m2025-12-10T12:17:55.718815Z[0m [34mDEBUG[0m [2mhyper::proto::h1::io[0m[2m:[0m flushed 250 bytes
[2m2025-12-10T12:17:55.718860Z[0m [34mDEBUG[0m [2methereum_transaction_pool_monitor::eth_client[0m[2m:[0m 📨 Received WebSocket message: {"jsonrpc":"2.0","method":"eth_subscription","params":{"subscription":"0xb60af543a4ead1cf1df939ac89b7e704","result":"0x48c071ba87f08c64188d24a6d3b384d97acde62c923e9992660a4704975ab3f2"}}
[2m2025-12-10T12:17:55.718881Z[0m [34mDEBUG[0m [2methereum_transaction_pool_monitor::eth_client[0m[2m:[0m 📨 Received pending transaction: 0x48c071ba87f08c64188d24a6d3b384d97acde62c923e9992660a4704975ab3f2
[2m2025-12-10T12:17:55.718883Z[0m [34mDEBUG[0m [2mhyper::proto::h1::io[0m[2m:[0m parsed 4 headers
[2m2025-12-10T12:17:55.718900Z[0m [34mDEBUG[0m [2mhyper::proto::h1::conn[0m[2m:[0m incoming body is content-length (45 bytes)
[2m2025-12-10T12:17:55.718918Z[0m [34mDEBUG[0m [2mhyper::proto::h1::conn[0m[2m:[0m incoming body completed
[2m2025-12-10T12:17:55.718947Z[0m [34mDEBUG[0m [2mhyper::client::pool[0m[2m:[0m pooling idle connection for ("http", 192.168.0.14:8545)
[2m2025-12-10T12:17:55.719020Z[0m [34mDEBUG[0m [2mhyper::client::pool[0m[2m:[0m reuse idle connection for ("http", 192.168.0.14:8545)
[2m2025-12-10T12:17:55.719071Z[0m [34mDEBUG[0m [2mhyper::proto::h1::io[0m[2m:[0m flushed 172 bytes
[2m2025-12-10T12:17:55.724497Z[0m [34mDEBUG[0m [2mhyper::proto::h1::io[0m[2m:[0m parsed 4 headers
[2m2025-12-10T12:17:55.724512Z[0m [34mDEBUG[0m [2mhyper::proto::h1::conn[0m[2m:[0m incoming body is content-length (45 bytes)
[2m2025-12-10T12:17:55.724526Z[0m [34mDEBUG[0m [2mhyper::proto::h1::conn[0m[2m:[0m incoming body completed
[2m2025-12-10T12:17:55.724548Z[0m [34mDEBUG[0m [2mhyper::client::pool[0m[2m:[0m pooling idle connection for ("http", 192.168.0.14:8545)
[2m2025-12-10T12:17:55.724608Z[0m [34mDEBUG[0m [2mhyper::client::pool[0m[2m:[0m reuse idle connection for ("http", 192.168.0.14:8545)
[2m2025-12-10T12:17:55.724653Z[0m [34mDEBUG[0m [2mhyper::proto::h1::io[0m[2m:[0m flushed 172 bytes
[2m2025-12-10T12:17:55.728298Z[0m [34mDEBUG[0m [2mhyper::proto::h1::io[0m[2m:[0m parsed 4 headers
[2m2025-12-10T12:17:55.728305Z[0m [34mDEBUG[0m [2mhyper::proto::h1::conn[0m[2m:[0m incoming body is content-length (637 bytes)
[2m2025-12-10T12:17:55.728315Z[0m [34mDEBUG[0m [2mhyper::proto::h1::conn[0m[2m:[0m incoming body completed
[2m2025-12-10T12:17:55.728332Z[0m [34mDEBUG[0m [2mhyper::client::pool[0m[2m:[0m pooling idle connection for ("http", 192.168.0.14:8545)
[2m2025-12-10T12:17:55.728342Z[0m [34mDEBUG[0m [2methereum_transaction_pool_monitor::eth_client[0m[2m:[0m 📡 Transaction fetch RPC completed in 9.698334ms
[2m2025-12-10T12:17:55.917069Z[0m [34mDEBUG[0m [2methereum_transaction_pool_monitor::eth_client[0m[2m:[0m ✅ Transaction 0x7065ba466b27ea7c847fc8224248b62c0cd489e94c7b660c35d7242a6c2eef9e fetched and parsed in 198.41975ms
[2m2025-12-10T12:17:55.917132Z[0m [34mDEBUG[0m [2methereum_transaction_pool_monitor::mempool_monitor[0m[2m:[0m 🔍 Skipping tx 0x7065ba466b27ea7c847fc8224248b62c0cd489e94c7b660c35d7242a6c2eef9e - not a DEX interaction (target: 0x8e9BF0BE9222C57884b3337A3c465577dDDAeCCc)
[2m2025-12-10T12:17:55.917219Z[0m [34mDEBUG[0m [2methereum_transaction_pool_monitor::mempool_monitor[0m[2m:[0m 📨 Processing new pending transaction: 0xf442d64e8a4044317ab2e918c1828f2f9556d18cd03208880d08ebd085ade279
[2m2025-12-10T12:17:55.917230Z[0m [34mDEBUG[0m [2methereum_transaction_pool_monitor::mempool_monitor[0m[2m:[0m 🔍 Fetching transaction details for: 0xf442d64e8a4044317ab2e918c1828f2f9556d18cd03208880d08ebd085ade279
[2m2025-12-10T12:17:55.917240Z[0m [34mDEBUG[0m [2methereum_transaction_pool_monitor::eth_client[0m[2m:[0m 🔍 Fetching transaction details for hash: 0xf442d64e8a4044317ab2e918c1828f2f9556d18cd03208880d08ebd085ade279
[2m2025-12-10T12:17:55.917328Z[0m [34mDEBUG[0m [2mhyper::client::pool[0m[2m:[0m reuse idle connection for ("http", 192.168.0.14:8545)
[2m2025-12-10T12:17:55.917436Z[0m [34mDEBUG[0m [2mhyper::proto::h1::io[0m[2m:[0m flushed 250 bytes
[2m2025-12-10T12:17:55.917495Z[0m [34mDEBUG[0m [2methereum_transaction_pool_monitor::eth_client[0m[2m:[0m 📨 Received WebSocket message: {"jsonrpc":"2.0","method":"eth_subscription","params":{"subscription":"0xb60af543a4ead1cf1df939ac89b7e704","result":"0x4c0658c9f4214583effa7e139a3d2f08f10f0285158179b258db7f73621169cb"}}
[2m2025-12-10T12:17:55.917510Z[0m [34mDEBUG[0m [2mhyper::proto::h1::io[0m[2m:[0m parsed 4 headers
[2m2025-12-10T12:17:55.917518Z[0m [34mDEBUG[0m [2methereum_transaction_pool_monitor::eth_client[0m[2m:[0m 📨 Received pending transaction: 0x4c0658c9f4214583effa7e139a3d2f08f10f0285158179b258db7f73621169cb
[2m2025-12-10T12:17:55.917521Z[0m [34mDEBUG[0m [2mhyper::proto::h1::conn[0m[2m:[0m incoming body is content-length (45 bytes)
[2m2025-12-10T12:17:55.917535Z[0m [34mDEBUG[0m [2methereum_transaction_pool_monitor::eth_client[0m[2m:[0m 📨 Received WebSocket message: {"jsonrpc":"2.0","method":"eth_subscription","params":{"subscription":"0xb60af543a4ead1cf1df939ac89b7e704","result":"0x3dfe6e9660f3bcf15964aeca3eff2c04e72a40d4aee100a36468f8329b64a42b"}}
[2m2025-12-10T12:17:55.917541Z[0m [34mDEBUG[0m [2mhyper::proto::h1::conn[0m[2m:[0m incoming body completed
[2m2025-12-10T12:17:55.917553Z[0m [34mDEBUG[0m [2methereum_transaction_pool_monitor::eth_client[0m[2m:[0m 📨 Received pending transaction: 0x3dfe6e9660f3bcf15964aeca3eff2c04e72a40d4aee100a36468f8329b64a42b
[2m2025-12-10T12:17:55.917576Z[0m [34mDEBUG[0m [2mhyper::client::pool[0m[2m:[0m pooling idle connection for ("http", 192.168.0.14:8545)
[2m2025-12-10T12:17:55.917654Z[0m [34mDEBUG[0m [2mhyper::client::pool[0m[2m:[0m reuse idle connection for ("http", 192.168.0.14:8545)
[2m2025-12-10T12:17:55.917703Z[0m [34mDEBUG[0m [2mhyper::proto::h1::io[0m[2m:[0m flushed 172 bytes
[2m2025-12-10T12:17:55.920841Z[0m [34mDEBUG[0m [2mhyper::proto::h1::io[0m[2m:[0m parsed 4 headers
[2m2025-12-10T12:17:55.920850Z[0m [34mDEBUG[0m [2mhyper::proto::h1::conn[0m[2m:[0m incoming body is content-length (838 bytes)
[2m2025-12-10T12:17:55.920862Z[0m [34mDEBUG[0m [2mhyper::proto::h1::conn[0m[2m:[0m incoming body completed
[2m2025-12-10T12:17:55.920881Z[0m [34mDEBUG[0m [2mhyper::client::pool[0m[2m:[0m pooling idle connection for ("http", 192.168.0.14:8545)
[2m2025-12-10T12:17:55.920893Z[0m [34mDEBUG[0m [2methereum_transaction_pool_monitor::eth_client[0m[2m:[0m 📡 Transaction fetch RPC completed in 3.644375ms
[2m2025-12-10T12:17:56.110200Z[0m [34mDEBUG[0m [2methereum_transaction_pool_monitor::eth_client[0m[2m:[0m ✅ Transaction 0xf442d64e8a4044317ab2e918c1828f2f9556d18cd03208880d08ebd085ade279 fetched and parsed in 192.946417ms
[2m2025-12-10T12:17:56.110258Z[0m [34mDEBUG[0m [2methereum_transaction_pool_monitor::mempool_monitor[0m[2m:[0m 🔍 Skipping tx 0xf442d64e8a4044317ab2e918c1828f2f9556d18cd03208880d08ebd085ade279 - not a DEX interaction (target: 0xA0b86991c6218b36c1d19D4a2e9Eb0cE3606eB48)
[2m2025-12-10T12:17:56.110324Z[0m [34mDEBUG[0m [2methereum_transaction_pool_monitor::mempool_monitor[0m[2m:[0m 📨 Processing new pending transaction: 0xd8af25f5fd189e3d53c89e28b51a191d43ffb018f1328fb79c834e96051b7f43
[2m2025-12-10T12:17:56.110335Z[0m [34mDEBUG[0m [2methereum_transaction_pool_monitor::mempool_monitor[0m[2m:[0m 🔍 Fetching transaction details for: 0xd8af25f5fd189e3d53c89e28b51a191d43ffb018f1328fb79c834e96051b7f43
[2m2025-12-10T12:17:56.110345Z[0m [34mDEBUG[0m [2methereum_transaction_pool_monitor::eth_client[0m[2m:[0m 🔍 Fetching transaction details for hash: 0xd8af25f5fd189e3d53c89e28b51a191d43ffb018f1328fb79c834e96051b7f43
[2m2025-12-10T12:17:56.110438Z[0m [34mDEBUG[0m [2mhyper::client::pool[0m[2m:[0m reuse idle connection for ("http", 192.168.0.14:8545)
[2m2025-12-10T12:17:56.110546Z[0m [34mDEBUG[0m [2mhyper::proto::h1::io[0m[2m:[0m flushed 250 bytes
[2m2025-12-10T12:17:56.110603Z[0m [34mDEBUG[0m [2methereum_transaction_pool_monitor::eth_client[0m[2m:[0m 📨 Received WebSocket message: {"jsonrpc":"2.0","method":"eth_subscription","params":{"subscription":"0xb60af543a4ead1cf1df939ac89b7e704","result":"0x83d2a7c88bd46dabc29a2a25f7dd2212bbb27a2b009bf616a9f8b3b5a0cdc410"}}
[2m2025-12-10T12:17:56.110625Z[0m [34mDEBUG[0m [2methereum_transaction_pool_monitor::eth_client[0m[2m:[0m 📨 Received pending transaction: 0x83d2a7c88bd46dabc29a2a25f7dd2212bbb27a2b009bf616a9f8b3b5a0cdc410
[2m2025-12-10T12:17:56.110633Z[0m [34mDEBUG[0m [2mhyper::proto::h1::io[0m[2m:[0m parsed 4 headers
[2m2025-12-10T12:17:56.110638Z[0m [34mDEBUG[0m [2methereum_transaction_pool_monitor::eth_client[0m[2m:[0m 📨 Received WebSocket message: {"jsonrpc":"2.0","method":"eth_subscription","params":{"subscription":"0xb60af543a4ead1cf1df939ac89b7e704","result":"0x8912c99044257f5e8476e05db886dade9a2c91156e8c8473051985dc6cff044d"}}
[2m2025-12-10T12:17:56.110646Z[0m [34mDEBUG[0m [2mhyper::proto::h1::conn[0m[2m:[0m incoming body is content-length (45 bytes)
[2m2025-12-10T12:17:56.110656Z[0m [34mDEBUG[0m [2methereum_transaction_pool_monitor::eth_client[0m[2m:[0m 📨 Received pending transaction: 0x8912c99044257f5e8476e05db886dade9a2c91156e8c8473051985dc6cff044d
[2m2025-12-10T12:17:56.110663Z[0m [34mDEBUG[0m [2mhyper::proto::h1::conn[0m[2m:[0m incoming body completed
[2m2025-12-10T12:17:56.110692Z[0m [34mDEBUG[0m [2mhyper::client::pool[0m[2m:[0m pooling idle connection for ("http", 192.168.0.14:8545)
[2m2025-12-10T12:17:56.110756Z[0m [34mDEBUG[0m [2mhyper::client::pool[0m[2m:[0m reuse idle connection for ("http", 192.168.0.14:8545)
[2m2025-12-10T12:17:56.110799Z[0m [34mDEBUG[0m [2mhyper::proto::h1::io[0m[2m:[0m flushed 172 bytes
[2m2025-12-10T12:17:56.114529Z[0m [34mDEBUG[0m [2mhyper::proto::h1::io[0m[2m:[0m parsed 4 headers
[2m2025-12-10T12:17:56.114537Z[0m [34mDEBUG[0m [2mhyper::proto::h1::conn[0m[2m:[0m incoming body is content-length (839 bytes)
[2m2025-12-10T12:17:56.114549Z[0m [34mDEBUG[0m [2mhyper::proto::h1::conn[0m[2m:[0m incoming body completed
[2m2025-12-10T12:17:56.114568Z[0m [34mDEBUG[0m [2mhyper::client::pool[0m[2m:[0m pooling idle connection for ("http", 192.168.0.14:8545)
[2m2025-12-10T12:17:56.114580Z[0m [34mDEBUG[0m [2methereum_transaction_pool_monitor::eth_client[0m[2m:[0m 📡 Transaction fetch RPC completed in 4.226333ms
[2m2025-12-10T12:17:56.306886Z[0m [34mDEBUG[0m [2methereum_transaction_pool_monitor::eth_client[0m[2m:[0m ✅ Transaction 0xd8af25f5fd189e3d53c89e28b51a191d43ffb018f1328fb79c834e96051b7f43 fetched and parsed in 196.52975ms
[2m2025-12-10T12:17:56.306930Z[0m [34mDEBUG[0m [2methereum_transaction_pool_monitor::mempool_monitor[0m[2m:[0m 🔍 Skipping tx 0xd8af25f5fd189e3d53c89e28b51a191d43ffb018f1328fb79c834e96051b7f43 - not a DEX interaction (target: 0xA0b86991c6218b36c1d19D4a2e9Eb0cE3606eB48)
[2m2025-12-10T12:17:56.306990Z[0m [34mDEBUG[0m [2methereum_transaction_pool_monitor::mempool_monitor[0m[2m:[0m 📨 Processing new pending transaction: 0xc82c499a62fd98e91e2fdd2928174add510023d01949f100a50cffb5610e6330
[2m2025-12-10T12:17:56.307000Z[0m [34mDEBUG[0m [2methereum_transaction_pool_monitor::mempool_monitor[0m[2m:[0m 🔍 Fetching transaction details for: 0xc82c499a62fd98e91e2fdd2928174add510023d01949f100a50cffb5610e6330
[2m2025-12-10T12:17:56.307009Z[0m [34mDEBUG[0m [2methereum_transaction_pool_monitor::eth_client[0m[2m:[0m 🔍 Fetching transaction details for hash: 0xc82c499a62fd98e91e2fdd2928174add510023d01949f100a50cffb5610e6330
[2m2025-12-10T12:17:56.307088Z[0m [34mDEBUG[0m [2mhyper::client::pool[0m[2m:[0m reuse idle connection for ("http", 192.168.0.14:8545)
[2m2025-12-10T12:17:56.307182Z[0m [34mDEBUG[0m [2mhyper::proto::h1::io[0m[2m:[0m flushed 250 bytes
[2m2025-12-10T12:17:56.307226Z[0m [34mDEBUG[0m [2mhyper::proto::h1::io[0m[2m:[0m parsed 4 headers
[2m2025-12-10T12:17:56.307234Z[0m [34mDEBUG[0m [2mhyper::proto::h1::conn[0m[2m:[0m incoming body is content-length (45 bytes)
[2m2025-12-10T12:17:56.307249Z[0m [34mDEBUG[0m [2mhyper::proto::h1::conn[0m[2m:[0m incoming body completed
[2m2025-12-10T12:17:56.307274Z[0m [34mDEBUG[0m [2mhyper::client::pool[0m[2m:[0m pooling idle connection for ("http", 192.168.0.14:8545)
[2m2025-12-10T12:17:56.307332Z[0m [34mDEBUG[0m [2mhyper::client::pool[0m[2m:[0m reuse idle connection for ("http", 192.168.0.14:8545)
[2m2025-12-10T12:17:56.307370Z[0m [34mDEBUG[0m [2mhyper::proto::h1::io[0m[2m:[0m flushed 172 bytes
[2m2025-12-10T12:17:56.311380Z[0m [34mDEBUG[0m [2mhyper::proto::h1::io[0m[2m:[0m parsed 4 headers
[2m2025-12-10T12:17:56.311389Z[0m [34mDEBUG[0m [2mhyper::proto::h1::conn[0m[2m:[0m incoming body is content-length (839 bytes)
[2m2025-12-10T12:17:56.311401Z[0m [34mDEBUG[0m [2mhyper::proto::h1::conn[0m[2m:[0m incoming body completed
[2m2025-12-10T12:17:56.311420Z[0m [34mDEBUG[0m [2mhyper::client::pool[0m[2m:[0m pooling idle connection for ("http", 192.168.0.14:8545)
[2m2025-12-10T12:17:56.311432Z[0m [34mDEBUG[0m [2methereum_transaction_pool_monitor::eth_client[0m[2m:[0m 📡 Transaction fetch RPC completed in 4.413166ms
[2m2025-12-10T12:17:56.528621Z[0m [34mDEBUG[0m [2methereum_transaction_pool_monitor::eth_client[0m[2m:[0m ✅ Transaction 0xc82c499a62fd98e91e2fdd2928174add510023d01949f100a50cffb5610e6330 fetched and parsed in 221.59825ms
[2m2025-12-10T12:17:56.528666Z[0m [34mDEBUG[0m [2methereum_transaction_pool_monitor::mempool_monitor[0m[2m:[0m 🔍 Skipping tx 0xc82c499a62fd98e91e2fdd2928174add510023d01949f100a50cffb5610e6330 - not a DEX interaction (target: 0xA0b86991c6218b36c1d19D4a2e9Eb0cE3606eB48)
[2m2025-12-10T12:17:56.528734Z[0m [34mDEBUG[0m [2methereum_transaction_pool_monitor::mempool_monitor[0m[2m:[0m 📨 Processing new pending transaction: 0x020b8d7ddf99f0e5bce39b233c7a0f5359e6f4358f2c47efd16d11efdbce285c
[2m2025-12-10T12:17:56.528745Z[0m [34mDEBUG[0m [2methereum_transaction_pool_monitor::mempool_monitor[0m[2m:[0m 🔍 Fetching transaction details for: 0x020b8d7ddf99f0e5bce39b233c7a0f5359e6f4358f2c47efd16d11efdbce285c
[2m2025-12-10T12:17:56.528755Z[0m [34mDEBUG[0m [2methereum_transaction_pool_monitor::eth_client[0m[2m:[0m 🔍 Fetching transaction details for hash: 0x020b8d7ddf99f0e5bce39b233c7a0f5359e6f4358f2c47efd16d11efdbce285c
[2m2025-12-10T12:17:56.528833Z[0m [34mDEBUG[0m [2mhyper::client::pool[0m[2m:[0m reuse idle connection for ("http", 192.168.0.14:8545)
[2m2025-12-10T12:17:56.528922Z[0m [34mDEBUG[0m [2mhyper::proto::h1::io[0m[2m:[0m flushed 250 bytes
[2m2025-12-10T12:17:56.528976Z[0m [34mDEBUG[0m [2methereum_transaction_pool_monitor::eth_client[0m[2m:[0m 📨 Received WebSocket message: {"jsonrpc":"2.0","method":"eth_subscription","params":{"subscription":"0xb60af543a4ead1cf1df939ac89b7e704","result":"0x0564983335e4d74f568cb2e851c0a2f762223b79cb1c2f6c0c5c287ded838478"}}
[2m2025-12-10T12:17:56.528992Z[0m [34mDEBUG[0m [2mhyper::proto::h1::io[0m[2m:[0m parsed 4 headers
[2m2025-12-10T12:17:56.528998Z[0m [34mDEBUG[0m [2methereum_transaction_pool_monitor::eth_client[0m[2m:[0m 📨 Received pending transaction: 0x0564983335e4d74f568cb2e851c0a2f762223b79cb1c2f6c0c5c287ded838478
[2m2025-12-10T12:17:56.529008Z[0m [34mDEBUG[0m [2mhyper::proto::h1::conn[0m[2m:[0m incoming body is content-length (45 bytes)
[2m2025-12-10T12:17:56.529016Z[0m [34mDEBUG[0m [2methereum_transaction_pool_monitor::eth_client[0m[2m:[0m 📨 Received WebSocket message: {"jsonrpc":"2.0","method":"eth_subscription","params":{"subscription":"0xb60af543a4ead1cf1df939ac89b7e704","result":"0xd9fa1e0afd46ffeda49e72cf2f3c3bb87fc1a2c79ca53bfb56e7c04085c2d3d2"}}
[2m2025-12-10T12:17:56.529026Z[0m [34mDEBUG[0m [2mhyper::proto::h1::conn[0m[2m:[0m incoming body completed
[2m2025-12-10T12:17:56.529033Z[0m [34mDEBUG[0m [2methereum_transaction_pool_monitor::eth_client[0m[2m:[0m 📨 Received pending transaction: 0xd9fa1e0afd46ffeda49e72cf2f3c3bb87fc1a2c79ca53bfb56e7c04085c2d3d2
[2m2025-12-10T12:17:56.529045Z[0m [34mDEBUG[0m [2methereum_transaction_pool_monitor::eth_client[0m[2m:[0m 📨 Received WebSocket message: {"jsonrpc":"2.0","method":"eth_subscription","params":{"subscription":"0xb60af543a4ead1cf1df939ac89b7e704","result":"0xb284934ed318b53081e239ebdfaff0b38769d27883c2574d264be83d47e3ff6f"}}
[2m2025-12-10T12:17:56.529060Z[0m [34mDEBUG[0m [2methereum_transaction_pool_monitor::eth_client[0m[2m:[0m 📨 Received pending transaction: 0xb284934ed318b53081e239ebdfaff0b38769d27883c2574d264be83d47e3ff6f
[2m2025-12-10T12:17:56.529062Z[0m [34mDEBUG[0m [2mhyper::client::pool[0m[2m:[0m pooling idle connection for ("http", 192.168.0.14:8545)
[2m2025-12-10T12:17:56.529134Z[0m [34mDEBUG[0m [2mhyper::client::pool[0m[2m:[0m reuse idle connection for ("http", 192.168.0.14:8545)
[2m2025-12-10T12:17:56.529178Z[0m [34mDEBUG[0m [2mhyper::proto::h1::io[0m[2m:[0m flushed 172 bytes
[2m2025-12-10T12:17:56.532835Z[0m [34mDEBUG[0m [2mhyper::proto::h1::io[0m[2m:[0m parsed 4 headers
[2m2025-12-10T12:17:56.532844Z[0m [34mDEBUG[0m [2mhyper::proto::h1::conn[0m[2m:[0m incoming body is content-length (839 bytes)
[2m2025-12-10T12:17:56.532858Z[0m [34mDEBUG[0m [2mhyper::proto::h1::conn[0m[2m:[0m incoming body completed
[2m2025-12-10T12:17:56.532879Z[0m [34mDEBUG[0m [2mhyper::client::pool[0m[2m:[0m pooling idle connection for ("http", 192.168.0.14:8545)
[2m2025-12-10T12:17:56.532891Z[0m [34mDEBUG[0m [2methereum_transaction_pool_monitor::eth_client[0m[2m:[0m 📡 Transaction fetch RPC completed in 4.127625ms
